1,-1,727.0,470.0,40.1,91.0,75.695999
1,-1,1327.0,430.0,146.6,332.7,67.721001
1,-1,585.0,438.0,123.4,280.1,58.376999
1,-1,1252.0,451.0,40.1,91.0,39.752998
1,-1,808.0,473.0,33.7,76.6,36.465000
1,-1,1838.0,468.0,73.9,167.6,33.073002
1,-1,456.0,478.0,103.2,234.1,30.936001
1,-1,547.0,419.0,123.4,280.1,25.709000
1,-1,1397.0,445.0,159.8,362.7,24.149000
1,-1,1446.0,420.0,159.8,362.7,23.587999
1,-1,1094.0,442.0,47.8,108.5,20.778000
1,-1,672.0,448.0,67.5,153.1,17.896999
1,-1,1003.0,453.0,26.0,59.0,14.813000
1,-1,1153.0,433.0,40.1,91.0,10.696000
1,-1,739.0,482.0,40.1,91.0,9.557900
1,-1,665.0,93.0,40.1,91.0,5.529200
2,-1,585.0,438.0,123.4,280.1,65.587997
2,-1,1348.0,420.0,159.8,362.7,65.177002
2,-1,733.0,476.0,40.1,91.0,63.678001
2,-1,1252.0,451.0,40.1,91.0,50.077999
2,-1,808.0,473.0,33.7,76.6,39.226002
2,-1,440.0,463.0,103.2,234.1,33.226002
2,-1,1838.0,468.0,73.9,167.6,30.642000
2,-1,1446.0,420.0,159.8,362.7,22.973000
2,-1,547.0,419.0,123.4,280.1,22.804001
2,-1,999.0,453.0,26.0,59.0,18.266001
2,-1,1097.0,451.0,40.1,91.0,14.836000
2,-1,1153.0,433.0,40.1,91.0,13.897000
2,-1,679.0,456.0,61.5,139.6,13.330000
2,-1,1012.0,437.0,43.6,99.0,11.720000
3,-1,1348.0,420.0,159.8,362.7,72.236000
3,-1,727.0,470.0,40.1,91.0,64.236000
3,-1,566.0,438.0,123.4,280.1,55.702000
3,-1,1252.0,451.0,40.1,91.0,45.823002
3,-1,1422.0,420.0,159.8,362.7,43.575001
3,-1,440.0,463.0,103.2,234.1,35.598000
3,-1,1838.0,468.0,73.9,167.6,27.737000
3,-1,650.0,503.0,61.5,139.6,26.129999
3,-1,975.0,457.0,26.0,59.0,25.382000
3,-1,811.0,489.0,26.0,59.0,24.594999
3,-1,1003.0,453.0,26.0,59.0,21.080000
3,-1,546.0,470.0,36.7,83.3,16.577999
3,-1,1093.0,444.0,43.6,99.0,15.483000
3,-1,1153.0,433.0,40.1,91.0,7.773600
3,-1,659.0,407.0,87.8,199.3,0.210570
4,-1,1348.0,420.0,159.8,362.7,69.714996
4,-1,733.0,476.0,40.1,91.0,56.803001
4,-1,585.0,438.0,123.4,280.1,54.925999
4,-1,1252.0,451.0,40.1,91.0,41.933998
4,-1,440.0,463.0,103.2,234.1,36.519001
4,-1,811.0,489.0,26.0,59.0,29.268999
4,-1,1838.0,468.0,73.9,167.6,23.426001
4,-1,547.0,419.0,123.4,280.1,23.094999
4,-1,1397.0,445.0,159.8,362.7,19.843000
4,-1,1086.0,433.0,52.0,118.0,16.486000
4,-1,1006.0,417.0,52.0,118.0,14.698000
4,-1,1471.0,420.0,159.8,362.7,13.084000
4,-1,1153.0,433.0,40.1,91.0,11.241000
4,-1,651.0,410.0,94.7,214.8,9.349800
4,-1,931.0,433.0,40.1,91.0,3.352800
5,-1,1348.0,420.0,159.8,362.7,59.904999
5,-1,566.0,438.0,123.4,280.1,57.098000
5,-1,730.0,464.0,43.6,99.0,56.562000
5,-1,456.0,478.0,103.2,234.1,43.787998
5,-1,1252.0,451.0,40.1,91.0,40.227001
5,-1,650.0,503.0,61.5,139.6,34.296001
5,-1,811.0,489.0,26.0,59.0,28.112000
5,-1,1427.0,408.0,175.7,398.6,27.853001
5,-1,1097.0,451.0,40.1,91.0,16.959000
5,-1,1836.0,447.0,87.8,199.3,16.379000
5,-1,1006.0,427.0,47.8,108.5,15.210000
5,-1,1153.0,433.0,40.1,91.0,11.894000
6,-1,1348.0,420.0,159.8,362.7,60.342999
6,-1,572.0,438.0,113.4,257.3,56.598999
6,-1,739.0,513.0,26.0,59.0,54.789001
6,-1,447.0,498.0,94.7,214.8,50.548000
6,-1,1254.0,450.0,43.6,99.0,42.200001
6,-1,811.0,489.0,26.0,59.0,29.577000
6,-1,731.0,486.0,30.9,70.1,28.679001
6,-1,651.0,489.0,67.5,153.1,25.549999
6,-1,1838.0,468.0,73.9,167.6,24.465000
6,-1,1397.0,445.0,159.8,362.7,21.497999
6,-1,1097.0,451.0,40.1,91.0,19.080999
6,-1,1013.0,427.0,47.8,108.5,17.688999
6,-1,1446.0,420.0,159.8,362.7,16.488001
6,-1,1000.0,449.0,28.3,64.2,8.077800
6,-1,1153.0,433.0,40.1,91.0,6.511200
7,-1,1372.0,420.0,159.8,362.7,64.195999
7,-1,727.0,470.0,40.1,91.0,62.647999
7,-1,566.0,438.0,123.4,280.1,56.529999
7,-1,1252.0,451.0,40.1,91.0,49.757999
7,-1,456.0,478.0,103.2,234.1,46.293999
7,-1,739.0,476.0,40.1,91.0,33.763000
7,-1,811.0,489.0,26.0,59.0,27.377001
7,-1,1838.0,468.0,73.9,167.6,24.420000
7,-1,1446.0,420.0,159.8,362.7,24.027000
7,-1,604.0,457.0,123.4,280.1,22.628000
7,-1,1012.0,430.0,43.6,99.0,19.695999
7,-1,546.0,470.0,36.7,83.3,12.268000
7,-1,999.0,453.0,26.0,59.0,10.504000
7,-1,1153.0,433.0,40.1,91.0,8.179500
7,-1,1094.0,434.0,47.8,108.5,6.057700
7,-1,931.0,433.0,40.1,91.0,5.215800
8,-1,727.0,464.0,40.1,91.0,68.248001
8,-1,566.0,438.0,123.4,280.1,56.604000
8,-1,1252.0,451.0,40.1,91.0,56.323002
8,-1,1372.0,420.0,159.8,362.7,50.486000
8,-1,456.0,478.0,103.2,234.1,48.273998
8,-1,739.0,517.0,26.0,59.0,45.655998
8,-1,1471.0,420.0,159.8,362.7,42.831001
8,-1,811.0,489.0,26.0,59.0,31.931999
8,-1,1838.0,468.0,73.9,167.6,25.191000
8,-1,1012.0,430.0,43.6,99.0,24.344999
8,-1,645.0,479.0,73.9,167.6,18.246000
8,-1,1094.0,434.0,47.8,108.5,18.243999
8,-1,546.0,470.0,36.7,83.3,13.859000
8,-1,999.0,453.0,26.0,59.0,10.304000
8,-1,679.0,456.0,61.5,139.6,6.428300
8,-1,1153.0,433.0,40.1,91.0,5.646700
9,-1,727.0,464.0,40.1,91.0,63.560001
9,-1,1397.0,420.0,159.8,362.7,63.123001
9,-1,566.0,438.0,123.4,280.1,58.751999
9,-1,440.0,478.0,103.2,234.1,52.983002
9,-1,1252.0,451.0,40.1,91.0,50.094002
9,-1,1471.0,420.0,159.8,362.7,49.702999
9,-1,739.0,517.0,26.0,59.0,30.469999
9,-1,1838.0,468.0,73.9,167.6,28.146000
9,-1,1012.0,430.0,43.6,99.0,26.768999
9,-1,811.0,493.0,26.0,59.0,20.403000
9,-1,1099.0,450.0,43.6,99.0,18.580000
9,-1,472.0,494.0,103.2,234.1,18.250999
9,-1,703.0,473.0,26.0,59.0,14.331000
9,-1,676.0,515.0,36.7,83.3,12.209000
9,-1,1000.0,449.0,28.3,64.2,11.289000
9,-1,546.0,470.0,36.7,83.3,9.775000
9,-1,1153.0,433.0,40.1,91.0,6.727500
10,-1,1397.0,420.0,159.8,362.7,71.088997
10,-1,727.0,464.0,40.1,91.0,58.749001
10,-1,572.0,438.0,113.4,257.3,57.694000
10,-1,440.0,478.0,103.2,234.1,53.674000
10,-1,1252.0,451.0,40.1,91.0,44.082001
10,-1,1471.0,420.0,159.8,362.7,43.798000
10,-1,472.0,494.0,103.2,234.1,29.084999
10,-1,1838.0,468.0,73.9,167.6,25.815001
10,-1,741.0,494.0,33.7,76.6,21.291000
10,-1,1012.0,430.0,43.6,99.0,19.500000
10,-1,1099.0,450.0,43.6,99.0,16.285000
10,-1,607.0,455.0,113.4,257.3,14.734000
10,-1,811.0,493.0,26.0,59.0,13.977000
10,-1,546.0,470.0,36.7,83.3,8.523700
10,-1,999.0,449.0,26.0,59.0,8.183800
10,-1,1153.0,433.0,40.1,91.0,6.196700
11,-1,572.0,438.0,113.4,257.3,61.585999
11,-1,1397.0,420.0,159.8,362.7,59.112999
11,-1,727.0,464.0,40.1,91.0,55.729000
11,-1,447.0,498.0,94.7,214.8,53.941002
11,-1,1252.0,451.0,40.1,91.0,44.212002
11,-1,1454.0,408.0,175.7,398.6,35.736000
11,-1,735.0,517.0,26.0,59.0,31.961000
11,-1,1838.0,468.0,73.9,167.6,25.028999
11,-1,546.0,470.0,36.7,83.3,18.044001
11,-1,645.0,479.0,73.9,167.6,17.500999
11,-1,1099.0,450.0,43.6,99.0,16.454000
11,-1,476.0,513.0,94.7,214.8,16.131001
11,-1,811.0,493.0,26.0,59.0,14.260000
11,-1,999.0,453.0,26.0,59.0,14.016000
11,-1,1012.0,437.0,43.6,99.0,12.661000
11,-1,1153.0,433.0,40.1,91.0,8.013400
11,-1,739.0,470.0,40.1,91.0,3.559900
12,-1,572.0,438.0,113.4,257.3,65.485001
12,-1,449.0,473.0,113.4,257.3,64.005997
12,-1,727.0,464.0,40.1,91.0,53.278999
12,-1,1397.0,420.0,159.8,362.7,48.402000
12,-1,1454.0,408.0,175.7,398.6,43.405998
12,-1,1252.0,451.0,40.1,91.0,42.551998
12,-1,1838.0,468.0,73.9,167.6,30.101000
12,-1,740.0,505.0,30.9,70.1,28.924000
12,-1,546.0,470.0,36.7,83.3,20.549999
12,-1,607.0,455.0,113.4,257.3,20.000999
12,-1,707.0,473.0,26.0,59.0,18.202000
12,-1,808.0,473.0,33.7,76.6,17.666000
12,-1,1094.0,442.0,47.8,108.5,14.150000
12,-1,1153.0,433.0,40.1,91.0,12.622000
12,-1,1508.0,381.0,175.7,398.6,9.879000
12,-1,1012.0,437.0,43.6,99.0,6.381700
13,-1,449.0,473.0,113.4,257.3,66.116997
13,-1,572.0,438.0,113.4,257.3,64.748001
13,-1,727.0,481.0,36.7,83.3,58.198002
13,-1,1422.0,420.0,159.8,362.7,52.487999
13,-1,1495.0,420.0,159.8,362.7,48.841000
13,-1,1838.0,468.0,73.9,167.6,34.476002
13,-1,1252.0,451.0,40.1,91.0,33.069000
13,-1,607.0,455.0,113.4,257.3,30.621000
13,-1,707.0,473.0,26.0,59.0,22.153999
13,-1,740.0,510.0,30.9,70.1,21.535000
13,-1,546.0,470.0,36.7,83.3,21.162001
13,-1,1000.0,449.0,28.3,64.2,15.806000
13,-1,1099.0,450.0,43.6,99.0,15.408000
13,-1,1153.0,433.0,40.1,91.0,11.478000
14,-1,449.0,473.0,113.4,257.3,70.518997
14,-1,572.0,438.0,113.4,257.3,66.392998
14,-1,727.0,481.0,36.7,83.3,53.241001
14,-1,1427.0,408.0,175.7,398.6,49.604000
14,-1,1481.0,435.0,175.7,398.6,37.737000
14,-1,1252.0,451.0,40.1,91.0,35.861000
14,-1,707.0,473.0,26.0,59.0,24.698000
14,-1,1838.0,468.0,73.9,167.6,24.257000
14,-1,741.0,499.0,33.7,76.6,21.878000
14,-1,682.0,521.0,36.7,83.3,20.434999
14,-1,1099.0,450.0,43.6,99.0,20.184000
14,-1,546.0,470.0,36.7,83.3,19.771000
14,-1,811.0,493.0,26.0,59.0,12.190000
14,-1,1153.0,433.0,40.1,91.0,9.292000
14,-1,1002.0,448.0,30.9,70.1,8.423600
14,-1,1535.0,408.0,175.7,398.6,7.565500
15,-1,572.0,438.0,113.4,257.3,71.316002
15,-1,467.0,473.0,113.4,257.3,68.341003
15,-1,1427.0,408.0,175.7,398.6,47.164001
15,-1,735.0,513.0,26.0,59.0,44.841999
15,-1,1252.0,451.0,40.1,91.0,42.659000
15,-1,1508.0,408.0,175.7,398.6,42.398998
15,-1,432.0,455.0,113.4,257.3,31.113001
15,-1,1838.0,468.0,73.9,167.6,27.886000
15,-1,808.0,473.0,33.7,76.6,26.242001
15,-1,607.0,455.0,113.4,257.3,21.416000
15,-1,662.0,419.0,79.9,181.4,11.803000
15,-1,1000.0,453.0,28.3,64.2,9.642200
15,-1,1153.0,433.0,40.1,91.0,9.561700
15,-1,1012.0,437.0,43.6,99.0,9.116300
15,-1,743.0,509.0,26.0,59.0,9.040400
15,-1,1094.0,434.0,47.8,108.5,4.541000
16,-1,467.0,473.0,113.4,257.3,67.942001
16,-1,566.0,419.0,123.4,280.1,64.221001
16,-1,733.0,487.0,36.7,83.3,52.334999
16,-1,1508.0,408.0,175.7,398.6,47.667000
16,-1,1252.0,451.0,40.1,91.0,42.623001
16,-1,1427.0,408.0,175.7,398.6,40.430000
16,-1,1838.0,468.0,73.9,167.6,25.938000
16,-1,432.0,455.0,113.4,257.3,25.552999
16,-1,604.0,438.0,123.4,280.1,24.902000
16,-1,808.0,473.0,33.7,76.6,23.429001
16,-1,1099.0,444.0,43.6,99.0,12.473000
16,-1,528.0,438.0,123.4,280.1,12.288000
16,-1,1153.0,433.0,40.1,91.0,12.087000
16,-1,1012.0,437.0,43.6,99.0,10.319000
17,-1,449.0,473.0,113.4,257.3,72.112000
17,-1,566.0,438.0,123.4,280.1,69.959999
17,-1,1252.0,451.0,40.1,91.0,47.431999
17,-1,733.0,488.0,40.1,91.0,45.097000
17,-1,1427.0,408.0,175.7,398.6,44.280998
17,-1,1545.0,445.0,159.8,362.7,33.981998
17,-1,1838.0,468.0,73.9,167.6,30.943001
17,-1,811.0,489.0,26.0,59.0,30.504999
17,-1,721.0,464.0,40.1,91.0,26.257999
17,-1,1099.0,444.0,43.6,99.0,22.014000
17,-1,604.0,419.0,123.4,280.1,20.596001
17,-1,1153.0,439.0,40.1,91.0,9.269200
18,-1,572.0,438.0,113.4,257.3,71.292999
18,-1,449.0,473.0,113.4,257.3,64.044998
18,-1,727.0,493.0,36.7,83.3,53.660999
18,-1,1252.0,451.0,40.1,91.0,49.773998
18,-1,721.0,457.0,40.1,91.0,41.277000
18,-1,607.0,455.0,113.4,257.3,34.342999
18,-1,1454.0,408.0,175.7,398.6,31.313000
18,-1,1838.0,468.0,73.9,167.6,24.781000
18,-1,1569.0,445.0,159.8,362.7,24.146000
18,-1,1099.0,444.0,43.6,99.0,19.671000
18,-1,815.0,489.0,26.0,59.0,18.559999
19,-1,467.0,473.0,113.4,257.3,71.128998
19,-1,566.0,438.0,123.4,280.1,68.594002
19,-1,719.0,464.0,47.8,108.5,59.844002
19,-1,1252.0,451.0,40.1,91.0,45.401001
19,-1,1569.0,445.0,159.8,362.7,39.819000
19,-1,1454.0,408.0,175.7,398.6,39.550999
19,-1,604.0,419.0,123.4,280.1,27.089001
19,-1,1838.0,468.0,73.9,167.6,24.004000
19,-1,1099.0,444.0,43.6,99.0,18.757000
19,-1,811.0,489.0,26.0,59.0,17.643000
19,-1,432.0,490.0,113.4,257.3,6.340300
19,-1,411.0,510.0,36.7,83.3,5.034700
19,-1,1012.0,437.0,43.6,99.0,2.842400
20,-1,566.0,438.0,123.4,280.1,71.609001
20,-1,467.0,473.0,113.4,257.3,67.406998
20,-1,719.0,464.0,47.8,108.5,49.223999
20,-1,1252.0,451.0,40.1,91.0,46.308998
20,-1,1454.0,408.0,175.7,398.6,40.747002
20,-1,604.0,419.0,123.4,280.1,33.919998
20,-1,1569.0,445.0,159.8,362.7,30.465000
20,-1,1836.0,447.0,87.8,199.3,20.393999
20,-1,811.0,493.0,26.0,59.0,20.204000
20,-1,1099.0,444.0,43.6,99.0,15.797000
20,-1,1009.0,447.0,36.7,83.3,13.091000
20,-1,432.0,490.0,113.4,257.3,2.566700
21,-1,585.0,438.0,123.4,280.1,71.799004
21,-1,467.0,473.0,113.4,257.3,65.986000
21,-1,727.0,487.0,36.7,83.3,45.612999
21,-1,1481.0,408.0,175.7,398.6,43.458000
21,-1,1252.0,451.0,40.1,91.0,42.493999
21,-1,547.0,419.0,123.4,280.1,31.419001
21,-1,1838.0,468.0,73.9,167.6,30.965000
21,-1,811.0,493.0,26.0,59.0,23.186001
21,-1,1099.0,444.0,43.6,99.0,15.365000
21,-1,1589.0,408.0,175.7,398.6,11.623000
21,-1,684.0,519.0,40.1,91.0,5.147400
22,-1,585.0,438.0,123.4,280.1,72.495003
22,-1,467.0,473.0,113.4,257.3,61.505001
22,-1,1247.0,444.0,43.6,99.0,46.775002
22,-1,1481.0,408.0,175.7,398.6,31.252001
22,-1,547.0,419.0,123.4,280.1,30.966999
22,-1,727.0,493.0,36.7,83.3,30.568001
22,-1,1836.0,447.0,87.8,199.3,22.485001
22,-1,1589.0,408.0,175.7,398.6,22.315001
22,-1,1099.0,444.0,43.6,99.0,22.066999
22,-1,807.0,470.0,40.1,91.0,16.145000
22,-1,688.0,521.0,36.7,83.3,15.680000
22,-1,1012.0,437.0,43.6,99.0,7.276200
22,-1,432.0,490.0,113.4,257.3,2.359200
22,-1,1433.0,464.0,47.8,108.5,1.209700
23,-1,585.0,438.0,123.4,280.1,79.934998
23,-1,467.0,473.0,113.4,257.3,60.617001
23,-1,1246.0,451.0,40.1,91.0,44.881001
23,-1,710.0,457.0,52.0,118.0,36.577999
23,-1,547.0,419.0,123.4,280.1,33.438999
23,-1,1506.0,412.0,189.3,429.6,28.370001
23,-1,1589.0,408.0,175.7,398.6,28.365000
23,-1,1836.0,447.0,87.8,199.3,24.171000
23,-1,1099.0,444.0,43.6,99.0,18.510000
23,-1,1258.0,457.0,40.1,91.0,16.284000
23,-1,406.0,497.0,52.0,118.0,12.847000
23,-1,804.0,484.0,28.3,64.2,9.866000
23,-1,1437.0,464.0,40.1,91.0,6.748200
24,-1,585.0,438.0,123.4,280.1,80.196999
24,-1,467.0,473.0,113.4,257.3,56.741001
24,-1,1252.0,451.0,40.1,91.0,54.068001
24,-1,547.0,419.0,123.4,280.1,40.389999
24,-1,710.0,457.0,52.0,118.0,36.216999
24,-1,1508.0,408.0,175.7,398.6,31.277000
24,-1,1589.0,408.0,175.7,398.6,30.042999
24,-1,1838.0,468.0,73.9,167.6,22.283001
24,-1,1099.0,444.0,43.6,99.0,15.147000
24,-1,684.0,513.0,40.1,91.0,13.522000
24,-1,804.0,484.0,28.3,64.2,10.240000
24,-1,1012.0,437.0,43.6,99.0,6.029000
24,-1,997.0,453.0,30.9,70.1,2.356700
25,-1,585.0,438.0,123.4,280.1,82.577003
25,-1,467.0,473.0,113.4,257.3,60.943001
25,-1,1247.0,444.0,43.6,99.0,44.805000
25,-1,1564.0,383.0,189.3,429.6,41.028000
25,-1,710.0,457.0,52.0,118.0,37.476002
25,-1,547.0,419.0,123.4,280.1,26.403000
25,-1,1506.0,412.0,189.3,429.6,22.399000
25,-1,811.0,489.0,26.0,59.0,19.087999
25,-1,1838.0,468.0,73.9,167.6,18.604000
25,-1,1086.0,433.0,52.0,118.0,13.033000
25,-1,997.0,453.0,30.9,70.1,4.350900
26,-1,585.0,438.0,123.4,280.1,78.032997
26,-1,467.0,473.0,113.4,257.3,50.582001
26,-1,710.0,457.0,52.0,118.0,48.266998
26,-1,1562.0,408.0,175.7,398.6,47.348999
26,-1,1247.0,444.0,43.6,99.0,45.105999
26,-1,547.0,419.0,123.4,280.1,24.459000
26,-1,1099.0,444.0,43.6,99.0,22.198999
26,-1,1838.0,468.0,73.9,167.6,21.587000
26,-1,997.0,453.0,30.9,70.1,12.918000
26,-1,1428.0,457.0,43.6,99.0,5.146000
26,-1,811.0,493.0,26.0,59.0,3.554200
27,-1,585.0,438.0,123.4,280.1,79.211998
27,-1,471.0,457.0,123.4,280.1,54.125999
27,-1,710.0,457.0,52.0,118.0,47.889999
27,-1,1246.0,451.0,40.1,91.0,44.938999
27,-1,1562.0,408.0,175.7,398.6,42.668999
27,-1,997.0,453.0,30.9,70.1,32.901001
27,-1,547.0,419.0,123.4,280.1,30.115999
27,-1,1099.0,444.0,43.6,99.0,16.309999
27,-1,1836.0,447.0,87.8,199.3,13.120000
27,-1,811.0,489.0,26.0,59.0,12.705000
27,-1,1616.0,435.0,175.7,398.6,9.939000
27,-1,1447.0,449.0,47.8,108.5,9.514500
27,-1,1534.0,433.0,52.0,118.0,9.294800
28,-1,585.0,438.0,123.4,280.1,82.980003
28,-1,467.0,473.0,113.4,257.3,56.396000
28,-1,710.0,457.0,52.0,118.0,50.094002
28,-1,1247.0,444.0,43.6,99.0,48.616001
28,-1,1564.0,383.0,189.3,429.6,40.081001
28,-1,547.0,419.0,123.4,280.1,23.666000
28,-1,997.0,453.0,30.9,70.1,22.091999
28,-1,811.0,489.0,26.0,59.0,20.051001
28,-1,1442.0,457.0,43.6,99.0,17.756001
28,-1,1099.0,444.0,43.6,99.0,16.094999
28,-1,1550.0,478.0,33.7,76.6,9.144600
28,-1,1836.0,447.0,87.8,199.3,8.777700
28,-1,1455.0,450.0,43.6,99.0,6.206500
29,-1,585.0,438.0,123.4,280.1,76.779999
29,-1,1564.0,383.0,189.3,429.6,68.487000
29,-1,471.0,457.0,123.4,280.1,57.502998
29,-1,710.0,457.0,52.0,118.0,45.728001
29,-1,1246.0,451.0,40.1,91.0,44.346001
29,-1,1430.0,433.0,52.0,118.0,29.572001
29,-1,997.0,457.0,30.9,70.1,23.622999
29,-1,811.0,489.0,26.0,59.0,18.584000
29,-1,1099.0,444.0,43.6,99.0,16.941999
29,-1,1680.0,383.0,189.3,429.6,14.872000
29,-1,1838.0,468.0,73.9,167.6,12.408000
29,-1,1455.0,450.0,43.6,99.0,8.501300
29,-1,1622.0,412.0,189.3,429.6,4.067600
30,-1,585.0,438.0,123.4,280.1,81.911003
30,-1,1564.0,383.0,189.3,429.6,66.890999
30,-1,471.0,457.0,123.4,280.1,56.509998
30,-1,1246.0,451.0,40.1,91.0,47.889999
30,-1,710.0,457.0,52.0,118.0,40.187000
30,-1,1438.0,433.0,52.0,118.0,24.554001
30,-1,1688.0,353.0,207.4,470.7,19.917999
30,-1,811.0,489.0,26.0,59.0,19.150000
30,-1,1099.0,444.0,43.6,99.0,17.129000
30,-1,1622.0,412.0,189.3,429.6,13.081000
30,-1,997.0,457.0,30.9,70.1,12.827000
30,-1,1258.0,457.0,40.1,91.0,12.092000
30,-1,1474.0,445.0,40.1,91.0,10.504000
30,-1,1837.0,415.0,103.2,234.1,1.723300
31,-1,585.0,438.0,123.4,280.1,84.098000
31,-1,1589.0,408.0,175.7,398.6,65.816002
31,-1,471.0,457.0,123.4,280.1,56.929001
31,-1,1246.0,451.0,40.1,91.0,50.396999
31,-1,710.0,457.0,52.0,118.0,47.013000
31,-1,1438.0,433.0,52.0,118.0,25.840000
31,-1,1480.0,445.0,40.1,91.0,17.594000
31,-1,1688.0,353.0,207.4,470.7,17.492001
31,-1,811.0,489.0,26.0,59.0,16.205000
31,-1,1099.0,444.0,43.6,99.0,14.081000
31,-1,1258.0,457.0,40.1,91.0,10.291000
31,-1,1153.0,439.0,40.1,91.0,2.916100
31,-1,1002.0,457.0,30.9,70.1,2.347400
32,-1,585.0,438.0,123.4,280.1,79.390999
32,-1,1593.0,412.0,189.3,429.6,65.389000
32,-1,710.0,457.0,52.0,118.0,56.174999
32,-1,471.0,457.0,123.4,280.1,54.521000
32,-1,1246.0,451.0,40.1,91.0,49.348999
32,-1,1438.0,433.0,52.0,118.0,24.128000
32,-1,1086.0,433.0,52.0,118.0,17.006001
32,-1,1480.0,445.0,40.1,91.0,14.705000
32,-1,815.0,489.0,26.0,59.0,12.437000
32,-1,669.0,513.0,61.5,139.6,11.335000
32,-1,1003.0,465.0,26.0,59.0,10.441000
32,-1,1258.0,457.0,40.1,91.0,8.003200
32,-1,1837.0,415.0,103.2,234.1,1.627500
33,-1,585.0,438.0,123.4,280.1,84.919998
33,-1,1593.0,412.0,189.3,429.6,54.901001
33,-1,471.0,457.0,123.4,280.1,53.013000
33,-1,1246.0,451.0,40.1,91.0,48.521000
33,-1,710.0,457.0,52.0,118.0,46.921001
33,-1,808.0,473.0,33.7,76.6,17.912001
33,-1,1093.0,444.0,43.6,99.0,11.853000
33,-1,1438.0,433.0,52.0,118.0,11.526000
33,-1,1480.0,445.0,40.1,91.0,11.293000
33,-1,1153.0,433.0,40.1,91.0,5.442900
34,-1,1592.0,385.0,207.4,470.7,91.125000
34,-1,604.0,438.0,123.4,280.1,84.443001
34,-1,471.0,457.0,123.4,280.1,45.106998
34,-1,1246.0,451.0,40.1,91.0,44.515999
34,-1,710.0,457.0,52.0,118.0,30.848000
34,-1,566.0,419.0,123.4,280.1,28.607000
34,-1,809.0,484.0,28.3,64.2,24.898001
34,-1,1258.0,457.0,40.1,91.0,21.299000
34,-1,1446.0,433.0,52.0,118.0,14.079000
34,-1,1104.0,451.0,40.1,91.0,11.456000
34,-1,509.0,438.0,123.4,280.1,5.584900
34,-1,1294.0,425.0,52.0,118.0,2.402500
35,-1,585.0,438.0,123.4,280.1,84.542000
35,-1,1592.0,385.0,207.4,470.7,79.181999
35,-1,471.0,457.0,123.4,280.1,60.057999
35,-1,1246.0,451.0,40.1,91.0,43.533001
35,-1,623.0,419.0,123.4,280.1,35.585999
35,-1,725.0,504.0,33.7,76.6,29.073000
35,-1,811.0,489.0,26.0,59.0,25.150999
35,-1,1258.0,457.0,40.1,91.0,23.065001
35,-1,1454.0,433.0,52.0,118.0,21.007000
35,-1,1153.0,439.0,40.1,91.0,11.439000
35,-1,1099.0,450.0,43.6,99.0,8.257000
35,-1,509.0,438.0,123.4,280.1,5.337100
36,-1,604.0,438.0,123.4,280.1,90.021004
36,-1,1622.0,412.0,189.3,429.6,65.676003
36,-1,471.0,457.0,123.4,280.1,53.317001
36,-1,1247.0,444.0,43.6,99.0,45.284000
36,-1,723.0,517.0,26.0,59.0,37.066002
36,-1,811.0,489.0,26.0,59.0,31.650000
36,-1,731.0,521.0,26.0,59.0,28.054001
36,-1,566.0,419.0,123.4,280.1,23.304001
36,-1,731.0,462.0,30.9,70.1,15.398000
36,-1,1099.0,450.0,43.6,99.0,11.983000
36,-1,1446.0,433.0,52.0,118.0,11.128000
36,-1,509.0,438.0,123.4,280.1,8.437500
36,-1,1294.0,425.0,52.0,118.0,6.704100
36,-1,1002.0,453.0,30.9,70.1,6.459800
37,-1,604.0,438.0,123.4,280.1,94.449997
37,-1,471.0,457.0,123.4,280.1,50.320999
37,-1,1622.0,412.0,189.3,429.6,49.019001
37,-1,1246.0,451.0,40.1,91.0,47.731998
37,-1,721.0,498.0,36.7,83.3,32.224998
37,-1,811.0,489.0,26.0,59.0,17.150000
37,-1,1454.0,441.0,52.0,118.0,16.410999
37,-1,558.0,376.0,135.4,307.3,16.320000
37,-1,1000.0,452.0,33.7,76.6,9.128800
37,-1,509.0,438.0,123.4,280.1,8.930800
37,-1,1099.0,444.0,43.6,99.0,6.101800
37,-1,730.0,462.0,28.3,64.2,5.972900
38,-1,604.0,438.0,123.4,280.1,93.665001
38,-1,484.0,455.0,113.4,257.3,47.089001
38,-1,1622.0,412.0,189.3,429.6,43.987999
38,-1,1247.0,444.0,43.6,99.0,43.933998
38,-1,1454.0,433.0,52.0,118.0,42.084000
38,-1,720.0,499.0,33.7,76.6,30.966000
38,-1,807.0,481.0,30.9,70.1,16.247999
38,-1,1099.0,444.0,43.6,99.0,11.355000
38,-1,558.0,376.0,135.4,307.3,5.864700
38,-1,1146.0,430.0,43.6,99.0,5.153500
39,-1,604.0,438.0,123.4,280.1,96.029999
39,-1,1247.0,444.0,43.6,99.0,52.144001
39,-1,467.0,473.0,113.4,257.3,46.421001
39,-1,1624.0,385.0,207.4,470.7,44.048000
39,-1,1455.0,428.0,56.7,128.6,36.639999
39,-1,727.0,521.0,26.0,59.0,29.941999
39,-1,502.0,438.0,113.4,257.3,22.766001
39,-1,1099.0,444.0,43.6,99.0,16.672001
39,-1,811.0,489.0,26.0,59.0,16.069000
39,-1,731.0,462.0,30.9,70.1,14.750000
39,-1,565.0,422.0,73.9,167.6,11.716000
39,-1,1153.0,439.0,40.1,91.0,6.655500
39,-1,711.0,529.0,26.0,59.0,5.713300
40,-1,607.0,438.0,113.4,257.3,92.106003
40,-1,471.0,457.0,123.4,280.1,51.743000
40,-1,1247.0,444.0,43.6,99.0,50.926998
40,-1,730.0,514.0,28.3,64.2,31.549000
40,-1,1656.0,385.0,207.4,470.7,27.805000
40,-1,1462.0,433.0,52.0,118.0,22.639999
40,-1,811.0,489.0,26.0,59.0,17.509001
40,-1,1260.0,450.0,43.6,99.0,17.007999
40,-1,509.0,438.0,123.4,280.1,15.275000
40,-1,1099.0,444.0,43.6,99.0,12.941000
40,-1,731.0,462.0,30.9,70.1,9.971200
40,-1,709.0,532.0,28.3,64.2,7.845200
40,-1,1153.0,439.0,40.1,91.0,4.627200
41,-1,604.0,438.0,123.4,280.1,89.892998
41,-1,1252.0,451.0,40.1,91.0,54.064999
41,-1,471.0,457.0,123.4,280.1,51.768002
41,-1,735.0,465.0,26.0,59.0,23.216000
41,-1,1632.0,388.0,226.7,514.5,21.944000
41,-1,1462.0,433.0,52.0,118.0,18.740999
41,-1,999.0,453.0,26.0,59.0,16.837000
41,-1,1104.0,451.0,40.1,91.0,16.077000
41,-1,807.0,489.0,26.0,59.0,12.385000
41,-1,579.0,478.0,47.8,108.5,11.186000
41,-1,688.0,522.0,61.5,139.6,4.655700
42,-1,604.0,438.0,123.4,280.1,92.531998
42,-1,1247.0,444.0,43.6,99.0,53.402000
42,-1,471.0,476.0,123.4,280.1,44.875000
42,-1,726.0,510.0,30.9,70.1,23.091000
42,-1,735.0,467.0,28.3,64.2,21.448999
42,-1,811.0,493.0,26.0,59.0,20.054001
42,-1,1260.0,450.0,43.6,99.0,19.363001
42,-1,1697.0,408.0,175.7,398.6,18.840000
42,-1,1005.0,439.0,40.1,91.0,18.395000
42,-1,1104.0,451.0,40.1,91.0,17.646000
42,-1,496.0,397.0,135.4,307.3,15.876000
42,-1,688.0,522.0,61.5,139.6,5.840700
43,-1,604.0,438.0,123.4,280.1,83.279999
43,-1,1254.0,444.0,43.6,99.0,55.900002
43,-1,471.0,476.0,123.4,280.1,50.110001
43,-1,809.0,484.0,28.3,64.2,16.822001
43,-1,735.0,467.0,28.3,64.2,16.434999
43,-1,1003.0,453.0,26.0,59.0,14.897000
43,-1,496.0,397.0,135.4,307.3,12.563000
43,-1,727.0,521.0,26.0,59.0,12.282000
43,-1,1104.0,451.0,40.1,91.0,11.341000
43,-1,1464.0,428.0,56.7,128.6,8.825500
43,-1,1688.0,385.0,207.4,470.7,7.276400
43,-1,1290.0,419.0,56.7,128.6,6.043400
43,-1,723.0,493.0,26.0,59.0,4.079400
44,-1,604.0,438.0,123.4,280.1,85.527000
44,-1,471.0,476.0,123.4,280.1,52.091000
44,-1,1254.0,444.0,43.6,99.0,46.415001
44,-1,811.0,489.0,26.0,59.0,27.915001
44,-1,999.0,453.0,26.0,59.0,26.155001
44,-1,642.0,419.0,123.4,280.1,23.344999
44,-1,1099.0,450.0,43.6,99.0,11.507000
44,-1,568.0,427.0,67.5,153.1,6.982200
44,-1,1720.0,417.0,207.4,470.7,6.431000
44,-1,1464.0,428.0,56.7,128.6,1.206500
45,-1,607.0,438.0,113.4,257.3,80.663002
45,-1,1254.0,444.0,43.6,99.0,53.484001
45,-1,471.0,476.0,123.4,280.1,46.331001
45,-1,727.0,464.0,40.1,91.0,21.788000
45,-1,811.0,493.0,26.0,59.0,14.934000
45,-1,679.0,490.0,73.9,167.6,13.755000
45,-1,1720.0,417.0,207.4,470.7,10.478000
45,-1,1099.0,450.0,43.6,99.0,8.852900
45,-1,572.0,455.0,113.4,257.3,5.930900
46,-1,604.0,438.0,123.4,280.1,85.610001
46,-1,471.0,476.0,123.4,280.1,53.828999
46,-1,1249.0,442.0,47.8,108.5,47.945999
46,-1,811.0,489.0,26.0,59.0,23.455999
46,-1,727.0,464.0,40.1,91.0,21.908001
46,-1,688.0,522.0,61.5,139.6,16.301001
46,-1,509.0,419.0,123.4,280.1,10.467000
46,-1,1737.0,353.0,226.7,514.5,6.043400
46,-1,1099.0,444.0,43.6,99.0,3.602200
46,-1,547.0,438.0,123.4,280.1,2.244400
47,-1,604.0,438.0,123.4,280.1,89.722000
47,-1,471.0,457.0,123.4,280.1,54.601002
47,-1,1254.0,444.0,43.6,99.0,50.728001
47,-1,730.0,457.0,43.6,99.0,28.386999
47,-1,809.0,484.0,28.3,64.2,18.055000
47,-1,1738.0,412.0,189.3,429.6,12.835000
47,-1,568.0,437.0,67.5,153.1,6.097800
47,-1,690.0,490.0,73.9,167.6,5.449100
47,-1,1099.0,444.0,43.6,99.0,1.186800
48,-1,604.0,438.0,123.4,280.1,95.477997
48,-1,1254.0,444.0,43.6,99.0,62.185001
48,-1,471.0,457.0,123.4,280.1,46.244999
48,-1,730.0,457.0,43.6,99.0,27.813000
48,-1,1000.0,453.0,28.3,64.2,21.344000
48,-1,811.0,489.0,26.0,59.0,12.529000
48,-1,1099.0,444.0,43.6,99.0,11.937000
48,-1,1153.0,433.0,40.1,91.0,8.850400
48,-1,688.0,513.0,61.5,139.6,7.262000
49,-1,604.0,438.0,123.4,280.1,86.785004
49,-1,1254.0,444.0,43.6,99.0,49.865002
49,-1,469.0,430.0,146.6,332.7,48.851002
49,-1,733.0,457.0,40.1,91.0,21.257000
49,-1,811.0,493.0,26.0,59.0,14.170000
49,-1,1099.0,444.0,43.6,99.0,12.592000
49,-1,1153.0,430.0,43.6,99.0,9.612000
49,-1,688.0,522.0,61.5,139.6,5.537200
49,-1,537.0,418.0,135.4,307.3,0.901430
50,-1,604.0,438.0,123.4,280.1,85.305000
50,-1,1254.0,444.0,43.6,99.0,51.884998
50,-1,469.0,430.0,146.6,332.7,46.660000
50,-1,1099.0,444.0,43.6,99.0,17.461000
50,-1,642.0,419.0,123.4,280.1,14.463000
50,-1,1752.0,417.0,207.4,470.7,10.852000
50,-1,811.0,493.0,26.0,59.0,7.930300
50,-1,734.0,449.0,52.0,118.0,5.038200
50,-1,1005.0,439.0,40.1,91.0,2.752600
51,-1,604.0,438.0,123.4,280.1,86.791000
51,-1,1254.0,444.0,43.6,99.0,50.252998
51,-1,469.0,430.0,146.6,332.7,48.325001
51,-1,743.0,509.0,26.0,59.0,21.007999
51,-1,1514.0,442.0,47.8,108.5,19.134001
51,-1,1099.0,444.0,43.6,99.0,17.101000
51,-1,741.0,463.0,33.7,76.6,9.060200
51,-1,705.0,515.0,56.7,128.6,7.450900
51,-1,811.0,489.0,26.0,59.0,7.361600
51,-1,1005.0,439.0,40.1,91.0,1.825000
52,-1,604.0,438.0,123.4,280.1,83.420998
52,-1,475.0,439.0,135.4,307.3,51.280998
52,-1,1258.0,451.0,40.1,91.0,48.458000
52,-1,1099.0,444.0,43.6,99.0,20.247000
52,-1,1514.0,442.0,47.8,108.5,18.056999
52,-1,575.0,446.0,61.5,139.6,17.180000
52,-1,811.0,489.0,26.0,59.0,15.023000
52,-1,690.0,490.0,73.9,167.6,9.914100
52,-1,1005.0,439.0,40.1,91.0,9.625900
52,-1,1752.0,385.0,207.4,470.7,5.638000
52,-1,737.0,450.0,43.6,99.0,0.846530
53,-1,604.0,438.0,123.4,280.1,74.179001
53,-1,475.0,439.0,135.4,307.3,57.122002
53,-1,1258.0,451.0,40.1,91.0,51.803001
53,-1,1514.0,442.0,47.8,108.5,25.136000
53,-1,1104.0,451.0,40.1,91.0,15.714000
53,-1,642.0,419.0,123.4,280.1,15.262000
53,-1,737.0,450.0,43.6,99.0,15.054000
53,-1,568.0,437.0,67.5,153.1,13.544000
53,-1,1005.0,439.0,40.1,91.0,12.380000
53,-1,1153.0,433.0,40.1,91.0,11.695000
53,-1,811.0,493.0,26.0,59.0,11.227000
54,-1,604.0,438.0,123.4,280.1,74.168999
54,-1,475.0,439.0,135.4,307.3,61.263000
54,-1,1258.0,451.0,40.1,91.0,45.813999
54,-1,1518.0,433.0,52.0,118.0,21.077999
54,-1,1104.0,451.0,40.1,91.0,20.534000
54,-1,579.0,437.0,67.5,153.1,19.237000
54,-1,642.0,419.0,123.4,280.1,15.757000
54,-1,999.0,453.0,26.0,59.0,13.968000
54,-1,739.0,464.0,40.1,91.0,11.606000
54,-1,1153.0,433.0,40.1,91.0,9.385100
54,-1,811.0,489.0,26.0,59.0,5.445300
55,-1,604.0,438.0,123.4,280.1,64.540001
55,-1,469.0,430.0,146.6,332.7,51.213001
55,-1,1254.0,444.0,43.6,99.0,47.205002
55,-1,1518.0,433.0,52.0,118.0,41.555000
55,-1,1086.0,433.0,52.0,118.0,21.274000
55,-1,579.0,437.0,67.5,153.1,19.306000
55,-1,751.0,513.0,26.0,59.0,15.383000
55,-1,807.0,470.0,40.1,91.0,15.186000
55,-1,662.0,431.0,103.2,234.1,13.562000
55,-1,1005.0,439.0,40.1,91.0,8.731600
55,-1,1153.0,433.0,40.1,91.0,6.055600
56,-1,604.0,438.0,123.4,280.1,73.550003
56,-1,1254.0,444.0,43.6,99.0,53.228001
56,-1,469.0,430.0,146.6,332.7,45.391998
56,-1,1522.0,450.0,43.6,99.0,23.527000
56,-1,1104.0,451.0,40.1,91.0,20.524000
56,-1,734.0,449.0,52.0,118.0,18.643000
56,-1,579.0,437.0,67.5,153.1,15.470000
56,-1,807.0,470.0,40.1,91.0,13.590000
56,-1,642.0,419.0,123.4,280.1,12.163000
56,-1,1005.0,439.0,40.1,91.0,10.325000
56,-1,1030.0,462.0,30.9,70.1,4.343300
56,-1,1294.0,417.0,52.0,118.0,1.005800
57,-1,604.0,438.0,123.4,280.1,67.613998
57,-1,1254.0,444.0,43.6,99.0,60.299999
57,-1,469.0,430.0,146.6,332.7,37.914001
57,-1,1518.0,433.0,52.0,118.0,35.084000
57,-1,583.0,454.0,56.7,128.6,25.822001
57,-1,1099.0,444.0,43.6,99.0,21.233999
57,-1,642.0,419.0,123.4,280.1,13.297000
57,-1,741.0,456.0,47.8,108.5,12.512000
57,-1,811.0,493.0,26.0,59.0,3.671700
58,-1,604.0,438.0,123.4,280.1,76.924004
58,-1,1258.0,451.0,40.1,91.0,64.793999
58,-1,469.0,430.0,146.6,332.7,35.719002
58,-1,745.0,464.0,40.1,91.0,25.100000
58,-1,1528.0,442.0,47.8,108.5,24.469000
58,-1,1153.0,433.0,40.1,91.0,23.490999
58,-1,583.0,454.0,56.7,128.6,21.363001
58,-1,1104.0,451.0,40.1,91.0,19.979000
58,-1,642.0,419.0,123.4,280.1,15.875000
58,-1,807.0,481.0,30.9,70.1,5.386800
58,-1,1026.0,458.0,33.7,76.6,4.763500
59,-1,604.0,438.0,123.4,280.1,74.778000
59,-1,1258.0,451.0,40.1,91.0,68.681000
59,-1,1528.0,442.0,47.8,108.5,27.938000
59,-1,469.0,430.0,146.6,332.7,27.278999
59,-1,583.0,454.0,56.7,128.6,26.035999
59,-1,1086.0,433.0,52.0,118.0,23.343000
59,-1,745.0,464.0,40.1,91.0,19.573000
59,-1,1153.0,433.0,40.1,91.0,17.166000
59,-1,804.0,484.0,28.3,64.2,15.416000
59,-1,642.0,419.0,123.4,280.1,13.710000
59,-1,997.0,453.0,30.9,70.1,7.149100
60,-1,604.0,438.0,123.4,280.1,69.780998
60,-1,1258.0,451.0,40.1,91.0,65.399002
60,-1,469.0,430.0,146.6,332.7,25.948999
60,-1,1536.0,442.0,47.8,108.5,25.572001
60,-1,583.0,454.0,56.7,128.6,21.261000
60,-1,1099.0,444.0,43.6,99.0,20.982000
60,-1,1153.0,433.0,40.1,91.0,18.099001
60,-1,1838.0,468.0,73.9,167.6,14.602000
60,-1,1000.0,452.0,33.7,76.6,9.677600
60,-1,752.0,464.0,40.1,91.0,7.889800
60,-1,811.0,493.0,26.0,59.0,5.875000
60,-1,1294.0,425.0,52.0,118.0,4.286100
60,-1,665.0,454.0,94.7,214.8,0.602170
61,-1,604.0,438.0,123.4,280.1,72.193001
61,-1,1258.0,451.0,40.1,91.0,58.362000
61,-1,1536.0,450.0,43.6,99.0,31.929001
61,-1,469.0,430.0,146.6,332.7,30.806999
61,-1,1094.0,434.0,47.8,108.5,19.957001
61,-1,565.0,422.0,73.9,167.6,18.808001
61,-1,1829.0,440.0,94.7,214.8,10.733000
61,-1,642.0,419.0,123.4,280.1,8.933900
61,-1,1000.0,452.0,33.7,76.6,8.607600
61,-1,750.0,457.0,43.6,99.0,5.637200
62,-1,604.0,438.0,123.4,280.1,78.568001
62,-1,1254.0,444.0,43.6,99.0,53.855999
62,-1,469.0,430.0,146.6,332.7,30.631001
62,-1,749.0,456.0,47.8,108.5,23.405001
62,-1,1004.0,447.0,36.7,83.3,19.035000
62,-1,665.0,454.0,94.7,214.8,16.579000
62,-1,1838.0,468.0,73.9,167.6,13.788000
62,-1,1153.0,433.0,40.1,91.0,13.653000
62,-1,577.0,422.0,73.9,167.6,12.036000
62,-1,1094.0,434.0,47.8,108.5,11.954000
62,-1,1540.0,464.0,36.7,83.3,6.887700
62,-1,811.0,493.0,26.0,59.0,3.056100
63,-1,604.0,438.0,123.4,280.1,75.591003
63,-1,1258.0,451.0,40.1,91.0,56.532001
63,-1,469.0,430.0,146.6,332.7,40.355000
63,-1,750.0,464.0,43.6,99.0,20.910999
63,-1,1004.0,442.0,36.7,83.3,18.783001
63,-1,1093.0,444.0,43.6,99.0,17.743000
63,-1,1838.0,468.0,73.9,167.6,16.337000
63,-1,577.0,422.0,73.9,167.6,12.013000
63,-1,811.0,513.0,26.0,59.0,11.664000
63,-1,642.0,419.0,123.4,280.1,10.165000
63,-1,1153.0,433.0,40.1,91.0,9.973800
63,-1,1293.0,409.0,61.5,139.6,7.843000
63,-1,809.0,484.0,28.3,64.2,5.818500
64,-1,604.0,438.0,123.4,280.1,65.912003
64,-1,1258.0,451.0,40.1,91.0,62.515999
64,-1,475.0,460.0,135.4,307.3,43.652000
64,-1,750.0,464.0,43.6,99.0,29.157000
64,-1,662.0,447.0,103.2,234.1,21.790001
64,-1,1838.0,468.0,73.9,167.6,19.757999
64,-1,807.0,476.0,30.9,70.1,19.212000
64,-1,1004.0,442.0,36.7,83.3,16.746000
64,-1,1093.0,444.0,43.6,99.0,13.591000
64,-1,1153.0,433.0,40.1,91.0,10.764000
64,-1,1294.0,425.0,52.0,118.0,4.430800
65,-1,604.0,438.0,123.4,280.1,73.429001
65,-1,1258.0,451.0,40.1,91.0,55.779999
65,-1,475.0,460.0,135.4,307.3,49.546001
65,-1,659.0,455.0,113.4,257.3,19.857000
65,-1,999.0,439.0,40.1,91.0,19.142000
65,-1,1836.0,447.0,87.8,199.3,18.538000
65,-1,1097.0,451.0,40.1,91.0,15.580000
65,-1,807.0,489.0,26.0,59.0,11.760000
65,-1,577.0,422.0,73.9,167.6,8.588300
65,-1,1153.0,433.0,40.1,91.0,7.591300
65,-1,763.0,505.0,26.0,59.0,0.660150
66,-1,604.0,438.0,123.4,280.1,74.417999
66,-1,1258.0,451.0,40.1,91.0,60.277000
66,-1,475.0,460.0,135.4,307.3,38.019001
66,-1,999.0,439.0,40.1,91.0,21.923000
66,-1,1097.0,451.0,40.1,91.0,19.545000
66,-1,1838.0,468.0,73.9,167.6,16.875999
66,-1,807.0,489.0,26.0,59.0,14.538000
66,-1,1153.0,433.0,40.1,91.0,14.203000
66,-1,1290.0,419.0,56.7,128.6,0.288310
67,-1,604.0,438.0,123.4,280.1,75.334000
67,-1,1258.0,451.0,40.1,91.0,56.786999
67,-1,491.0,430.0,146.6,332.7,39.919998
67,-1,998.0,447.0,36.7,83.3,29.670000
67,-1,803.0,473.0,33.7,76.6,17.274000
67,-1,1099.0,444.0,43.6,99.0,15.110000
67,-1,750.0,470.0,36.7,83.3,14.970000
67,-1,665.0,454.0,94.7,214.8,14.788000
67,-1,1838.0,468.0,73.9,167.6,14.738000
67,-1,1534.0,433.0,52.0,118.0,8.956000
67,-1,763.0,513.0,26.0,59.0,4.633400
68,-1,604.0,438.0,123.4,280.1,77.527000
68,-1,1258.0,451.0,40.1,91.0,52.464001
68,-1,491.0,430.0,146.6,332.7,46.115002
68,-1,659.0,455.0,113.4,257.3,24.684000
68,-1,1838.0,468.0,73.9,167.6,19.659000
68,-1,998.0,447.0,36.7,83.3,19.322001
68,-1,1153.0,433.0,40.1,91.0,13.257000
68,-1,750.0,464.0,43.6,99.0,13.257000
68,-1,1104.0,451.0,40.1,91.0,12.507000
68,-1,807.0,481.0,30.9,70.1,9.197300
68,-1,1530.0,418.0,61.5,139.6,1.741800
69,-1,604.0,438.0,123.4,280.1,74.952003
69,-1,1258.0,451.0,40.1,91.0,51.514000
69,-1,491.0,430.0,146.6,332.7,45.551998
69,-1,662.0,447.0,103.2,234.1,35.737000
69,-1,1536.0,450.0,43.6,99.0,22.396999
69,-1,1000.0,447.0,33.7,76.6,21.778999
69,-1,1838.0,468.0,73.9,167.6,17.909000
69,-1,1153.0,433.0,40.1,91.0,17.606001
69,-1,811.0,493.0,26.0,59.0,16.753000
69,-1,1099.0,444.0,43.6,99.0,12.923000
69,-1,750.0,464.0,43.6,99.0,10.208000
69,-1,763.0,101.0,26.0,59.0,4.293700
70,-1,604.0,438.0,123.4,280.1,69.188004
70,-1,1254.0,444.0,43.6,99.0,53.300999
70,-1,491.0,430.0,146.6,332.7,41.762001
70,-1,662.0,447.0,103.2,234.1,31.752001
70,-1,998.0,447.0,36.7,83.3,21.333000
70,-1,811.0,493.0,26.0,59.0,18.723000
70,-1,1153.0,433.0,40.1,91.0,18.419001
70,-1,1838.0,468.0,73.9,167.6,16.118999
70,-1,1099.0,444.0,43.6,99.0,12.075000
70,-1,1526.0,433.0,52.0,118.0,4.635800
70,-1,1040.0,458.0,28.3,64.2,4.046700
71,-1,604.0,438.0,123.4,280.1,66.803001
71,-1,1258.0,451.0,40.1,91.0,49.316002
71,-1,491.0,430.0,146.6,332.7,47.516998
71,-1,642.0,457.0,123.4,280.1,21.566999
71,-1,1838.0,468.0,73.9,167.6,19.774000
71,-1,998.0,447.0,36.7,83.3,16.792999
71,-1,1153.0,433.0,40.1,91.0,15.984000
71,-1,811.0,493.0,26.0,59.0,14.283000
71,-1,1534.0,433.0,52.0,118.0,11.346000
71,-1,1099.0,444.0,43.6,99.0,11.081000
71,-1,757.0,464.0,43.6,99.0,9.581600
72,-1,604.0,438.0,123.4,280.1,66.865997
72,-1,1258.0,451.0,40.1,91.0,53.529999
72,-1,496.0,460.0,135.4,307.3,44.597000
72,-1,642.0,457.0,123.4,280.1,24.813000
72,-1,1838.0,468.0,73.9,167.6,20.424999
72,-1,1153.0,433.0,40.1,91.0,19.079000
72,-1,809.0,484.0,28.3,64.2,17.164000
72,-1,1093.0,444.0,43.6,99.0,17.034000
72,-1,713.0,447.0,87.8,199.3,4.415500
72,-1,1530.0,418.0,61.5,139.6,4.110400
73,-1,604.0,438.0,123.4,280.1,67.455002
73,-1,1258.0,451.0,40.1,91.0,50.514999
73,-1,511.0,420.0,159.8,362.7,49.354000
73,-1,1153.0,433.0,40.1,91.0,21.264999
73,-1,493.0,448.0,30.9,70.1,17.035999
73,-1,1838.0,468.0,73.9,167.6,16.528999
73,-1,1093.0,444.0,43.6,99.0,16.434000
73,-1,642.0,457.0,123.4,280.1,15.108000
73,-1,809.0,484.0,28.3,64.2,10.493000
73,-1,724.0,454.0,94.7,214.8,4.436700
73,-1,1534.0,428.0,56.7,128.6,1.138900
74,-1,604.0,438.0,123.4,280.1,53.810001
74,-1,1254.0,444.0,43.6,99.0,50.271999
74,-1,511.0,420.0,159.8,362.7,48.785999
74,-1,1838.0,468.0,73.9,167.6,18.900999
74,-1,1093.0,444.0,43.6,99.0,18.722000
74,-1,1153.0,433.0,40.1,91.0,16.888000
74,-1,680.0,454.0,94.7,214.8,16.545000
74,-1,998.0,447.0,36.7,83.3,13.123000
74,-1,727.0,474.0,87.8,199.3,9.721300
74,-1,807.0,476.0,30.9,70.1,8.103300
74,-1,495.0,453.0,28.3,64.2,3.027700
75,-1,604.0,438.0,123.4,280.1,53.438000
75,-1,511.0,420.0,159.8,362.7,50.944000
75,-1,1258.0,451.0,40.1,91.0,45.660000
75,-1,1838.0,468.0,73.9,167.6,26.968000
75,-1,1086.0,433.0,52.0,118.0,22.856001
75,-1,680.0,454.0,94.7,214.8,22.511999
75,-1,815.0,33.0,26.0,59.0,15.763000
75,-1,727.0,474.0,87.8,199.3,14.435000
75,-1,1153.0,433.0,40.1,91.0,14.249000
76,-1,604.0,438.0,123.4,280.1,49.851002
76,-1,1258.0,451.0,40.1,91.0,48.150002
76,-1,491.0,453.0,146.6,332.7,45.762001
76,-1,536.0,430.0,146.6,332.7,32.283001
76,-1,1838.0,468.0,73.9,167.6,23.882999
76,-1,1086.0,433.0,52.0,118.0,23.264000
76,-1,727.0,474.0,87.8,199.3,20.201000
76,-1,807.0,489.0,26.0,59.0,16.358000
76,-1,998.0,442.0,36.7,83.3,14.852000
76,-1,1153.0,433.0,40.1,91.0,14.249000
77,-1,514.0,453.0,146.6,332.7,47.379002
77,-1,1258.0,451.0,40.1,91.0,47.373001
77,-1,579.0,439.0,135.4,307.3,35.452000
77,-1,469.0,408.0,146.6,332.7,29.093000
77,-1,621.0,418.0,135.4,307.3,25.914000
77,-1,1838.0,468.0,73.9,167.6,25.025000
77,-1,694.0,447.0,103.2,234.1,23.966999
77,-1,1093.0,444.0,43.6,99.0,19.055000
77,-1,807.0,489.0,26.0,59.0,16.653000
77,-1,1153.0,433.0,40.1,91.0,12.706000
77,-1,1004.0,447.0,36.7,83.3,10.598000
78,-1,1258.0,451.0,40.1,91.0,45.374001
78,-1,475.0,439.0,135.4,307.3,44.477001
78,-1,517.0,460.0,135.4,307.3,43.066002
78,-1,604.0,438.0,123.4,280.1,43.016998
78,-1,999.0,439.0,40.1,91.0,30.177999
78,-1,713.0,474.0,87.8,199.3,25.525999
78,-1,1104.0,451.0,40.1,91.0,20.641001
78,-1,807.0,489.0,26.0,59.0,17.069000
78,-1,1837.0,399.0,103.2,234.1,15.487000
78,-1,1131.0,37.0,26.0,59.0,8.915900
78,-1,1293.0,409.0,61.5,139.6,0.936420
79,-1,491.0,430.0,146.6,332.7,47.403000
79,-1,1258.0,451.0,40.1,91.0,45.313000
79,-1,604.0,438.0,123.4,280.1,39.942001
79,-1,694.0,447.0,103.2,234.1,35.278999
79,-1,998.0,447.0,36.7,83.3,28.299000
79,-1,536.0,453.0,146.6,332.7,26.666000
79,-1,1086.0,433.0,52.0,118.0,22.249001
79,-1,1837.0,399.0,103.2,234.1,20.363001
79,-1,807.0,489.0,26.0,59.0,17.915001
79,-1,1099.0,17.0,26.0,59.0,12.804000
79,-1,1153.0,433.0,40.1,91.0,11.486000
79,-1,1131.0,37.0,26.0,59.0,3.635700
80,-1,1258.0,451.0,40.1,91.0,64.362000
80,-1,604.0,438.0,123.4,280.1,48.283001
80,-1,486.0,420.0,159.8,362.7,42.974998
80,-1,713.0,474.0,87.8,199.3,39.654999
80,-1,1086.0,433.0,52.0,118.0,22.726000
80,-1,686.0,461.0,87.8,199.3,21.627001
80,-1,1837.0,399.0,103.2,234.1,18.795000
80,-1,1153.0,433.0,40.1,91.0,12.913000
80,-1,776.0,476.0,40.1,91.0,12.263000
80,-1,1293.0,409.0,61.5,139.6,10.908000
80,-1,807.0,489.0,26.0,59.0,8.015300
80,-1,1005.0,439.0,40.1,91.0,5.134200
80,-1,1131.0,37.0,26.0,59.0,1.953300
81,-1,1258.0,451.0,40.1,91.0,61.026001
81,-1,491.0,430.0,146.6,332.7,42.219002
81,-1,623.0,438.0,123.4,280.1,41.250000
81,-1,695.0,469.0,94.7,214.8,33.401001
81,-1,536.0,453.0,146.6,332.7,30.240000
81,-1,1086.0,433.0,52.0,118.0,26.941999
81,-1,1837.0,399.0,103.2,234.1,17.249001
81,-1,724.0,454.0,94.7,214.8,12.192000
81,-1,807.0,489.0,26.0,59.0,8.909300
81,-1,1131.0,37.0,26.0,59.0,2.175700
81,-1,1293.0,409.0,61.5,139.6,1.533600
82,-1,1258.0,451.0,40.1,91.0,54.644001
82,-1,491.0,430.0,146.6,332.7,43.175999
82,-1,709.0,454.0,94.7,214.8,41.504002
82,-1,623.0,438.0,123.4,280.1,40.770000
82,-1,1086.0,433.0,52.0,118.0,26.486000
82,-1,536.0,453.0,146.6,332.7,26.476000
82,-1,999.0,439.0,40.1,91.0,19.169001
82,-1,1153.0,433.0,40.1,91.0,15.737000
82,-1,1837.0,399.0,103.2,234.1,15.667000
82,-1,738.0,469.0,94.7,214.8,10.959000
82,-1,1293.0,409.0,61.5,139.6,5.058500
83,-1,1258.0,451.0,40.1,91.0,47.658001
83,-1,514.0,453.0,146.6,332.7,46.603001
83,-1,710.0,447.0,103.2,234.1,40.790001
83,-1,604.0,438.0,123.4,280.1,40.415001
83,-1,469.0,430.0,146.6,332.7,32.479000
83,-1,1004.0,447.0,36.7,83.3,25.719999
83,-1,1838.0,468.0,73.9,167.6,23.517000
83,-1,1094.0,442.0,47.8,108.5,19.818001
83,-1,1153.0,433.0,40.1,91.0,19.194000
83,-1,642.0,457.0,123.4,280.1,14.890000
83,-1,1293.0,409.0,61.5,139.6,10.250000
83,-1,807.0,489.0,26.0,59.0,6.869800
84,-1,1258.0,451.0,40.1,91.0,49.313000
84,-1,514.0,453.0,146.6,332.7,47.493000
84,-1,710.0,447.0,103.2,234.1,47.205002
84,-1,623.0,438.0,123.4,280.1,43.009998
84,-1,469.0,430.0,146.6,332.7,31.122999
84,-1,1005.0,447.0,33.7,76.6,30.056999
84,-1,1094.0,442.0,47.8,108.5,26.990999
84,-1,1838.0,468.0,73.9,167.6,26.281000
84,-1,1153.0,433.0,40.1,91.0,19.162001
84,-1,585.0,457.0,123.4,280.1,16.558001
84,-1,1294.0,425.0,52.0,118.0,10.435000
84,-1,807.0,489.0,26.0,59.0,8.825900
85,-1,1258.0,451.0,40.1,91.0,54.990002
85,-1,536.0,453.0,146.6,332.7,48.827999
85,-1,491.0,430.0,146.6,332.7,48.205002
85,-1,604.0,438.0,123.4,280.1,43.244999
85,-1,710.0,447.0,103.2,234.1,41.966000
85,-1,1093.0,444.0,43.6,99.0,27.114000
85,-1,642.0,457.0,123.4,280.1,24.569000
85,-1,1005.0,447.0,33.7,76.6,23.607000
85,-1,1838.0,468.0,73.9,167.6,16.462000
85,-1,807.0,489.0,26.0,59.0,15.169000
85,-1,1153.0,433.0,40.1,91.0,11.598000
85,-1,811.0,29.0,26.0,59.0,3.400800
86,-1,1258.0,451.0,40.1,91.0,53.698002
86,-1,511.0,420.0,159.8,362.7,53.416000
86,-1,710.0,447.0,103.2,234.1,49.478001
86,-1,623.0,438.0,123.4,280.1,43.638000
86,-1,1086.0,433.0,52.0,118.0,23.667999
86,-1,807.0,489.0,26.0,59.0,20.082001
86,-1,1005.0,447.0,33.7,76.6,19.624001
86,-1,1153.0,433.0,40.1,91.0,14.198000
86,-1,1838.0,468.0,73.9,167.6,13.754000
86,-1,1293.0,409.0,61.5,139.6,2.942600
87,-1,1258.0,451.0,40.1,91.0,63.341000
87,-1,536.0,430.0,146.6,332.7,59.078999
87,-1,604.0,438.0,123.4,280.1,54.799999
87,-1,491.0,453.0,146.6,332.7,42.414001
87,-1,710.0,447.0,103.2,234.1,41.030998
87,-1,1086.0,433.0,52.0,118.0,25.113001
87,-1,1004.0,447.0,36.7,83.3,18.063000
87,-1,1838.0,468.0,73.9,167.6,17.115000
87,-1,642.0,457.0,123.4,280.1,16.975000
87,-1,811.0,29.0,26.0,59.0,14.380000
87,-1,809.0,484.0,28.3,64.2,11.514000
87,-1,1293.0,409.0,61.5,139.6,0.270290
88,-1,511.0,420.0,159.8,362.7,62.762001
88,-1,1258.0,451.0,40.1,91.0,60.205002
88,-1,623.0,438.0,123.4,280.1,44.474998
88,-1,713.0,474.0,87.8,199.3,36.590000
88,-1,1005.0,447.0,33.7,76.6,30.273001
88,-1,462.0,445.0,159.8,362.7,20.594000
88,-1,1086.0,433.0,52.0,118.0,17.646000
88,-1,1838.0,468.0,73.9,167.6,16.672001
88,-1,1153.0,433.0,40.1,91.0,11.406000
88,-1,656.0,170.0,28.3,64.2,8.349900
88,-1,740.0,461.0,87.8,199.3,6.534700
89,-1,511.0,420.0,159.8,362.7,62.443001
89,-1,1258.0,451.0,40.1,91.0,56.091000
89,-1,604.0,438.0,123.4,280.1,47.563000
89,-1,710.0,463.0,103.2,234.1,35.509998
89,-1,462.0,445.0,159.8,362.7,25.924000
89,-1,1005.0,447.0,33.7,76.6,24.757000
89,-1,642.0,457.0,123.4,280.1,20.400999
89,-1,1086.0,433.0,52.0,118.0,19.098000
89,-1,1838.0,468.0,73.9,167.6,18.731001
89,-1,656.0,170.0,28.3,64.2,8.349900
89,-1,807.0,489.0,26.0,59.0,7.610900
89,-1,1153.0,433.0,40.1,91.0,4.447400
89,-1,1293.0,409.0,61.5,139.6,1.056300
90,-1,511.0,420.0,159.8,362.7,73.544998
90,-1,1258.0,451.0,40.1,91.0,61.959999
90,-1,623.0,438.0,123.4,280.1,50.327999
90,-1,726.0,447.0,103.2,234.1,33.473000
90,-1,1005.0,447.0,33.7,76.6,26.461000
90,-1,1838.0,468.0,73.9,167.6,21.945999
90,-1,462.0,445.0,159.8,362.7,20.851999
90,-1,1094.0,434.0,47.8,108.5,11.797000
90,-1,1153.0,433.0,40.1,91.0,7.155200
90,-1,656.0,170.0,28.3,64.2,6.748500
91,-1,511.0,420.0,159.8,362.7,69.980003
91,-1,1258.0,451.0,40.1,91.0,55.160000
91,-1,600.0,418.0,135.4,307.3,55.042000
91,-1,726.0,447.0,103.2,234.1,32.516998
91,-1,1005.0,447.0,33.7,76.6,30.840000
91,-1,462.0,445.0,159.8,362.7,29.726999
91,-1,1086.0,433.0,52.0,118.0,26.576000
91,-1,1838.0,468.0,73.9,167.6,24.183001
91,-1,661.0,170.0,28.3,64.2,6.907300
92,-1,511.0,420.0,159.8,362.7,76.150002
92,-1,621.0,439.0,135.4,307.3,53.801998
92,-1,1258.0,451.0,40.1,91.0,50.909000
92,-1,1005.0,447.0,33.7,76.6,44.376999
92,-1,1086.0,433.0,52.0,118.0,30.009001
92,-1,462.0,445.0,159.8,362.7,29.562000
92,-1,1838.0,468.0,73.9,167.6,27.950001
92,-1,726.0,447.0,103.2,234.1,24.746000
92,-1,661.0,170.0,28.3,64.2,9.199400
93,-1,511.0,445.0,159.8,362.7,76.056999
93,-1,1258.0,451.0,40.1,91.0,55.755001
93,-1,600.0,439.0,135.4,307.3,43.472000
93,-1,726.0,447.0,103.2,234.1,37.435001
93,-1,462.0,420.0,159.8,362.7,36.459999
93,-1,1086.0,433.0,52.0,118.0,32.686001
93,-1,1838.0,468.0,73.9,167.6,28.167999
93,-1,686.0,554.0,79.9,181.4,26.200001
93,-1,1005.0,447.0,33.7,76.6,19.368999
93,-1,656.0,170.0,28.3,64.2,4.918400
94,-1,511.0,445.0,159.8,362.7,76.002998
94,-1,1254.0,450.0,43.6,99.0,53.553001
94,-1,621.0,439.0,135.4,307.3,47.776001
94,-1,726.0,447.0,103.2,234.1,45.577999
94,-1,462.0,420.0,159.8,362.7,32.605999
94,-1,1838.0,468.0,73.9,167.6,26.847000
94,-1,1086.0,433.0,52.0,118.0,23.278999
94,-1,1005.0,447.0,33.7,76.6,16.549999
94,-1,656.0,170.0,28.3,64.2,6.484100
94,-1,1293.0,409.0,61.5,139.6,1.122700
95,-1,511.0,445.0,159.8,362.7,72.622002
95,-1,1254.0,450.0,43.6,99.0,55.480000
95,-1,621.0,439.0,135.4,307.3,49.633999
95,-1,726.0,447.0,103.2,234.1,47.040001
95,-1,462.0,420.0,159.8,362.7,36.150002
95,-1,1086.0,433.0,52.0,118.0,32.409000
95,-1,1838.0,468.0,73.9,167.6,19.122999
95,-1,1004.0,447.0,36.7,83.3,12.145000
95,-1,656.0,170.0,28.3,64.2,4.680100
95,-1,1293.0,409.0,61.5,139.6,2.627000
96,-1,535.0,445.0,159.8,362.7,65.992996
96,-1,621.0,439.0,135.4,307.3,57.834000
96,-1,1258.0,451.0,40.1,91.0,57.223000
96,-1,486.0,420.0,159.8,362.7,48.041000
96,-1,726.0,447.0,103.2,234.1,46.709000
96,-1,1086.0,433.0,52.0,118.0,34.229000
96,-1,1838.0,468.0,73.9,167.6,22.469999
96,-1,1004.0,447.0,36.7,83.3,10.543000
96,-1,449.0,470.0,40.1,91.0,6.779000
96,-1,1063.0,458.0,33.7,76.6,3.678200
97,-1,621.0,439.0,135.4,307.3,72.063004
97,-1,511.0,445.0,159.8,362.7,66.296997
97,-1,1258.0,451.0,40.1,91.0,59.568001
97,-1,726.0,447.0,103.2,234.1,44.035999
97,-1,1093.0,444.0,43.6,99.0,31.930000
97,-1,469.0,408.0,146.6,332.7,29.398001
97,-1,1838.0,468.0,73.9,167.6,22.565001
97,-1,1005.0,447.0,33.7,76.6,15.226000
97,-1,579.0,418.0,135.4,307.3,11.524000
98,-1,621.0,439.0,135.4,307.3,74.514999
98,-1,535.0,445.0,159.8,362.7,63.074001
98,-1,1254.0,450.0,43.6,99.0,53.485001
98,-1,486.0,420.0,159.8,362.7,46.375000
98,-1,726.0,447.0,103.2,234.1,41.839001
98,-1,1838.0,468.0,73.9,167.6,26.934999
98,-1,1086.0,433.0,52.0,118.0,24.440001
98,-1,1004.0,447.0,36.7,83.3,18.118999
98,-1,449.0,470.0,40.1,91.0,13.663000
99,-1,621.0,439.0,135.4,307.3,72.721001
99,-1,535.0,445.0,159.8,362.7,64.619003
99,-1,1254.0,450.0,43.6,99.0,59.951000
99,-1,726.0,447.0,103.2,234.1,50.042999
99,-1,486.0,420.0,159.8,362.7,46.006001
99,-1,1093.0,444.0,43.6,99.0,32.756001
99,-1,448.0,464.0,43.6,99.0,22.038000
99,-1,1000.0,452.0,33.7,76.6,20.018000
99,-1,1829.0,440.0,94.7,214.8,12.067000
100,-1,621.0,439.0,135.4,307.3,68.510002
100,-1,1258.0,451.0,40.1,91.0,59.776001
100,-1,535.0,445.0,159.8,362.7,58.153999
100,-1,726.0,447.0,103.2,234.1,45.716000
100,-1,486.0,420.0,159.8,362.7,41.821999
100,-1,1094.0,442.0,47.8,108.5,25.143000
100,-1,1002.0,453.0,30.9,70.1,22.542000
100,-1,448.0,464.0,43.6,99.0,22.407000
100,-1,1836.0,447.0,87.8,199.3,16.708000
100,-1,1131.0,37.0,26.0,59.0,8.142500
100,-1,1153.0,433.0,40.1,91.0,5.411000
101,-1,621.0,439.0,135.4,307.3,70.315002
101,-1,1254.0,444.0,43.6,99.0,55.608002
101,-1,496.0,439.0,135.4,307.3,50.976002
101,-1,742.0,447.0,103.2,234.1,43.584999
101,-1,537.0,480.0,135.4,307.3,41.723000
101,-1,1094.0,442.0,47.8,108.5,36.348999
101,-1,1005.0,447.0,33.7,76.6,30.507999
101,-1,663.0,418.0,135.4,307.3,22.264000
101,-1,449.0,464.0,40.1,91.0,21.811001
101,-1,1836.0,447.0,87.8,199.3,17.990999
102,-1,621.0,439.0,135.4,307.3,65.383003
102,-1,1254.0,444.0,43.6,99.0,53.925999
102,-1,511.0,445.0,159.8,362.7,49.438000
102,-1,1086.0,433.0,52.0,118.0,32.236000
102,-1,463.0,505.0,26.0,59.0,30.305000
102,-1,738.0,469.0,94.7,214.8,27.930000
102,-1,1004.0,447.0,36.7,83.3,27.606001
102,-1,663.0,418.0,135.4,307.3,26.211000
102,-1,1838.0,468.0,73.9,167.6,25.063999
103,-1,1254.0,444.0,43.6,99.0,62.514999
103,-1,642.0,439.0,135.4,307.3,60.014000
103,-1,536.0,430.0,146.6,332.7,42.849998
103,-1,1086.0,433.0,52.0,118.0,38.544998
103,-1,491.0,408.0,146.6,332.7,31.652000
103,-1,1005.0,447.0,33.7,76.6,28.497999
103,-1,738.0,469.0,94.7,214.8,28.361000
103,-1,600.0,418.0,135.4,307.3,28.250000
103,-1,1836.0,447.0,87.8,199.3,23.711000
104,-1,621.0,439.0,135.4,307.3,66.055000
104,-1,1249.0,442.0,47.8,108.5,62.943001
104,-1,511.0,445.0,159.8,362.7,45.851002
104,-1,1086.0,433.0,52.0,118.0,41.002998
104,-1,1000.0,447.0,33.7,76.6,34.091999
104,-1,742.0,463.0,103.2,234.1,31.333000
104,-1,1836.0,447.0,87.8,199.3,18.113001
104,-1,1153.0,433.0,40.1,91.0,12.705000
105,-1,642.0,439.0,135.4,307.3,65.188004
105,-1,1254.0,450.0,43.6,99.0,47.326000
105,-1,511.0,445.0,159.8,362.7,43.597000
105,-1,1086.0,433.0,52.0,118.0,33.407001
105,-1,742.0,447.0,103.2,234.1,32.737999
105,-1,1000.0,447.0,33.7,76.6,25.912001
105,-1,1838.0,468.0,73.9,167.6,25.483999
105,-1,600.0,418.0,135.4,307.3,23.214001
105,-1,462.0,420.0,159.8,362.7,16.268999
105,-1,1294.0,425.0,52.0,118.0,2.144200
106,-1,1247.0,444.0,43.6,99.0,63.432999
106,-1,621.0,439.0,135.4,307.3,60.671001
106,-1,511.0,445.0,159.8,362.7,44.513000
106,-1,1086.0,433.0,52.0,118.0,30.716000
106,-1,742.0,447.0,103.2,234.1,30.188999
106,-1,1838.0,468.0,73.9,167.6,30.042999
106,-1,1000.0,447.0,33.7,76.6,25.167999
106,-1,462.0,420.0,159.8,362.7,19.902000
106,-1,663.0,418.0,135.4,307.3,18.806000
106,-1,1153.0,433.0,40.1,91.0,3.582300
107,-1,642.0,439.0,135.4,307.3,68.582001
107,-1,511.0,445.0,159.8,362.7,49.462002
107,-1,1247.0,450.0,43.6,99.0,36.796001
107,-1,1086.0,433.0,52.0,118.0,30.544001
107,-1,742.0,463.0,103.2,234.1,27.243999
107,-1,1838.0,468.0,73.9,167.6,25.726999
107,-1,462.0,420.0,159.8,362.7,16.722000
107,-1,560.0,469.0,159.8,362.7,11.816000
107,-1,1286.0,417.0,52.0,118.0,1.798600
108,-1,642.0,439.0,135.4,307.3,67.167000
108,-1,1247.0,444.0,43.6,99.0,44.080002
108,-1,491.0,430.0,146.6,332.7,37.523998
108,-1,1086.0,433.0,52.0,118.0,35.138000
108,-1,1838.0,468.0,73.9,167.6,23.263000
108,-1,1000.0,447.0,33.7,76.6,22.650999
108,-1,536.0,475.0,146.6,332.7,20.958000
108,-1,742.0,447.0,103.2,234.1,16.318001
108,-1,1131.0,37.0,26.0,59.0,4.051300
109,-1,642.0,439.0,135.4,307.3,64.254997
109,-1,496.0,439.0,135.4,307.3,42.348999
109,-1,1086.0,433.0,52.0,118.0,38.585999
109,-1,1247.0,450.0,43.6,99.0,35.500000
109,-1,1838.0,468.0,73.9,167.6,24.618000
109,-1,742.0,447.0,103.2,234.1,19.447001
109,-1,558.0,501.0,135.4,307.3,15.245000
109,-1,1004.0,447.0,36.7,83.3,8.180200
109,-1,925.0,433.0,40.1,91.0,3.419800
110,-1,642.0,418.0,135.4,307.3,63.032001
110,-1,507.0,408.0,175.7,398.6,42.617001
110,-1,1246.0,445.0,40.1,91.0,40.674999
110,-1,1093.0,444.0,43.6,99.0,34.359001
110,-1,742.0,447.0,103.2,234.1,26.909000
110,-1,1836.0,447.0,87.8,199.3,15.387000
110,-1,1153.0,433.0,40.1,91.0,3.228700
111,-1,642.0,439.0,135.4,307.3,68.149002
111,-1,742.0,447.0,103.2,234.1,39.009998
111,-1,1247.0,450.0,43.6,99.0,36.625999
111,-1,491.0,430.0,146.6,332.7,33.242001
111,-1,558.0,501.0,135.4,307.3,25.344999
111,-1,1093.0,444.0,43.6,99.0,24.711000
111,-1,1838.0,468.0,73.9,167.6,23.785000
112,-1,661.0,438.0,123.4,280.1,62.286999
112,-1,1246.0,451.0,40.1,91.0,60.148998
112,-1,742.0,447.0,103.2,234.1,35.280998
112,-1,496.0,439.0,135.4,307.3,29.379999
112,-1,1838.0,468.0,73.9,167.6,27.334999
112,-1,1086.0,433.0,52.0,118.0,26.052999
112,-1,558.0,501.0,135.4,307.3,22.118999
112,-1,1005.0,452.0,33.7,76.6,17.083000
113,-1,642.0,439.0,135.4,307.3,62.289001
113,-1,1247.0,459.0,36.7,83.3,57.848999
113,-1,535.0,420.0,159.8,362.7,31.545000
113,-1,1086.0,433.0,52.0,118.0,27.834000
113,-1,742.0,463.0,103.2,234.1,24.054001
113,-1,1836.0,447.0,87.8,199.3,21.796000
113,-1,1002.0,453.0,30.9,70.1,11.223000
113,-1,486.0,445.0,159.8,362.7,5.458100
114,-1,642.0,439.0,135.4,307.3,62.775002
114,-1,1247.0,459.0,36.7,83.3,51.422001
114,-1,535.0,420.0,159.8,362.7,46.191002
114,-1,1093.0,437.0,43.6,99.0,31.903000
114,-1,742.0,447.0,103.2,234.1,29.490999
114,-1,1838.0,468.0,73.9,167.6,21.563999
114,-1,486.0,445.0,159.8,362.7,20.375000
114,-1,1002.0,453.0,30.9,70.1,10.071000
115,-1,642.0,439.0,135.4,307.3,62.969002
115,-1,1241.0,453.0,36.7,83.3,51.386002
115,-1,535.0,420.0,159.8,362.7,50.450001
115,-1,1838.0,468.0,73.9,167.6,26.091000
115,-1,742.0,447.0,103.2,234.1,26.024000
115,-1,1093.0,437.0,43.6,99.0,21.827999
115,-1,523.0,452.0,33.7,76.6,20.412001
115,-1,1252.0,459.0,36.7,83.3,13.372000
115,-1,443.0,461.0,26.0,59.0,5.221100
116,-1,642.0,439.0,135.4,307.3,65.992996
116,-1,534.0,408.0,175.7,398.6,55.254002
116,-1,1247.0,459.0,36.7,83.3,42.743999
116,-1,742.0,463.0,103.2,234.1,31.867001
116,-1,1093.0,444.0,43.6,99.0,28.938999
116,-1,1843.0,456.0,79.9,181.4,18.554001
116,-1,443.0,457.0,26.0,59.0,14.203000
116,-1,480.0,435.0,175.7,398.6,2.015100
117,-1,642.0,439.0,135.4,307.3,63.984001
117,-1,534.0,408.0,175.7,398.6,62.459999
117,-1,1244.0,463.0,33.7,76.6,48.692001
117,-1,758.0,463.0,103.2,234.1,30.693001
117,-1,1838.0,468.0,73.9,167.6,24.614000
117,-1,1006.0,453.0,30.9,70.1,21.226999
117,-1,1093.0,437.0,43.6,99.0,20.039000
117,-1,480.0,381.0,175.7,398.6,10.942000
118,-1,535.0,445.0,159.8,362.7,64.180000
118,-1,661.0,438.0,123.4,280.1,59.610001
118,-1,1244.0,463.0,33.7,76.6,41.022999
118,-1,1086.0,433.0,52.0,118.0,29.782000
118,-1,758.0,463.0,103.2,234.1,24.361000
118,-1,1838.0,468.0,73.9,167.6,20.695999
118,-1,469.0,408.0,146.6,332.7,10.142000
118,-1,1005.0,445.0,40.1,91.0,8.301700
118,-1,1153.0,433.0,40.1,91.0,3.572000
119,-1,649.0,430.0,146.6,332.7,64.622002
119,-1,535.0,445.0,159.8,362.7,62.709000
119,-1,496.0,418.0,135.4,307.3,35.060001
119,-1,1244.0,463.0,33.7,76.6,32.542999
119,-1,758.0,463.0,103.2,234.1,28.510000
119,-1,1093.0,444.0,43.6,99.0,24.311001
119,-1,1838.0,468.0,73.9,167.6,20.858999
119,-1,1005.0,445.0,40.1,91.0,7.557300
120,-1,534.0,435.0,175.7,398.6,69.504997
120,-1,642.0,439.0,135.4,307.3,64.850998
120,-1,491.0,408.0,146.6,332.7,29.110001
120,-1,758.0,463.0,103.2,234.1,27.607000
120,-1,1838.0,468.0,73.9,167.6,18.443001
120,-1,1241.0,459.0,36.7,83.3,17.775999
120,-1,421.0,497.0,28.3,64.2,16.771000
120,-1,1093.0,444.0,43.6,99.0,16.597000
120,-1,1006.0,453.0,30.9,70.1,8.220500
121,-1,534.0,435.0,175.7,398.6,65.810997
121,-1,663.0,439.0,135.4,307.3,61.300999
121,-1,758.0,463.0,103.2,234.1,30.127001
121,-1,491.0,408.0,146.6,332.7,29.205999
121,-1,1234.0,444.0,43.6,99.0,21.170000
121,-1,421.0,497.0,28.3,64.2,21.046000
121,-1,1093.0,444.0,43.6,99.0,16.079000
121,-1,1836.0,447.0,87.8,199.3,10.699000
121,-1,1005.0,447.0,33.7,76.6,5.532600
122,-1,534.0,435.0,175.7,398.6,64.828003
122,-1,649.0,430.0,146.6,332.7,62.219002
122,-1,1234.0,444.0,43.6,99.0,36.412998
122,-1,491.0,408.0,146.6,332.7,25.506001
122,-1,758.0,463.0,103.2,234.1,22.655001
122,-1,421.0,497.0,28.3,64.2,19.702000
122,-1,1836.0,447.0,87.8,199.3,14.765000
122,-1,1093.0,444.0,43.6,99.0,9.961100
122,-1,1005.0,447.0,33.7,76.6,3.942400
123,-1,661.0,438.0,123.4,280.1,66.702003
123,-1,534.0,435.0,175.7,398.6,63.416000
123,-1,1233.0,451.0,40.1,91.0,30.777000
123,-1,491.0,408.0,146.6,332.7,26.489000
123,-1,758.0,463.0,103.2,234.1,25.816999
123,-1,421.0,497.0,28.3,64.2,17.504000
123,-1,1097.0,451.0,40.1,91.0,15.096000
123,-1,1836.0,447.0,87.8,199.3,15.049000
123,-1,1005.0,447.0,33.7,76.6,8.188900
124,-1,661.0,438.0,123.4,280.1,63.390999
124,-1,534.0,435.0,175.7,398.6,58.150002
124,-1,758.0,463.0,103.2,234.1,30.417000
124,-1,1233.0,451.0,40.1,91.0,27.392000
124,-1,496.0,397.0,135.4,307.3,26.664000
124,-1,1838.0,468.0,73.9,167.6,18.774000
124,-1,1097.0,445.0,40.1,91.0,13.822000
124,-1,421.0,497.0,28.3,64.2,6.053900
124,-1,674.0,96.0,30.9,70.1,5.756600
125,-1,649.0,430.0,146.6,332.7,65.810997
125,-1,534.0,435.0,175.7,398.6,55.082001
125,-1,496.0,397.0,135.4,307.3,28.181999
125,-1,758.0,463.0,103.2,234.1,27.959000
125,-1,1838.0,468.0,73.9,167.6,25.778000
125,-1,1233.0,451.0,40.1,91.0,24.198999
125,-1,1097.0,451.0,40.1,91.0,19.290001
125,-1,1006.0,453.0,30.9,70.1,10.645000
125,-1,837.0,457.0,43.6,99.0,5.344700
126,-1,649.0,430.0,146.6,332.7,69.115997
126,-1,519.0,420.0,113.4,257.3,57.368000
126,-1,561.0,435.0,175.7,398.6,46.226002
126,-1,1838.0,468.0,73.9,167.6,29.399000
126,-1,774.0,463.0,103.2,234.1,26.355000
126,-1,1093.0,444.0,43.6,99.0,20.223000
126,-1,1233.0,457.0,40.1,91.0,10.945000
126,-1,310.0,494.0,33.7,76.6,4.271900
126,-1,943.0,433.0,40.1,91.0,3.760400
126,-1,675.0,97.0,26.0,59.0,3.019000
127,-1,649.0,430.0,146.6,332.7,71.165001
127,-1,526.0,453.0,30.9,70.1,52.435001
127,-1,561.0,435.0,175.7,398.6,44.841999
127,-1,774.0,463.0,103.2,234.1,30.386000
127,-1,1838.0,468.0,73.9,167.6,25.569000
127,-1,1093.0,444.0,43.6,99.0,12.925000
127,-1,1227.0,450.0,43.6,99.0,10.948000
128,-1,649.0,430.0,146.6,332.7,74.194000
128,-1,526.0,453.0,30.9,70.1,56.005001
128,-1,559.0,475.0,146.6,332.7,42.348000
128,-1,1838.0,468.0,73.9,167.6,30.240000
128,-1,774.0,463.0,103.2,234.1,29.716000
128,-1,1227.0,451.0,40.1,91.0,26.427000
128,-1,1094.0,441.0,52.0,118.0,11.779000
128,-1,486.0,457.0,52.0,118.0,10.261000
128,-1,1131.0,37.0,26.0,59.0,9.031400
129,-1,649.0,430.0,146.6,332.7,79.281998
129,-1,526.0,453.0,30.9,70.1,62.612000
129,-1,561.0,435.0,175.7,398.6,46.359001
129,-1,764.0,455.0,113.4,257.3,42.339001
129,-1,1838.0,468.0,73.9,167.6,28.601000
129,-1,1227.0,451.0,40.1,91.0,14.643000
129,-1,799.0,438.0,113.4,257.3,9.418800
129,-1,763.0,369.0,26.0,59.0,4.737300
129,-1,1077.0,437.0,67.5,153.1,2.547600
129,-1,1005.0,447.0,33.7,76.6,1.974100
130,-1,649.0,430.0,146.6,332.7,77.107002
130,-1,526.0,458.0,28.3,64.2,53.396000
130,-1,561.0,435.0,175.7,398.6,52.139999
130,-1,764.0,455.0,113.4,257.3,50.562000
130,-1,1838.0,468.0,73.9,167.6,28.183001
130,-1,799.0,438.0,113.4,257.3,21.069000
130,-1,486.0,449.0,52.0,118.0,13.816000
130,-1,1227.0,450.0,43.6,99.0,7.189500
130,-1,1094.0,449.0,47.8,108.5,4.600500
130,-1,763.0,369.0,26.0,59.0,4.237400
131,-1,649.0,430.0,146.6,332.7,71.223999
131,-1,526.0,453.0,30.9,70.1,63.514000
131,-1,561.0,435.0,175.7,398.6,62.064999
131,-1,774.0,463.0,103.2,234.1,47.911999
131,-1,1838.0,468.0,73.9,167.6,31.204000
131,-1,1085.0,437.0,61.5,139.6,16.811001
131,-1,486.0,449.0,52.0,118.0,11.616000
131,-1,805.0,447.0,103.2,234.1,11.521000
131,-1,1005.0,452.0,33.7,76.6,7.840900
131,-1,1227.0,451.0,40.1,91.0,7.022700
132,-1,526.0,453.0,30.9,70.1,75.342003
132,-1,649.0,430.0,146.6,332.7,65.917000
132,-1,561.0,435.0,175.7,398.6,63.077000
132,-1,781.0,455.0,113.4,257.3,41.132999
132,-1,1838.0,468.0,73.9,167.6,23.228001
132,-1,1005.0,447.0,33.7,76.6,17.115999
132,-1,1094.0,434.0,47.8,108.5,8.552700
133,-1,649.0,430.0,146.6,332.7,67.933998
133,-1,561.0,435.0,175.7,398.6,60.251999
133,-1,526.0,457.0,30.9,70.1,54.071999
133,-1,789.0,463.0,103.2,234.1,39.445999
133,-1,1221.0,464.0,40.1,91.0,19.945999
133,-1,1836.0,447.0,87.8,199.3,14.506000
133,-1,1005.0,447.0,33.7,76.6,8.377000
133,-1,1153.0,433.0,40.1,91.0,4.493100
133,-1,1076.0,422.0,73.9,167.6,0.711350
134,-1,649.0,430.0,146.6,332.7,68.445999
134,-1,561.0,435.0,175.7,398.6,57.535999
134,-1,526.0,453.0,30.9,70.1,52.092999
134,-1,781.0,455.0,113.4,257.3,42.040001
134,-1,1838.0,468.0,73.9,167.6,23.900999
134,-1,1005.0,447.0,33.7,76.6,16.014000
134,-1,1153.0,433.0,40.1,91.0,15.004000
134,-1,1080.0,419.0,79.9,181.4,10.145000
134,-1,1220.0,450.0,43.6,99.0,6.115600
134,-1,674.0,96.0,28.3,64.2,5.436000
134,-1,695.0,385.0,146.6,332.7,2.537300
135,-1,663.0,439.0,135.4,307.3,70.778000
135,-1,561.0,408.0,175.7,398.6,48.902000
135,-1,781.0,455.0,113.4,257.3,46.971001
135,-1,526.0,453.0,30.9,70.1,45.138000
135,-1,1838.0,468.0,73.9,167.6,23.917999
135,-1,1005.0,447.0,33.7,76.6,17.665001
135,-1,1220.0,450.0,43.6,99.0,16.113001
135,-1,1094.0,434.0,47.8,108.5,6.912800
135,-1,1294.0,425.0,52.0,118.0,1.707400
136,-1,663.0,439.0,135.4,307.3,73.161003
136,-1,561.0,435.0,175.7,398.6,49.972000
136,-1,781.0,455.0,113.4,257.3,49.278999
136,-1,526.0,453.0,30.9,70.1,41.808998
136,-1,1838.0,468.0,73.9,167.6,22.704000
136,-1,1213.0,450.0,43.6,99.0,18.694000
136,-1,854.0,433.0,52.0,118.0,15.841000
136,-1,1089.0,445.0,56.7,128.6,15.636000
136,-1,1005.0,447.0,33.7,76.6,12.903000
137,-1,663.0,439.0,135.4,307.3,76.042000
137,-1,561.0,435.0,175.7,398.6,43.018002
137,-1,526.0,453.0,30.9,70.1,40.599998
137,-1,781.0,455.0,113.4,257.3,40.036999
137,-1,1836.0,447.0,87.8,199.3,26.691000
137,-1,1213.0,450.0,43.6,99.0,21.716000
137,-1,1005.0,447.0,33.7,76.6,16.900999
137,-1,704.0,460.0,135.4,307.3,12.531000
137,-1,1085.0,437.0,61.5,139.6,8.906400
137,-1,1153.0,433.0,40.1,91.0,6.641000
138,-1,663.0,439.0,135.4,307.3,72.944000
138,-1,545.0,412.0,189.3,429.6,45.077999
138,-1,527.0,465.0,26.0,59.0,44.713001
138,-1,799.0,455.0,113.4,257.3,36.578999
138,-1,704.0,460.0,135.4,307.3,20.066000
138,-1,1213.0,450.0,43.6,99.0,13.663000
138,-1,1843.0,456.0,79.9,181.4,11.975000
138,-1,1005.0,447.0,33.7,76.6,11.714000
138,-1,1099.0,444.0,43.6,99.0,8.445500
139,-1,672.0,430.0,146.6,332.7,71.518997
139,-1,534.0,435.0,175.7,398.6,51.062000
139,-1,799.0,455.0,113.4,257.3,34.470001
139,-1,522.0,453.0,30.9,70.1,29.695999
139,-1,1838.0,468.0,73.9,167.6,23.980000
139,-1,609.0,445.0,159.8,362.7,20.523001
139,-1,949.0,439.0,40.1,91.0,14.762000
139,-1,1215.0,464.0,40.1,91.0,14.622000
139,-1,1005.0,447.0,33.7,76.6,8.788200
139,-1,1080.0,419.0,79.9,181.4,5.469500
140,-1,672.0,430.0,146.6,332.7,76.468002
140,-1,534.0,435.0,175.7,398.6,55.194000
140,-1,522.0,453.0,30.9,70.1,33.597000
140,-1,609.0,469.0,159.8,362.7,28.882000
140,-1,1215.0,451.0,40.1,91.0,27.731001
140,-1,799.0,455.0,113.4,257.3,24.049999
140,-1,1004.0,447.0,36.7,83.3,17.840000
140,-1,1838.0,468.0,73.9,167.6,15.780000
140,-1,1153.0,433.0,40.1,91.0,15.610000
140,-1,1068.0,431.0,79.9,181.4,11.735000
141,-1,672.0,430.0,146.6,332.7,68.528000
141,-1,534.0,435.0,175.7,398.6,52.701000
141,-1,522.0,453.0,30.9,70.1,32.682999
141,-1,1209.0,451.0,40.1,91.0,28.886999
141,-1,609.0,469.0,159.8,362.7,26.688000
141,-1,799.0,455.0,113.4,257.3,23.593000
141,-1,1838.0,468.0,73.9,167.6,23.319000
141,-1,1004.0,447.0,36.7,83.3,20.837999
141,-1,1104.0,451.0,40.1,91.0,14.013000
141,-1,717.0,453.0,146.6,332.7,7.383500
141,-1,1153.0,433.0,40.1,91.0,6.643600
141,-1,1035.0,349.0,26.0,59.0,6.040200
142,-1,672.0,430.0,146.6,332.7,82.042999
142,-1,534.0,435.0,175.7,398.6,51.313000
142,-1,1209.0,451.0,40.1,91.0,45.790001
142,-1,522.0,453.0,30.9,70.1,44.404999
142,-1,609.0,469.0,159.8,362.7,28.733999
142,-1,1838.0,468.0,73.9,167.6,22.895000
142,-1,799.0,455.0,113.4,257.3,21.676001
142,-1,1004.0,447.0,36.7,83.3,18.076000
142,-1,717.0,453.0,146.6,332.7,12.964000
142,-1,1080.0,419.0,79.9,181.4,5.202600
143,-1,672.0,430.0,146.6,332.7,86.542999
143,-1,545.0,412.0,189.3,429.6,56.974998
143,-1,522.0,453.0,30.9,70.1,41.488998
143,-1,1209.0,451.0,40.1,91.0,28.875000
143,-1,740.0,430.0,146.6,332.7,20.607000
143,-1,1836.0,447.0,87.8,199.3,15.878000
143,-1,486.0,441.0,52.0,118.0,13.762000
143,-1,1113.0,444.0,43.6,99.0,11.681000
143,-1,1067.0,473.0,26.0,59.0,8.922100
144,-1,672.0,430.0,146.6,332.7,96.734001
144,-1,561.0,435.0,175.7,398.6,57.377998
144,-1,522.0,453.0,30.9,70.1,46.983002
144,-1,717.0,453.0,146.6,332.7,25.973000
144,-1,1209.0,451.0,40.1,91.0,22.922001
144,-1,1838.0,468.0,73.9,167.6,22.048000
144,-1,805.0,463.0,103.2,234.1,16.684000
144,-1,1094.0,434.0,47.8,108.5,12.806000
144,-1,484.0,449.0,47.8,108.5,8.761500
144,-1,1005.0,452.0,33.7,76.6,7.874200
145,-1,672.0,430.0,146.6,332.7,93.977997
145,-1,536.0,417.0,207.4,470.7,57.724998
145,-1,521.0,458.0,28.3,64.2,41.709000
145,-1,717.0,453.0,146.6,332.7,25.333000
145,-1,1200.0,444.0,43.6,99.0,23.670000
145,-1,1838.0,468.0,73.9,167.6,22.785000
145,-1,799.0,455.0,113.4,257.3,19.355000
145,-1,1113.0,444.0,43.6,99.0,16.865000
145,-1,1067.0,473.0,26.0,59.0,11.233000
145,-1,1004.0,447.0,36.7,83.3,11.042000
146,-1,672.0,430.0,146.6,332.7,90.790001
146,-1,561.0,435.0,175.7,398.6,59.991001
146,-1,1200.0,444.0,43.6,99.0,48.903000
146,-1,522.0,453.0,30.9,70.1,44.282001
146,-1,799.0,455.0,113.4,257.3,26.237000
146,-1,1838.0,468.0,73.9,167.6,25.864000
146,-1,1113.0,444.0,43.6,99.0,25.038000
146,-1,1004.0,447.0,36.7,83.3,22.156000
146,-1,1067.0,473.0,26.0,59.0,16.070999
146,-1,486.0,441.0,52.0,118.0,12.219000
147,-1,672.0,430.0,146.6,332.7,90.820000
147,-1,545.0,441.0,189.3,429.6,63.377998
147,-1,1200.0,444.0,43.6,99.0,47.279999
147,-1,522.0,453.0,30.9,70.1,35.523998
147,-1,491.0,449.0,47.8,108.5,32.472000
147,-1,799.0,455.0,113.4,257.3,25.930000
147,-1,1838.0,468.0,73.9,167.6,24.322001
147,-1,1067.0,473.0,26.0,59.0,15.962000
147,-1,1004.0,447.0,36.7,83.3,11.026000
147,-1,953.0,442.0,36.7,83.3,8.344500
147,-1,1119.0,450.0,43.6,99.0,6.353100
147,-1,1077.0,437.0,67.5,153.1,3.492700
148,-1,672.0,430.0,146.6,332.7,83.528000
148,-1,545.0,441.0,189.3,429.6,51.541000
148,-1,1193.0,444.0,43.6,99.0,49.189999
148,-1,491.0,449.0,47.8,108.5,33.030998
148,-1,522.0,453.0,30.9,70.1,29.552000
148,-1,1005.0,452.0,33.7,76.6,16.483000
148,-1,805.0,463.0,103.2,234.1,13.509000
148,-1,1836.0,447.0,87.8,199.3,11.003000
148,-1,1099.0,444.0,43.6,99.0,8.993000
148,-1,1130.0,472.0,30.9,70.1,8.286400
148,-1,1153.0,433.0,40.1,91.0,1.325800
149,-1,683.0,439.0,135.4,307.3,75.032997
149,-1,534.0,435.0,175.7,398.6,46.612999
149,-1,1193.0,444.0,43.6,99.0,38.761002
149,-1,491.0,449.0,47.8,108.5,31.774000
149,-1,521.0,458.0,28.3,64.2,26.101999
149,-1,1122.0,457.0,40.1,91.0,25.313000
149,-1,609.0,445.0,159.8,362.7,21.686001
149,-1,788.0,439.0,135.4,307.3,19.204000
149,-1,1004.0,447.0,36.7,83.3,14.964000
149,-1,1836.0,447.0,87.8,199.3,14.602000
149,-1,1067.0,473.0,26.0,59.0,11.127000
149,-1,953.0,442.0,36.7,83.3,10.662000
149,-1,1097.0,445.0,40.1,91.0,8.398900
150,-1,695.0,430.0,146.6,332.7,79.226997
150,-1,536.0,417.0,207.4,470.7,57.608002
150,-1,1193.0,444.0,43.6,99.0,44.716999
150,-1,491.0,449.0,47.8,108.5,44.570000
150,-1,521.0,458.0,28.3,64.2,34.562000
150,-1,1122.0,457.0,40.1,91.0,31.278000
150,-1,1838.0,468.0,73.9,167.6,20.511999
150,-1,794.0,438.0,123.4,280.1,18.629000
150,-1,1067.0,473.0,26.0,59.0,14.598000
150,-1,954.0,442.0,33.7,76.6,14.160000
150,-1,649.0,453.0,146.6,332.7,12.861000
151,-1,695.0,430.0,146.6,332.7,67.308998
151,-1,1193.0,444.0,43.6,99.0,52.730000
151,-1,491.0,449.0,47.8,108.5,52.147999
151,-1,536.0,417.0,207.4,470.7,51.770000
151,-1,1119.0,450.0,43.6,99.0,31.625000
151,-1,954.0,442.0,33.7,76.6,20.563000
151,-1,740.0,453.0,146.6,332.7,20.561001
151,-1,1836.0,447.0,87.8,199.3,20.289000
151,-1,1000.0,447.0,33.7,76.6,15.889000
151,-1,821.0,478.0,103.2,234.1,13.636000
151,-1,1067.0,473.0,26.0,59.0,12.954000
151,-1,649.0,453.0,146.6,332.7,8.524600
151,-1,518.0,452.0,33.7,76.6,3.143700
152,-1,695.0,430.0,146.6,332.7,60.417000
152,-1,1193.0,444.0,43.6,99.0,52.888000
152,-1,536.0,417.0,207.4,470.7,50.333000
152,-1,1119.0,450.0,43.6,99.0,44.074001
152,-1,495.0,457.0,43.6,99.0,40.421001
152,-1,1000.0,447.0,33.7,76.6,33.507000
152,-1,1838.0,468.0,73.9,167.6,19.858000
152,-1,1067.0,473.0,26.0,59.0,17.965000
152,-1,521.0,458.0,28.3,64.2,16.007000
152,-1,954.0,442.0,33.7,76.6,13.760000
152,-1,821.0,478.0,103.2,234.1,13.014000
152,-1,740.0,453.0,146.6,332.7,12.964000
152,-1,1131.0,37.0,26.0,59.0,4.806900
153,-1,695.0,430.0,146.6,332.7,54.713001
153,-1,536.0,417.0,207.4,470.7,54.015999
153,-1,1122.0,457.0,40.1,91.0,51.216000
153,-1,1190.0,434.0,47.8,108.5,44.638000
153,-1,494.0,441.0,52.0,118.0,24.243999
153,-1,821.0,478.0,103.2,234.1,23.101999
153,-1,1005.0,447.0,33.7,76.6,18.968000
153,-1,1838.0,468.0,73.9,167.6,18.806999
153,-1,1067.0,473.0,26.0,59.0,15.049000
153,-1,740.0,453.0,146.6,332.7,9.795100
154,-1,695.0,430.0,146.6,332.7,59.465000
154,-1,536.0,417.0,207.4,470.7,55.696999
154,-1,1122.0,457.0,40.1,91.0,54.196999
154,-1,1196.0,459.0,36.7,83.3,53.438000
154,-1,491.0,449.0,47.8,108.5,34.161999
154,-1,954.0,442.0,33.7,76.6,22.134001
154,-1,1067.0,473.0,26.0,59.0,21.742001
154,-1,740.0,453.0,146.6,332.7,19.292000
154,-1,1000.0,447.0,33.7,76.6,18.243999
154,-1,813.0,438.0,123.4,280.1,14.933000
154,-1,1131.0,37.0,26.0,59.0,14.049000
154,-1,1836.0,447.0,87.8,199.3,11.204000
154,-1,523.0,461.0,26.0,59.0,9.927600
154,-1,649.0,453.0,146.6,332.7,6.312000
155,-1,695.0,430.0,146.6,332.7,62.284000
155,-1,536.0,417.0,207.4,470.7,60.222000
155,-1,1190.0,459.0,36.7,83.3,53.238998
155,-1,1122.0,457.0,40.1,91.0,49.083000
155,-1,491.0,449.0,47.8,108.5,22.650000
155,-1,740.0,453.0,146.6,332.7,22.375999
155,-1,1838.0,468.0,73.9,167.6,22.216000
155,-1,1067.0,473.0,26.0,59.0,22.049999
155,-1,1086.0,425.0,52.0,118.0,17.740999
155,-1,885.0,431.0,103.2,234.1,14.101000
155,-1,821.0,463.0,103.2,234.1,13.193000
155,-1,1000.0,453.0,28.3,64.2,12.894000
155,-1,649.0,453.0,146.6,332.7,12.834000
155,-1,523.0,461.0,26.0,59.0,6.522900
156,-1,536.0,417.0,207.4,470.7,56.634998
156,-1,717.0,430.0,146.6,332.7,51.487999
156,-1,1187.0,450.0,43.6,99.0,44.004002
156,-1,1119.0,450.0,43.6,99.0,37.747002
156,-1,672.0,453.0,146.6,332.7,23.042000
156,-1,498.0,449.0,47.8,108.5,20.333000
156,-1,1004.0,447.0,36.7,83.3,16.766001
156,-1,1067.0,473.0,26.0,59.0,12.955000
156,-1,1836.0,447.0,87.8,199.3,12.669000
156,-1,813.0,438.0,123.4,280.1,10.948000
156,-1,1153.0,439.0,40.1,91.0,0.011558
157,-1,717.0,430.0,146.6,332.7,58.527000
157,-1,515.0,388.0,226.7,514.5,54.151001
157,-1,1190.0,459.0,36.7,83.3,39.620998
157,-1,1128.0,459.0,36.7,83.3,35.708000
157,-1,1005.0,447.0,33.7,76.6,18.759001
157,-1,1838.0,468.0,73.9,167.6,18.417000
157,-1,672.0,453.0,146.6,332.7,12.036000
157,-1,1078.0,441.0,52.0,118.0,10.759000
157,-1,809.0,439.0,135.4,307.3,9.342000
157,-1,1067.0,473.0,26.0,59.0,6.467400
158,-1,545.0,412.0,189.3,429.6,57.277000
158,-1,708.0,420.0,159.8,362.7,55.460999
158,-1,1190.0,457.0,40.1,91.0,33.889000
158,-1,1124.0,442.0,47.8,108.5,26.747999
158,-1,634.0,420.0,159.8,362.7,24.163000
158,-1,1067.0,473.0,26.0,59.0,23.666000
158,-1,816.0,455.0,113.4,257.3,22.180000
158,-1,502.0,455.0,113.4,257.3,21.443001
158,-1,1829.0,425.0,94.7,214.8,17.466999
158,-1,1004.0,447.0,36.7,83.3,11.992000
158,-1,1077.0,437.0,67.5,153.1,8.338300
158,-1,910.0,559.0,47.8,108.5,3.346600
159,-1,536.0,417.0,207.4,470.7,66.153999
159,-1,717.0,430.0,146.6,332.7,62.394001
159,-1,1000.0,447.0,33.7,76.6,28.291000
159,-1,1124.0,419.0,56.7,128.6,20.263000
159,-1,1190.0,464.0,36.7,83.3,20.181999
159,-1,1838.0,468.0,73.9,167.6,18.669001
159,-1,649.0,453.0,146.6,332.7,16.082001
159,-1,1076.0,437.0,61.5,139.6,15.010000
159,-1,813.0,438.0,123.4,280.1,13.899000
159,-1,987.0,338.0,30.9,70.1,5.930100
159,-1,475.0,397.0,135.4,307.3,5.315600
160,-1,717.0,430.0,146.6,332.7,71.851997
160,-1,536.0,417.0,207.4,470.7,64.994003
160,-1,1000.0,447.0,33.7,76.6,23.212000
160,-1,1126.0,444.0,43.6,99.0,22.259001
160,-1,1183.0,442.0,47.8,108.5,20.941999
160,-1,649.0,453.0,146.6,332.7,19.822001
160,-1,1838.0,468.0,73.9,167.6,19.747999
160,-1,816.0,455.0,113.4,257.3,11.486000
160,-1,491.0,385.0,146.6,332.7,8.419400
160,-1,1153.0,439.0,40.1,91.0,6.911400
160,-1,1067.0,473.0,26.0,59.0,6.328500
160,-1,1077.0,437.0,67.5,153.1,2.986500
161,-1,717.0,430.0,146.6,332.7,67.093002
161,-1,536.0,417.0,207.4,470.7,66.105003
161,-1,1000.0,447.0,33.7,76.6,28.483999
161,-1,1838.0,468.0,73.9,167.6,20.124001
161,-1,1185.0,459.0,36.7,83.3,17.745001
161,-1,1134.0,433.0,52.0,118.0,17.277000
161,-1,1067.0,473.0,26.0,59.0,8.332700
161,-1,491.0,385.0,146.6,332.7,7.962400
161,-1,672.0,453.0,146.6,332.7,6.176000
161,-1,809.0,439.0,135.4,307.3,5.915200
161,-1,1077.0,437.0,67.5,153.1,2.869600
162,-1,717.0,430.0,146.6,332.7,70.108002
162,-1,536.0,417.0,207.4,470.7,60.750000
162,-1,1000.0,447.0,33.7,76.6,25.028999
162,-1,833.0,455.0,113.4,257.3,20.951000
162,-1,1836.0,447.0,87.8,199.3,15.551000
162,-1,1184.0,457.0,40.1,91.0,11.154000
162,-1,491.0,385.0,146.6,332.7,8.121400
162,-1,1153.0,439.0,40.1,91.0,7.765300
162,-1,649.0,453.0,146.6,332.7,4.426700
163,-1,536.0,417.0,207.4,470.7,67.824997
163,-1,717.0,430.0,146.6,332.7,58.568001
163,-1,1000.0,447.0,33.7,76.6,26.642000
163,-1,1180.0,450.0,43.6,99.0,22.017000
163,-1,832.0,438.0,123.4,280.1,21.582001
163,-1,1086.0,437.0,43.6,99.0,21.407000
163,-1,1836.0,447.0,87.8,199.3,17.945000
163,-1,491.0,385.0,146.6,332.7,13.272000
163,-1,901.0,431.0,103.2,234.1,12.739000
163,-1,1142.0,433.0,52.0,118.0,4.748700
163,-1,600.0,385.0,207.4,470.7,3.179500
164,-1,536.0,417.0,207.4,470.7,71.218002
164,-1,717.0,453.0,146.6,332.7,51.040001
164,-1,1187.0,468.0,33.7,76.6,26.663000
164,-1,851.0,473.0,113.4,257.3,25.940001
164,-1,998.0,447.0,36.7,83.3,18.504000
164,-1,1836.0,447.0,87.8,199.3,16.879000
164,-1,491.0,385.0,146.6,332.7,16.344999
164,-1,1093.0,437.0,43.6,99.0,16.334000
165,-1,536.0,417.0,207.4,470.7,68.111000
165,-1,732.0,420.0,159.8,362.7,48.264000
165,-1,1180.0,444.0,43.6,99.0,36.169998
165,-1,832.0,457.0,123.4,280.1,32.479000
165,-1,1836.0,447.0,87.8,199.3,30.292999
165,-1,1138.0,434.0,47.8,108.5,22.580000
165,-1,1086.0,437.0,43.6,99.0,13.266000
165,-1,491.0,385.0,146.6,332.7,13.098000
165,-1,997.0,453.0,30.9,70.1,12.736000
165,-1,683.0,445.0,159.8,362.7,5.947900
165,-1,1290.0,419.0,56.7,128.6,1.439700
166,-1,536.0,417.0,207.4,470.7,66.515999
166,-1,740.0,430.0,146.6,332.7,50.037998
166,-1,1138.0,434.0,47.8,108.5,35.529999
166,-1,830.0,439.0,135.4,307.3,34.793999
166,-1,1182.0,468.0,33.7,76.6,27.933001
166,-1,1838.0,468.0,73.9,167.6,18.742001
166,-1,695.0,453.0,146.6,332.7,14.824000
166,-1,1087.0,434.0,47.8,108.5,14.735000
166,-1,472.0,449.0,207.4,470.7,12.826000
166,-1,1087.0,340.0,28.3,64.2,11.962000
166,-1,1000.0,447.0,33.7,76.6,11.566000
167,-1,536.0,417.0,207.4,470.7,68.629997
167,-1,740.0,430.0,146.6,332.7,51.111000
167,-1,851.0,457.0,123.4,280.1,35.297001
167,-1,1138.0,434.0,47.8,108.5,30.438000
167,-1,695.0,453.0,146.6,332.7,22.961000
167,-1,1836.0,447.0,87.8,199.3,21.773001
167,-1,1178.0,457.0,40.1,91.0,21.587999
167,-1,1087.0,434.0,47.8,108.5,15.200000
167,-1,1082.0,338.0,30.9,70.1,14.897000
167,-1,491.0,385.0,146.6,332.7,6.332600
168,-1,536.0,417.0,207.4,470.7,72.938004
168,-1,746.0,439.0,135.4,307.3,48.598000
168,-1,851.0,457.0,123.4,280.1,33.316002
168,-1,1142.0,433.0,52.0,118.0,30.940001
168,-1,1182.0,468.0,33.7,76.6,29.455999
168,-1,1837.0,399.0,103.2,234.1,21.183001
168,-1,704.0,460.0,135.4,307.3,13.238000
168,-1,472.0,449.0,207.4,470.7,13.151000
169,-1,536.0,417.0,207.4,470.7,68.274002
169,-1,740.0,430.0,146.6,332.7,51.844002
169,-1,851.0,457.0,123.4,280.1,32.297001
169,-1,1146.0,434.0,47.8,108.5,31.902000
169,-1,1179.0,464.0,36.7,83.3,25.830000
169,-1,1836.0,447.0,87.8,199.3,23.200001
169,-1,472.0,449.0,207.4,470.7,19.221001
169,-1,998.0,442.0,36.7,83.3,15.035000
169,-1,695.0,453.0,146.6,332.7,12.646000
169,-1,1077.0,437.0,67.5,153.1,2.306100
170,-1,536.0,449.0,207.4,470.7,76.528000
170,-1,740.0,430.0,146.6,332.7,51.786999
170,-1,851.0,457.0,123.4,280.1,44.240002
170,-1,1138.0,434.0,47.8,108.5,34.894001
170,-1,496.0,418.0,135.4,307.3,31.978001
170,-1,1836.0,447.0,87.8,199.3,25.716999
170,-1,600.0,417.0,207.4,470.7,24.068001
170,-1,1178.0,451.0,40.1,91.0,22.993000
170,-1,1000.0,447.0,33.7,76.6,14.263000
170,-1,1076.0,437.0,61.5,139.6,10.943000
170,-1,1153.0,442.0,47.8,108.5,6.356500
171,-1,536.0,449.0,207.4,470.7,68.995003
171,-1,740.0,430.0,146.6,332.7,53.355999
171,-1,851.0,457.0,123.4,280.1,41.909000
171,-1,496.0,418.0,135.4,307.3,35.410000
171,-1,1142.0,433.0,52.0,118.0,35.126999
171,-1,642.0,435.0,175.7,398.6,23.952000
171,-1,1166.0,433.0,52.0,118.0,21.902000
171,-1,1837.0,399.0,103.2,234.1,17.142000
171,-1,1086.0,441.0,52.0,118.0,10.929000
172,-1,536.0,449.0,207.4,470.7,70.561996
172,-1,740.0,453.0,146.6,332.7,59.153999
172,-1,1146.0,434.0,47.8,108.5,42.401001
172,-1,851.0,457.0,123.4,280.1,38.805000
172,-1,496.0,418.0,135.4,307.3,32.138000
172,-1,1161.0,442.0,47.8,108.5,25.190001
172,-1,1837.0,399.0,103.2,234.1,22.955999
172,-1,658.0,420.0,159.8,362.7,22.913000
172,-1,1093.0,444.0,43.6,99.0,14.636000
172,-1,1187.0,468.0,33.7,76.6,13.670000
173,-1,536.0,449.0,207.4,470.7,70.105003
173,-1,740.0,430.0,146.6,332.7,57.540001
173,-1,1146.0,434.0,47.8,108.5,44.646000
173,-1,1166.0,450.0,43.6,99.0,44.630001
173,-1,870.0,457.0,123.4,280.1,37.335999
173,-1,496.0,418.0,135.4,307.3,30.753000
173,-1,1837.0,399.0,103.2,234.1,22.605000
173,-1,642.0,408.0,175.7,398.6,17.344999
173,-1,462.0,457.0,52.0,118.0,16.879999
173,-1,1093.0,444.0,43.6,99.0,16.062000
173,-1,659.0,162.0,30.9,70.1,6.473800
174,-1,550.0,422.0,226.7,514.5,68.703003
174,-1,740.0,430.0,146.6,332.7,66.924004
174,-1,1166.0,450.0,43.6,99.0,51.949001
174,-1,870.0,457.0,123.4,280.1,44.466000
174,-1,1146.0,434.0,47.8,108.5,37.183998
174,-1,462.0,457.0,52.0,118.0,27.304001
174,-1,491.0,408.0,146.6,332.7,23.039000
174,-1,1836.0,447.0,87.8,199.3,21.848000
174,-1,932.0,431.0,103.2,234.1,18.910999
174,-1,1093.0,437.0,43.6,99.0,16.643999
174,-1,656.0,170.0,28.3,64.2,7.534300
174,-1,1290.0,419.0,56.7,128.6,0.918590
175,-1,550.0,422.0,226.7,514.5,71.247002
175,-1,746.0,460.0,135.4,307.3,58.216000
175,-1,1166.0,450.0,43.6,99.0,55.442001
175,-1,870.0,457.0,123.4,280.1,31.087000
175,-1,1093.0,444.0,43.6,99.0,27.480000
175,-1,1142.0,433.0,52.0,118.0,26.302999
175,-1,938.0,420.0,113.4,257.3,23.257999
175,-1,1836.0,447.0,87.8,199.3,20.275000
175,-1,462.0,464.0,47.8,108.5,20.044001
175,-1,498.0,449.0,47.8,108.5,18.849001
176,-1,568.0,449.0,207.4,470.7,62.419998
176,-1,762.0,453.0,146.6,332.7,57.076000
176,-1,528.0,438.0,123.4,280.1,35.698002
176,-1,870.0,457.0,123.4,280.1,28.705000
176,-1,502.0,457.0,43.6,99.0,27.750999
176,-1,1091.0,445.0,40.1,91.0,21.695999
176,-1,1836.0,447.0,87.8,199.3,16.122000
176,-1,462.0,457.0,52.0,118.0,14.925000
176,-1,717.0,430.0,146.6,332.7,8.281000
177,-1,568.0,449.0,207.4,470.7,57.848000
177,-1,732.0,445.0,159.8,362.7,57.153999
177,-1,528.0,438.0,123.4,280.1,31.812000
177,-1,1093.0,444.0,43.6,99.0,28.719999
177,-1,870.0,457.0,123.4,280.1,27.921000
177,-1,506.0,449.0,47.8,108.5,25.875000
177,-1,1161.0,449.0,47.8,108.5,22.469000
177,-1,1836.0,447.0,87.8,199.3,17.282000
177,-1,462.0,457.0,52.0,118.0,14.098000
178,-1,723.0,408.0,175.7,398.6,58.520000
178,-1,550.0,422.0,226.7,514.5,49.672001
178,-1,1091.0,451.0,40.1,91.0,31.097000
178,-1,502.0,457.0,43.6,99.0,26.316000
178,-1,1161.0,442.0,47.8,108.5,24.697001
178,-1,870.0,457.0,123.4,280.1,23.136000
178,-1,1146.0,434.0,47.8,108.5,21.049000
178,-1,1829.0,440.0,94.7,214.8,19.520000
179,-1,762.0,453.0,146.6,332.7,63.900002
179,-1,568.0,417.0,207.4,470.7,54.499001
179,-1,1146.0,434.0,47.8,108.5,34.896999
179,-1,1161.0,442.0,47.8,108.5,30.671000
179,-1,886.0,473.0,113.4,257.3,27.787001
179,-1,1093.0,444.0,43.6,99.0,23.193001
179,-1,938.0,420.0,113.4,257.3,18.906000
179,-1,1831.0,456.0,79.9,181.4,15.334000
179,-1,502.0,441.0,52.0,118.0,14.371000
179,-1,547.0,453.0,26.0,59.0,13.266000
179,-1,717.0,430.0,146.6,332.7,5.260500
180,-1,762.0,453.0,146.6,332.7,74.522003
180,-1,568.0,417.0,207.4,470.7,53.146999
180,-1,1153.0,450.0,43.6,99.0,47.269001
180,-1,889.0,457.0,123.4,280.1,31.017000
180,-1,1091.0,451.0,40.1,91.0,18.556000
180,-1,502.0,457.0,43.6,99.0,17.087000
180,-1,1829.0,440.0,94.7,214.8,13.806000
180,-1,547.0,453.0,26.0,59.0,13.483000
180,-1,717.0,430.0,146.6,332.7,9.128300
181,-1,757.0,420.0,159.8,362.7,73.154999
181,-1,1153.0,442.0,47.8,108.5,59.176998
181,-1,568.0,417.0,207.4,470.7,50.691002
181,-1,889.0,457.0,123.4,280.1,30.533001
181,-1,956.0,440.0,94.7,214.8,22.076000
181,-1,502.0,457.0,43.6,99.0,19.228001
181,-1,1093.0,444.0,43.6,99.0,18.843000
181,-1,708.0,445.0,159.8,362.7,17.861000
181,-1,1829.0,440.0,94.7,214.8,12.780000
181,-1,545.0,453.0,30.9,70.1,7.056500
182,-1,757.0,420.0,159.8,362.7,78.742996
182,-1,568.0,417.0,207.4,470.7,49.571999
182,-1,1153.0,444.0,43.6,99.0,49.441002
182,-1,889.0,457.0,123.4,280.1,29.913000
182,-1,956.0,440.0,94.7,214.8,26.403999
182,-1,1831.0,456.0,79.9,181.4,19.455000
182,-1,1093.0,444.0,43.6,99.0,19.424999
182,-1,708.0,445.0,159.8,362.7,13.914000
182,-1,491.0,449.0,47.8,108.5,12.751000
183,-1,757.0,420.0,159.8,362.7,77.337997
183,-1,604.0,441.0,189.3,429.6,44.689999
183,-1,1153.0,442.0,47.8,108.5,38.938000
183,-1,502.0,457.0,43.6,99.0,27.041000
183,-1,1831.0,456.0,79.9,181.4,23.476000
183,-1,559.0,408.0,146.6,332.7,20.985001
183,-1,956.0,440.0,94.7,214.8,20.747999
183,-1,1093.0,444.0,43.6,99.0,17.610001
183,-1,903.0,455.0,113.4,257.3,14.778000
183,-1,708.0,445.0,159.8,362.7,3.632000
184,-1,757.0,420.0,159.8,362.7,79.967003
184,-1,1146.0,442.0,47.8,108.5,70.806999
184,-1,600.0,449.0,207.4,470.7,41.526001
184,-1,964.0,431.0,103.2,234.1,31.247999
184,-1,502.0,457.0,43.6,99.0,26.253000
184,-1,892.0,439.0,135.4,307.3,23.084999
184,-1,1836.0,447.0,87.8,199.3,18.207001
184,-1,566.0,457.0,52.0,118.0,13.496000
184,-1,1093.0,444.0,43.6,99.0,12.588000
185,-1,757.0,420.0,159.8,362.7,77.524002
185,-1,1153.0,442.0,47.8,108.5,55.574001
185,-1,600.0,449.0,207.4,470.7,53.075001
185,-1,566.0,457.0,52.0,118.0,29.728001
185,-1,973.0,420.0,113.4,257.3,26.761000
185,-1,892.0,439.0,135.4,307.3,22.881001
185,-1,502.0,449.0,52.0,118.0,20.173000
185,-1,1091.0,451.0,40.1,91.0,19.416000
185,-1,708.0,445.0,159.8,362.7,19.066000
185,-1,1831.0,456.0,79.9,181.4,15.493000
185,-1,486.0,441.0,52.0,118.0,7.225100
186,-1,757.0,420.0,159.8,362.7,72.152000
186,-1,600.0,449.0,207.4,470.7,64.622002
186,-1,1153.0,450.0,43.6,99.0,61.964001
186,-1,565.0,465.0,61.5,139.6,27.962000
186,-1,1093.0,444.0,43.6,99.0,25.850000
186,-1,892.0,439.0,135.4,307.3,20.636000
186,-1,1836.0,447.0,87.8,199.3,20.113001
186,-1,502.0,449.0,52.0,118.0,15.385000
186,-1,708.0,445.0,159.8,362.7,11.470000
187,-1,600.0,449.0,207.4,470.7,67.071999
187,-1,1153.0,450.0,43.6,99.0,57.712002
187,-1,785.0,453.0,146.6,332.7,57.605000
187,-1,565.0,445.0,73.9,167.6,29.316000
187,-1,740.0,430.0,146.6,332.7,24.794001
187,-1,1093.0,444.0,43.6,99.0,22.167999
187,-1,491.0,449.0,47.8,108.5,20.271000
187,-1,1836.0,447.0,87.8,199.3,17.433001
187,-1,972.0,437.0,43.6,99.0,16.849001
187,-1,545.0,453.0,30.9,70.1,9.505000
188,-1,600.0,449.0,207.4,470.7,62.925999
188,-1,757.0,445.0,159.8,362.7,61.967999
188,-1,1153.0,442.0,47.8,108.5,39.157001
188,-1,565.0,445.0,73.9,167.6,32.792999
188,-1,502.0,449.0,52.0,118.0,29.837999
188,-1,908.0,457.0,123.4,280.1,28.750000
188,-1,1093.0,444.0,43.6,99.0,26.768999
188,-1,1838.0,468.0,73.9,167.6,14.811000
188,-1,632.0,322.0,207.4,470.7,7.741600
188,-1,1063.0,473.0,26.0,59.0,5.556300
189,-1,757.0,445.0,159.8,362.7,59.273998
189,-1,1146.0,442.0,47.8,108.5,50.719002
189,-1,600.0,449.0,207.4,470.7,49.244999
189,-1,913.0,439.0,135.4,307.3,41.292999
189,-1,565.0,445.0,73.9,167.6,34.592999
189,-1,1086.0,433.0,52.0,118.0,32.049000
189,-1,502.0,457.0,43.6,99.0,22.093000
189,-1,1161.0,449.0,47.8,108.5,9.590000
189,-1,1829.0,440.0,94.7,214.8,7.871600
189,-1,1066.0,471.0,28.3,64.2,5.931700
190,-1,785.0,453.0,146.6,332.7,61.500999
190,-1,1142.0,433.0,52.0,118.0,47.696999
190,-1,913.0,439.0,135.4,307.3,46.953999
190,-1,620.0,422.0,226.7,514.5,45.262001
190,-1,558.0,458.0,67.5,153.1,40.023998
190,-1,502.0,441.0,52.0,118.0,29.211000
190,-1,1086.0,433.0,52.0,118.0,28.679001
190,-1,1837.0,399.0,103.2,234.1,17.792999
190,-1,991.0,438.0,113.4,257.3,10.299000
191,-1,785.0,453.0,146.6,332.7,62.286999
191,-1,558.0,458.0,67.5,153.1,44.337002
191,-1,642.0,435.0,175.7,398.6,43.625999
191,-1,1142.0,433.0,52.0,118.0,43.025002
191,-1,1093.0,444.0,43.6,99.0,37.814999
191,-1,913.0,439.0,135.4,307.3,31.634001
191,-1,502.0,441.0,52.0,118.0,27.365999
191,-1,1837.0,415.0,103.2,234.1,17.055000
192,-1,785.0,453.0,146.6,332.7,63.004002
192,-1,620.0,422.0,226.7,514.5,44.070000
192,-1,558.0,458.0,67.5,153.1,41.382000
192,-1,1093.0,437.0,43.6,99.0,38.500999
192,-1,1146.0,450.0,43.6,99.0,35.687000
192,-1,913.0,439.0,135.4,307.3,32.521000
192,-1,1166.0,450.0,43.6,99.0,30.400000
192,-1,502.0,449.0,52.0,118.0,26.112000
192,-1,1829.0,425.0,94.7,214.8,13.858000
192,-1,486.0,441.0,52.0,118.0,13.526000
193,-1,785.0,453.0,146.6,332.7,67.454002
193,-1,558.0,458.0,67.5,153.1,48.770000
193,-1,1142.0,433.0,52.0,118.0,47.054001
193,-1,1086.0,433.0,52.0,118.0,38.887001
193,-1,633.0,441.0,189.3,429.6,37.216999
193,-1,502.0,441.0,52.0,118.0,34.860001
193,-1,1166.0,450.0,43.6,99.0,29.718000
193,-1,913.0,439.0,135.4,307.3,28.715000
193,-1,455.0,470.0,43.6,99.0,17.080000
193,-1,1829.0,440.0,94.7,214.8,16.108999
193,-1,542.0,450.0,43.6,99.0,9.599300
193,-1,691.0,412.0,189.3,429.6,4.014500
194,-1,785.0,453.0,146.6,332.7,55.015999
194,-1,1142.0,433.0,52.0,118.0,54.705002
194,-1,558.0,458.0,67.5,153.1,51.210999
194,-1,642.0,435.0,175.7,398.6,40.145000
194,-1,927.0,457.0,123.4,280.1,38.806000
194,-1,1093.0,437.0,43.6,99.0,36.570000
194,-1,1166.0,450.0,43.6,99.0,35.025002
194,-1,502.0,441.0,52.0,118.0,31.593000
194,-1,454.0,464.0,47.8,108.5,22.450001
194,-1,542.0,450.0,43.6,99.0,15.871000
194,-1,1838.0,468.0,73.9,167.6,11.479000
195,-1,1142.0,433.0,52.0,118.0,63.598999
195,-1,808.0,475.0,146.6,332.7,52.443001
195,-1,558.0,458.0,67.5,153.1,51.300999
195,-1,1166.0,450.0,43.6,99.0,41.673000
195,-1,934.0,439.0,135.4,307.3,36.261002
195,-1,642.0,435.0,175.7,398.6,34.175999
195,-1,1094.0,442.0,47.8,108.5,33.958000
195,-1,498.0,449.0,47.8,108.5,25.993999
195,-1,762.0,453.0,146.6,332.7,23.209000
195,-1,446.0,457.0,52.0,118.0,23.052000
195,-1,1829.0,425.0,94.7,214.8,12.974000
195,-1,531.0,453.0,26.0,59.0,2.876600
196,-1,558.0,458.0,67.5,153.1,58.445000
196,-1,1142.0,433.0,52.0,118.0,58.112000
196,-1,808.0,475.0,146.6,332.7,53.230999
196,-1,1166.0,450.0,43.6,99.0,34.694000
196,-1,620.0,422.0,226.7,514.5,34.214001
196,-1,1097.0,445.0,40.1,91.0,33.576000
196,-1,934.0,439.0,135.4,307.3,32.168999
196,-1,454.0,464.0,47.8,108.5,27.701000
196,-1,498.0,449.0,47.8,108.5,21.535000
196,-1,1821.0,415.0,103.2,234.1,16.138000
196,-1,762.0,453.0,146.6,332.7,13.270000
196,-1,531.0,457.0,26.0,59.0,1.534500
197,-1,565.0,445.0,73.9,167.6,65.148003
197,-1,1142.0,433.0,52.0,118.0,60.424000
197,-1,777.0,435.0,175.7,398.6,56.414001
197,-1,1158.0,441.0,52.0,118.0,42.905998
197,-1,620.0,422.0,226.7,514.5,31.934000
197,-1,1093.0,444.0,43.6,99.0,29.523001
197,-1,502.0,449.0,52.0,118.0,23.235001
197,-1,1821.0,415.0,103.2,234.1,20.997999
197,-1,446.0,457.0,52.0,118.0,20.941999
197,-1,946.0,457.0,123.4,280.1,19.103001
197,-1,832.0,408.0,175.7,398.6,3.549700
198,-1,565.0,445.0,73.9,167.6,64.328003
198,-1,1142.0,433.0,52.0,118.0,60.199001
198,-1,778.0,412.0,189.3,429.6,57.733002
198,-1,1158.0,441.0,52.0,118.0,33.534000
198,-1,605.0,391.0,250.0,567.3,33.144001
198,-1,446.0,457.0,52.0,118.0,29.573999
198,-1,1097.0,439.0,40.1,91.0,24.299000
198,-1,946.0,457.0,123.4,280.1,18.033001
198,-1,1829.0,440.0,94.7,214.8,14.656000
198,-1,526.0,449.0,28.3,64.2,9.546500
198,-1,836.0,383.0,189.3,429.6,7.755100
199,-1,565.0,445.0,73.9,167.6,67.213997
199,-1,806.0,445.0,159.8,362.7,58.908001
199,-1,1134.0,433.0,52.0,118.0,47.430000
199,-1,620.0,422.0,226.7,514.5,34.018002
199,-1,446.0,457.0,52.0,118.0,27.171000
199,-1,1161.0,442.0,47.8,108.5,27.034000
199,-1,1093.0,444.0,43.6,99.0,23.909000
199,-1,1821.0,415.0,103.2,234.1,19.743000
199,-1,506.0,456.0,47.8,108.5,15.941000
200,-1,565.0,445.0,73.9,167.6,66.261002
200,-1,806.0,445.0,159.8,362.7,59.657001
200,-1,1134.0,433.0,52.0,118.0,46.750999
200,-1,605.0,391.0,250.0,567.3,41.117001
200,-1,1161.0,442.0,47.8,108.5,35.637001
200,-1,502.0,441.0,52.0,118.0,24.742001
200,-1,1086.0,433.0,52.0,118.0,23.721001
200,-1,447.0,464.0,47.8,108.5,14.870000
200,-1,1829.0,440.0,94.7,214.8,10.994000
200,-1,865.0,412.0,189.3,429.6,6.874800
201,-1,565.0,445.0,73.9,167.6,72.114998
201,-1,806.0,445.0,159.8,362.7,69.512001
201,-1,1134.0,433.0,52.0,118.0,55.463001
201,-1,605.0,391.0,250.0,567.3,35.644001
201,-1,1178.0,451.0,40.1,91.0,34.969002
201,-1,1093.0,437.0,43.6,99.0,23.329000
201,-1,506.0,456.0,47.8,108.5,22.313999
201,-1,855.0,469.0,159.8,362.7,21.382999
201,-1,1838.0,468.0,73.9,167.6,18.018000
201,-1,1160.0,450.0,43.6,99.0,5.870800
202,-1,563.0,431.0,79.9,181.4,74.628998
202,-1,805.0,408.0,175.7,398.6,66.220001
202,-1,1173.0,444.0,43.6,99.0,48.605000
202,-1,1134.0,425.0,52.0,118.0,46.841000
202,-1,605.0,391.0,250.0,567.3,40.168999
202,-1,1080.0,407.0,79.9,181.4,29.760000
202,-1,1043.0,447.0,103.2,234.1,14.756000
202,-1,1821.0,415.0,103.2,234.1,14.420000
202,-1,1160.0,450.0,43.6,99.0,12.263000
202,-1,859.0,435.0,175.7,398.6,10.007000
202,-1,502.0,449.0,52.0,118.0,6.087900
202,-1,1095.0,17.0,26.0,59.0,5.898100
203,-1,565.0,445.0,73.9,167.6,76.313004
203,-1,830.0,480.0,135.4,307.3,60.591000
203,-1,1173.0,450.0,43.6,99.0,54.075001
203,-1,620.0,422.0,226.7,514.5,35.544998
203,-1,1134.0,433.0,52.0,118.0,32.834000
203,-1,1080.0,407.0,79.9,181.4,29.091999
203,-1,446.0,457.0,52.0,118.0,27.243999
203,-1,1051.0,345.0,26.0,59.0,13.876000
203,-1,527.0,457.0,26.0,59.0,13.452000
203,-1,1837.0,399.0,103.2,234.1,13.351000
203,-1,973.0,473.0,113.4,257.3,11.634000
203,-1,871.0,501.0,135.4,307.3,8.112600
204,-1,565.0,445.0,73.9,167.6,86.316002
204,-1,830.0,453.0,146.6,332.7,56.724998
204,-1,1178.0,457.0,40.1,91.0,40.653000
204,-1,1134.0,433.0,52.0,118.0,33.375000
204,-1,605.0,391.0,250.0,567.3,32.653000
204,-1,446.0,457.0,52.0,118.0,17.586000
204,-1,1017.0,418.0,135.4,307.3,14.184000
204,-1,1837.0,399.0,103.2,234.1,12.928000
204,-1,965.0,476.0,123.4,280.1,11.948000
204,-1,527.0,457.0,26.0,59.0,9.513800
205,-1,568.0,458.0,67.5,153.1,83.617996
205,-1,830.0,453.0,146.6,332.7,63.634998
205,-1,632.0,449.0,207.4,470.7,33.778000
205,-1,1180.0,450.0,43.6,99.0,26.158001
205,-1,1135.0,476.0,30.9,70.1,18.153999
205,-1,966.0,430.0,146.6,332.7,17.615000
205,-1,446.0,457.0,52.0,118.0,14.029000
205,-1,589.0,469.0,67.5,153.1,13.942000
205,-1,526.0,448.0,30.9,70.1,11.815000
205,-1,1829.0,440.0,94.7,214.8,9.292100
206,-1,568.0,458.0,67.5,153.1,79.810997
206,-1,831.0,445.0,159.8,362.7,48.206001
206,-1,1180.0,450.0,43.6,99.0,36.562000
206,-1,620.0,422.0,226.7,514.5,33.264999
206,-1,589.0,469.0,67.5,153.1,29.205000
206,-1,1134.0,433.0,52.0,118.0,25.240000
206,-1,966.0,430.0,146.6,332.7,24.917999
206,-1,1838.0,468.0,73.9,167.6,19.426001
206,-1,1011.0,408.0,146.6,332.7,15.609000
206,-1,531.0,457.0,26.0,59.0,14.496000
206,-1,767.0,480.0,135.4,307.3,4.296000
207,-1,575.0,443.0,79.9,181.4,84.912003
207,-1,832.0,408.0,175.7,398.6,52.651001
207,-1,988.0,430.0,146.6,332.7,36.502998
207,-1,605.0,391.0,250.0,567.3,34.661999
207,-1,1135.0,468.0,33.7,76.6,27.259001
207,-1,1838.0,468.0,73.9,167.6,18.584999
207,-1,1182.0,433.0,52.0,118.0,17.410999
207,-1,530.0,453.0,28.3,64.2,17.398001
207,-1,498.0,449.0,47.8,108.5,5.182400
207,-1,1293.0,409.0,61.5,139.6,2.385600
208,-1,575.0,443.0,79.9,181.4,83.093002
208,-1,853.0,475.0,146.6,332.7,49.730999
208,-1,502.0,449.0,52.0,118.0,40.011002
208,-1,988.0,430.0,146.6,332.7,39.976002
208,-1,1187.0,450.0,43.6,99.0,34.055000
208,-1,643.0,391.0,250.0,567.3,29.403999
208,-1,1135.0,468.0,33.7,76.6,23.325001
208,-1,1836.0,447.0,87.8,199.3,18.462999
208,-1,808.0,453.0,146.6,332.7,15.761000
209,-1,575.0,443.0,79.9,181.4,89.512001
209,-1,853.0,475.0,146.6,332.7,50.826000
209,-1,502.0,449.0,52.0,118.0,39.933998
209,-1,1187.0,450.0,43.6,99.0,37.801998
209,-1,643.0,391.0,250.0,567.3,27.670000
209,-1,984.0,476.0,123.4,280.1,25.469000
209,-1,1836.0,447.0,87.8,199.3,18.190001
209,-1,1105.0,407.0,79.9,181.4,8.281900
209,-1,486.0,441.0,52.0,118.0,3.235400
210,-1,575.0,443.0,79.9,181.4,86.467003
210,-1,836.0,383.0,189.3,429.6,51.745998
210,-1,506.0,456.0,47.8,108.5,41.532001
210,-1,1187.0,450.0,43.6,99.0,40.616001
210,-1,643.0,391.0,250.0,567.3,30.665001
210,-1,997.0,460.0,135.4,307.3,25.243000
210,-1,1838.0,479.0,73.9,167.6,15.220000
210,-1,778.0,412.0,189.3,429.6,8.603100
211,-1,575.0,443.0,79.9,181.4,88.474998
211,-1,836.0,383.0,189.3,429.6,53.304001
211,-1,1187.0,450.0,43.6,99.0,51.502998
211,-1,669.0,456.0,61.5,139.6,35.341000
211,-1,502.0,449.0,52.0,118.0,35.067001
211,-1,997.0,460.0,135.4,307.3,28.146000
211,-1,1838.0,479.0,73.9,167.6,17.256001
211,-1,691.0,412.0,189.3,429.6,10.804000
211,-1,1117.0,419.0,79.9,181.4,10.765000
211,-1,778.0,412.0,189.3,429.6,7.378400
212,-1,575.0,443.0,79.9,181.4,85.884003
212,-1,836.0,383.0,189.3,429.6,58.688000
212,-1,1187.0,450.0,43.6,99.0,45.379002
212,-1,669.0,456.0,61.5,139.6,34.389000
212,-1,502.0,441.0,52.0,118.0,31.768000
212,-1,1011.0,430.0,146.6,332.7,21.511000
212,-1,1828.0,403.0,113.4,257.3,12.941000
212,-1,778.0,412.0,189.3,429.6,7.438700
212,-1,1117.0,407.0,79.9,181.4,2.722800
213,-1,575.0,443.0,79.9,181.4,76.542000
213,-1,836.0,412.0,189.3,429.6,59.237999
213,-1,1190.0,451.0,40.1,91.0,49.664001
213,-1,498.0,449.0,47.8,108.5,40.608002
213,-1,669.0,456.0,61.5,139.6,30.761999
213,-1,1003.0,420.0,159.8,362.7,17.061001
213,-1,653.0,451.0,40.1,91.0,12.278000
213,-1,691.0,441.0,189.3,429.6,11.893000
213,-1,1837.0,399.0,103.2,234.1,11.150000
213,-1,1052.0,396.0,159.8,362.7,2.712800
214,-1,588.0,445.0,73.9,167.6,79.879997
214,-1,859.0,408.0,175.7,398.6,64.684998
214,-1,1190.0,442.0,47.8,108.5,43.981998
214,-1,498.0,449.0,47.8,108.5,35.117001
214,-1,660.0,456.0,61.5,139.6,30.552999
214,-1,1011.0,430.0,146.6,332.7,27.966999
214,-1,805.0,435.0,175.7,398.6,22.711000
214,-1,563.0,461.0,26.0,59.0,15.447000
214,-1,1826.0,468.0,73.9,167.6,14.162000
214,-1,717.0,430.0,146.6,332.7,4.335500
214,-1,1127.0,37.0,26.0,59.0,3.815000
215,-1,575.0,443.0,79.9,181.4,74.904999
215,-1,859.0,408.0,175.7,398.6,65.414001
215,-1,498.0,449.0,47.8,108.5,34.306999
215,-1,1193.0,450.0,43.6,99.0,32.312000
215,-1,669.0,456.0,61.5,139.6,28.233000
215,-1,1033.0,430.0,146.6,332.7,27.750999
215,-1,1826.0,468.0,73.9,167.6,17.473000
215,-1,805.0,435.0,175.7,398.6,10.935000
215,-1,720.0,412.0,189.3,429.6,7.413100
216,-1,588.0,445.0,73.9,167.6,78.619003
216,-1,859.0,408.0,175.7,398.6,74.503998
216,-1,502.0,441.0,52.0,118.0,33.053001
216,-1,669.0,456.0,61.5,139.6,29.910999
216,-1,1033.0,430.0,146.6,332.7,28.834000
216,-1,1193.0,444.0,43.6,99.0,19.389000
216,-1,1826.0,468.0,73.9,167.6,17.472000
216,-1,561.0,458.0,28.3,64.2,13.816000
216,-1,1116.0,410.0,94.7,214.8,9.985900
216,-1,737.0,457.0,123.4,280.1,7.504600
217,-1,588.0,445.0,73.9,167.6,67.112999
217,-1,859.0,408.0,175.7,398.6,62.673000
217,-1,502.0,449.0,52.0,118.0,36.014999
217,-1,1033.0,430.0,146.6,332.7,33.712002
217,-1,567.0,465.0,26.0,59.0,26.771000
217,-1,1193.0,444.0,43.6,99.0,25.198999
217,-1,669.0,456.0,61.5,139.6,24.162001
217,-1,1826.0,468.0,73.9,167.6,20.176001
217,-1,696.0,449.0,207.4,470.7,7.423500
217,-1,656.0,475.0,28.3,64.2,7.261300
217,-1,1132.0,420.0,87.8,199.3,2.769900
217,-1,467.0,465.0,26.0,59.0,1.612400
218,-1,599.0,458.0,67.5,153.1,67.720001
218,-1,859.0,408.0,175.7,398.6,55.891998
218,-1,1193.0,444.0,43.6,99.0,34.655998
218,-1,498.0,449.0,47.8,108.5,33.766998
218,-1,669.0,456.0,61.5,139.6,29.705000
218,-1,1033.0,430.0,146.6,332.7,22.459999
218,-1,1826.0,468.0,73.9,167.6,10.767000
218,-1,725.0,460.0,135.4,307.3,10.063000
218,-1,567.0,461.0,26.0,59.0,6.283200
218,-1,579.0,427.0,67.5,153.1,3.574400
219,-1,599.0,458.0,67.5,153.1,66.862999
219,-1,836.0,412.0,189.3,429.6,55.838001
219,-1,1200.0,450.0,43.6,99.0,36.161999
219,-1,502.0,449.0,52.0,118.0,33.577000
219,-1,669.0,456.0,61.5,139.6,27.511999
219,-1,1052.0,420.0,159.8,362.7,27.329000
219,-1,1837.0,399.0,103.2,234.1,16.884001
219,-1,725.0,439.0,135.4,307.3,9.077100
219,-1,567.0,461.0,26.0,59.0,4.846600
219,-1,1019.0,419.0,79.9,181.4,3.608600
220,-1,599.0,458.0,67.5,153.1,69.240997
220,-1,865.0,383.0,189.3,429.6,47.841000
220,-1,1207.0,450.0,43.6,99.0,42.466999
220,-1,498.0,449.0,47.8,108.5,33.080002
220,-1,682.0,391.0,250.0,567.3,27.981001
220,-1,1056.0,430.0,146.6,332.7,25.395000
220,-1,1826.0,468.0,73.9,167.6,17.684000
220,-1,660.0,456.0,61.5,139.6,8.811500
220,-1,531.0,453.0,26.0,59.0,5.226100
220,-1,567.0,461.0,26.0,59.0,3.587400
221,-1,599.0,458.0,67.5,153.1,67.810997
221,-1,865.0,383.0,189.3,429.6,46.158001
221,-1,1056.0,430.0,146.6,332.7,36.994999
221,-1,502.0,449.0,52.0,118.0,34.777000
221,-1,1209.0,457.0,40.1,91.0,31.264999
221,-1,669.0,456.0,61.5,139.6,29.148001
221,-1,720.0,391.0,250.0,567.3,12.505000
221,-1,1083.0,340.0,28.3,64.2,8.568200
221,-1,563.0,461.0,26.0,59.0,5.772100
221,-1,1821.0,415.0,103.2,234.1,4.952600
222,-1,599.0,458.0,67.5,153.1,66.447998
222,-1,865.0,383.0,189.3,429.6,49.198002
222,-1,1056.0,430.0,146.6,332.7,41.153999
222,-1,502.0,449.0,52.0,118.0,40.661999
222,-1,703.0,477.0,26.0,59.0,37.521000
222,-1,683.0,529.0,30.9,70.1,13.329000
222,-1,1829.0,440.0,94.7,214.8,12.307000
222,-1,740.0,430.0,146.6,332.7,11.504000
222,-1,567.0,461.0,26.0,59.0,11.115000
222,-1,1082.0,338.0,30.9,70.1,10.219000
222,-1,1205.0,456.0,47.8,108.5,9.014700
222,-1,469.0,449.0,47.8,108.5,0.042153
223,-1,599.0,458.0,67.5,153.1,75.771004
223,-1,865.0,383.0,189.3,429.6,46.584999
223,-1,502.0,449.0,52.0,118.0,41.456001
223,-1,703.0,477.0,26.0,59.0,34.077000
223,-1,1056.0,430.0,146.6,332.7,32.764000
223,-1,567.0,461.0,26.0,59.0,20.488001
223,-1,720.0,391.0,250.0,567.3,16.278000
223,-1,1837.0,399.0,103.2,234.1,16.231001
223,-1,678.0,530.0,33.7,76.6,5.507900
224,-1,599.0,458.0,67.5,153.1,64.565002
224,-1,865.0,383.0,189.3,429.6,50.866001
224,-1,502.0,449.0,52.0,118.0,40.063000
224,-1,1079.0,430.0,146.6,332.7,38.235001
224,-1,682.0,391.0,250.0,567.3,32.023998
224,-1,1837.0,399.0,103.2,234.1,19.606001
224,-1,660.0,456.0,61.5,139.6,15.172000
224,-1,567.0,461.0,26.0,59.0,6.875200
224,-1,1043.0,434.0,47.8,108.5,3.170800
225,-1,599.0,445.0,73.9,167.6,65.138000
225,-1,898.0,475.0,146.6,332.7,50.369999
225,-1,1079.0,430.0,146.6,332.7,45.175999
225,-1,502.0,449.0,52.0,118.0,42.574001
225,-1,669.0,456.0,61.5,139.6,29.297001
225,-1,720.0,391.0,250.0,567.3,15.325000
225,-1,1836.0,447.0,87.8,199.3,11.770000
226,-1,599.0,445.0,73.9,167.6,65.500000
226,-1,865.0,383.0,189.3,429.6,48.882999
226,-1,498.0,449.0,47.8,108.5,41.678001
226,-1,1079.0,430.0,146.6,332.7,39.028000
226,-1,669.0,456.0,61.5,139.6,26.052999
226,-1,759.0,457.0,226.7,514.5,23.389999
226,-1,587.0,461.0,26.0,59.0,14.048000
226,-1,1837.0,399.0,103.2,234.1,13.132000
226,-1,1082.0,338.0,30.9,70.1,7.606000
226,-1,691.0,471.0,189.3,429.6,4.603800
227,-1,600.0,456.0,79.9,181.4,53.577999
227,-1,865.0,383.0,189.3,429.6,45.459000
227,-1,498.0,449.0,47.8,108.5,31.459999
227,-1,759.0,457.0,226.7,514.5,29.336000
227,-1,587.0,453.0,28.3,64.2,28.583000
227,-1,689.0,422.0,226.7,514.5,22.934000
227,-1,662.0,448.0,67.5,153.1,22.907000
227,-1,1079.0,430.0,146.6,332.7,22.414000
227,-1,1836.0,447.0,87.8,199.3,17.421000
227,-1,1143.0,418.0,135.4,307.3,6.171600
227,-1,1131.0,37.0,26.0,59.0,4.251100
228,-1,600.0,443.0,79.9,181.4,56.113998
228,-1,865.0,383.0,189.3,429.6,45.773998
228,-1,662.0,448.0,67.5,153.1,38.257000
228,-1,1079.0,453.0,146.6,332.7,27.760000
228,-1,587.0,457.0,26.0,59.0,25.833000
228,-1,720.0,429.0,250.0,567.3,24.174999
228,-1,502.0,441.0,52.0,118.0,23.409000
228,-1,1837.0,399.0,103.2,234.1,14.202000
228,-1,1127.0,31.0,28.3,64.2,13.629000
228,-1,574.0,453.0,28.3,64.2,7.029800
228,-1,1179.0,422.0,73.9,167.6,4.287900
229,-1,600.0,443.0,79.9,181.4,60.929001
229,-1,865.0,383.0,189.3,429.6,44.655998
229,-1,1101.0,460.0,135.4,307.3,35.708000
229,-1,662.0,448.0,67.5,153.1,34.201000
229,-1,720.0,391.0,250.0,567.3,32.171001
229,-1,502.0,449.0,52.0,118.0,28.556999
229,-1,1093.0,437.0,43.6,99.0,24.750000
229,-1,1187.0,407.0,87.8,199.3,23.150999
229,-1,1836.0,447.0,87.8,199.3,19.392000
229,-1,583.0,453.0,30.9,70.1,17.465000
229,-1,1127.0,31.0,28.3,64.2,11.510000
230,-1,600.0,443.0,79.9,181.4,61.688999
230,-1,1101.0,460.0,135.4,307.3,44.264999
230,-1,886.0,408.0,175.7,398.6,42.480999
230,-1,720.0,429.0,250.0,567.3,34.154999
230,-1,502.0,449.0,52.0,118.0,31.389999
230,-1,1191.0,407.0,79.9,181.4,28.569000
230,-1,662.0,448.0,67.5,153.1,28.021000
230,-1,587.0,461.0,26.0,59.0,27.198999
230,-1,1093.0,437.0,43.6,99.0,21.294001
230,-1,478.0,493.0,28.3,64.2,18.086000
230,-1,424.0,470.0,40.1,91.0,13.695000
230,-1,1837.0,399.0,103.2,234.1,12.847000
230,-1,574.0,453.0,28.3,64.2,12.681000
230,-1,1127.0,37.0,26.0,59.0,9.886300
231,-1,600.0,443.0,79.9,181.4,62.563999
231,-1,895.0,383.0,189.3,429.6,40.332001
231,-1,1102.0,408.0,175.7,398.6,39.476002
231,-1,758.0,429.0,250.0,567.3,38.824001
231,-1,669.0,456.0,61.5,139.6,36.021999
231,-1,583.0,453.0,30.9,70.1,34.494999
231,-1,502.0,449.0,52.0,118.0,34.424999
231,-1,1836.0,447.0,87.8,199.3,16.969000
231,-1,421.0,470.0,43.6,99.0,11.840000
231,-1,731.0,486.0,30.9,70.1,7.108600
231,-1,569.0,448.0,30.9,70.1,5.975600
231,-1,1127.0,37.0,26.0,59.0,2.639900
232,-1,605.0,447.0,87.8,199.3,64.710999
232,-1,758.0,429.0,250.0,567.3,43.848999
232,-1,1102.0,408.0,175.7,398.6,42.706001
232,-1,669.0,456.0,61.5,139.6,33.594002
232,-1,502.0,449.0,52.0,118.0,33.057999
232,-1,895.0,383.0,189.3,429.6,31.159000
232,-1,583.0,453.0,30.9,70.1,28.329000
232,-1,1131.0,37.0,26.0,59.0,17.775000
232,-1,1838.0,479.0,73.9,167.6,14.295000
232,-1,428.0,470.0,43.6,99.0,13.892000
233,-1,605.0,447.0,87.8,199.3,60.526001
233,-1,1102.0,408.0,175.7,398.6,51.362999
233,-1,741.0,379.0,270.8,614.6,35.855000
233,-1,502.0,449.0,52.0,118.0,29.997000
233,-1,669.0,456.0,61.5,139.6,29.980000
233,-1,563.0,461.0,26.0,59.0,25.103001
233,-1,895.0,383.0,189.3,429.6,23.235001
233,-1,582.0,453.0,28.3,64.2,22.605000
233,-1,421.0,470.0,43.6,99.0,20.746000
233,-1,1131.0,37.0,26.0,59.0,17.617001
233,-1,1836.0,447.0,87.8,199.3,12.641000
234,-1,611.0,456.0,73.9,167.6,66.717003
234,-1,1126.0,420.0,159.8,362.7,48.130001
234,-1,797.0,391.0,250.0,567.3,42.466000
234,-1,669.0,456.0,61.5,139.6,36.818001
234,-1,502.0,449.0,52.0,118.0,36.171001
234,-1,561.0,458.0,28.3,64.2,24.636999
234,-1,720.0,429.0,250.0,567.3,24.289000
234,-1,1094.0,434.0,47.8,108.5,18.577999
234,-1,421.0,470.0,43.6,99.0,14.721000
234,-1,1131.0,37.0,26.0,59.0,14.389000
234,-1,479.0,497.0,26.0,59.0,14.195000
234,-1,1838.0,479.0,73.9,167.6,11.184000
234,-1,583.0,448.0,30.9,70.1,6.083800
235,-1,611.0,456.0,73.9,167.6,73.938004
235,-1,1129.0,408.0,175.7,398.6,48.352001
235,-1,783.0,379.0,270.8,614.6,43.224998
235,-1,506.0,449.0,47.8,108.5,34.514999
235,-1,561.0,458.0,28.3,64.2,29.847000
235,-1,1086.0,433.0,52.0,118.0,28.014999
235,-1,574.0,453.0,28.3,64.2,24.780001
235,-1,421.0,470.0,43.6,99.0,22.945000
235,-1,662.0,458.0,67.5,153.1,19.156000
235,-1,587.0,465.0,26.0,59.0,14.226000
235,-1,1110.0,433.0,52.0,118.0,13.110000
235,-1,1838.0,479.0,73.9,167.6,12.719000
235,-1,689.0,422.0,226.7,514.5,10.585000
235,-1,1131.0,37.0,26.0,59.0,8.478900
235,-1,547.0,453.0,26.0,59.0,6.706300
235,-1,633.0,468.0,73.9,167.6,1.484600
236,-1,611.0,456.0,73.9,167.6,69.574997
236,-1,797.0,391.0,250.0,567.3,47.824001
236,-1,1129.0,408.0,175.7,398.6,38.412998
236,-1,587.0,458.0,28.3,64.2,32.639999
236,-1,569.0,453.0,30.9,70.1,30.254000
236,-1,498.0,449.0,47.8,108.5,28.433001
236,-1,662.0,458.0,67.5,153.1,25.518000
236,-1,1087.0,434.0,47.8,108.5,19.448999
236,-1,720.0,429.0,250.0,567.3,16.830999
236,-1,1110.0,433.0,52.0,118.0,16.809999
236,-1,1837.0,399.0,103.2,234.1,16.389999
236,-1,421.0,470.0,43.6,99.0,16.017000
236,-1,1127.0,37.0,26.0,59.0,12.703000
237,-1,611.0,456.0,73.9,167.6,62.858002
237,-1,1127.0,383.0,189.3,429.6,47.179001
237,-1,502.0,441.0,52.0,118.0,36.671001
237,-1,583.0,453.0,30.9,70.1,34.306999
237,-1,741.0,379.0,270.8,614.6,33.933998
237,-1,574.0,448.0,30.9,70.1,19.732000
237,-1,662.0,448.0,67.5,153.1,18.722000
237,-1,1109.0,442.0,47.8,108.5,16.582001
237,-1,564.0,453.0,30.9,70.1,16.396999
237,-1,1087.0,434.0,47.8,108.5,15.891000
237,-1,1836.0,447.0,87.8,199.3,15.651000
237,-1,864.0,353.0,226.7,514.5,14.809000
237,-1,727.0,476.0,36.7,83.3,6.794900
237,-1,633.0,468.0,73.9,167.6,5.668000
238,-1,612.0,443.0,79.9,181.4,62.826000
238,-1,1151.0,420.0,159.8,362.7,45.407001
238,-1,502.0,449.0,52.0,118.0,43.027000
238,-1,741.0,379.0,270.8,614.6,36.566002
238,-1,569.0,453.0,30.9,70.1,20.861000
238,-1,1089.0,428.0,56.7,128.6,18.291000
238,-1,662.0,448.0,67.5,153.1,15.244000
238,-1,587.0,465.0,26.0,59.0,15.222000
238,-1,824.0,296.0,270.8,614.6,13.378000
238,-1,1836.0,447.0,87.8,199.3,8.551500
238,-1,1234.0,383.0,103.2,234.1,6.202000
238,-1,479.0,497.0,26.0,59.0,3.632600
239,-1,612.0,456.0,79.9,181.4,65.153000
239,-1,1151.0,420.0,159.8,362.7,62.754002
239,-1,502.0,449.0,52.0,118.0,35.278000
239,-1,741.0,379.0,270.8,614.6,32.143002
239,-1,662.0,448.0,67.5,153.1,25.290001
239,-1,1087.0,434.0,47.8,108.5,24.204000
239,-1,835.0,313.0,250.0,567.3,23.330999
239,-1,565.0,453.0,28.3,64.2,22.024000
239,-1,1109.0,434.0,47.8,108.5,18.134001
239,-1,587.0,453.0,28.3,64.2,11.659000
239,-1,1829.0,440.0,94.7,214.8,8.048600
240,-1,612.0,456.0,79.9,181.4,71.885002
240,-1,1151.0,420.0,159.8,362.7,53.972000
240,-1,502.0,449.0,52.0,118.0,42.231998
240,-1,794.0,422.0,226.7,514.5,31.250000
240,-1,569.0,453.0,28.3,64.2,29.035000
240,-1,662.0,448.0,67.5,153.1,19.715000
240,-1,1109.0,434.0,47.8,108.5,18.475000
240,-1,864.0,353.0,226.7,514.5,15.616000
240,-1,587.0,453.0,28.3,64.2,12.281000
240,-1,689.0,388.0,226.7,514.5,12.009000
240,-1,1836.0,447.0,87.8,199.3,6.894200
240,-1,451.0,493.0,26.0,59.0,2.895500
241,-1,612.0,456.0,79.9,181.4,61.742001
241,-1,1151.0,420.0,159.8,362.7,60.946999
241,-1,502.0,449.0,52.0,118.0,50.394001
241,-1,741.0,379.0,270.8,614.6,37.159000
241,-1,587.0,461.0,26.0,59.0,32.229000
241,-1,913.0,435.0,175.7,398.6,22.674999
241,-1,569.0,453.0,28.3,64.2,16.889000
241,-1,1109.0,434.0,47.8,108.5,16.632999
241,-1,1836.0,447.0,87.8,199.3,15.402000
241,-1,662.0,458.0,67.5,153.1,11.170000
241,-1,713.0,468.0,73.9,167.6,8.411700
241,-1,1127.0,35.0,28.3,64.2,3.979800
241,-1,447.0,497.0,26.0,59.0,2.548700
242,-1,612.0,456.0,79.9,181.4,62.353001
242,-1,502.0,449.0,52.0,118.0,45.112999
242,-1,1151.0,420.0,159.8,362.7,42.831001
242,-1,797.0,391.0,250.0,567.3,35.740002
242,-1,587.0,453.0,28.3,64.2,31.605000
242,-1,1250.0,399.0,103.2,234.1,25.937000
242,-1,924.0,383.0,189.3,429.6,24.325001
242,-1,678.0,473.0,52.0,118.0,24.224001
242,-1,1110.0,425.0,52.0,118.0,23.410000
242,-1,569.0,453.0,28.3,64.2,19.707001
242,-1,1837.0,399.0,103.2,234.1,15.092000
242,-1,724.0,479.0,67.5,153.1,13.692000
242,-1,1065.0,433.0,73.9,167.6,6.828200
243,-1,622.0,456.0,73.9,167.6,71.549004
243,-1,502.0,449.0,52.0,118.0,44.122002
243,-1,1156.0,408.0,175.7,398.6,39.049000
243,-1,783.0,379.0,270.8,614.6,36.203999
243,-1,670.0,463.0,56.7,128.6,30.566000
243,-1,1110.0,425.0,52.0,118.0,25.913000
243,-1,569.0,453.0,28.3,64.2,24.348000
243,-1,940.0,435.0,175.7,398.6,22.052999
243,-1,587.0,465.0,26.0,59.0,17.298000
243,-1,724.0,469.0,67.5,153.1,15.551000
243,-1,1836.0,447.0,87.8,199.3,13.284000
243,-1,1094.0,433.0,52.0,118.0,12.143000
243,-1,447.0,497.0,26.0,59.0,5.050800
244,-1,625.0,456.0,79.9,181.4,74.448997
244,-1,498.0,449.0,47.8,108.5,46.347000
244,-1,783.0,379.0,270.8,614.6,45.882000
244,-1,587.0,461.0,26.0,59.0,37.146999
244,-1,1183.0,408.0,175.7,398.6,35.819000
244,-1,940.0,435.0,175.7,398.6,31.655001
244,-1,569.0,453.0,28.3,64.2,29.704000
244,-1,1110.0,433.0,52.0,118.0,22.867001
244,-1,1087.0,442.0,47.8,108.5,22.065001
244,-1,696.0,417.0,207.4,470.7,11.971000
244,-1,1829.0,440.0,94.7,214.8,6.107400
245,-1,625.0,456.0,79.9,181.4,72.608002
245,-1,1175.0,445.0,159.8,362.7,47.069000
245,-1,498.0,449.0,47.8,108.5,45.574001
245,-1,797.0,429.0,250.0,567.3,43.661999
245,-1,587.0,461.0,26.0,59.0,33.901001
245,-1,720.0,441.0,189.3,429.6,31.780001
245,-1,940.0,408.0,175.7,398.6,29.021000
245,-1,569.0,453.0,28.3,64.2,28.670000
245,-1,670.0,454.0,56.7,128.6,28.024000
245,-1,1838.0,468.0,73.9,167.6,19.583000
245,-1,1110.0,433.0,52.0,118.0,16.858000
245,-1,1266.0,415.0,103.2,234.1,10.420000
246,-1,622.0,440.0,94.7,214.8,70.721001
246,-1,1175.0,445.0,159.8,362.7,53.332001
246,-1,498.0,449.0,47.8,108.5,43.368999
246,-1,783.0,421.0,270.8,614.6,41.564999
246,-1,587.0,458.0,28.3,64.2,27.471001
246,-1,924.0,383.0,189.3,429.6,27.205000
246,-1,724.0,469.0,67.5,153.1,24.334999
246,-1,679.0,446.0,61.5,139.6,22.132999
246,-1,569.0,453.0,28.3,64.2,21.191000
246,-1,1828.0,403.0,113.4,257.3,19.707001
246,-1,1110.0,425.0,52.0,118.0,15.637000
246,-1,608.0,449.0,28.3,64.2,14.765000
246,-1,1262.0,396.0,94.7,214.8,13.532000
247,-1,622.0,440.0,94.7,214.8,77.487999
247,-1,1175.0,445.0,159.8,362.7,60.009998
247,-1,502.0,449.0,52.0,118.0,47.723000
247,-1,720.0,441.0,189.3,429.6,41.263000
247,-1,835.0,429.0,250.0,567.3,30.106001
247,-1,1277.0,419.0,79.9,181.4,29.542000
247,-1,1086.0,433.0,52.0,118.0,28.927999
247,-1,587.0,453.0,28.3,64.2,27.235001
247,-1,569.0,453.0,28.3,64.2,23.437000
247,-1,611.0,457.0,26.0,59.0,20.561001
247,-1,1110.0,425.0,52.0,118.0,16.948999
247,-1,1826.0,468.0,73.9,167.6,12.850000
247,-1,486.0,441.0,52.0,118.0,9.372800
248,-1,632.0,447.0,87.8,199.3,64.988998
248,-1,1192.0,453.0,146.6,332.7,54.028999
248,-1,498.0,449.0,47.8,108.5,51.152000
248,-1,824.0,421.0,270.8,614.6,40.863998
248,-1,720.0,441.0,189.3,429.6,40.858002
248,-1,587.0,458.0,28.3,64.2,22.476999
248,-1,569.0,453.0,28.3,64.2,21.896999
248,-1,1086.0,433.0,52.0,118.0,21.663000
248,-1,1281.0,422.0,73.9,167.6,21.011999
248,-1,1836.0,447.0,87.8,199.3,16.548000
248,-1,559.0,461.0,26.0,59.0,16.525000
248,-1,547.0,457.0,26.0,59.0,11.233000
248,-1,1109.0,434.0,47.8,108.5,9.303400
249,-1,637.0,456.0,79.9,181.4,70.028000
249,-1,498.0,449.0,47.8,108.5,55.728001
249,-1,824.0,379.0,270.8,614.6,44.925999
249,-1,1175.0,445.0,159.8,362.7,44.338001
249,-1,749.0,441.0,189.3,429.6,43.313000
249,-1,587.0,461.0,26.0,59.0,28.377001
249,-1,726.0,473.0,52.0,118.0,25.922001
249,-1,1086.0,433.0,52.0,118.0,25.809999
249,-1,1225.0,420.0,159.8,362.7,19.945999
249,-1,1109.0,442.0,47.8,108.5,15.423000
249,-1,569.0,453.0,28.3,64.2,12.081000
249,-1,679.0,456.0,61.5,139.6,11.744000
249,-1,547.0,457.0,26.0,59.0,7.777800
249,-1,1838.0,479.0,73.9,167.6,7.163900
249,-1,987.0,340.0,28.3,64.2,6.841200
250,-1,637.0,456.0,79.9,181.4,65.139000
250,-1,728.0,417.0,207.4,470.7,46.258999
250,-1,502.0,449.0,52.0,118.0,44.974998
250,-1,824.0,421.0,270.8,614.6,43.116001
250,-1,611.0,457.0,26.0,59.0,41.846001
250,-1,1089.0,437.0,56.7,128.6,37.695000
250,-1,1210.0,408.0,175.7,398.6,35.176998
250,-1,587.0,461.0,26.0,59.0,34.298000
250,-1,565.0,453.0,28.3,64.2,14.735000
250,-1,1082.0,338.0,30.9,70.1,7.881700
250,-1,545.0,448.0,30.9,70.1,6.949400
250,-1,992.0,340.0,28.3,64.2,1.211400
251,-1,632.0,447.0,87.8,199.3,77.867996
251,-1,615.0,457.0,26.0,59.0,49.287998
251,-1,728.0,417.0,207.4,470.7,48.292999
251,-1,498.0,449.0,47.8,108.5,47.215000
251,-1,824.0,421.0,270.8,614.6,39.541000
251,-1,1200.0,445.0,159.8,362.7,35.435001
251,-1,591.0,453.0,28.3,64.2,30.514999
251,-1,1086.0,441.0,52.0,118.0,29.951000
251,-1,561.0,453.0,28.3,64.2,13.458000
251,-1,992.0,340.0,28.3,64.2,12.241000
252,-1,645.0,468.0,73.9,167.6,71.719002
252,-1,615.0,457.0,26.0,59.0,56.240002
252,-1,749.0,441.0,189.3,429.6,50.964001
252,-1,502.0,449.0,52.0,118.0,45.566002
252,-1,866.0,421.0,270.8,614.6,41.303001
252,-1,1210.0,408.0,175.7,398.6,28.976999
252,-1,591.0,461.0,26.0,59.0,28.438000
252,-1,722.0,471.0,56.7,128.6,22.528000
252,-1,987.0,338.0,30.9,70.1,21.646999
252,-1,567.0,457.0,26.0,59.0,12.141000
252,-1,688.0,456.0,61.5,139.6,10.245000
252,-1,1113.0,457.0,43.6,99.0,5.478600
252,-1,1838.0,479.0,73.9,167.6,-0.078128
253,-1,646.0,447.0,87.8,199.3,64.910004
253,-1,615.0,457.0,26.0,59.0,53.644001
253,-1,502.0,449.0,52.0,118.0,46.771999
253,-1,866.0,379.0,270.8,614.6,46.058998
253,-1,749.0,441.0,189.3,429.6,38.655998
253,-1,587.0,461.0,26.0,59.0,38.040001
253,-1,1225.0,445.0,159.8,362.7,33.370998
253,-1,722.0,471.0,56.7,128.6,26.056000
253,-1,992.0,340.0,28.3,64.2,17.330999
253,-1,1113.0,457.0,43.6,99.0,6.771300
253,-1,308.0,500.0,30.9,70.1,1.421800
254,-1,649.0,443.0,79.9,181.4,75.488998
254,-1,615.0,457.0,26.0,59.0,65.584999
254,-1,502.0,449.0,52.0,118.0,46.905998
254,-1,866.0,379.0,270.8,614.6,42.993999
254,-1,749.0,441.0,189.3,429.6,37.686001
254,-1,587.0,461.0,26.0,59.0,34.032001
254,-1,1215.0,412.0,189.3,429.6,31.278999
254,-1,722.0,471.0,56.7,128.6,25.084999
254,-1,991.0,341.0,26.0,59.0,14.462000
254,-1,625.0,456.0,79.9,181.4,8.931600
254,-1,563.0,461.0,26.0,59.0,8.541100
254,-1,1122.0,457.0,40.1,91.0,6.523400
255,-1,649.0,456.0,79.9,181.4,71.608002
255,-1,619.0,457.0,26.0,59.0,53.617001
255,-1,760.0,417.0,207.4,470.7,49.570999
255,-1,502.0,449.0,52.0,118.0,43.951000
255,-1,866.0,379.0,270.8,614.6,38.686001
255,-1,587.0,453.0,28.3,64.2,38.394001
255,-1,1225.0,445.0,159.8,362.7,32.709000
255,-1,722.0,471.0,56.7,128.6,30.813999
255,-1,1109.0,442.0,47.8,108.5,18.743999
255,-1,462.0,449.0,47.8,108.5,13.336000
255,-1,545.0,448.0,30.9,70.1,10.733000
255,-1,1083.0,340.0,28.3,64.2,9.876300
255,-1,698.0,456.0,61.5,139.6,4.973000
255,-1,992.0,340.0,28.3,64.2,1.111500
256,-1,649.0,456.0,79.9,181.4,67.224998
256,-1,619.0,457.0,26.0,59.0,56.367001
256,-1,760.0,417.0,207.4,470.7,53.509998
256,-1,1249.0,445.0,159.8,362.7,50.164001
256,-1,502.0,449.0,52.0,118.0,42.199001
256,-1,866.0,379.0,270.8,614.6,39.286999
256,-1,587.0,461.0,26.0,59.0,33.710999
256,-1,574.0,453.0,28.3,64.2,24.219999
256,-1,1109.0,442.0,47.8,108.5,22.865999
256,-1,722.0,471.0,56.7,128.6,21.544001
257,-1,649.0,456.0,79.9,181.4,64.536003
257,-1,619.0,457.0,26.0,59.0,57.779999
257,-1,1237.0,408.0,175.7,398.6,52.011002
257,-1,760.0,417.0,207.4,470.7,48.303001
257,-1,498.0,449.0,47.8,108.5,42.811001
257,-1,866.0,379.0,270.8,614.6,36.388000
257,-1,722.0,471.0,56.7,128.6,26.927999
257,-1,587.0,453.0,28.3,64.2,25.919001
257,-1,574.0,453.0,28.3,64.2,21.718000
257,-1,1109.0,442.0,47.8,108.5,21.039000
257,-1,545.0,448.0,30.9,70.1,16.451000
258,-1,649.0,456.0,79.9,181.4,57.941002
258,-1,502.0,449.0,52.0,118.0,54.389000
258,-1,1102.0,442.0,47.8,108.5,39.324001
258,-1,722.0,471.0,56.7,128.6,38.701000
258,-1,1264.0,408.0,175.7,398.6,38.328999
258,-1,760.0,417.0,207.4,470.7,35.435001
258,-1,619.0,457.0,26.0,59.0,31.768000
258,-1,574.0,453.0,28.3,64.2,21.868000
258,-1,874.0,468.0,250.0,567.3,19.855000
258,-1,587.0,453.0,28.3,64.2,15.454000
258,-1,1147.0,433.0,40.1,91.0,11.730000
258,-1,1082.0,338.0,30.9,70.1,7.376800
258,-1,698.0,456.0,61.5,139.6,7.073600
258,-1,987.0,337.0,26.0,59.0,4.837200
259,-1,649.0,456.0,79.9,181.4,63.443001
259,-1,502.0,449.0,52.0,118.0,58.011002
259,-1,1264.0,408.0,175.7,398.6,50.113998
259,-1,583.0,457.0,26.0,59.0,35.110001
259,-1,722.0,471.0,56.7,128.6,34.049999
259,-1,866.0,379.0,270.8,614.6,33.173000
259,-1,760.0,417.0,207.4,470.7,31.195999
259,-1,1109.0,442.0,47.8,108.5,25.681000
259,-1,619.0,457.0,26.0,59.0,25.128000
259,-1,569.0,453.0,28.3,64.2,17.080000
259,-1,1778.0,381.0,175.7,398.6,16.165001
259,-1,987.0,337.0,26.0,59.0,12.366000
259,-1,1082.0,338.0,30.9,70.1,7.765700
259,-1,1147.0,433.0,40.1,91.0,7.347800
259,-1,600.0,453.0,28.3,64.2,5.067000
260,-1,656.0,468.0,73.9,167.6,58.278000
260,-1,498.0,449.0,47.8,108.5,55.407001
260,-1,866.0,379.0,270.8,614.6,45.833000
260,-1,1274.0,445.0,159.8,362.7,38.244999
260,-1,722.0,471.0,56.7,128.6,36.027000
260,-1,760.0,417.0,207.4,470.7,32.551998
260,-1,587.0,453.0,28.3,64.2,23.009001
260,-1,619.0,453.0,26.0,59.0,22.596001
260,-1,1709.0,354.0,189.3,429.6,19.424000
260,-1,574.0,453.0,28.3,64.2,18.393000
260,-1,987.0,337.0,26.0,59.0,17.934000
260,-1,1110.0,433.0,52.0,118.0,10.015000
260,-1,705.0,463.0,56.7,128.6,7.094200
260,-1,1083.0,340.0,28.3,64.2,6.207200
261,-1,656.0,456.0,73.9,167.6,63.164001
261,-1,502.0,449.0,52.0,118.0,57.667000
261,-1,874.0,391.0,250.0,567.3,42.264000
261,-1,722.0,471.0,56.7,128.6,37.660000
261,-1,760.0,417.0,207.4,470.7,32.561001
261,-1,1281.0,428.0,56.7,128.6,30.354000
261,-1,1102.0,441.0,52.0,118.0,24.106001
261,-1,574.0,453.0,28.3,64.2,23.037001
261,-1,1757.0,367.0,103.2,234.1,20.632999
261,-1,582.0,458.0,28.3,64.2,18.809000
261,-1,1299.0,445.0,159.8,362.7,18.580000
261,-1,619.0,453.0,26.0,59.0,14.254000
261,-1,679.0,468.0,73.9,167.6,13.729000
261,-1,987.0,337.0,26.0,59.0,10.861000
262,-1,656.0,456.0,73.9,167.6,51.915001
262,-1,502.0,449.0,52.0,118.0,46.571999
262,-1,866.0,379.0,270.8,614.6,43.957001
262,-1,760.0,417.0,207.4,470.7,38.563000
262,-1,722.0,471.0,56.7,128.6,33.855999
262,-1,1291.0,408.0,175.7,398.6,33.727001
262,-1,623.0,453.0,26.0,59.0,27.336000
262,-1,1109.0,442.0,47.8,108.5,26.545000
262,-1,1766.0,456.0,61.5,139.6,24.108000
262,-1,579.0,457.0,26.0,59.0,19.247000
262,-1,607.0,457.0,26.0,59.0,10.172000
262,-1,1147.0,433.0,40.1,91.0,1.837800
263,-1,659.0,447.0,87.8,199.3,58.589001
263,-1,502.0,449.0,52.0,118.0,52.200001
263,-1,866.0,421.0,270.8,614.6,40.743999
263,-1,722.0,471.0,56.7,128.6,38.422001
263,-1,760.0,417.0,207.4,470.7,36.174999
263,-1,623.0,457.0,26.0,59.0,35.606998
263,-1,1293.0,442.0,47.8,108.5,35.227001
263,-1,1109.0,442.0,47.8,108.5,33.511002
263,-1,583.0,457.0,26.0,59.0,23.176001
263,-1,1323.0,445.0,159.8,362.7,16.952999
263,-1,1751.0,448.0,67.5,153.1,16.392000
263,-1,1295.0,623.0,87.8,199.3,11.041000
263,-1,1082.0,338.0,30.9,70.1,6.039900
264,-1,662.0,456.0,79.9,181.4,66.250999
264,-1,498.0,449.0,47.8,108.5,45.250000
264,-1,866.0,379.0,270.8,614.6,43.599998
264,-1,726.0,473.0,52.0,118.0,37.785000
264,-1,623.0,457.0,26.0,59.0,35.084999
264,-1,583.0,461.0,26.0,59.0,34.356998
264,-1,1273.0,412.0,189.3,429.6,31.240999
264,-1,760.0,417.0,207.4,470.7,30.583000
264,-1,1110.0,433.0,52.0,118.0,29.688000
264,-1,530.0,449.0,28.3,64.2,22.663000
264,-1,987.0,337.0,26.0,59.0,15.698000
264,-1,575.0,457.0,26.0,59.0,13.075000
264,-1,1082.0,338.0,30.9,70.1,13.035000
264,-1,1735.0,433.0,73.9,167.6,10.009000
265,-1,673.0,461.0,87.8,199.3,67.603996
265,-1,866.0,421.0,270.8,614.6,42.396999
265,-1,498.0,449.0,47.8,108.5,40.861000
265,-1,579.0,457.0,26.0,59.0,39.730000
265,-1,646.0,434.0,87.8,199.3,35.330002
265,-1,760.0,417.0,207.4,470.7,32.617001
265,-1,1302.0,412.0,189.3,429.6,25.577000
265,-1,1110.0,433.0,52.0,118.0,23.580999
265,-1,623.0,457.0,26.0,59.0,23.111000
265,-1,530.0,449.0,28.3,64.2,19.497000
265,-1,731.0,463.0,56.7,128.6,19.002001
265,-1,1719.0,456.0,61.5,139.6,17.065001
265,-1,1082.0,338.0,30.9,70.1,16.499001
265,-1,983.0,337.0,26.0,59.0,12.330000
265,-1,1834.0,469.0,67.5,153.1,9.665200
266,-1,665.0,440.0,94.7,214.8,77.896004
266,-1,498.0,449.0,47.8,108.5,49.796001
266,-1,627.0,457.0,26.0,59.0,47.380001
266,-1,579.0,457.0,26.0,59.0,42.436001
266,-1,866.0,421.0,270.8,614.6,42.328999
266,-1,1110.0,433.0,52.0,118.0,39.011002
266,-1,1643.0,396.0,159.8,362.7,31.052000
266,-1,760.0,417.0,207.4,470.7,25.716999
266,-1,1318.0,435.0,175.7,398.6,23.104000
266,-1,734.0,473.0,52.0,118.0,22.569000
266,-1,987.0,337.0,26.0,59.0,19.302000
266,-1,1826.0,468.0,73.9,167.6,14.467000
266,-1,530.0,449.0,28.3,64.2,11.972000
266,-1,1082.0,338.0,30.9,70.1,8.293000
267,-1,665.0,440.0,94.7,214.8,80.115997
267,-1,498.0,449.0,47.8,108.5,44.701000
267,-1,579.0,457.0,26.0,59.0,44.462002
267,-1,866.0,421.0,270.8,614.6,42.825001
267,-1,1619.0,396.0,159.8,362.7,42.639999
267,-1,627.0,457.0,26.0,59.0,42.402000
267,-1,1318.0,435.0,175.7,398.6,42.355000
267,-1,1110.0,433.0,52.0,118.0,36.563999
267,-1,760.0,417.0,207.4,470.7,28.900000
267,-1,731.0,463.0,56.7,128.6,21.957001
267,-1,987.0,337.0,26.0,59.0,17.556999
267,-1,1838.0,468.0,73.9,167.6,15.266000
267,-1,1294.0,425.0,52.0,118.0,15.096000
267,-1,530.0,449.0,28.3,64.2,13.081000
267,-1,563.0,457.0,26.0,59.0,3.963900
268,-1,673.0,461.0,87.8,199.3,70.691002
268,-1,1348.0,445.0,159.8,362.7,55.358002
268,-1,1619.0,396.0,159.8,362.7,53.435001
268,-1,627.0,457.0,26.0,59.0,53.341999
268,-1,908.0,421.0,270.8,614.6,39.632999
268,-1,498.0,449.0,47.8,108.5,36.167000
268,-1,759.0,422.0,226.7,514.5,28.985001
268,-1,579.0,457.0,26.0,59.0,27.799000
268,-1,734.0,478.0,47.8,108.5,24.273001
268,-1,1082.0,338.0,30.9,70.1,18.775000
268,-1,1829.0,440.0,94.7,214.8,16.562000
268,-1,530.0,449.0,28.3,64.2,14.556000
269,-1,665.0,440.0,94.7,214.8,71.599998
269,-1,1619.0,396.0,159.8,362.7,50.138000
269,-1,627.0,457.0,26.0,59.0,43.030998
269,-1,1345.0,435.0,175.7,398.6,41.742001
269,-1,866.0,379.0,270.8,614.6,40.993999
269,-1,498.0,449.0,47.8,108.5,38.084999
269,-1,731.0,471.0,56.7,128.6,33.237000
269,-1,759.0,388.0,226.7,514.5,30.337999
269,-1,1116.0,442.0,47.8,108.5,24.542000
269,-1,579.0,461.0,26.0,59.0,19.059999
269,-1,1829.0,440.0,94.7,214.8,15.453000
269,-1,530.0,449.0,28.3,64.2,13.309000
269,-1,561.0,453.0,28.3,64.2,7.478600
269,-1,1147.0,433.0,40.1,91.0,2.333300
270,-1,665.0,440.0,94.7,214.8,60.195999
270,-1,1345.0,435.0,175.7,398.6,47.823002
270,-1,952.0,385.0,207.4,470.7,41.297001
270,-1,1619.0,396.0,159.8,362.7,40.023998
270,-1,498.0,449.0,47.8,108.5,34.452000
270,-1,731.0,471.0,56.7,128.6,32.643002
270,-1,759.0,422.0,226.7,514.5,30.747000
270,-1,627.0,457.0,26.0,59.0,27.343000
270,-1,579.0,461.0,26.0,59.0,25.371000
270,-1,1838.0,468.0,73.9,167.6,18.884001
270,-1,526.0,448.0,30.9,70.1,11.500000
270,-1,1082.0,338.0,30.9,70.1,10.448000
270,-1,1153.0,433.0,40.1,91.0,0.584030
271,-1,1345.0,435.0,175.7,398.6,48.008999
271,-1,673.0,461.0,87.8,199.3,44.834000
271,-1,1619.0,396.0,159.8,362.7,37.724998
271,-1,908.0,338.0,270.8,614.6,37.337002
271,-1,759.0,422.0,226.7,514.5,33.821999
271,-1,502.0,449.0,52.0,118.0,31.104000
271,-1,630.0,453.0,28.3,64.2,29.881001
271,-1,746.0,520.0,33.7,76.6,29.320999
271,-1,1838.0,468.0,73.9,167.6,23.955999
271,-1,579.0,461.0,26.0,59.0,21.436001
271,-1,659.0,467.0,30.9,70.1,20.097000
272,-1,673.0,461.0,87.8,199.3,45.342999
272,-1,1345.0,435.0,175.7,398.6,39.568001
272,-1,579.0,457.0,26.0,59.0,38.785000
272,-1,759.0,422.0,226.7,514.5,37.469002
272,-1,908.0,379.0,270.8,614.6,37.266998
272,-1,635.0,457.0,26.0,59.0,35.639999
272,-1,1594.0,396.0,159.8,362.7,31.867001
272,-1,502.0,449.0,52.0,118.0,28.750999
272,-1,731.0,471.0,56.7,128.6,26.671000
272,-1,1838.0,468.0,73.9,167.6,19.806000
272,-1,659.0,467.0,30.9,70.1,18.145000
273,-1,673.0,447.0,87.8,199.3,42.563000
273,-1,908.0,379.0,270.8,614.6,42.525002
273,-1,635.0,457.0,26.0,59.0,41.299999
273,-1,578.0,453.0,28.3,64.2,40.945000
273,-1,498.0,449.0,47.8,108.5,38.233002
273,-1,759.0,422.0,226.7,514.5,36.363998
273,-1,1594.0,396.0,159.8,362.7,33.217999
273,-1,1336.0,417.0,207.4,470.7,28.663000
273,-1,731.0,471.0,56.7,128.6,27.764000
273,-1,1838.0,468.0,73.9,167.6,25.424000
273,-1,661.0,475.0,28.3,64.2,14.424000
273,-1,531.0,457.0,26.0,59.0,10.897000
274,-1,673.0,447.0,87.8,199.3,49.602001
274,-1,1611.0,476.0,123.4,280.1,43.400002
274,-1,579.0,457.0,26.0,59.0,42.977001
274,-1,908.0,379.0,270.8,614.6,41.847000
274,-1,502.0,449.0,52.0,118.0,37.516998
274,-1,760.0,417.0,207.4,470.7,34.648998
274,-1,746.0,520.0,33.7,76.6,28.153999
274,-1,1838.0,468.0,73.9,167.6,19.014999
274,-1,1368.0,417.0,207.4,470.7,17.080999
274,-1,661.0,475.0,28.3,64.2,15.266000
274,-1,995.0,341.0,26.0,59.0,13.189000
274,-1,559.0,457.0,26.0,59.0,6.194700
275,-1,908.0,379.0,270.8,614.6,39.647999
275,-1,759.0,422.0,226.7,514.5,39.035000
275,-1,686.0,447.0,87.8,199.3,38.305000
275,-1,1569.0,396.0,159.8,362.7,36.208000
275,-1,498.0,449.0,47.8,108.5,34.497002
275,-1,578.0,453.0,28.3,64.2,32.511002
275,-1,1368.0,417.0,207.4,470.7,28.914000
275,-1,660.0,456.0,61.5,139.6,27.721001
275,-1,1837.0,399.0,103.2,234.1,20.445999
275,-1,559.0,457.0,26.0,59.0,19.628000
275,-1,635.0,457.0,26.0,59.0,14.283000
275,-1,531.0,457.0,26.0,59.0,13.021000
275,-1,569.0,449.0,28.3,64.2,9.145000
275,-1,724.0,454.0,94.7,214.8,4.084200
276,-1,686.0,447.0,87.8,199.3,56.053001
276,-1,1569.0,396.0,159.8,362.7,43.792999
276,-1,952.0,385.0,207.4,470.7,43.073002
276,-1,579.0,457.0,26.0,59.0,39.428001
276,-1,498.0,449.0,47.8,108.5,38.064999
276,-1,759.0,533.0,26.0,59.0,37.082001
276,-1,660.0,456.0,61.5,139.6,31.263000
276,-1,1400.0,385.0,207.4,470.7,26.893999
276,-1,794.0,422.0,226.7,514.5,20.767000
276,-1,1118.0,427.0,67.5,153.1,18.545000
276,-1,1836.0,447.0,87.8,199.3,13.549000
276,-1,559.0,457.0,26.0,59.0,12.747000
276,-1,531.0,457.0,26.0,59.0,11.524000
277,-1,760.0,417.0,207.4,470.7,43.922001
277,-1,686.0,447.0,87.8,199.3,39.783001
277,-1,498.0,449.0,47.8,108.5,36.522999
277,-1,967.0,435.0,175.7,398.6,34.133999
277,-1,563.0,457.0,26.0,59.0,29.981001
277,-1,660.0,456.0,61.5,139.6,28.591999
277,-1,1569.0,396.0,159.8,362.7,25.722000
277,-1,578.0,453.0,28.3,64.2,24.732000
277,-1,1117.0,407.0,79.9,181.4,22.216999
277,-1,1418.0,412.0,189.3,429.6,20.978001
277,-1,639.0,457.0,26.0,59.0,20.264000
277,-1,531.0,457.0,26.0,59.0,19.334999
277,-1,1837.0,399.0,103.2,234.1,18.742001
277,-1,713.0,461.0,87.8,199.3,17.865999
278,-1,759.0,388.0,226.7,514.5,45.700001
278,-1,680.0,440.0,94.7,214.8,43.682999
278,-1,498.0,449.0,47.8,108.5,35.596001
278,-1,978.0,445.0,159.8,362.7,33.820999
278,-1,530.0,453.0,28.3,64.2,29.903000
278,-1,1400.0,385.0,207.4,470.7,26.193001
278,-1,559.0,457.0,26.0,59.0,20.388000
278,-1,1105.0,407.0,87.8,199.3,19.065001
278,-1,651.0,458.0,67.5,153.1,18.938000
278,-1,723.0,456.0,79.9,181.4,17.188999
278,-1,388.0,464.0,47.8,108.5,14.754000
278,-1,1826.0,468.0,73.9,167.6,14.359000
278,-1,578.0,453.0,28.3,64.2,13.750000
278,-1,1582.0,457.0,52.0,118.0,9.881600
279,-1,531.0,457.0,26.0,59.0,45.428001
279,-1,759.0,388.0,226.7,514.5,37.917999
279,-1,680.0,440.0,94.7,214.8,36.990002
279,-1,498.0,456.0,47.8,108.5,36.180000
279,-1,382.0,457.0,52.0,118.0,29.184000
279,-1,651.0,458.0,67.5,153.1,27.983999
279,-1,1418.0,412.0,189.3,429.6,25.238001
279,-1,982.0,412.0,189.3,429.6,24.885000
279,-1,575.0,457.0,26.0,59.0,24.809999
279,-1,559.0,457.0,26.0,59.0,22.836000
279,-1,1837.0,399.0,103.2,234.1,13.966000
279,-1,1330.0,442.0,47.8,108.5,8.682400
279,-1,723.0,456.0,79.9,181.4,6.635800
279,-1,1127.0,37.0,26.0,59.0,5.431400
280,-1,1418.0,412.0,189.3,429.6,47.354000
280,-1,530.0,449.0,28.3,64.2,44.827000
280,-1,660.0,456.0,61.5,139.6,39.256001
280,-1,695.0,454.0,94.7,214.8,38.514000
280,-1,759.0,388.0,226.7,514.5,36.928001
280,-1,579.0,457.0,26.0,59.0,35.960999
280,-1,498.0,456.0,47.8,108.5,30.377001
280,-1,382.0,457.0,52.0,118.0,28.556000
280,-1,908.0,421.0,270.8,614.6,26.188000
280,-1,1838.0,468.0,73.9,167.6,22.556000
280,-1,1330.0,442.0,47.8,108.5,16.492001
280,-1,463.0,497.0,26.0,59.0,5.328600
281,-1,1432.0,385.0,207.4,470.7,54.908001
281,-1,530.0,449.0,28.3,64.2,43.801998
281,-1,759.0,422.0,226.7,514.5,36.345001
281,-1,711.0,468.0,79.9,181.4,36.230999
281,-1,579.0,457.0,26.0,59.0,35.271000
281,-1,498.0,456.0,47.8,108.5,34.337002
281,-1,660.0,456.0,61.5,139.6,34.112000
281,-1,559.0,457.0,26.0,59.0,32.410000
281,-1,967.0,435.0,175.7,398.6,27.544001
281,-1,382.0,457.0,52.0,118.0,25.756001
281,-1,1334.0,444.0,43.6,99.0,24.155001
281,-1,1134.0,441.0,52.0,118.0,21.320999
281,-1,1838.0,468.0,73.9,167.6,16.945999
281,-1,1127.0,31.0,28.3,64.2,6.964500
281,-1,679.0,479.0,73.9,167.6,5.829100
281,-1,1294.0,425.0,52.0,118.0,0.843360
282,-1,531.0,457.0,26.0,59.0,48.591000
282,-1,1447.0,412.0,189.3,429.6,45.282001
282,-1,792.0,449.0,207.4,470.7,43.599998
282,-1,498.0,456.0,47.8,108.5,38.547001
282,-1,660.0,456.0,61.5,139.6,36.314999
282,-1,575.0,457.0,26.0,59.0,36.167999
282,-1,382.0,457.0,52.0,118.0,33.473999
282,-1,908.0,421.0,270.8,614.6,29.927000
282,-1,700.0,447.0,87.8,199.3,26.021000
282,-1,1838.0,468.0,73.9,167.6,21.820999
282,-1,1334.0,444.0,43.6,99.0,14.810000
282,-1,555.0,457.0,26.0,59.0,8.835000
282,-1,459.0,501.0,26.0,59.0,8.073500
283,-1,1447.0,412.0,189.3,429.6,47.879002
283,-1,531.0,457.0,26.0,59.0,42.404999
283,-1,792.0,449.0,207.4,470.7,42.084000
283,-1,498.0,456.0,47.8,108.5,40.043999
283,-1,575.0,457.0,26.0,59.0,33.820000
283,-1,382.0,457.0,52.0,118.0,33.360001
283,-1,978.0,443.0,30.9,70.1,31.830000
283,-1,1138.0,442.0,47.8,108.5,30.990000
283,-1,662.0,458.0,67.5,153.1,30.299000
283,-1,700.0,461.0,87.8,199.3,26.106001
283,-1,555.0,457.0,26.0,59.0,22.091999
283,-1,1838.0,468.0,73.9,167.6,19.872999
283,-1,459.0,497.0,26.0,59.0,17.273001
283,-1,1003.0,420.0,159.8,362.7,15.306000
283,-1,1334.0,444.0,43.6,99.0,12.819000
283,-1,487.0,453.0,26.0,59.0,11.576000
284,-1,531.0,457.0,26.0,59.0,43.917999
284,-1,792.0,449.0,207.4,470.7,42.236000
284,-1,1138.0,442.0,47.8,108.5,41.951000
284,-1,578.0,453.0,28.3,64.2,41.068001
284,-1,498.0,456.0,47.8,108.5,40.688000
284,-1,1418.0,412.0,189.3,429.6,34.013000
284,-1,382.0,457.0,52.0,118.0,33.747002
284,-1,713.0,447.0,87.8,199.3,33.339001
284,-1,662.0,458.0,67.5,153.1,32.547001
284,-1,967.0,435.0,175.7,398.6,22.875999
284,-1,1826.0,468.0,73.9,167.6,22.268999
284,-1,1338.0,445.0,40.1,91.0,14.524000
284,-1,555.0,457.0,26.0,59.0,13.433000
284,-1,459.0,501.0,26.0,59.0,12.249000
284,-1,679.0,479.0,73.9,167.6,7.743000
285,-1,1447.0,412.0,189.3,429.6,56.763000
285,-1,531.0,457.0,26.0,59.0,55.416000
285,-1,662.0,458.0,67.5,153.1,45.846001
285,-1,498.0,456.0,47.8,108.5,45.797001
285,-1,758.0,391.0,250.0,567.3,43.502998
285,-1,713.0,447.0,87.8,199.3,39.192001
285,-1,382.0,457.0,52.0,118.0,36.158001
285,-1,575.0,457.0,26.0,59.0,32.000000
285,-1,908.0,421.0,270.8,614.6,31.225000
285,-1,555.0,457.0,26.0,59.0,23.878000
285,-1,1838.0,468.0,73.9,167.6,20.826000
285,-1,455.0,501.0,26.0,59.0,12.379000
285,-1,1341.0,444.0,43.6,99.0,8.229200
285,-1,615.0,457.0,26.0,59.0,6.446100
285,-1,679.0,479.0,73.9,167.6,2.434300
286,-1,531.0,457.0,26.0,59.0,54.859001
286,-1,662.0,458.0,67.5,153.1,49.550999
286,-1,498.0,456.0,47.8,108.5,47.799999
286,-1,794.0,388.0,226.7,514.5,45.341000
286,-1,1464.0,417.0,207.4,470.7,41.337002
286,-1,575.0,457.0,26.0,59.0,40.490002
286,-1,724.0,440.0,94.7,214.8,36.955002
286,-1,908.0,421.0,270.8,614.6,35.458000
286,-1,555.0,457.0,26.0,59.0,27.816000
286,-1,381.0,464.0,47.8,108.5,24.069000
286,-1,1826.0,468.0,73.9,167.6,20.704000
286,-1,1341.0,444.0,43.6,99.0,12.600000
286,-1,455.0,501.0,26.0,59.0,9.179200
286,-1,487.0,453.0,28.3,64.2,8.604100
286,-1,679.0,479.0,73.9,167.6,5.134200
286,-1,987.0,338.0,30.9,70.1,4.412700
286,-1,615.0,457.0,26.0,59.0,1.976400
287,-1,727.0,447.0,87.8,199.3,58.231998
287,-1,1142.0,433.0,52.0,118.0,50.118000
287,-1,579.0,457.0,26.0,59.0,46.789001
287,-1,794.0,388.0,226.7,514.5,46.758999
287,-1,531.0,457.0,26.0,59.0,44.307999
287,-1,498.0,456.0,47.8,108.5,41.127998
287,-1,1464.0,385.0,207.4,470.7,39.445999
287,-1,662.0,458.0,67.5,153.1,38.092999
287,-1,1344.0,442.0,47.8,108.5,21.572001
287,-1,967.0,435.0,175.7,398.6,20.235001
287,-1,1826.0,468.0,73.9,167.6,18.629000
287,-1,555.0,457.0,26.0,59.0,16.235001
287,-1,679.0,479.0,73.9,167.6,13.522000
287,-1,374.0,457.0,52.0,118.0,12.554000
287,-1,615.0,457.0,26.0,59.0,6.349900
288,-1,727.0,447.0,87.8,199.3,55.396000
288,-1,1146.0,442.0,47.8,108.5,47.678001
288,-1,498.0,456.0,47.8,108.5,45.984001
288,-1,672.0,458.0,67.5,153.1,45.251999
288,-1,794.0,388.0,226.7,514.5,44.921001
288,-1,530.0,453.0,28.3,64.2,41.605999
288,-1,579.0,457.0,26.0,59.0,37.159000
288,-1,1464.0,385.0,207.4,470.7,29.608999
288,-1,994.0,435.0,175.7,398.6,26.485001
288,-1,1838.0,468.0,73.9,167.6,25.096001
288,-1,1344.0,442.0,47.8,108.5,22.551001
288,-1,381.0,464.0,47.8,108.5,12.593000
288,-1,651.0,448.0,67.5,153.1,9.795200
288,-1,615.0,457.0,26.0,59.0,5.765000
289,-1,579.0,457.0,26.0,59.0,50.587002
289,-1,531.0,457.0,26.0,59.0,44.417000
289,-1,724.0,440.0,94.7,214.8,43.438000
289,-1,667.0,456.0,73.9,167.6,43.298000
289,-1,797.0,391.0,250.0,567.3,41.756001
289,-1,498.0,456.0,47.8,108.5,36.893002
289,-1,1153.0,442.0,47.8,108.5,36.292000
289,-1,994.0,408.0,175.7,398.6,29.885000
289,-1,1486.0,657.0,52.0,118.0,29.597000
289,-1,1440.0,419.0,123.4,280.1,21.931000
289,-1,1838.0,468.0,73.9,167.6,21.434000
289,-1,555.0,457.0,26.0,59.0,14.099000
289,-1,381.0,464.0,47.8,108.5,12.911000
289,-1,1506.0,441.0,189.3,429.6,11.040000
289,-1,987.0,338.0,30.9,70.1,3.597700
289,-1,1351.0,445.0,40.1,91.0,2.316200
290,-1,727.0,447.0,87.8,199.3,66.288002
290,-1,575.0,457.0,26.0,59.0,52.313999
290,-1,797.0,391.0,250.0,567.3,47.528999
290,-1,530.0,453.0,28.3,64.2,45.005001
290,-1,498.0,456.0,47.8,108.5,41.268002
290,-1,667.0,456.0,73.9,167.6,37.153999
290,-1,1146.0,442.0,47.8,108.5,35.771000
290,-1,1003.0,445.0,159.8,362.7,28.245001
290,-1,1472.0,415.0,103.2,234.1,22.830999
290,-1,1838.0,468.0,73.9,167.6,21.632000
290,-1,381.0,464.0,47.8,108.5,18.200001
290,-1,1506.0,441.0,189.3,429.6,14.322000
290,-1,1127.0,35.0,28.3,64.2,2.678000
291,-1,727.0,447.0,87.8,199.3,63.500999
291,-1,579.0,457.0,26.0,59.0,59.501999
291,-1,794.0,422.0,226.7,514.5,51.828999
291,-1,662.0,458.0,67.5,153.1,49.125999
291,-1,498.0,456.0,47.8,108.5,47.158001
291,-1,531.0,457.0,26.0,59.0,36.751999
291,-1,1153.0,442.0,47.8,108.5,32.327000
291,-1,1003.0,445.0,159.8,362.7,32.105999
291,-1,1446.0,371.0,159.8,362.7,21.080999
291,-1,381.0,464.0,47.8,108.5,18.402000
291,-1,1496.0,417.0,207.4,470.7,17.132999
291,-1,1838.0,479.0,73.9,167.6,10.265000
291,-1,619.0,457.0,26.0,59.0,0.259740
292,-1,727.0,447.0,87.8,199.3,55.847000
292,-1,574.0,453.0,28.3,64.2,50.668999
292,-1,797.0,391.0,250.0,567.3,48.948002
292,-1,498.0,456.0,47.8,108.5,46.269001
292,-1,672.0,458.0,67.5,153.1,44.865002
292,-1,1153.0,442.0,47.8,108.5,38.008999
292,-1,531.0,453.0,26.0,59.0,34.727001
292,-1,1003.0,445.0,159.8,362.7,32.901001
292,-1,1456.0,418.0,135.4,307.3,21.181999
292,-1,381.0,464.0,47.8,108.5,19.601999
292,-1,1838.0,479.0,73.9,167.6,11.571000
292,-1,658.0,463.0,33.7,76.6,8.086500
293,-1,727.0,447.0,87.8,199.3,64.468002
293,-1,498.0,456.0,47.8,108.5,54.122002
293,-1,797.0,391.0,250.0,567.3,51.174999
293,-1,672.0,458.0,67.5,153.1,47.367001
293,-1,575.0,453.0,26.0,59.0,44.125000
293,-1,1153.0,442.0,47.8,108.5,40.501999
293,-1,908.0,421.0,270.8,614.6,37.443001
293,-1,526.0,449.0,28.3,64.2,33.416000
293,-1,1504.0,415.0,103.2,234.1,28.201000
293,-1,1445.0,437.0,61.5,139.6,26.162001
293,-1,374.0,457.0,52.0,118.0,19.688999
293,-1,1838.0,479.0,73.9,167.6,9.280000
293,-1,1535.0,441.0,189.3,429.6,6.814900
293,-1,1127.0,33.0,26.0,59.0,4.801200
294,-1,794.0,388.0,226.7,514.5,51.660999
294,-1,735.0,456.0,79.9,181.4,48.935001
294,-1,672.0,458.0,67.5,153.1,47.476002
294,-1,498.0,456.0,47.8,108.5,46.386002
294,-1,574.0,453.0,28.3,64.2,44.187000
294,-1,1497.0,420.0,113.4,257.3,39.966000
294,-1,908.0,379.0,270.8,614.6,31.834000
294,-1,1153.0,442.0,47.8,108.5,29.752001
294,-1,526.0,449.0,28.3,64.2,28.083000
294,-1,1838.0,468.0,73.9,167.6,23.676001
294,-1,374.0,457.0,52.0,118.0,22.587999
294,-1,1535.0,441.0,189.3,429.6,7.448000
294,-1,655.0,467.0,30.9,70.1,1.866000
295,-1,797.0,391.0,250.0,567.3,47.862999
295,-1,672.0,458.0,67.5,153.1,46.883999
295,-1,498.0,456.0,47.8,108.5,43.351002
295,-1,740.0,447.0,87.8,199.3,41.567001
295,-1,575.0,453.0,26.0,59.0,37.202999
295,-1,908.0,421.0,270.8,614.6,34.942001
295,-1,531.0,457.0,26.0,59.0,32.938000
295,-1,1497.0,419.0,123.4,280.1,28.656000
295,-1,1161.0,442.0,47.8,108.5,26.872000
295,-1,374.0,457.0,52.0,118.0,25.937000
295,-1,1838.0,468.0,73.9,167.6,19.382999
295,-1,1435.0,437.0,61.5,139.6,17.818001
295,-1,658.0,463.0,33.7,76.6,12.737000
296,-1,672.0,458.0,67.5,153.1,54.612000
296,-1,575.0,453.0,26.0,59.0,47.728001
296,-1,797.0,391.0,250.0,567.3,46.456001
296,-1,740.0,447.0,87.8,199.3,45.749001
296,-1,1161.0,442.0,47.8,108.5,43.388000
296,-1,495.0,457.0,43.6,99.0,40.726002
296,-1,908.0,379.0,270.8,614.6,36.808998
296,-1,530.0,453.0,28.3,64.2,32.685001
296,-1,1364.0,419.0,123.4,280.1,25.737000
296,-1,1525.0,434.0,87.8,199.3,25.542999
296,-1,374.0,457.0,52.0,118.0,21.344999
296,-1,1838.0,479.0,73.9,167.6,14.882000
296,-1,1560.0,417.0,207.4,470.7,13.148000
296,-1,1083.0,340.0,28.3,64.2,11.087000
296,-1,658.0,463.0,33.7,76.6,11.041000
296,-1,521.0,449.0,28.3,64.2,1.745600
297,-1,669.0,456.0,61.5,139.6,50.520000
297,-1,575.0,457.0,26.0,59.0,49.936001
297,-1,740.0,447.0,87.8,199.3,43.499001
297,-1,1364.0,419.0,123.4,280.1,40.039001
297,-1,495.0,457.0,43.6,99.0,38.874001
297,-1,829.0,422.0,226.7,514.5,38.869999
297,-1,912.0,391.0,250.0,567.3,34.509998
297,-1,530.0,453.0,28.3,64.2,33.181999
297,-1,1158.0,441.0,52.0,118.0,29.323000
297,-1,374.0,457.0,52.0,118.0,21.600000
297,-1,1829.0,440.0,94.7,214.8,13.013000
297,-1,1004.0,492.0,226.7,514.5,6.689100
297,-1,1518.0,418.0,135.4,307.3,5.037400
297,-1,655.0,467.0,30.9,70.1,2.423700
298,-1,672.0,458.0,67.5,153.1,49.993000
298,-1,1161.0,442.0,47.8,108.5,45.284000
298,-1,575.0,457.0,26.0,59.0,42.967999
298,-1,760.0,456.0,79.9,181.4,42.828999
298,-1,1364.0,419.0,123.4,280.1,40.366001
298,-1,934.0,422.0,226.7,514.5,35.327999
298,-1,498.0,456.0,47.8,108.5,35.198002
298,-1,797.0,391.0,250.0,567.3,34.032001
298,-1,531.0,457.0,26.0,59.0,30.297001
298,-1,374.0,457.0,52.0,118.0,19.823999
298,-1,1004.0,492.0,226.7,514.5,15.150000
298,-1,1838.0,479.0,73.9,167.6,12.673000
298,-1,735.0,468.0,79.9,181.4,5.411900
298,-1,658.0,463.0,33.7,76.6,2.388200
299,-1,754.0,447.0,87.8,199.3,62.341000
299,-1,672.0,458.0,67.5,153.1,56.238998
299,-1,575.0,457.0,26.0,59.0,42.062000
299,-1,1364.0,419.0,123.4,280.1,40.528999
299,-1,1158.0,433.0,52.0,118.0,35.449001
299,-1,934.0,422.0,226.7,514.5,35.429001
299,-1,498.0,449.0,47.8,108.5,34.556000
299,-1,530.0,453.0,28.3,64.2,34.014999
299,-1,829.0,422.0,226.7,514.5,29.424999
299,-1,382.0,457.0,52.0,118.0,18.181000
299,-1,1004.0,492.0,226.7,514.5,17.169001
299,-1,726.0,473.0,52.0,118.0,13.661000
299,-1,1838.0,479.0,73.9,167.6,12.478000
299,-1,1083.0,340.0,28.3,64.2,12.116000
299,-1,654.0,453.0,36.7,83.3,1.479100
299,-1,1567.0,415.0,103.2,234.1,0.949100
300,-1,672.0,458.0,67.5,153.1,56.591000
300,-1,1364.0,419.0,123.4,280.1,52.688999
300,-1,754.0,447.0,87.8,199.3,50.856998
300,-1,531.0,457.0,26.0,59.0,49.425999
300,-1,575.0,457.0,26.0,59.0,42.722000
300,-1,1191.0,489.0,26.0,59.0,37.617001
300,-1,950.0,391.0,250.0,567.3,33.828999
300,-1,498.0,456.0,47.8,108.5,32.327999
300,-1,829.0,422.0,226.7,514.5,24.573999
300,-1,1083.0,340.0,28.3,64.2,22.416000
300,-1,1592.0,417.0,207.4,470.7,13.602000
300,-1,726.0,473.0,52.0,118.0,13.186000
300,-1,1836.0,447.0,87.8,199.3,11.570000
301,-1,672.0,458.0,67.5,153.1,64.174004
301,-1,754.0,447.0,87.8,199.3,61.664001
301,-1,1364.0,419.0,123.4,280.1,49.194000
301,-1,575.0,457.0,26.0,59.0,41.631001
301,-1,530.0,453.0,28.3,64.2,37.562000
301,-1,950.0,379.0,270.8,614.6,36.666000
301,-1,731.0,471.0,56.7,128.6,30.563000
301,-1,1592.0,417.0,207.4,470.7,30.240000
301,-1,829.0,422.0,226.7,514.5,29.232000
301,-1,498.0,456.0,47.8,108.5,27.919001
301,-1,1083.0,340.0,28.3,64.2,17.598000
301,-1,653.0,451.0,40.1,91.0,14.819000
301,-1,1836.0,447.0,87.8,199.3,10.251000
301,-1,381.0,464.0,47.8,108.5,8.883600
