1,-1,452.0,210.0,28.3,64.3,86.480003
1,-1,284.0,155.0,62.2,141.2,80.903999
1,-1,220.0,185.0,40.0,90.8,66.209000
1,-1,303.0,164.0,62.2,141.2,16.766001
2,-1,283.0,150.0,74.3,168.6,90.856003
2,-1,449.0,205.0,30.8,70.0,81.751999
2,-1,220.0,185.0,40.0,90.8,64.852997
3,-1,291.0,158.0,68.0,154.4,91.403000
3,-1,452.0,210.0,28.3,64.3,84.867996
3,-1,214.0,183.0,43.9,99.5,62.451000
3,-1,443.0,214.0,28.3,64.3,10.968000
3,-1,270.0,168.0,68.0,154.4,7.180800
4,-1,294.0,150.0,74.3,168.6,94.806000
4,-1,449.0,205.0,30.8,70.0,81.555000
4,-1,214.0,183.0,43.9,99.5,69.077003
4,-1,284.0,212.0,62.2,141.2,17.249001
4,-1,440.0,210.0,30.8,70.0,15.340000
5,-1,294.0,150.0,74.3,168.6,84.799004
5,-1,452.0,214.0,28.3,64.3,73.978996
5,-1,214.0,183.0,43.9,99.5,60.115002
5,-1,443.0,210.0,28.3,64.3,25.218000
6,-1,447.0,214.0,28.3,64.3,85.681999
6,-1,290.0,135.0,86.7,196.7,81.546997
6,-1,214.0,183.0,43.9,99.5,67.661003
6,-1,317.0,148.0,86.7,196.7,16.913000
7,-1,303.0,135.0,86.7,196.7,87.286003
7,-1,451.0,217.0,26.0,59.0,87.135002
7,-1,211.0,178.0,47.9,108.7,58.605000
7,-1,277.0,148.0,86.7,196.7,19.302000
8,-1,451.0,221.0,26.0,59.0,109.199997
8,-1,303.0,135.0,86.7,196.7,80.609001
8,-1,211.0,186.0,47.9,108.7,51.167999
8,-1,277.0,148.0,86.7,196.7,4.263100
8,-1,387.0,217.0,26.0,59.0,2.603600
9,-1,451.0,221.0,26.0,59.0,88.791000
9,-1,303.0,135.0,86.7,196.7,80.292999
9,-1,206.0,177.0,52.0,118.0,40.793999
9,-1,330.0,148.0,86.7,196.7,40.666000
10,-1,316.0,133.0,94.5,214.6,82.264999
10,-1,452.0,214.0,28.3,64.3,74.794998
10,-1,214.0,177.0,52.0,118.0,52.153999
10,-1,287.0,147.0,94.5,214.6,27.773001
10,-1,443.0,219.0,28.3,64.3,24.874001
10,-1,486.0,201.0,52.0,118.0,10.377000
11,-1,452.0,219.0,28.3,64.3,77.439003
11,-1,316.0,130.0,104.0,236.0,75.776001
11,-1,214.0,177.0,52.0,118.0,55.994999
11,-1,494.0,201.0,52.0,118.0,13.870000
11,-1,460.0,214.0,28.3,64.3,13.265000
12,-1,332.0,130.0,104.0,236.0,81.112000
12,-1,454.0,214.0,30.8,70.0,65.892998
12,-1,214.0,185.0,52.0,118.0,47.113998
12,-1,290.0,139.0,112.0,254.2,3.612600
13,-1,456.0,219.0,28.3,64.3,107.519997
13,-1,332.0,130.0,104.0,236.0,82.004997
13,-1,214.0,185.0,52.0,118.0,40.658001
13,-1,364.0,146.0,104.0,236.0,8.162700
13,-1,498.0,202.0,56.9,129.1,2.083800
14,-1,456.0,219.0,28.3,64.3,94.695000
14,-1,348.0,114.0,104.0,236.0,91.949997
14,-1,214.0,185.0,52.0,118.0,36.490002
14,-1,329.0,211.0,80.0,181.5,10.804000
15,-1,459.0,214.0,30.8,70.0,97.817001
15,-1,342.0,105.0,112.0,254.2,70.996002
15,-1,214.0,185.0,52.0,118.0,39.903000
15,-1,449.0,219.0,30.8,70.0,32.506001
15,-1,303.0,205.0,26.0,59.0,3.143200
16,-1,460.0,219.0,28.3,64.3,109.839996
16,-1,359.0,105.0,112.0,254.2,74.526001
16,-1,217.0,176.0,56.9,129.1,42.139999
17,-1,460.0,219.0,28.3,64.3,80.473999
17,-1,359.0,105.0,112.0,254.2,61.334000
17,-1,208.0,176.0,56.9,129.1,55.423000
17,-1,375.0,220.0,94.5,214.6,11.001000
18,-1,364.0,98.0,125.5,284.9,64.167999
18,-1,208.0,174.0,62.2,141.2,50.769001
18,-1,402.0,118.0,125.5,284.9,40.462002
18,-1,515.0,202.0,56.9,129.1,9.237400
19,-1,402.0,118.0,125.5,284.9,53.078999
19,-1,208.0,174.0,62.2,141.2,51.148998
19,-1,515.0,202.0,56.9,129.1,7.486800
20,-1,418.0,205.0,94.5,214.6,56.555000
20,-1,207.0,168.0,68.0,154.4,48.827999
20,-1,401.0,198.0,36.8,83.4,37.375999
20,-1,447.0,118.0,94.5,214.6,34.125999
20,-1,524.0,202.0,56.9,129.1,2.538100
21,-1,433.0,205.0,94.5,214.6,49.801998
21,-1,207.0,168.0,68.0,154.4,47.049999
21,-1,422.0,60.0,125.5,284.9,37.848999
21,-1,513.0,193.0,62.2,141.2,16.521999
22,-1,197.0,168.0,68.0,154.4,59.566002
22,-1,445.0,191.0,112.0,254.2,46.117001
22,-1,441.0,60.0,125.5,284.9,23.587999
22,-1,411.0,174.0,112.0,254.2,5.290800
23,-1,197.0,168.0,68.0,154.4,50.865002
23,-1,499.0,175.0,125.5,284.9,40.159000
23,-1,454.0,192.0,40.0,90.8,21.853001
23,-1,478.0,225.0,52.0,118.0,21.197001
24,-1,191.0,161.0,74.3,168.6,51.519001
24,-1,441.0,175.0,125.5,284.9,43.945999
24,-1,543.0,222.0,47.9,108.7,21.976000
24,-1,255.0,197.0,26.0,59.0,11.066000
25,-1,460.0,219.0,28.3,64.3,75.850998
25,-1,182.0,149.0,80.0,181.5,54.191002
25,-1,476.0,178.0,104.0,236.0,14.045000
26,-1,460.0,219.0,28.3,64.3,108.059998
26,-1,180.0,150.0,74.3,168.6,38.792000
26,-1,452.0,214.0,28.3,64.3,7.212500
26,-1,311.0,201.0,26.0,59.0,2.354900
27,-1,460.0,219.0,28.3,64.3,94.320999
27,-1,180.0,150.0,74.3,168.6,36.277000
27,-1,417.0,219.0,28.3,64.3,9.325000
27,-1,311.0,201.0,26.0,59.0,8.798600
28,-1,460.0,219.0,28.3,64.3,98.274002
28,-1,170.0,135.0,86.7,196.7,39.808998
29,-1,463.0,210.0,30.8,70.0,62.682999
29,-1,157.0,135.0,86.7,196.7,28.391001
29,-1,454.0,214.0,30.8,70.0,18.601000
29,-1,331.0,201.0,26.0,59.0,5.940100
30,-1,465.0,214.0,28.3,64.3,76.157997
30,-1,156.0,133.0,94.5,214.6,39.451000
30,-1,456.0,219.0,28.3,64.3,9.564300
31,-1,463.0,210.0,30.8,70.0,99.126999
31,-1,156.0,118.0,94.5,214.6,37.241001
31,-1,454.0,214.0,30.8,70.0,8.681900
32,-1,465.0,214.0,28.3,64.3,104.699997
32,-1,140.0,114.0,104.0,236.0,39.396000
32,-1,417.0,219.0,28.3,64.3,13.246000
32,-1,456.0,219.0,28.3,64.3,6.766700
33,-1,465.0,214.0,28.3,64.3,99.735001
33,-1,117.0,105.0,112.0,254.2,30.273001
33,-1,421.0,219.0,28.3,64.3,23.101999
34,-1,463.0,210.0,30.8,70.0,108.809998
34,-1,112.0,98.0,125.5,284.9,31.391001
34,-1,421.0,214.0,30.8,70.0,12.924000
35,-1,465.0,219.0,28.3,64.3,94.880997
35,-1,112.0,98.0,125.5,284.9,34.755001
36,-1,463.0,214.0,30.8,70.0,94.620003
36,-1,92.0,79.0,125.5,284.9,2.734500
37,-1,469.0,219.0,28.3,64.3,95.399002
37,-1,460.0,214.0,28.3,64.3,46.602001
37,-1,195.0,185.0,40.0,90.8,13.754000
37,-1,335.0,191.0,30.8,70.0,2.072900
37,-1,425.0,219.0,30.8,70.0,1.077000
37,-1,92.0,79.0,125.5,284.9,-0.410620
38,-1,463.0,214.0,30.8,70.0,100.099998
38,-1,193.0,210.0,30.8,70.0,14.585000
38,-1,65.0,156.0,112.0,254.2,5.114900
39,-1,463.0,210.0,30.8,70.0,97.396004
39,-1,195.0,214.0,28.3,64.3,21.127001
39,-1,423.0,198.0,40.0,90.8,10.162000
39,-1,100.0,276.0,74.3,168.6,0.791790
40,-1,463.0,210.0,30.8,70.0,90.024002
40,-1,190.0,207.0,33.5,76.1,26.882999
40,-1,330.0,223.0,28.3,64.3,4.024200
40,-1,12.0,204.0,43.9,99.5,3.755900
41,-1,465.0,214.0,28.3,64.3,88.921997
41,-1,185.0,198.0,36.8,83.4,24.059999
41,-1,143.0,202.0,33.5,76.1,10.696000
42,-1,463.0,210.0,30.8,70.0,78.579002
42,-1,190.0,214.0,28.3,64.3,29.149000
42,-1,429.0,204.0,36.8,83.4,9.361800
42,-1,315.0,205.0,26.0,59.0,8.663600
43,-1,469.0,214.0,28.3,64.3,77.609001
43,-1,460.0,210.0,28.3,64.3,20.528999
43,-1,180.0,198.0,36.8,83.4,17.283001
43,-1,432.0,212.0,33.5,76.1,11.718000
43,-1,339.0,209.0,26.0,59.0,9.884000
43,-1,319.0,205.0,26.0,59.0,3.269500
44,-1,468.0,210.0,30.8,70.0,90.584000
44,-1,185.0,207.0,33.5,76.1,24.382000
44,-1,339.0,205.0,26.0,59.0,13.123000
44,-1,315.0,205.0,26.0,59.0,8.621600
44,-1,395.0,213.0,26.0,59.0,3.687100
45,-1,469.0,210.0,28.3,64.3,89.824997
45,-1,319.0,205.0,26.0,59.0,19.184999
45,-1,179.0,207.0,33.5,76.1,15.689000
45,-1,460.0,214.0,28.3,64.3,4.200500
46,-1,469.0,210.0,28.3,64.3,89.531998
46,-1,323.0,205.0,26.0,59.0,24.673000
46,-1,171.0,192.0,40.0,90.8,12.762000
47,-1,473.0,210.0,28.3,64.3,80.200996
47,-1,323.0,205.0,26.0,59.0,19.808001
47,-1,174.0,207.0,33.5,76.1,14.843000
47,-1,436.0,183.0,43.9,99.5,1.604700
47,-1,315.0,201.0,26.0,59.0,-0.339250
48,-1,473.0,206.0,28.3,64.3,76.455002
48,-1,343.0,205.0,26.0,59.0,38.167000
48,-1,323.0,205.0,26.0,59.0,16.903999
48,-1,171.0,192.0,40.0,90.8,4.574200
48,-1,315.0,201.0,26.0,59.0,3.837400
49,-1,473.0,205.0,30.8,70.0,71.911003
49,-1,343.0,205.0,26.0,59.0,31.047001
49,-1,323.0,205.0,26.0,59.0,22.528000
49,-1,165.0,192.0,40.0,90.8,13.559000
49,-1,440.0,178.0,47.9,108.7,6.074500
50,-1,473.0,210.0,28.3,64.3,93.990997
50,-1,343.0,205.0,26.0,59.0,37.159000
50,-1,171.0,192.0,40.0,90.8,24.493999
50,-1,319.0,205.0,26.0,59.0,6.573900
50,-1,395.0,187.0,36.8,83.4,-0.184750
51,-1,473.0,210.0,28.3,64.3,87.527000
51,-1,165.0,198.0,40.0,90.8,40.262001
51,-1,347.0,205.0,26.0,59.0,26.846001
51,-1,323.0,205.0,26.0,59.0,20.336000
51,-1,442.0,192.0,40.0,90.8,2.832700
52,-1,473.0,205.0,30.8,70.0,100.370003
52,-1,160.0,190.0,43.9,99.5,40.634998
52,-1,347.0,209.0,26.0,59.0,34.092999
52,-1,323.0,205.0,26.0,59.0,31.537001
52,-1,447.0,223.0,28.3,64.3,11.137000
53,-1,478.0,210.0,28.3,64.3,94.751999
53,-1,160.0,190.0,43.9,99.5,39.426998
53,-1,347.0,209.0,26.0,59.0,19.447001
53,-1,323.0,205.0,26.0,59.0,19.237000
53,-1,469.0,206.0,28.3,64.3,8.814000
54,-1,478.0,206.0,28.3,64.3,86.875999
54,-1,347.0,205.0,26.0,59.0,41.641998
54,-1,153.0,186.0,47.9,108.7,38.116001
54,-1,323.0,205.0,26.0,59.0,24.165001
54,-1,487.0,210.0,28.3,64.3,11.062000
54,-1,339.0,209.0,26.0,59.0,6.321500
55,-1,478.0,206.0,28.3,64.3,79.583000
55,-1,347.0,205.0,26.0,59.0,49.893002
55,-1,153.0,190.0,43.9,99.5,40.480000
55,-1,327.0,205.0,26.0,59.0,27.777000
55,-1,487.0,210.0,28.3,64.3,22.105000
56,-1,478.0,205.0,30.8,70.0,85.478996
56,-1,351.0,209.0,26.0,59.0,41.237000
56,-1,327.0,205.0,26.0,59.0,35.689999
56,-1,160.0,190.0,43.9,99.5,13.646000
57,-1,478.0,205.0,30.8,70.0,66.140999
57,-1,351.0,205.0,26.0,59.0,53.275002
57,-1,323.0,205.0,26.0,59.0,39.369999
58,-1,478.0,205.0,30.8,70.0,65.345001
58,-1,327.0,205.0,26.0,59.0,35.691002
58,-1,355.0,209.0,26.0,59.0,29.490000
58,-1,138.0,186.0,47.9,108.7,16.708000
58,-1,551.0,189.0,26.0,59.0,12.746000
59,-1,479.0,202.0,33.5,76.1,61.372002
59,-1,355.0,209.0,26.0,59.0,45.500999
59,-1,223.0,205.0,26.0,59.0,17.938999
59,-1,463.0,210.0,36.8,83.4,16.108000
59,-1,321.0,206.0,28.3,64.3,9.186800
59,-1,142.0,177.0,52.0,118.0,7.617500
59,-1,347.0,213.0,26.0,59.0,5.713000
60,-1,472.0,204.0,40.0,90.8,59.945000
60,-1,355.0,213.0,26.0,59.0,58.854000
60,-1,330.0,206.0,28.3,64.3,43.280998
60,-1,551.0,193.0,26.0,59.0,13.861000
60,-1,223.0,209.0,26.0,59.0,13.587000
61,-1,472.0,204.0,40.0,90.8,56.805000
61,-1,359.0,213.0,26.0,59.0,54.465000
61,-1,223.0,205.0,26.0,59.0,27.339001
61,-1,551.0,193.0,26.0,59.0,22.047001
61,-1,330.0,206.0,28.3,64.3,19.198999
61,-1,395.0,209.0,26.0,59.0,15.114000
62,-1,359.0,213.0,26.0,59.0,62.257000
62,-1,472.0,210.0,40.0,90.8,59.833000
62,-1,331.0,213.0,26.0,59.0,31.528000
62,-1,223.0,205.0,26.0,59.0,9.818800
62,-1,102.0,147.0,68.0,154.4,2.166800
63,-1,472.0,210.0,40.0,90.8,55.632000
63,-1,359.0,213.0,26.0,59.0,49.064999
63,-1,330.0,210.0,28.3,64.3,39.111000
64,-1,478.0,210.0,40.0,90.8,65.792999
64,-1,367.0,217.0,26.0,59.0,46.174999
64,-1,331.0,205.0,30.8,70.0,34.984001
64,-1,359.0,221.0,26.0,59.0,28.358999
64,-1,223.0,209.0,26.0,59.0,20.025000
64,-1,426.0,214.0,28.3,64.3,3.137600
65,-1,477.0,204.0,43.9,99.5,52.370998
65,-1,365.0,210.0,28.3,64.3,33.362999
65,-1,331.0,205.0,30.8,70.0,25.014999
65,-1,426.0,214.0,28.3,64.3,4.463600
66,-1,367.0,217.0,26.0,59.0,67.087997
66,-1,485.0,216.0,40.0,90.8,47.458000
66,-1,325.0,192.0,40.0,90.8,22.611000
66,-1,559.0,197.0,26.0,59.0,13.468000
66,-1,107.0,161.0,33.5,76.1,10.278000
66,-1,431.0,225.0,26.0,59.0,9.856600
66,-1,343.0,192.0,40.0,90.8,4.823500
67,-1,371.0,213.0,26.0,59.0,68.205002
67,-1,483.0,204.0,43.9,99.5,65.640999
67,-1,331.0,210.0,30.8,70.0,46.092999
67,-1,563.0,193.0,26.0,59.0,11.465000
67,-1,102.0,161.0,33.5,76.1,8.696800
67,-1,403.0,213.0,26.0,59.0,6.447500
68,-1,491.0,216.0,40.0,90.8,50.528000
68,-1,369.0,210.0,30.8,70.0,48.625000
68,-1,223.0,209.0,26.0,59.0,33.105999
68,-1,334.0,207.0,33.5,76.1,23.941000
68,-1,92.0,161.0,33.5,76.1,20.933001
68,-1,563.0,193.0,26.0,59.0,20.548000
69,-1,491.0,216.0,40.0,90.8,60.608002
69,-1,373.0,210.0,30.8,70.0,39.167000
69,-1,227.0,209.0,26.0,59.0,31.159000
69,-1,334.0,202.0,33.5,76.1,23.275000
69,-1,78.0,148.0,40.0,90.8,10.074000
69,-1,407.0,213.0,26.0,59.0,1.313200
70,-1,490.0,204.0,43.9,99.5,57.855999
70,-1,373.0,210.0,30.8,70.0,47.382000
70,-1,333.0,198.0,36.8,83.4,25.431000
70,-1,563.0,193.0,26.0,59.0,22.684000
70,-1,223.0,209.0,26.0,59.0,22.577999
70,-1,78.0,153.0,36.8,83.4,4.916600
70,-1,291.0,201.0,26.0,59.0,3.363200
71,-1,375.0,207.0,33.5,76.1,54.804001
71,-1,490.0,204.0,43.9,99.5,52.251999
71,-1,335.0,210.0,30.8,70.0,22.158001
71,-1,563.0,189.0,26.0,59.0,9.162200
71,-1,407.0,213.0,26.0,59.0,1.778900
72,-1,491.0,200.0,47.9,108.7,55.462002
72,-1,378.0,210.0,30.8,70.0,48.646000
72,-1,227.0,209.0,26.0,59.0,42.679001
72,-1,335.0,225.0,26.0,59.0,16.492001
72,-1,443.0,219.0,28.3,64.3,11.904000
72,-1,563.0,193.0,26.0,59.0,10.739000
72,-1,411.0,213.0,26.0,59.0,9.317900
72,-1,399.0,225.0,26.0,59.0,4.217500
73,-1,497.0,204.0,43.9,99.5,62.450001
73,-1,383.0,210.0,30.8,70.0,55.324001
73,-1,227.0,209.0,26.0,59.0,36.133999
73,-1,331.0,192.0,40.0,90.8,18.098000
73,-1,443.0,219.0,28.3,64.3,17.319000
73,-1,567.0,193.0,26.0,59.0,9.498000
73,-1,373.0,214.0,30.8,70.0,1.969000
74,-1,499.0,207.0,33.5,76.1,52.382999
74,-1,386.0,207.0,33.5,76.1,48.021000
74,-1,338.0,204.0,36.8,83.4,32.529999
74,-1,227.0,209.0,26.0,59.0,29.535000
74,-1,571.0,193.0,26.0,59.0,15.216000
74,-1,443.0,207.0,33.5,76.1,8.985100
74,-1,506.0,233.0,30.8,70.0,4.563100
75,-1,505.0,202.0,33.5,76.1,67.055000
75,-1,391.0,202.0,33.5,76.1,52.314999
75,-1,344.0,198.0,36.8,83.4,23.920000
75,-1,511.0,233.0,30.8,70.0,7.479500
76,-1,506.0,205.0,30.8,70.0,66.299004
76,-1,392.0,198.0,40.0,90.8,53.283001
76,-1,344.0,204.0,36.8,83.4,29.893999
76,-1,380.0,192.0,40.0,90.8,5.154200
76,-1,516.0,233.0,30.8,70.0,3.455600
77,-1,506.0,210.0,30.8,70.0,63.323002
77,-1,395.0,204.0,36.8,83.4,45.248001
77,-1,352.0,223.0,28.3,64.3,9.032700
78,-1,505.0,202.0,33.5,76.1,60.709999
78,-1,395.0,198.0,36.8,83.4,50.285000
78,-1,227.0,201.0,26.0,59.0,19.653000
78,-1,356.0,223.0,28.3,64.3,11.664000
78,-1,291.0,197.0,26.0,59.0,11.214000
78,-1,347.0,219.0,28.3,64.3,9.529200
79,-1,511.0,205.0,30.8,70.0,59.567001
79,-1,406.0,202.0,33.5,76.1,47.422001
79,-1,356.0,223.0,28.3,64.3,25.987000
79,-1,399.0,225.0,26.0,59.0,20.341999
79,-1,227.0,201.0,26.0,59.0,15.266000
79,-1,295.0,197.0,26.0,59.0,8.232300
79,-1,453.0,202.0,33.5,76.1,8.124200
80,-1,506.0,205.0,30.8,70.0,55.955002
80,-1,398.0,192.0,40.0,90.8,46.123001
80,-1,350.0,204.0,36.8,83.4,26.898001
80,-1,223.0,201.0,26.0,59.0,7.427400
80,-1,454.0,192.0,40.0,90.8,7.401000
81,-1,510.0,207.0,33.5,76.1,71.424004
81,-1,405.0,198.0,40.0,90.8,50.611000
81,-1,349.0,197.0,43.9,99.5,22.757000
81,-1,223.0,209.0,26.0,59.0,19.892000
81,-1,291.0,197.0,28.3,64.3,15.289000
81,-1,458.0,212.0,33.5,76.1,13.909000
82,-1,510.0,207.0,33.5,76.1,83.985001
82,-1,409.0,197.0,43.9,99.5,41.599998
82,-1,349.0,197.0,43.9,99.5,24.659000
82,-1,458.0,207.0,33.5,76.1,10.486000
82,-1,223.0,209.0,26.0,59.0,10.439000
83,-1,511.0,214.0,30.8,70.0,85.834000
83,-1,411.0,204.0,40.0,90.8,38.553001
83,-1,355.0,215.0,36.8,83.4,32.719002
83,-1,227.0,213.0,26.0,59.0,16.969999
83,-1,427.0,228.0,33.5,76.1,13.795000
83,-1,460.0,198.0,40.0,90.8,12.702000
83,-1,263.0,221.0,26.0,59.0,5.805700
84,-1,516.0,214.0,30.8,70.0,84.890999
84,-1,417.0,200.0,47.9,108.7,37.833000
84,-1,351.0,186.0,47.9,108.7,33.417999
84,-1,282.0,201.0,28.3,64.3,4.785900
84,-1,347.0,249.0,26.0,59.0,4.510200
84,-1,259.0,217.0,26.0,59.0,1.438800
85,-1,515.0,212.0,33.5,76.1,76.074997
85,-1,358.0,193.0,52.0,118.0,46.945000
85,-1,417.0,200.0,47.9,108.7,39.014999
85,-1,223.0,209.0,26.0,59.0,23.565001
85,-1,303.0,209.0,26.0,59.0,11.420000
85,-1,259.0,225.0,26.0,59.0,1.059100
86,-1,358.0,193.0,52.0,118.0,66.710999
86,-1,515.0,212.0,33.5,76.1,64.787003
86,-1,423.0,204.0,43.9,99.5,48.041000
86,-1,227.0,217.0,26.0,59.0,13.490000
86,-1,291.0,209.0,26.0,59.0,9.543500
87,-1,520.0,210.0,36.8,83.4,61.794998
87,-1,358.0,193.0,52.0,118.0,56.936001
87,-1,425.0,200.0,47.9,108.7,37.956001
87,-1,227.0,217.0,26.0,59.0,27.243000
87,-1,440.0,215.0,47.9,108.7,11.712000
87,-1,552.0,193.0,62.2,141.2,1.515300
88,-1,520.0,210.0,36.8,83.4,80.769997
88,-1,366.0,193.0,52.0,118.0,52.995998
88,-1,435.0,204.0,40.0,90.8,39.827999
88,-1,429.0,238.0,36.8,83.4,23.728001
88,-1,299.0,213.0,26.0,59.0,11.826000
89,-1,520.0,210.0,36.8,83.4,84.915001
89,-1,366.0,193.0,52.0,118.0,50.571999
89,-1,438.0,201.0,52.0,118.0,43.549999
89,-1,259.0,221.0,26.0,59.0,17.671000
89,-1,295.0,213.0,26.0,59.0,8.589300
90,-1,525.0,210.0,36.8,83.4,93.856003
90,-1,446.0,201.0,52.0,118.0,52.361000
90,-1,366.0,184.0,56.9,129.1,51.113998
90,-1,227.0,213.0,26.0,59.0,24.218000
90,-1,304.0,206.0,28.3,64.3,15.245000
91,-1,525.0,204.0,36.8,83.4,94.527000
91,-1,454.0,193.0,52.0,118.0,60.022999
91,-1,375.0,168.0,68.0,154.4,41.471001
91,-1,227.0,213.0,26.0,59.0,29.292000
92,-1,530.0,212.0,33.5,76.1,85.288002
92,-1,375.0,168.0,68.0,154.4,56.962002
92,-1,454.0,193.0,52.0,118.0,44.412998
92,-1,223.0,209.0,26.0,59.0,17.893000
92,-1,315.0,213.0,26.0,59.0,12.592000
92,-1,487.0,229.0,30.8,70.0,12.316000
92,-1,303.0,213.0,26.0,59.0,10.788000
92,-1,291.0,206.0,28.3,64.3,3.631500
93,-1,531.0,204.0,36.8,83.4,93.810997
93,-1,470.0,185.0,52.0,118.0,49.801998
93,-1,380.0,184.0,62.2,141.2,47.945000
93,-1,299.0,209.0,26.0,59.0,18.212000
93,-1,454.0,193.0,52.0,118.0,11.181000
93,-1,283.0,201.0,26.0,59.0,8.753700
94,-1,531.0,204.0,36.8,83.4,93.799004
94,-1,386.0,168.0,68.0,154.4,51.835999
94,-1,470.0,185.0,52.0,118.0,45.634998
94,-1,231.0,213.0,26.0,59.0,14.755000
94,-1,291.0,201.0,28.3,64.3,10.181000
94,-1,303.0,209.0,26.0,59.0,6.071000
95,-1,531.0,204.0,36.8,83.4,80.156998
95,-1,475.0,184.0,62.2,141.2,69.985001
95,-1,225.0,206.0,28.3,64.3,33.189999
95,-1,391.0,249.0,28.3,64.3,29.384001
95,-1,401.0,202.0,56.9,129.1,16.010000
95,-1,246.0,197.0,33.5,76.1,13.493000
95,-1,299.0,209.0,26.0,59.0,10.641000
95,-1,469.0,260.0,36.8,83.4,9.263500
96,-1,489.0,173.0,74.3,168.6,61.606998
96,-1,227.0,213.0,26.0,59.0,32.577000
96,-1,395.0,249.0,28.3,64.3,22.466000
96,-1,299.0,209.0,26.0,59.0,8.002800
96,-1,412.0,260.0,36.8,83.4,2.647200
97,-1,490.0,179.0,68.0,154.4,57.361000
97,-1,225.0,210.0,28.3,64.3,37.624001
97,-1,404.0,254.0,28.3,64.3,30.122999
97,-1,511.0,189.0,68.0,154.4,23.879000
97,-1,291.0,213.0,26.0,59.0,19.874001
97,-1,299.0,209.0,26.0,59.0,8.639200
98,-1,501.0,179.0,68.0,154.4,57.575001
98,-1,225.0,206.0,28.3,64.3,39.195000
98,-1,402.0,257.0,30.8,70.0,35.450001
98,-1,299.0,209.0,26.0,59.0,22.510000
98,-1,417.0,168.0,68.0,154.4,15.054000
98,-1,286.0,201.0,28.3,64.3,1.178900
99,-1,511.0,173.0,74.3,168.6,61.730000
99,-1,423.0,162.0,86.7,196.7,21.188000
99,-1,295.0,213.0,26.0,59.0,18.423000
99,-1,222.0,205.0,30.8,70.0,15.011000
99,-1,407.0,262.0,30.8,70.0,4.098000
99,-1,287.0,205.0,26.0,59.0,1.578500
100,-1,523.0,161.0,74.3,168.6,60.132000
100,-1,225.0,206.0,28.3,64.3,34.341000
100,-1,295.0,209.0,26.0,59.0,25.570000
100,-1,433.0,147.0,94.5,214.6,20.221001
100,-1,311.0,213.0,26.0,59.0,13.850000
100,-1,511.0,219.0,74.3,168.6,8.004100
100,-1,287.0,205.0,26.0,59.0,7.297400
100,-1,389.0,198.0,36.8,83.4,6.477300
101,-1,295.0,209.0,26.0,59.0,39.995998
101,-1,534.0,173.0,74.3,168.6,30.065001
101,-1,405.0,198.0,40.0,90.8,27.105000
101,-1,227.0,213.0,26.0,59.0,23.896000
101,-1,428.0,130.0,104.0,236.0,13.433000
101,-1,287.0,213.0,26.0,59.0,11.855000
102,-1,295.0,209.0,26.0,59.0,34.706001
102,-1,563.0,162.0,80.0,181.5,22.004999
102,-1,411.0,198.0,40.0,90.8,19.344999
102,-1,395.0,204.0,36.8,83.4,17.253000
102,-1,245.0,210.0,30.8,70.0,13.136000
102,-1,287.0,213.0,26.0,59.0,12.918000
102,-1,221.0,202.0,33.5,76.1,11.307000
102,-1,541.0,207.0,33.5,76.1,10.999000
102,-1,436.0,263.0,56.9,129.1,2.493300
103,-1,417.0,198.0,40.0,90.8,36.157001
103,-1,287.0,213.0,26.0,59.0,34.202000
103,-1,295.0,209.0,26.0,59.0,33.241001
103,-1,392.0,198.0,40.0,90.8,20.896000
103,-1,570.0,162.0,86.7,196.7,17.728001
103,-1,454.0,263.0,56.9,129.1,14.976000
103,-1,242.0,198.0,36.8,83.4,14.724000
103,-1,223.0,213.0,26.0,59.0,13.127000
103,-1,476.0,130.0,104.0,236.0,8.765300
104,-1,416.0,190.0,43.9,99.5,51.230000
104,-1,291.0,209.0,26.0,59.0,43.695999
104,-1,226.0,205.0,30.8,70.0,36.202999
104,-1,471.0,272.0,56.9,129.1,35.377998
104,-1,401.0,204.0,36.8,83.4,22.232000
105,-1,225.0,206.0,28.3,64.3,36.551998
105,-1,291.0,209.0,26.0,59.0,35.395000
105,-1,423.0,198.0,36.8,83.4,33.980999
105,-1,401.0,198.0,36.8,83.4,26.856001
105,-1,480.0,273.0,68.0,154.4,25.290001
105,-1,459.0,214.0,30.8,70.0,8.111400
105,-1,311.0,209.0,26.0,59.0,4.221300
106,-1,291.0,209.0,26.0,59.0,41.299999
106,-1,405.0,198.0,40.0,90.8,30.746000
106,-1,225.0,206.0,28.3,64.3,28.027000
106,-1,423.0,198.0,40.0,90.8,27.049999
106,-1,500.0,276.0,74.3,168.6,24.073999
106,-1,311.0,209.0,26.0,59.0,14.980000
106,-1,242.0,193.0,36.8,83.4,9.025500
106,-1,458.0,207.0,33.5,76.1,8.966800
107,-1,425.0,186.0,47.9,108.7,43.143002
107,-1,295.0,209.0,26.0,59.0,38.415001
107,-1,222.0,200.0,30.8,70.0,25.752001
107,-1,283.0,209.0,26.0,59.0,25.278999
107,-1,411.0,219.0,30.8,70.0,21.650000
107,-1,311.0,209.0,26.0,59.0,20.030001
107,-1,543.0,273.0,68.0,154.4,9.877900
107,-1,457.0,198.0,36.8,83.4,3.892400
108,-1,542.0,198.0,36.8,83.4,37.771000
108,-1,299.0,209.0,26.0,59.0,27.143000
108,-1,311.0,209.0,26.0,59.0,23.250999
108,-1,241.0,202.0,33.5,76.1,22.046000
108,-1,287.0,209.0,26.0,59.0,18.320999
108,-1,551.0,285.0,80.0,181.5,15.031000
108,-1,403.0,190.0,43.9,99.5,14.770000
109,-1,548.0,198.0,36.8,83.4,58.069000
109,-1,283.0,209.0,26.0,59.0,25.709999
109,-1,311.0,209.0,26.0,59.0,24.197001
109,-1,406.0,177.0,52.0,118.0,21.556000
109,-1,295.0,209.0,26.0,59.0,20.478001
109,-1,537.0,210.0,36.8,83.4,19.212000
109,-1,430.0,177.0,52.0,118.0,11.667000
109,-1,225.0,201.0,28.3,64.3,10.729000
110,-1,551.0,207.0,33.5,76.1,57.608002
110,-1,283.0,209.0,26.0,59.0,47.405998
110,-1,295.0,209.0,26.0,59.0,34.740002
110,-1,311.0,209.0,26.0,59.0,25.823999
110,-1,432.0,186.0,47.9,108.7,24.124001
110,-1,410.0,178.0,47.9,108.7,16.705000
111,-1,551.0,207.0,33.5,76.1,50.859001
111,-1,287.0,213.0,26.0,59.0,32.234001
111,-1,311.0,213.0,26.0,59.0,29.919001
111,-1,544.0,238.0,30.8,70.0,10.831000
111,-1,432.0,193.0,47.9,108.7,10.626000
111,-1,417.0,217.0,33.5,76.1,7.497900
112,-1,287.0,209.0,26.0,59.0,31.014999
112,-1,544.0,197.0,43.9,99.5,29.202999
112,-1,418.0,215.0,36.8,83.4,17.250999
112,-1,440.0,186.0,47.9,108.7,16.306000
112,-1,307.0,205.0,30.8,70.0,5.647000
113,-1,543.0,200.0,47.9,108.7,40.905998
113,-1,307.0,213.0,26.0,59.0,29.634001
113,-1,282.0,206.0,28.3,64.3,24.764000
113,-1,438.0,177.0,52.0,118.0,22.261000
113,-1,422.0,217.0,33.5,76.1,13.648000
113,-1,273.0,197.0,28.3,64.3,6.322800
114,-1,543.0,200.0,47.9,108.7,48.794998
114,-1,303.0,213.0,26.0,59.0,46.577000
114,-1,438.0,177.0,52.0,118.0,38.324001
114,-1,286.0,206.0,28.3,64.3,23.711000
114,-1,422.0,185.0,52.0,118.0,20.670000
115,-1,445.0,167.0,56.9,129.1,46.597000
115,-1,542.0,193.0,52.0,118.0,41.033001
115,-1,419.0,176.0,56.9,129.1,20.521999
115,-1,282.0,206.0,28.3,64.3,17.516001
115,-1,304.0,210.0,28.3,64.3,13.707000
115,-1,231.0,233.0,26.0,59.0,13.550000
116,-1,445.0,167.0,56.9,129.1,46.952000
116,-1,542.0,193.0,52.0,118.0,42.316002
116,-1,286.0,206.0,28.3,64.3,32.495998
116,-1,303.0,213.0,26.0,59.0,25.372999
116,-1,275.0,209.0,26.0,59.0,18.249001
116,-1,427.0,176.0,56.9,129.1,9.228000
117,-1,548.0,198.0,36.8,83.4,66.727997
117,-1,445.0,176.0,56.9,129.1,44.403000
117,-1,303.0,213.0,26.0,59.0,33.263000
117,-1,282.0,206.0,28.3,64.3,30.704000
117,-1,554.0,232.0,36.8,83.4,18.076000
118,-1,548.0,198.0,36.8,83.4,50.196999
118,-1,299.0,213.0,26.0,59.0,37.449001
118,-1,278.0,206.0,28.3,64.3,35.422001
118,-1,558.0,228.0,40.0,90.8,19.891001
118,-1,427.0,164.0,62.2,141.2,16.716999
118,-1,286.0,210.0,28.3,64.3,15.999000
118,-1,223.0,237.0,26.0,59.0,1.455600
119,-1,299.0,213.0,26.0,59.0,48.821999
119,-1,548.0,204.0,36.8,83.4,46.160999
119,-1,279.0,205.0,30.8,70.0,33.581001
119,-1,428.0,168.0,68.0,154.4,24.936001
119,-1,456.0,174.0,62.2,141.2,20.445999
119,-1,561.0,238.0,33.5,76.1,18.382999
120,-1,548.0,198.0,36.8,83.4,61.436001
120,-1,437.0,174.0,62.2,141.2,33.578999
120,-1,456.0,164.0,62.2,141.2,26.481001
120,-1,279.0,205.0,30.8,70.0,23.572001
120,-1,295.0,210.0,28.3,64.3,18.621000
120,-1,267.0,209.0,26.0,59.0,16.666000
120,-1,200.0,197.0,43.9,99.5,5.611800
121,-1,548.0,198.0,36.8,83.4,59.028999
121,-1,263.0,209.0,26.0,59.0,39.324001
121,-1,454.0,150.0,74.3,168.6,38.542999
121,-1,291.0,210.0,28.3,64.3,35.131001
121,-1,428.0,158.0,68.0,154.4,31.815001
121,-1,278.0,206.0,28.3,64.3,24.714001
121,-1,564.0,217.0,43.9,99.5,11.353000
121,-1,211.0,241.0,26.0,59.0,8.229000
122,-1,548.0,198.0,36.8,83.4,66.997002
122,-1,443.0,150.0,74.3,168.6,48.049000
122,-1,264.0,200.0,30.8,70.0,27.912001
122,-1,291.0,213.0,26.0,59.0,16.625000
122,-1,565.0,232.0,36.8,83.4,11.151000
122,-1,420.0,161.0,74.3,168.6,10.863000
123,-1,546.0,192.0,40.0,90.8,49.691002
123,-1,443.0,150.0,74.3,168.6,43.515999
123,-1,257.0,192.0,33.5,76.1,31.381001
123,-1,283.0,200.0,30.8,70.0,19.004000
123,-1,182.0,186.0,47.9,108.7,16.862000
123,-1,267.0,197.0,33.5,76.1,6.598800
124,-1,466.0,150.0,74.3,168.6,33.521999
124,-1,542.0,198.0,36.8,83.4,30.701000
124,-1,260.0,200.0,30.8,70.0,24.455000
124,-1,428.0,149.0,80.0,181.5,20.504999
124,-1,287.0,205.0,26.0,59.0,4.272700
125,-1,548.0,198.0,36.8,83.4,50.783001
125,-1,466.0,150.0,74.3,168.6,44.860001
125,-1,257.0,197.0,33.5,76.1,33.306999
125,-1,438.0,168.0,68.0,154.4,10.765000
125,-1,191.0,241.0,26.0,59.0,9.528600
126,-1,548.0,198.0,36.8,83.4,85.147003
126,-1,477.0,150.0,74.3,168.6,35.931000
126,-1,255.0,205.0,30.8,70.0,34.148998
126,-1,437.0,148.0,86.7,196.7,26.044001
126,-1,282.0,210.0,28.3,64.3,22.400999
127,-1,548.0,198.0,36.8,83.4,66.819000
127,-1,250.0,205.0,30.8,70.0,50.612999
127,-1,450.0,148.0,86.7,196.7,37.991001
127,-1,279.0,210.0,30.8,70.0,21.049000
127,-1,195.0,202.0,33.5,76.1,20.632999
127,-1,260.0,210.0,30.8,70.0,6.854600
128,-1,542.0,198.0,36.8,83.4,74.056000
128,-1,269.0,210.0,30.8,70.0,39.945000
128,-1,447.0,133.0,94.5,214.6,37.765999
128,-1,246.0,202.0,33.5,76.1,17.427000
128,-1,279.0,205.0,30.8,70.0,5.656500
128,-1,156.0,184.0,56.9,129.1,2.232600
129,-1,476.0,133.0,94.5,214.6,48.526001
129,-1,269.0,210.0,30.8,70.0,34.136002
129,-1,248.0,198.0,36.8,83.4,30.747000
129,-1,548.0,198.0,36.8,83.4,27.431999
129,-1,433.0,133.0,94.5,214.6,24.952000
129,-1,236.0,193.0,36.8,83.4,23.867001
129,-1,193.0,205.0,30.8,70.0,22.679001
129,-1,339.0,205.0,26.0,59.0,6.378000
130,-1,460.0,130.0,104.0,236.0,36.257000
130,-1,242.0,198.0,36.8,83.4,27.457001
130,-1,190.0,210.0,28.3,64.3,27.315001
130,-1,269.0,210.0,30.8,70.0,25.090000
130,-1,505.0,147.0,94.5,214.6,16.523001
131,-1,184.0,210.0,30.8,70.0,40.972000
131,-1,476.0,130.0,104.0,236.0,29.408001
131,-1,241.0,207.0,33.5,76.1,24.985001
131,-1,267.0,207.0,33.5,76.1,22.688999
132,-1,184.0,210.0,30.8,70.0,57.063000
132,-1,262.0,212.0,33.5,76.1,31.152000
132,-1,236.0,207.0,33.5,76.1,31.032000
132,-1,463.0,122.0,112.0,254.2,27.643000
132,-1,508.0,146.0,104.0,236.0,24.864000
133,-1,182.0,210.0,28.3,64.3,42.793999
133,-1,231.0,207.0,33.5,76.1,40.491001
133,-1,257.0,207.0,33.5,76.1,38.862999
133,-1,480.0,98.0,125.5,284.9,20.063999
133,-1,578.0,278.0,43.9,99.5,13.314000
134,-1,257.0,212.0,33.5,76.1,54.066002
134,-1,231.0,212.0,33.5,76.1,41.751999
134,-1,179.0,210.0,30.8,70.0,33.535999
134,-1,221.0,207.0,33.5,76.1,13.244000
134,-1,480.0,98.0,125.5,284.9,0.006005
135,-1,248.0,210.0,36.8,83.4,36.903999
135,-1,169.0,205.0,30.8,70.0,36.062000
135,-1,225.0,204.0,36.8,83.4,30.738001
135,-1,543.0,289.0,47.9,108.7,20.431999
136,-1,169.0,205.0,30.8,70.0,41.146999
136,-1,219.0,204.0,36.8,83.4,35.247002
136,-1,248.0,210.0,36.8,83.4,26.011000
136,-1,231.0,210.0,36.8,83.4,6.094200
137,-1,531.0,204.0,36.8,83.4,56.658001
137,-1,164.0,202.0,33.5,76.1,47.895000
137,-1,220.0,198.0,40.0,90.8,19.389000
137,-1,454.0,185.0,52.0,118.0,7.767200
137,-1,245.0,214.0,30.8,70.0,4.703800
138,-1,531.0,204.0,36.8,83.4,73.611000
138,-1,165.0,205.0,30.8,70.0,40.263000
138,-1,208.0,204.0,36.8,83.4,29.636999
138,-1,242.0,210.0,36.8,83.4,16.025999
138,-1,542.0,210.0,36.8,83.4,14.583000
138,-1,520.0,210.0,36.8,83.4,10.503000
138,-1,454.0,185.0,52.0,118.0,4.949600
139,-1,531.0,204.0,36.8,83.4,85.949997
139,-1,160.0,205.0,30.8,70.0,61.258999
139,-1,200.0,190.0,43.9,99.5,34.383999
139,-1,107.0,202.0,33.5,76.1,22.097000
139,-1,520.0,210.0,36.8,83.4,15.554000
139,-1,454.0,185.0,52.0,118.0,9.214100
140,-1,531.0,204.0,36.8,83.4,84.112999
140,-1,160.0,205.0,30.8,70.0,58.866001
140,-1,200.0,190.0,43.9,99.5,33.442001
140,-1,231.0,210.0,36.8,83.4,14.644000
140,-1,454.0,176.0,56.9,129.1,5.684400
141,-1,531.0,204.0,36.8,83.4,96.611000
141,-1,160.0,205.0,30.8,70.0,50.317001
141,-1,194.0,190.0,43.9,99.5,33.541000
141,-1,520.0,210.0,36.8,83.4,28.479000
141,-1,454.0,176.0,56.9,129.1,12.503000
141,-1,542.0,193.0,36.8,83.4,4.140600
141,-1,207.0,197.0,43.9,99.5,2.540300
142,-1,524.0,197.0,43.9,99.5,73.992996
142,-1,154.0,202.0,33.5,76.1,49.279999
142,-1,189.0,186.0,47.9,108.7,44.018002
142,-1,440.0,125.0,80.0,181.5,5.129000
143,-1,524.0,190.0,43.9,99.5,61.029999
143,-1,182.0,186.0,47.9,108.7,33.415001
143,-1,154.0,197.0,33.5,76.1,30.792000
143,-1,307.0,205.0,26.0,59.0,10.414000
143,-1,449.0,147.0,68.0,154.4,9.211800
143,-1,220.0,198.0,40.0,90.8,7.242600
144,-1,524.0,190.0,43.9,99.5,54.278999
144,-1,182.0,178.0,47.9,108.7,39.699001
144,-1,148.0,197.0,33.5,76.1,25.371000
144,-1,219.0,204.0,36.8,83.4,20.371000
144,-1,307.0,205.0,26.0,59.0,4.639200
144,-1,454.0,176.0,56.9,129.1,3.983300
145,-1,522.0,192.0,40.0,90.8,65.095001
145,-1,175.0,178.0,47.9,108.7,43.963001
145,-1,148.0,192.0,33.5,76.1,35.050999
145,-1,214.0,190.0,43.9,99.5,19.540001
145,-1,454.0,167.0,56.9,129.1,9.019200
145,-1,303.0,197.0,26.0,59.0,6.997500
145,-1,89.0,193.0,36.8,83.4,2.004500
146,-1,522.0,192.0,40.0,90.8,86.082001
146,-1,175.0,178.0,47.9,108.7,57.646999
146,-1,148.0,192.0,33.5,76.1,28.615000
146,-1,207.0,190.0,43.9,99.5,17.975000
146,-1,462.0,177.0,52.0,118.0,14.219000
147,-1,525.0,198.0,36.8,83.4,87.311996
147,-1,173.0,190.0,43.9,99.5,43.735001
147,-1,151.0,200.0,30.8,70.0,22.799000
147,-1,537.0,204.0,36.8,83.4,21.306000
147,-1,207.0,197.0,43.9,99.5,17.590000
147,-1,462.0,176.0,56.9,129.1,4.961900
148,-1,524.0,190.0,43.9,99.5,104.059998
148,-1,167.0,186.0,47.9,108.7,60.612999
148,-1,198.0,185.0,52.0,118.0,21.552999
149,-1,524.0,197.0,43.9,99.5,82.735001
149,-1,160.0,186.0,47.9,108.7,45.166000
149,-1,146.0,200.0,30.8,70.0,21.080000
149,-1,198.0,193.0,52.0,118.0,20.893000
149,-1,175.0,178.0,47.9,108.7,10.127000
149,-1,360.0,206.0,28.3,64.3,5.322600
149,-1,84.0,198.0,36.8,83.4,2.857500
150,-1,524.0,197.0,43.9,99.5,81.119003
150,-1,158.0,185.0,52.0,118.0,38.300999
150,-1,200.0,204.0,43.9,99.5,14.699000
151,-1,524.0,197.0,43.9,99.5,75.891998
151,-1,160.0,193.0,47.9,108.7,45.583000
151,-1,200.0,204.0,43.9,99.5,15.546000
151,-1,360.0,210.0,28.3,64.3,6.085900
152,-1,524.0,197.0,43.9,99.5,72.121002
152,-1,158.0,185.0,52.0,118.0,39.377998
152,-1,190.0,193.0,52.0,118.0,30.202000
152,-1,303.0,213.0,26.0,59.0,10.182000
152,-1,359.0,217.0,26.0,59.0,2.380000
153,-1,524.0,197.0,43.9,99.5,70.704002
153,-1,153.0,200.0,47.9,108.7,40.884998
153,-1,190.0,201.0,52.0,118.0,12.294000
154,-1,525.0,215.0,36.8,83.4,58.290001
154,-1,147.0,184.0,56.9,129.1,27.417999
154,-1,136.0,248.0,30.8,70.0,14.698000
154,-1,182.0,193.0,56.9,129.1,13.947000
154,-1,299.0,217.0,26.0,59.0,8.798200
155,-1,524.0,204.0,43.9,99.5,49.912998
155,-1,142.0,201.0,52.0,118.0,41.051998
155,-1,182.0,201.0,52.0,118.0,20.695999
156,-1,524.0,204.0,43.9,99.5,59.057999
156,-1,134.0,168.0,68.0,154.4,30.364000
156,-1,208.0,262.0,28.3,64.3,19.511999
156,-1,174.0,201.0,52.0,118.0,7.565300
156,-1,480.0,168.0,68.0,154.4,2.549200
157,-1,531.0,215.0,36.8,83.4,73.922997
157,-1,203.0,265.0,26.0,59.0,34.973000
157,-1,123.0,161.0,74.3,168.6,23.101999
157,-1,520.0,210.0,36.8,83.4,8.459100
158,-1,531.0,215.0,36.8,83.4,59.840000
158,-1,198.0,257.0,30.8,70.0,33.516998
158,-1,113.0,168.0,68.0,154.4,20.365000
158,-1,166.0,201.0,52.0,118.0,19.896000
158,-1,520.0,210.0,36.8,83.4,7.873400
159,-1,531.0,215.0,36.8,83.4,57.820999
159,-1,111.0,161.0,74.3,168.6,35.446999
159,-1,160.0,184.0,62.2,141.2,28.629999
159,-1,498.0,193.0,56.9,129.1,15.064000
160,-1,531.0,210.0,36.8,83.4,51.120998
160,-1,100.0,161.0,74.3,168.6,28.157000
160,-1,150.0,184.0,62.2,141.2,24.517000
160,-1,243.0,205.0,26.0,59.0,7.378200
161,-1,100.0,161.0,74.3,168.6,33.112999
161,-1,144.0,179.0,68.0,154.4,32.605000
161,-1,513.0,193.0,62.2,141.2,29.142000
161,-1,243.0,206.0,28.3,64.3,7.298000
162,-1,93.0,184.0,62.2,141.2,35.650002
162,-1,134.0,173.0,74.3,168.6,30.063000
162,-1,511.0,179.0,68.0,154.4,16.283001
162,-1,243.0,205.0,26.0,59.0,12.380000
163,-1,81.0,168.0,68.0,154.4,38.493000
163,-1,511.0,179.0,68.0,154.4,30.760000
163,-1,141.0,184.0,62.2,141.2,18.316999
164,-1,81.0,179.0,68.0,154.4,51.549999
164,-1,511.0,179.0,68.0,154.4,46.625000
164,-1,123.0,173.0,74.3,168.6,17.291000
165,-1,522.0,179.0,68.0,154.4,62.169998
165,-1,71.0,179.0,68.0,154.4,36.702999
165,-1,123.0,173.0,74.3,168.6,33.015999
165,-1,299.0,213.0,26.0,59.0,5.796800
166,-1,523.0,193.0,62.2,141.2,46.689999
166,-1,66.0,173.0,74.3,168.6,28.514999
166,-1,123.0,173.0,74.3,168.6,25.476000
166,-1,247.0,205.0,26.0,59.0,15.049000
166,-1,158.0,257.0,52.0,118.0,2.481800
167,-1,523.0,193.0,62.2,141.2,48.084999
167,-1,50.0,148.0,86.7,196.7,14.624000
167,-1,365.0,214.0,28.3,64.3,12.735000
167,-1,99.0,139.0,112.0,254.2,3.686200
168,-1,531.0,197.0,43.9,99.5,56.598999
168,-1,369.0,214.0,28.3,64.3,31.468000
168,-1,103.0,162.0,86.7,196.7,28.306000
168,-1,50.0,148.0,86.7,196.7,14.048000
169,-1,531.0,197.0,43.9,99.5,56.025002
169,-1,84.0,147.0,94.5,214.6,19.466000
169,-1,247.0,205.0,26.0,59.0,13.895000
169,-1,369.0,214.0,28.3,64.3,10.163000
170,-1,531.0,197.0,43.9,99.5,58.570000
170,-1,76.0,146.0,104.0,236.0,30.927000
170,-1,541.0,211.0,56.9,129.1,10.093000
171,-1,537.0,210.0,36.8,83.4,56.891998
171,-1,76.0,146.0,104.0,236.0,31.709999
171,-1,12.0,130.0,104.0,236.0,22.312000
171,-1,247.0,205.0,26.0,59.0,21.353001
172,-1,531.0,197.0,43.9,99.5,56.487000
172,-1,60.0,146.0,104.0,236.0,35.657001
172,-1,251.0,209.0,26.0,59.0,29.323000
172,-1,-4.0,146.0,104.0,236.0,17.679001
173,-1,531.0,197.0,43.9,99.5,69.985001
173,-1,48.0,139.0,112.0,254.2,29.636999
173,-1,251.0,209.0,26.0,59.0,14.377000
174,-1,537.0,197.0,43.9,99.5,75.521004
174,-1,251.0,209.0,26.0,59.0,35.769001
174,-1,93.0,270.0,62.2,141.2,16.556000
174,-1,138.0,202.0,33.5,76.1,12.452000
174,-1,524.0,204.0,43.9,99.5,12.337000
175,-1,535.0,193.0,47.9,108.7,69.374001
175,-1,251.0,209.0,26.0,59.0,26.114000
175,-1,375.0,225.0,26.0,59.0,25.631001
175,-1,84.0,270.0,62.2,141.2,12.695000
175,-1,143.0,202.0,33.5,76.1,9.839200
176,-1,535.0,193.0,47.9,108.7,82.432999
176,-1,77.0,280.0,56.9,129.1,25.726999
176,-1,116.0,193.0,47.9,108.7,25.239000
176,-1,143.0,202.0,33.5,76.1,17.054001
176,-1,375.0,225.0,26.0,59.0,8.831800
177,-1,537.0,197.0,43.9,99.5,91.419998
177,-1,109.0,193.0,47.9,108.7,25.930000
177,-1,143.0,202.0,33.5,76.1,23.372999
177,-1,251.0,205.0,26.0,59.0,18.594000
177,-1,375.0,225.0,26.0,59.0,16.347000
177,-1,524.0,204.0,43.9,99.5,3.772000
178,-1,537.0,197.0,43.9,99.5,89.322998
178,-1,110.0,185.0,52.0,118.0,32.216999
178,-1,143.0,202.0,33.5,76.1,18.478001
178,-1,251.0,201.0,28.3,64.3,14.165000
179,-1,535.0,193.0,47.9,108.7,73.319000
179,-1,109.0,193.0,47.9,108.7,27.056000
179,-1,255.0,209.0,26.0,59.0,26.205999
179,-1,147.0,206.0,28.3,64.3,13.881000
180,-1,543.0,193.0,47.9,108.7,68.970001
180,-1,102.0,193.0,52.0,118.0,39.140999
180,-1,148.0,202.0,33.5,76.1,34.664001
180,-1,259.0,213.0,26.0,59.0,20.983999
181,-1,550.0,193.0,47.9,108.7,56.785000
181,-1,146.0,198.0,36.8,83.4,32.751999
181,-1,259.0,209.0,26.0,59.0,28.586000
181,-1,102.0,193.0,52.0,118.0,23.298000
182,-1,550.0,193.0,47.9,108.7,76.254997
182,-1,94.0,184.0,56.9,129.1,43.936001
182,-1,148.0,207.0,33.5,76.1,38.945000
182,-1,259.0,209.0,26.0,59.0,21.546000
182,-1,535.0,200.0,47.9,108.7,11.250000
183,-1,550.0,193.0,47.9,108.7,106.120003
183,-1,148.0,202.0,33.5,76.1,41.664001
183,-1,94.0,184.0,56.9,129.1,32.688999
183,-1,263.0,213.0,26.0,59.0,30.854000
183,-1,255.0,205.0,26.0,59.0,3.376800
184,-1,550.0,193.0,47.9,108.7,101.820000
184,-1,85.0,184.0,56.9,129.1,44.311001
184,-1,148.0,202.0,33.5,76.1,35.380001
184,-1,259.0,209.0,26.0,59.0,32.886002
184,-1,267.0,213.0,26.0,59.0,6.411600
185,-1,550.0,193.0,47.9,108.7,99.792000
185,-1,151.0,210.0,30.8,70.0,38.706001
185,-1,77.0,184.0,56.9,129.1,34.230000
185,-1,267.0,209.0,26.0,59.0,27.226000
185,-1,116.0,254.0,28.3,64.3,16.091999
185,-1,571.0,216.0,40.0,90.8,12.569000
185,-1,256.0,201.0,28.3,64.3,8.548300
186,-1,557.0,193.0,47.9,108.7,87.103996
186,-1,267.0,213.0,26.0,59.0,46.164001
186,-1,148.0,202.0,33.5,76.1,37.539001
186,-1,74.0,174.0,62.2,141.2,29.169001
186,-1,543.0,200.0,47.9,108.7,0.449150
187,-1,557.0,193.0,47.9,108.7,77.428001
187,-1,74.0,174.0,62.2,141.2,47.992001
187,-1,267.0,213.0,26.0,59.0,44.238998
187,-1,151.0,205.0,30.8,70.0,43.426998
188,-1,557.0,204.0,43.9,99.5,67.699997
188,-1,271.0,213.0,26.0,59.0,54.456001
188,-1,154.0,207.0,33.5,76.1,37.341999
188,-1,74.0,184.0,62.2,141.2,24.070999
188,-1,263.0,217.0,26.0,59.0,8.371100
189,-1,557.0,193.0,47.9,108.7,82.903000
189,-1,271.0,213.0,26.0,59.0,46.199001
189,-1,64.0,174.0,62.2,141.2,37.981998
189,-1,154.0,202.0,33.5,76.1,31.934000
190,-1,565.0,193.0,47.9,108.7,66.632004
190,-1,60.0,168.0,68.0,154.4,44.516998
190,-1,271.0,209.0,26.0,59.0,42.562000
190,-1,154.0,202.0,33.5,76.1,22.639999
190,-1,407.0,219.0,30.8,70.0,11.917000
190,-1,215.0,205.0,26.0,59.0,4.623400
190,-1,550.0,186.0,47.9,108.7,2.432500
191,-1,565.0,193.0,47.9,108.7,63.499001
191,-1,55.0,174.0,62.2,141.2,40.476002
191,-1,271.0,209.0,26.0,59.0,36.436001
191,-1,155.0,205.0,30.8,70.0,21.299999
191,-1,406.0,212.0,33.5,76.1,14.079000
191,-1,219.0,201.0,26.0,59.0,4.573500
192,-1,558.0,185.0,52.0,118.0,57.714001
192,-1,271.0,205.0,26.0,59.0,57.660000
192,-1,50.0,168.0,68.0,154.4,35.106998
192,-1,155.0,195.0,30.8,70.0,26.476000
192,-1,595.0,213.0,26.0,59.0,14.670000
192,-1,411.0,225.0,26.0,59.0,13.158000
193,-1,565.0,193.0,47.9,108.7,74.707001
193,-1,275.0,209.0,26.0,59.0,33.394001
193,-1,31.0,161.0,74.3,168.6,29.386000
193,-1,154.0,197.0,33.5,76.1,22.778000
193,-1,215.0,213.0,26.0,59.0,15.548000
194,-1,571.0,204.0,43.9,99.5,82.472000
194,-1,275.0,209.0,26.0,59.0,61.014999
194,-1,154.0,197.0,33.5,76.1,42.939999
194,-1,31.0,161.0,74.3,168.6,15.411000
194,-1,412.0,212.0,33.5,76.1,14.864000
194,-1,219.0,205.0,26.0,59.0,2.080700
195,-1,571.0,204.0,43.9,99.5,74.119003
195,-1,154.0,197.0,33.5,76.1,50.485001
195,-1,275.0,213.0,26.0,59.0,44.050999
195,-1,219.0,205.0,26.0,59.0,23.754999
195,-1,412.0,210.0,36.8,83.4,18.683001
195,-1,20.0,161.0,74.3,168.6,7.191700
196,-1,572.0,193.0,47.9,108.7,83.431000
196,-1,154.0,197.0,33.5,76.1,46.808998
196,-1,279.0,213.0,26.0,59.0,33.556000
196,-1,219.0,205.0,26.0,59.0,27.709000
196,-1,20.0,161.0,74.3,168.6,21.091000
196,-1,418.0,210.0,36.8,83.4,5.458200
197,-1,572.0,200.0,47.9,108.7,73.981003
197,-1,275.0,213.0,26.0,59.0,50.762001
197,-1,157.0,198.0,36.8,83.4,42.355000
197,-1,9.0,149.0,80.0,181.5,11.024000
197,-1,423.0,197.0,43.9,99.5,0.719000
198,-1,574.0,193.0,52.0,118.0,58.896999
198,-1,275.0,213.0,26.0,59.0,39.722000
198,-1,157.0,198.0,36.8,83.4,29.510000
198,-1,-3.0,148.0,86.7,196.7,19.382999
198,-1,219.0,209.0,26.0,59.0,17.212000
198,-1,283.0,217.0,26.0,59.0,8.765600
199,-1,279.0,217.0,26.0,59.0,63.782001
199,-1,574.0,193.0,52.0,118.0,46.978001
199,-1,157.0,198.0,36.8,83.4,40.326000
199,-1,-17.0,148.0,86.7,196.7,29.098000
199,-1,215.0,217.0,26.0,59.0,16.395000
199,-1,431.0,241.0,26.0,59.0,6.266300
200,-1,279.0,221.0,26.0,59.0,69.997002
200,-1,157.0,204.0,36.8,83.4,46.925999
200,-1,579.0,200.0,47.9,108.7,42.108002
200,-1,215.0,217.0,26.0,59.0,41.702000
200,-1,271.0,217.0,26.0,59.0,7.173100
200,-1,429.0,215.0,36.8,83.4,5.452600
201,-1,574.0,193.0,52.0,118.0,62.634998
201,-1,279.0,217.0,26.0,59.0,61.994999
201,-1,211.0,213.0,26.0,59.0,26.599001
201,-1,157.0,204.0,36.8,83.4,26.275999
201,-1,271.0,221.0,26.0,59.0,10.531000
201,-1,429.0,215.0,36.8,83.4,7.630100
201,-1,613.0,223.0,28.3,64.3,4.099700
202,-1,579.0,200.0,47.9,108.7,70.077003
202,-1,278.0,214.0,28.3,64.3,65.231003
202,-1,215.0,217.0,26.0,59.0,39.445000
202,-1,159.0,207.0,33.5,76.1,34.426998
202,-1,223.0,213.0,26.0,59.0,25.679001
202,-1,435.0,221.0,36.8,83.4,13.761000
202,-1,203.0,209.0,26.0,59.0,8.080300
203,-1,582.0,193.0,52.0,118.0,68.834000
203,-1,279.0,217.0,26.0,59.0,61.324001
203,-1,219.0,213.0,26.0,59.0,41.467999
203,-1,271.0,221.0,26.0,59.0,35.365002
203,-1,159.0,202.0,33.5,76.1,30.482000
203,-1,207.0,213.0,26.0,59.0,29.104000
203,-1,227.0,217.0,26.0,59.0,10.127000
203,-1,429.0,210.0,40.0,90.8,8.112900
204,-1,273.0,214.0,28.3,64.3,57.898998
204,-1,582.0,193.0,52.0,118.0,54.799999
204,-1,429.0,216.0,40.0,90.8,32.765999
204,-1,211.0,217.0,26.0,59.0,31.160000
204,-1,219.0,221.0,26.0,59.0,22.042999
204,-1,159.0,202.0,33.5,76.1,17.921000
205,-1,275.0,217.0,26.0,59.0,63.398998
205,-1,582.0,193.0,52.0,118.0,62.207001
205,-1,215.0,213.0,26.0,59.0,31.950001
205,-1,159.0,202.0,33.5,76.1,29.059000
205,-1,436.0,204.0,43.9,99.5,21.535000
205,-1,539.0,189.0,26.0,59.0,4.296900
206,-1,273.0,214.0,28.3,64.3,57.327999
206,-1,219.0,213.0,26.0,59.0,55.098000
206,-1,582.0,193.0,52.0,118.0,51.639999
206,-1,160.0,210.0,30.8,70.0,24.341999
206,-1,436.0,204.0,43.9,99.5,16.596001
206,-1,211.0,217.0,26.0,59.0,15.085000
207,-1,219.0,213.0,26.0,59.0,57.196999
207,-1,587.0,200.0,47.9,108.7,55.701000
207,-1,273.0,214.0,28.3,64.3,36.688000
207,-1,159.0,202.0,33.5,76.1,25.146000
207,-1,440.0,200.0,47.9,108.7,14.607000
208,-1,215.0,217.0,26.0,59.0,61.169998
208,-1,273.0,214.0,28.3,64.3,60.868000
208,-1,582.0,193.0,52.0,118.0,51.381001
208,-1,159.0,202.0,33.5,76.1,22.493999
208,-1,547.0,189.0,26.0,59.0,16.363001
208,-1,446.0,221.0,36.8,83.4,15.815000
209,-1,273.0,214.0,28.3,64.3,64.702003
209,-1,223.0,213.0,26.0,59.0,61.793999
209,-1,590.0,193.0,52.0,118.0,58.195000
209,-1,211.0,213.0,26.0,59.0,27.687000
209,-1,159.0,202.0,33.5,76.1,24.761999
209,-1,547.0,189.0,26.0,59.0,7.670800
209,-1,447.0,200.0,47.9,108.7,6.273100
210,-1,590.0,193.0,52.0,118.0,63.991001
210,-1,274.0,210.0,30.8,70.0,59.729000
210,-1,219.0,213.0,26.0,59.0,53.702999
210,-1,159.0,202.0,33.5,76.1,33.905998
210,-1,447.0,200.0,47.9,108.7,21.913000
210,-1,350.0,214.0,30.8,70.0,8.108400
210,-1,211.0,217.0,26.0,59.0,6.554300
210,-1,227.0,217.0,26.0,59.0,2.586700
211,-1,274.0,210.0,30.8,70.0,78.746002
211,-1,590.0,193.0,52.0,118.0,53.481998
211,-1,219.0,213.0,26.0,59.0,52.910000
211,-1,159.0,202.0,33.5,76.1,35.272999
211,-1,227.0,217.0,26.0,59.0,18.167000
211,-1,351.0,225.0,26.0,59.0,3.317900
212,-1,219.0,213.0,26.0,59.0,73.030998
212,-1,273.0,214.0,28.3,64.3,72.478996
212,-1,590.0,193.0,52.0,118.0,45.402000
212,-1,157.0,198.0,36.8,83.4,29.664000
212,-1,211.0,217.0,26.0,59.0,22.665001
212,-1,351.0,225.0,26.0,59.0,11.030000
212,-1,454.0,200.0,47.9,108.7,9.141300
213,-1,215.0,213.0,26.0,59.0,77.725998
213,-1,269.0,210.0,30.8,70.0,75.050003
213,-1,590.0,193.0,52.0,118.0,54.127998
213,-1,159.0,202.0,33.5,76.1,41.561001
213,-1,223.0,209.0,26.0,59.0,26.820000
213,-1,207.0,209.0,26.0,59.0,26.125000
214,-1,269.0,210.0,30.8,70.0,77.795998
214,-1,219.0,213.0,26.0,59.0,55.679001
214,-1,590.0,193.0,52.0,118.0,48.991001
214,-1,159.0,202.0,33.5,76.1,39.837002
214,-1,259.0,217.0,26.0,59.0,1.039500
215,-1,269.0,210.0,30.8,70.0,72.100998
215,-1,590.0,193.0,52.0,118.0,58.632000
215,-1,217.0,210.0,28.3,64.3,56.617001
215,-1,163.0,198.0,36.8,83.4,23.653000
215,-1,231.0,217.0,26.0,59.0,18.254999
216,-1,217.0,210.0,28.3,64.3,69.934998
216,-1,267.0,207.0,33.5,76.1,56.354000
216,-1,590.0,193.0,52.0,118.0,55.293999
216,-1,225.0,214.0,28.3,64.3,23.127001
216,-1,159.0,202.0,33.5,76.1,21.125999
216,-1,462.0,193.0,52.0,118.0,8.734200
216,-1,207.0,213.0,26.0,59.0,5.437000
217,-1,215.0,217.0,26.0,59.0,73.818001
217,-1,262.0,207.0,33.5,76.1,56.476002
217,-1,590.0,193.0,52.0,118.0,49.776001
217,-1,223.0,213.0,26.0,59.0,29.740000
217,-1,163.0,198.0,36.8,83.4,26.601999
217,-1,203.0,217.0,26.0,59.0,0.406040
218,-1,264.0,214.0,30.8,70.0,67.074997
218,-1,212.0,214.0,28.3,64.3,57.679001
218,-1,598.0,193.0,52.0,118.0,44.509998
218,-1,164.0,207.0,33.5,76.1,44.084000
218,-1,227.0,217.0,26.0,59.0,9.472000
218,-1,203.0,217.0,26.0,59.0,5.454200
219,-1,262.0,207.0,33.5,76.1,56.660999
219,-1,215.0,217.0,26.0,59.0,49.918999
219,-1,159.0,202.0,33.5,76.1,38.476002
219,-1,207.0,213.0,26.0,59.0,30.017000
219,-1,590.0,193.0,52.0,118.0,17.795000
219,-1,223.0,213.0,26.0,59.0,12.568000
220,-1,260.0,214.0,30.8,70.0,62.716000
220,-1,215.0,213.0,26.0,59.0,59.678001
220,-1,598.0,193.0,52.0,118.0,50.674000
220,-1,223.0,217.0,26.0,59.0,29.173000
220,-1,204.0,210.0,28.3,64.3,24.525999
220,-1,165.0,205.0,30.8,70.0,23.040001
220,-1,469.0,208.0,47.9,108.7,6.584100
221,-1,208.0,210.0,28.3,64.3,68.792000
221,-1,259.0,204.0,36.8,83.4,54.209000
221,-1,598.0,193.0,52.0,118.0,45.824001
221,-1,217.0,214.0,28.3,64.3,39.187000
221,-1,164.0,202.0,33.5,76.1,30.000999
221,-1,199.0,209.0,26.0,59.0,26.188000
221,-1,283.0,201.0,26.0,59.0,7.782200
221,-1,231.0,213.0,26.0,59.0,1.726200
222,-1,207.0,210.0,30.8,70.0,83.205002
222,-1,259.0,204.0,36.8,83.4,67.848999
222,-1,594.0,193.0,56.9,129.1,36.187000
222,-1,221.0,214.0,28.3,64.3,34.344002
222,-1,164.0,207.0,33.5,76.1,27.799000
222,-1,198.0,205.0,30.8,70.0,14.045000
222,-1,235.0,217.0,26.0,59.0,9.472700
223,-1,207.0,210.0,30.8,70.0,70.888000
223,-1,259.0,204.0,36.8,83.4,63.741001
223,-1,227.0,213.0,26.0,59.0,36.345001
223,-1,235.0,217.0,26.0,59.0,24.646999
223,-1,163.0,198.0,36.8,83.4,24.620001
223,-1,594.0,193.0,56.9,129.1,21.693001
223,-1,198.0,205.0,30.8,70.0,20.545000
224,-1,207.0,210.0,30.8,70.0,83.139000
224,-1,259.0,204.0,36.8,83.4,73.016998
224,-1,227.0,213.0,26.0,59.0,29.452000
224,-1,598.0,193.0,52.0,118.0,25.809000
225,-1,203.0,210.0,30.8,70.0,72.457001
225,-1,265.0,204.0,36.8,83.4,51.544998
225,-1,227.0,213.0,26.0,59.0,30.292999
225,-1,594.0,200.0,47.9,108.7,19.433001
225,-1,253.0,210.0,36.8,83.4,11.818000
225,-1,164.0,202.0,33.5,76.1,9.870600
226,-1,203.0,210.0,30.8,70.0,77.384003
226,-1,263.0,198.0,40.0,90.8,60.344002
226,-1,227.0,213.0,26.0,59.0,16.704000
226,-1,164.0,197.0,33.5,76.1,16.421000
226,-1,594.0,193.0,56.9,129.1,13.897000
227,-1,203.0,210.0,30.8,70.0,81.167000
227,-1,263.0,204.0,40.0,90.8,57.030998
227,-1,227.0,213.0,26.0,59.0,34.719002
227,-1,598.0,201.0,52.0,118.0,14.639000
227,-1,164.0,202.0,33.5,76.1,10.259000
228,-1,200.0,207.0,33.5,76.1,88.259003
228,-1,263.0,198.0,40.0,90.8,62.235001
228,-1,227.0,213.0,26.0,59.0,27.728001
228,-1,169.0,202.0,33.5,76.1,26.055000
228,-1,598.0,193.0,52.0,118.0,16.476999
228,-1,188.0,210.0,30.8,70.0,5.296400
229,-1,200.0,207.0,33.5,76.1,81.022003
229,-1,270.0,204.0,36.8,83.4,59.131001
229,-1,227.0,209.0,26.0,59.0,35.395000
229,-1,169.0,202.0,33.5,76.1,30.924000
229,-1,210.0,202.0,33.5,76.1,8.736500
230,-1,200.0,207.0,33.5,76.1,77.917000
230,-1,269.0,204.0,40.0,90.8,61.296001
230,-1,227.0,209.0,26.0,59.0,38.272999
230,-1,169.0,198.0,36.8,83.4,30.250999
231,-1,203.0,210.0,30.8,70.0,83.952003
231,-1,268.0,197.0,43.9,99.5,52.291000
231,-1,227.0,209.0,26.0,59.0,43.299999
231,-1,174.0,202.0,33.5,76.1,35.493999
232,-1,200.0,207.0,33.5,76.1,61.853001
232,-1,275.0,197.0,43.9,99.5,55.066002
232,-1,174.0,202.0,33.5,76.1,35.819000
232,-1,227.0,213.0,26.0,59.0,26.858000
232,-1,567.0,193.0,26.0,59.0,9.023700
233,-1,200.0,207.0,33.5,76.1,85.015999
233,-1,275.0,197.0,43.9,99.5,51.714001
233,-1,225.0,210.0,28.3,64.3,33.222000
233,-1,569.0,188.0,28.3,64.3,12.203000
234,-1,197.0,204.0,36.8,83.4,57.328999
234,-1,275.0,197.0,43.9,99.5,52.653999
234,-1,231.0,213.0,26.0,59.0,41.237000
234,-1,223.0,209.0,26.0,59.0,24.181000
234,-1,185.0,198.0,36.8,83.4,17.917999
234,-1,517.0,148.0,86.7,196.7,11.016000
235,-1,191.0,204.0,36.8,83.4,53.960999
235,-1,278.0,193.0,47.9,108.7,52.341999
235,-1,227.0,213.0,26.0,59.0,49.976002
235,-1,179.0,207.0,33.5,76.1,12.270000
235,-1,526.0,162.0,80.0,181.5,11.291000
236,-1,191.0,204.0,36.8,83.4,67.870003
236,-1,278.0,193.0,47.9,108.7,64.282997
236,-1,225.0,206.0,28.3,64.3,54.433998
236,-1,526.0,162.0,80.0,181.5,13.153000
236,-1,180.0,198.0,36.8,83.4,13.061000
237,-1,191.0,204.0,36.8,83.4,69.431999
237,-1,285.0,193.0,47.9,108.7,52.784000
237,-1,227.0,213.0,26.0,59.0,40.817001
238,-1,191.0,210.0,36.8,83.4,77.500999
238,-1,286.0,193.0,52.0,118.0,62.980999
238,-1,180.0,204.0,36.8,83.4,51.222000
238,-1,225.0,210.0,28.3,64.3,27.030001
239,-1,286.0,193.0,52.0,118.0,78.359001
239,-1,189.0,204.0,40.0,90.8,63.151001
239,-1,230.0,210.0,28.3,64.3,41.888000
240,-1,191.0,210.0,36.8,83.4,71.639999
240,-1,294.0,193.0,52.0,118.0,53.361000
240,-1,231.0,217.0,26.0,59.0,21.183001
240,-1,202.0,215.0,36.8,83.4,19.525000
241,-1,191.0,210.0,36.8,83.4,59.520000
241,-1,302.0,193.0,52.0,118.0,49.506001
241,-1,234.0,214.0,28.3,64.3,22.879999
242,-1,187.0,204.0,43.9,99.5,60.203999
242,-1,302.0,201.0,52.0,118.0,51.507000
242,-1,234.0,214.0,28.3,64.3,30.922001
243,-1,191.0,204.0,36.8,83.4,60.740002
243,-1,305.0,193.0,56.9,129.1,54.382000
243,-1,234.0,214.0,28.3,64.3,22.339001
244,-1,187.0,204.0,43.9,99.5,57.361000
244,-1,313.0,193.0,56.9,129.1,39.263000
244,-1,296.0,184.0,56.9,129.1,24.042999
244,-1,235.0,221.0,26.0,59.0,23.672001
245,-1,187.0,204.0,43.9,99.5,53.595001
245,-1,322.0,193.0,62.2,141.2,44.362000
245,-1,234.0,214.0,28.3,64.3,38.081001
245,-1,610.0,181.0,30.8,70.0,14.662000
245,-1,303.0,184.0,62.2,141.2,11.492000
246,-1,243.0,221.0,26.0,59.0,51.708000
246,-1,189.0,200.0,47.9,108.7,50.209000
246,-1,332.0,193.0,62.2,141.2,38.639000
246,-1,255.0,221.0,26.0,59.0,18.974001
246,-1,204.0,208.0,47.9,108.7,7.930200
246,-1,314.0,193.0,47.9,108.7,5.289000
247,-1,351.0,193.0,62.2,141.2,49.994999
247,-1,251.0,221.0,26.0,59.0,49.213001
247,-1,198.0,193.0,52.0,118.0,40.053001
247,-1,267.0,221.0,26.0,59.0,21.580999
248,-1,344.0,179.0,68.0,154.4,57.630001
248,-1,198.0,193.0,52.0,118.0,36.533001
248,-1,251.0,214.0,28.3,64.3,34.340000
248,-1,271.0,217.0,26.0,59.0,2.508000
249,-1,354.0,174.0,80.0,181.5,52.209999
249,-1,255.0,210.0,30.8,70.0,40.873001
249,-1,190.0,193.0,52.0,118.0,18.240000
249,-1,180.0,238.0,36.8,83.4,16.374001
249,-1,329.0,162.0,80.0,181.5,10.085000
250,-1,354.0,174.0,80.0,181.5,59.594002
250,-1,189.0,184.0,62.2,141.2,40.047001
250,-1,259.0,221.0,26.0,59.0,32.556000
250,-1,275.0,217.0,26.0,59.0,29.625999
250,-1,423.0,225.0,26.0,59.0,1.749500
251,-1,366.0,174.0,80.0,181.5,60.395000
251,-1,179.0,184.0,62.2,141.2,49.152000
251,-1,275.0,217.0,26.0,59.0,43.709999
251,-1,259.0,221.0,26.0,59.0,37.051998
251,-1,226.0,252.0,30.8,70.0,23.069000
251,-1,231.0,204.0,36.8,83.4,6.188900
252,-1,366.0,174.0,80.0,181.5,70.387001
252,-1,189.0,184.0,62.2,141.2,50.407001
252,-1,283.0,217.0,26.0,59.0,37.466000
252,-1,264.0,214.0,28.3,64.3,34.080002
252,-1,231.0,204.0,36.8,83.4,17.961000
253,-1,383.0,162.0,86.7,196.7,66.711998
253,-1,189.0,184.0,62.2,141.2,53.386002
253,-1,271.0,221.0,26.0,59.0,27.992001
253,-1,263.0,217.0,26.0,59.0,20.723000
253,-1,291.0,217.0,26.0,59.0,20.629999
253,-1,231.0,248.0,30.8,70.0,20.516001
253,-1,236.0,204.0,36.8,83.4,14.480000
253,-1,347.0,193.0,28.3,64.3,2.591100
254,-1,397.0,162.0,86.7,196.7,62.027000
254,-1,198.0,177.0,52.0,118.0,42.282001
254,-1,210.0,254.0,33.5,76.1,24.858000
254,-1,248.0,198.0,36.8,83.4,24.301001
254,-1,295.0,217.0,26.0,59.0,22.584000
254,-1,226.0,237.0,47.9,108.7,4.338800
255,-1,410.0,162.0,86.7,196.7,60.404999
255,-1,198.0,174.0,62.2,141.2,56.970001
255,-1,307.0,213.0,26.0,59.0,43.181000
255,-1,259.0,198.0,36.8,83.4,20.209999
255,-1,282.0,210.0,28.3,64.3,14.739000
255,-1,383.0,175.0,86.7,196.7,2.591400
255,-1,226.0,237.0,47.9,108.7,1.250000
256,-1,418.0,162.0,94.5,214.6,62.969002
256,-1,197.0,168.0,68.0,154.4,44.216000
256,-1,270.0,198.0,36.8,83.4,35.097000
256,-1,311.0,213.0,26.0,59.0,24.761000
257,-1,428.0,146.0,104.0,236.0,63.321999
257,-1,197.0,168.0,68.0,154.4,46.951000
257,-1,277.0,202.0,33.5,76.1,36.828999
257,-1,312.0,206.0,28.3,64.3,36.692001
257,-1,222.0,241.0,52.0,118.0,11.079000
258,-1,191.0,161.0,74.3,168.6,58.944000
258,-1,428.0,146.0,104.0,236.0,58.741001
258,-1,270.0,193.0,36.8,83.4,44.506001
258,-1,315.0,209.0,26.0,59.0,36.977001
259,-1,189.0,164.0,62.2,141.2,49.444000
259,-1,276.0,193.0,36.8,83.4,45.102001
259,-1,445.0,122.0,112.0,254.2,41.980000
259,-1,315.0,209.0,26.0,59.0,32.634998
259,-1,235.0,249.0,26.0,59.0,17.128000
260,-1,186.0,158.0,68.0,154.4,47.747002
260,-1,315.0,209.0,26.0,59.0,44.910000
260,-1,276.0,193.0,36.8,83.4,44.818001
260,-1,445.0,122.0,112.0,254.2,36.053001
260,-1,214.0,251.0,43.9,99.5,11.763000
261,-1,461.0,118.0,125.5,284.9,54.873001
261,-1,276.0,198.0,36.8,83.4,46.158001
261,-1,315.0,213.0,26.0,59.0,39.550999
261,-1,170.0,148.0,86.7,196.7,32.801998
262,-1,276.0,204.0,36.8,83.4,52.813999
262,-1,156.0,147.0,94.5,214.6,49.720001
262,-1,480.0,118.0,125.5,284.9,34.216999
262,-1,311.0,221.0,26.0,59.0,29.228001
262,-1,264.0,223.0,28.3,64.3,9.468600
263,-1,142.0,147.0,94.5,214.6,58.139000
263,-1,276.0,204.0,36.8,83.4,52.519001
263,-1,308.0,214.0,28.3,64.3,24.965000
263,-1,508.0,178.0,104.0,236.0,22.902000
263,-1,199.0,254.0,56.9,129.1,9.148700
264,-1,124.0,146.0,104.0,236.0,72.002998
264,-1,276.0,204.0,36.8,83.4,44.952000
264,-1,311.0,221.0,26.0,59.0,26.806999
264,-1,217.0,271.0,28.3,64.3,24.271000
264,-1,524.0,194.0,104.0,236.0,5.957500
265,-1,117.0,139.0,112.0,254.2,38.532001
265,-1,302.0,214.0,30.8,70.0,28.871000
265,-1,276.0,204.0,36.8,83.4,25.563000
265,-1,198.0,233.0,52.0,118.0,25.052000
266,-1,99.0,156.0,112.0,254.2,55.851002
266,-1,276.0,210.0,36.8,83.4,39.735001
266,-1,169.0,253.0,74.3,168.6,21.125999
267,-1,276.0,215.0,36.8,83.4,42.505001
267,-1,82.0,156.0,112.0,254.2,34.126999
267,-1,287.0,210.0,36.8,83.4,21.478001
267,-1,143.0,242.0,86.7,196.7,14.333000
267,-1,267.0,229.0,26.0,59.0,8.384100
268,-1,283.0,241.0,26.0,59.0,49.058998
268,-1,260.0,219.0,30.8,70.0,26.405001
268,-1,53.0,137.0,125.5,284.9,19.997999
268,-1,117.0,255.0,86.7,196.7,14.354000
269,-1,276.0,210.0,36.8,83.4,43.366001
269,-1,265.0,215.0,36.8,83.4,37.210999
269,-1,34.0,118.0,125.5,284.9,21.976999
269,-1,126.0,265.0,52.0,118.0,17.923000
270,-1,250.0,219.0,30.8,70.0,42.148998
270,-1,265.0,210.0,36.8,83.4,38.977001
271,-1,247.0,229.0,26.0,59.0,45.903000
271,-1,265.0,204.0,36.8,83.4,41.101002
272,-1,265.0,210.0,36.8,83.4,48.911999
272,-1,236.0,212.0,33.5,76.1,44.002998
273,-1,257.0,204.0,40.0,90.8,63.351002
273,-1,235.0,225.0,26.0,59.0,40.328999
274,-1,259.0,204.0,36.8,83.4,42.582001
274,-1,231.0,214.0,30.8,70.0,39.077999
274,-1,173.0,249.0,28.3,64.3,1.538800
275,-1,230.0,219.0,28.3,64.3,62.460999
275,-1,262.0,217.0,33.5,76.1,48.849998
276,-1,226.0,214.0,30.8,70.0,54.627998
276,-1,259.0,204.0,36.8,83.4,45.602001
276,-1,279.0,233.0,26.0,59.0,22.594000
276,-1,379.0,209.0,26.0,59.0,9.769600
277,-1,227.0,225.0,26.0,59.0,61.617001
277,-1,262.0,217.0,33.5,76.1,48.821999
278,-1,215.0,207.0,33.5,76.1,74.125000
278,-1,248.0,190.0,43.9,99.5,48.819000
278,-1,510.0,185.0,52.0,118.0,15.213000
278,-1,151.0,248.0,30.8,70.0,4.371400
279,-1,207.0,210.0,30.8,70.0,50.018002
279,-1,238.0,198.0,40.0,90.8,48.348000
279,-1,253.0,210.0,36.8,83.4,20.507999
279,-1,510.0,185.0,52.0,118.0,6.060200
280,-1,200.0,207.0,33.5,76.1,68.232002
280,-1,241.0,190.0,43.9,99.5,43.563999
280,-1,226.0,198.0,40.0,90.8,16.702000
280,-1,502.0,185.0,52.0,118.0,13.509000
280,-1,351.0,209.0,26.0,59.0,6.554200
281,-1,193.0,210.0,30.8,70.0,65.725998
281,-1,234.0,190.0,43.9,99.5,42.631001
281,-1,220.0,198.0,40.0,90.8,22.612000
281,-1,502.0,185.0,52.0,118.0,19.264000
281,-1,367.0,201.0,26.0,59.0,19.118000
281,-1,339.0,209.0,26.0,59.0,18.398001
281,-1,208.0,192.0,40.0,90.8,9.513500
282,-1,185.0,207.0,33.5,76.1,66.632004
282,-1,227.0,190.0,43.9,99.5,49.979000
282,-1,215.0,207.0,33.5,76.1,26.294001
282,-1,359.0,201.0,26.0,59.0,18.580000
283,-1,174.0,207.0,33.5,76.1,60.634998
283,-1,239.0,237.0,26.0,59.0,49.595001
283,-1,210.0,207.0,33.5,76.1,27.190001
283,-1,331.0,209.0,26.0,59.0,14.396000
283,-1,221.0,212.0,33.5,76.1,4.039800
284,-1,169.0,204.0,36.8,83.4,59.761002
284,-1,231.0,237.0,26.0,59.0,48.435001
284,-1,202.0,198.0,40.0,90.8,23.326000
284,-1,347.0,205.0,26.0,59.0,10.904000
284,-1,327.0,213.0,26.0,59.0,9.479900
285,-1,163.0,204.0,36.8,83.4,66.306000
285,-1,231.0,237.0,26.0,59.0,41.355999
285,-1,195.0,198.0,40.0,90.8,39.419998
285,-1,347.0,205.0,26.0,59.0,17.579000
285,-1,323.0,209.0,26.0,59.0,17.106001
285,-1,208.0,204.0,40.0,90.8,7.159900
286,-1,163.0,204.0,36.8,83.4,54.647999
286,-1,197.0,204.0,36.8,83.4,43.109001
286,-1,214.0,197.0,43.9,99.5,30.716999
286,-1,319.0,213.0,26.0,59.0,15.722000
286,-1,343.0,205.0,26.0,59.0,11.460000
287,-1,163.0,204.0,36.8,83.4,47.775002
287,-1,191.0,204.0,36.8,83.4,40.766998
287,-1,211.0,186.0,47.9,108.7,34.136002
287,-1,319.0,209.0,26.0,59.0,17.854000
288,-1,163.0,198.0,36.8,83.4,57.563000
288,-1,219.0,210.0,36.8,83.4,44.617001
288,-1,195.0,207.0,33.5,76.1,29.110001
288,-1,318.0,145.0,52.0,118.0,9.438400
289,-1,157.0,204.0,36.8,83.4,73.385002
289,-1,219.0,210.0,36.8,83.4,50.543999
289,-1,191.0,204.0,36.8,83.4,43.863998
289,-1,510.0,201.0,52.0,118.0,1.662500
290,-1,157.0,204.0,36.8,83.4,60.748001
290,-1,189.0,198.0,40.0,90.8,41.941002
290,-1,219.0,186.0,47.9,108.7,35.471001
290,-1,343.0,197.0,28.3,64.3,8.416900
291,-1,152.0,210.0,36.8,83.4,55.133999
291,-1,191.0,210.0,36.8,83.4,49.695000
291,-1,214.0,197.0,43.9,99.5,37.924000
291,-1,319.0,209.0,26.0,59.0,31.405001
291,-1,163.0,204.0,36.8,83.4,8.449000
291,-1,311.0,213.0,26.0,59.0,3.981700
292,-1,214.0,185.0,52.0,118.0,53.402000
292,-1,146.0,204.0,40.0,90.8,46.326000
292,-1,185.0,204.0,36.8,83.4,44.304001
292,-1,315.0,213.0,26.0,59.0,32.513000
292,-1,347.0,201.0,26.0,59.0,11.375000
292,-1,510.0,201.0,52.0,118.0,3.736400
293,-1,214.0,197.0,43.9,99.5,66.528000
293,-1,185.0,204.0,36.8,83.4,52.443001
293,-1,146.0,204.0,36.8,83.4,34.620998
293,-1,315.0,213.0,26.0,59.0,27.473000
293,-1,515.0,193.0,56.9,129.1,3.956500
294,-1,214.0,197.0,43.9,99.5,62.235001
294,-1,185.0,212.0,33.5,76.1,47.362999
294,-1,311.0,209.0,26.0,59.0,33.620998
294,-1,135.0,204.0,36.8,83.4,22.082001
294,-1,515.0,193.0,56.9,129.1,3.608300
295,-1,211.0,186.0,47.9,108.7,53.773998
295,-1,177.0,198.0,40.0,90.8,45.407001
295,-1,140.0,198.0,36.8,83.4,38.491001
295,-1,311.0,205.0,26.0,59.0,33.237000
295,-1,194.0,197.0,43.9,99.5,17.357000
296,-1,211.0,186.0,47.9,108.7,55.113998
296,-1,180.0,190.0,43.9,99.5,50.075001
296,-1,140.0,198.0,40.0,90.8,45.769001
296,-1,311.0,209.0,26.0,59.0,29.316000
296,-1,343.0,197.0,28.3,64.3,16.150000
297,-1,211.0,186.0,47.9,108.7,56.584000
297,-1,175.0,186.0,47.9,108.7,47.206001
297,-1,134.0,198.0,40.0,90.8,37.612999
297,-1,311.0,209.0,26.0,59.0,31.695999
297,-1,343.0,193.0,28.3,64.3,17.447001
298,-1,135.0,204.0,36.8,83.4,44.207001
298,-1,180.0,210.0,36.8,83.4,41.928001
298,-1,231.0,237.0,26.0,59.0,40.557999
298,-1,311.0,213.0,26.0,59.0,33.456001
298,-1,343.0,197.0,26.0,59.0,12.610000
299,-1,180.0,210.0,36.8,83.4,48.025002
299,-1,227.0,241.0,26.0,59.0,44.780998
299,-1,126.0,197.0,43.9,99.5,42.792000
299,-1,311.0,213.0,26.0,59.0,25.018000
299,-1,55.0,187.0,36.8,83.4,24.065001
300,-1,231.0,237.0,26.0,59.0,48.428001
300,-1,183.0,237.0,26.0,59.0,38.375999
300,-1,311.0,209.0,26.0,59.0,35.105000
300,-1,126.0,197.0,43.9,99.5,33.286999
300,-1,56.0,236.0,28.3,64.3,27.830999
300,-1,343.0,197.0,28.3,64.3,5.043400
301,-1,219.0,210.0,36.8,83.4,45.303001
301,-1,173.0,190.0,43.9,99.5,40.444000
301,-1,50.0,186.0,47.9,108.7,33.223999
301,-1,311.0,213.0,26.0,59.0,31.259001
301,-1,126.0,197.0,43.9,99.5,27.184999
301,-1,160.0,197.0,43.9,99.5,0.027856
302,-1,227.0,237.0,26.0,59.0,58.595001
302,-1,167.0,186.0,47.9,108.7,47.050999
302,-1,38.0,185.0,52.0,118.0,46.516998
302,-1,307.0,209.0,26.0,59.0,37.794998
302,-1,128.0,204.0,40.0,90.8,34.978001
302,-1,334.0,145.0,52.0,118.0,8.147600
303,-1,167.0,186.0,47.9,108.7,58.526001
303,-1,214.0,190.0,43.9,99.5,42.080002
303,-1,42.0,176.0,56.9,129.1,38.710999
303,-1,120.0,197.0,43.9,99.5,25.381001
303,-1,311.0,209.0,26.0,59.0,19.941999
304,-1,223.0,237.0,26.0,59.0,53.125999
304,-1,42.0,186.0,47.9,108.7,45.160999
304,-1,120.0,197.0,43.9,99.5,42.837002
304,-1,179.0,229.0,30.8,70.0,39.446999
304,-1,311.0,209.0,26.0,59.0,28.271000
304,-1,352.0,197.0,28.3,64.3,27.177000
304,-1,234.0,232.0,28.3,64.3,4.119700
305,-1,38.0,177.0,52.0,118.0,56.902000
305,-1,174.0,215.0,36.8,83.4,49.957001
305,-1,122.0,210.0,40.0,90.8,46.335999
305,-1,206.0,185.0,52.0,118.0,37.401001
305,-1,107.0,223.0,33.5,76.1,25.568001
305,-1,307.0,209.0,26.0,59.0,21.719000
305,-1,347.0,197.0,28.3,64.3,7.471600
306,-1,33.0,176.0,56.9,129.1,56.426998
306,-1,158.0,185.0,52.0,118.0,49.984001
306,-1,122.0,210.0,40.0,90.8,49.587002
306,-1,219.0,215.0,36.8,83.4,36.430000
306,-1,307.0,213.0,26.0,59.0,29.620001
306,-1,352.0,197.0,28.3,64.3,25.863001
306,-1,111.0,241.0,26.0,59.0,10.972000
307,-1,160.0,193.0,47.9,108.7,55.566002
307,-1,26.0,174.0,62.2,141.2,53.714001
307,-1,219.0,245.0,26.0,59.0,39.551998
307,-1,113.0,204.0,43.9,99.5,34.852001
307,-1,303.0,213.0,26.0,59.0,26.160999
307,-1,345.0,195.0,30.8,70.0,18.490000
307,-1,143.0,213.0,26.0,59.0,-0.225310
308,-1,150.0,185.0,52.0,118.0,51.506001
308,-1,26.0,174.0,62.2,141.2,45.674000
308,-1,215.0,245.0,26.0,59.0,41.514999
308,-1,113.0,204.0,43.9,99.5,40.547001
308,-1,303.0,213.0,26.0,59.0,18.122999
308,-1,99.0,197.0,43.9,99.5,9.737700
308,-1,223.0,241.0,26.0,59.0,8.764600
308,-1,59.0,184.0,56.9,129.1,5.925900
309,-1,26.0,174.0,62.2,141.2,48.477001
309,-1,147.0,176.0,56.9,129.1,44.730999
309,-1,109.0,210.0,40.0,90.8,43.237000
309,-1,198.0,185.0,52.0,118.0,40.264999
309,-1,299.0,209.0,26.0,59.0,29.509001
309,-1,79.0,193.0,47.9,108.7,13.011000
310,-1,18.0,168.0,68.0,154.4,58.199001
310,-1,299.0,209.0,26.0,59.0,48.195999
310,-1,106.0,204.0,43.9,99.5,39.965000
310,-1,159.0,228.0,33.5,76.1,38.105000
310,-1,198.0,185.0,52.0,118.0,31.787001
310,-1,70.0,185.0,52.0,118.0,21.802000
310,-1,343.0,197.0,28.3,64.3,13.747000
311,-1,18.0,168.0,68.0,154.4,76.680000
311,-1,142.0,185.0,52.0,118.0,42.158001
311,-1,299.0,209.0,26.0,59.0,41.958000
311,-1,94.0,185.0,52.0,118.0,36.801998
311,-1,215.0,241.0,26.0,59.0,25.445000
311,-1,343.0,197.0,28.3,64.3,16.888000
311,-1,62.0,185.0,52.0,118.0,11.885000
312,-1,18.0,168.0,68.0,154.4,54.426998
312,-1,142.0,185.0,52.0,118.0,43.502998
312,-1,103.0,216.0,40.0,90.8,39.254002
312,-1,190.0,185.0,52.0,118.0,38.380001
312,-1,299.0,213.0,26.0,59.0,36.408001
312,-1,226.0,219.0,30.8,70.0,30.098000
312,-1,308.0,206.0,28.3,64.3,11.941000
313,-1,18.0,168.0,68.0,154.4,44.849998
313,-1,99.0,210.0,43.9,99.5,43.075001
313,-1,190.0,185.0,52.0,118.0,41.776001
313,-1,142.0,185.0,52.0,118.0,34.233002
313,-1,225.0,223.0,28.3,64.3,20.528999
313,-1,295.0,209.0,26.0,59.0,16.117001
313,-1,315.0,209.0,26.0,59.0,6.559400
313,-1,340.0,195.0,30.8,70.0,4.996600
314,-1,182.0,185.0,52.0,118.0,46.598999
314,-1,86.0,193.0,52.0,118.0,43.381001
314,-1,152.0,227.0,36.8,83.4,42.505001
314,-1,295.0,213.0,26.0,59.0,36.827000
314,-1,9.0,161.0,74.3,168.6,31.556999
314,-1,222.0,219.0,30.8,70.0,21.971001
315,-1,86.0,193.0,52.0,118.0,45.814999
315,-1,129.0,184.0,56.9,129.1,41.466999
315,-1,217.0,219.0,30.8,70.0,38.576000
315,-1,203.0,245.0,26.0,59.0,37.932999
315,-1,295.0,209.0,26.0,59.0,30.670000
315,-1,-17.0,148.0,86.7,196.7,26.816000
315,-1,340.0,195.0,30.8,70.0,24.259001
316,-1,215.0,217.0,33.5,76.1,52.972000
316,-1,86.0,193.0,52.0,118.0,45.030998
316,-1,129.0,184.0,56.9,129.1,37.439999
316,-1,295.0,213.0,26.0,59.0,37.403999
316,-1,203.0,245.0,26.0,59.0,27.715000
316,-1,-15.0,162.0,80.0,181.5,26.378000
316,-1,339.0,192.0,33.5,76.1,14.034000
316,-1,185.0,228.0,33.5,76.1,13.486000
317,-1,210.0,212.0,33.5,76.1,60.443001
317,-1,86.0,210.0,43.9,99.5,47.338001
317,-1,193.0,233.0,30.8,70.0,31.931999
317,-1,129.0,184.0,56.9,129.1,31.417000
317,-1,295.0,209.0,26.0,59.0,27.164000
317,-1,-17.0,148.0,86.7,196.7,26.483000
317,-1,339.0,192.0,33.5,76.1,22.377001
317,-1,174.0,215.0,36.8,83.4,16.187000
318,-1,210.0,212.0,33.5,76.1,66.060997
318,-1,291.0,209.0,26.0,59.0,42.571999
318,-1,121.0,184.0,56.9,129.1,33.813999
318,-1,166.0,185.0,52.0,118.0,33.412998
318,-1,85.0,222.0,40.0,90.8,28.802000
318,-1,339.0,192.0,33.5,76.1,26.843000
318,-1,203.0,245.0,26.0,59.0,23.671000
318,-1,299.0,213.0,26.0,59.0,23.434000
318,-1,-15.0,149.0,80.0,181.5,16.260000
319,-1,208.0,210.0,36.8,83.4,81.690002
319,-1,291.0,209.0,26.0,59.0,49.174000
319,-1,79.0,217.0,43.9,99.5,36.939999
319,-1,166.0,185.0,52.0,118.0,32.208000
319,-1,122.0,174.0,62.2,141.2,30.429001
319,-1,197.0,215.0,36.8,83.4,29.076000
319,-1,339.0,192.0,33.5,76.1,17.059999
319,-1,-17.0,148.0,86.7,196.7,0.264540
320,-1,208.0,210.0,36.8,83.4,75.538002
320,-1,70.0,201.0,52.0,118.0,32.755001
320,-1,118.0,193.0,52.0,118.0,30.410999
320,-1,171.0,241.0,26.0,59.0,29.954000
320,-1,335.0,191.0,30.8,70.0,18.660000
320,-1,291.0,205.0,26.0,59.0,10.096000
321,-1,202.0,210.0,36.8,83.4,83.904999
321,-1,112.0,184.0,56.9,129.1,41.386002
321,-1,164.0,241.0,28.3,64.3,30.813999
321,-1,64.0,208.0,47.9,108.7,25.385000
321,-1,287.0,209.0,26.0,59.0,16.400000
322,-1,197.0,210.0,36.8,83.4,91.240997
322,-1,283.0,213.0,26.0,59.0,36.028000
322,-1,110.0,193.0,52.0,118.0,30.450001
322,-1,329.0,192.0,33.5,76.1,28.705999
322,-1,159.0,245.0,26.0,59.0,23.872999
322,-1,54.0,201.0,52.0,118.0,21.872999
323,-1,191.0,210.0,36.8,83.4,81.469002
323,-1,147.0,241.0,28.3,64.3,49.008999
323,-1,275.0,209.0,26.0,59.0,42.641998
323,-1,107.0,238.0,33.5,76.1,27.855000
323,-1,46.0,201.0,52.0,118.0,25.099001
323,-1,324.0,192.0,33.5,76.1,21.827999
323,-1,180.0,215.0,36.8,83.4,10.999000
323,-1,283.0,205.0,26.0,59.0,8.145700
324,-1,183.0,204.0,40.0,90.8,87.000999
324,-1,271.0,205.0,26.0,59.0,49.867001
324,-1,101.0,232.0,36.8,83.4,30.584000
324,-1,139.0,245.0,26.0,59.0,30.245001
324,-1,26.0,174.0,62.2,141.2,23.469000
324,-1,319.0,186.0,33.5,76.1,17.816999
324,-1,147.0,241.0,26.0,59.0,16.601000
324,-1,131.0,237.0,26.0,59.0,3.454100
324,-1,247.0,205.0,26.0,59.0,1.140400
325,-1,180.0,210.0,36.8,83.4,75.656998
325,-1,267.0,205.0,26.0,59.0,46.506001
325,-1,17.0,174.0,62.2,141.2,33.407001
325,-1,91.0,228.0,40.0,90.8,28.160999
325,-1,195.0,217.0,33.5,76.1,26.639999
325,-1,122.0,210.0,40.0,90.8,19.848000
325,-1,169.0,204.0,36.8,83.4,1.354300
326,-1,185.0,215.0,36.8,83.4,77.544998
326,-1,174.0,210.0,36.8,83.4,56.276001
326,-1,267.0,205.0,26.0,59.0,54.002998
326,-1,15.0,193.0,56.9,129.1,28.613001
326,-1,89.0,232.0,36.8,83.4,24.530001
326,-1,331.0,197.0,26.0,59.0,15.766000
327,-1,180.0,204.0,43.9,99.5,83.556999
327,-1,263.0,209.0,26.0,59.0,52.564999
327,-1,85.0,235.0,40.0,90.8,31.219999
327,-1,167.0,197.0,43.9,99.5,26.594999
327,-1,8.0,168.0,68.0,154.4,20.882000
327,-1,272.0,192.0,33.5,76.1,17.537001
327,-1,314.0,186.0,33.5,76.1,14.651000
328,-1,173.0,210.0,43.9,99.5,84.945999
328,-1,263.0,213.0,26.0,59.0,51.084000
328,-1,187.0,204.0,43.9,99.5,50.698002
328,-1,66.0,161.0,74.3,168.6,37.699001
328,-1,271.0,209.0,26.0,59.0,8.492200
329,-1,173.0,210.0,43.9,99.5,90.013000
329,-1,263.0,209.0,26.0,59.0,46.247002
329,-1,54.0,161.0,74.3,168.6,29.573000
329,-1,603.0,213.0,26.0,59.0,14.185000
330,-1,175.0,200.0,47.9,108.7,90.511002
330,-1,263.0,209.0,26.0,59.0,42.933998
330,-1,54.0,161.0,74.3,168.6,37.222000
330,-1,603.0,209.0,26.0,59.0,30.726999
330,-1,155.0,213.0,26.0,59.0,18.742001
331,-1,177.0,216.0,40.0,90.8,92.283997
331,-1,50.0,179.0,68.0,154.4,46.469002
331,-1,165.0,210.0,40.0,90.8,22.326000
331,-1,154.0,207.0,33.5,76.1,21.624001
331,-1,259.0,213.0,26.0,59.0,20.087999
331,-1,319.0,197.0,33.5,76.1,17.091000
331,-1,600.0,201.0,28.3,64.3,13.252000
331,-1,308.0,192.0,33.5,76.1,2.861600
332,-1,175.0,208.0,47.9,108.7,91.098999
332,-1,43.0,161.0,74.3,168.6,51.592999
332,-1,160.0,200.0,47.9,108.7,44.179001
332,-1,600.0,201.0,28.3,64.3,43.102001
332,-1,263.0,209.0,26.0,59.0,38.536999
332,-1,203.0,214.0,30.8,70.0,23.282000
332,-1,255.0,213.0,26.0,59.0,19.424000
332,-1,323.0,217.0,26.0,59.0,13.361000
333,-1,175.0,208.0,47.9,108.7,90.686996
333,-1,43.0,173.0,74.3,168.6,54.231998
333,-1,160.0,200.0,47.9,108.7,45.521999
333,-1,259.0,213.0,26.0,59.0,44.181999
333,-1,596.0,200.0,30.8,70.0,32.916000
333,-1,207.0,229.0,26.0,59.0,14.162000
333,-1,222.0,238.0,30.8,70.0,7.286000
334,-1,174.0,201.0,52.0,118.0,74.180000
334,-1,31.0,173.0,74.3,168.6,51.140999
334,-1,259.0,217.0,26.0,59.0,40.324001
334,-1,158.0,210.0,40.0,90.8,39.566002
334,-1,215.0,233.0,26.0,59.0,22.510000
334,-1,310.0,187.0,36.8,83.4,21.826000
334,-1,599.0,209.0,26.0,59.0,19.938000
335,-1,166.0,209.0,52.0,118.0,78.223999
335,-1,22.0,162.0,80.0,181.5,51.444000
335,-1,150.0,201.0,52.0,118.0,42.053001
335,-1,259.0,213.0,26.0,59.0,36.474998
335,-1,219.0,237.0,26.0,59.0,21.349001
335,-1,204.0,232.0,28.3,64.3,15.155000
335,-1,595.0,209.0,26.0,59.0,14.940000
336,-1,166.0,209.0,52.0,118.0,82.150002
336,-1,259.0,213.0,26.0,59.0,60.775002
336,-1,22.0,162.0,80.0,181.5,44.410999
336,-1,595.0,209.0,26.0,59.0,28.905001
336,-1,310.0,187.0,36.8,83.4,14.805000
336,-1,202.0,210.0,36.8,83.4,14.154000
336,-1,223.0,237.0,26.0,59.0,2.525200
336,-1,145.0,208.0,47.9,108.7,0.824560
337,-1,158.0,209.0,52.0,118.0,68.887001
337,-1,18.0,189.0,68.0,154.4,38.416000
337,-1,259.0,213.0,26.0,59.0,30.607000
337,-1,174.0,201.0,52.0,118.0,22.983999
337,-1,310.0,187.0,36.8,83.4,19.579000
337,-1,595.0,205.0,26.0,59.0,8.146800
338,-1,174.0,254.0,33.5,76.1,79.310997
338,-1,255.0,213.0,26.0,59.0,58.737000
338,-1,591.0,209.0,26.0,59.0,51.312000
338,-1,138.0,202.0,56.9,129.1,44.358002
338,-1,8.0,189.0,68.0,154.4,36.682999
338,-1,211.0,237.0,26.0,59.0,16.875999
338,-1,306.0,185.0,40.0,90.8,15.565000
339,-1,169.0,254.0,33.5,76.1,78.244003
339,-1,255.0,209.0,26.0,59.0,42.007000
339,-1,591.0,205.0,26.0,59.0,39.486000
339,-1,8.0,189.0,68.0,154.4,33.556999
339,-1,306.0,179.0,40.0,90.8,32.285999
339,-1,138.0,193.0,47.9,108.7,30.459000
339,-1,190.0,217.0,33.5,76.1,15.835000
339,-1,211.0,237.0,26.0,59.0,13.460000
339,-1,179.0,248.0,33.5,76.1,8.978100
339,-1,159.0,259.0,33.5,76.1,6.115400
340,-1,141.0,193.0,62.2,141.2,69.966003
340,-1,255.0,209.0,26.0,59.0,53.862000
340,-1,160.0,203.0,62.2,141.2,32.201000
340,-1,-3.0,184.0,74.3,168.6,22.951000
340,-1,306.0,179.0,40.0,90.8,14.629000
340,-1,208.0,236.0,28.3,64.3,2.407000
341,-1,141.0,193.0,62.2,141.2,65.707001
341,-1,255.0,209.0,26.0,59.0,50.305000
341,-1,122.0,203.0,62.2,141.2,16.863001
341,-1,-14.0,184.0,74.3,168.6,13.955000
341,-1,219.0,233.0,26.0,59.0,13.605000
342,-1,134.0,189.0,68.0,154.4,76.224998
342,-1,255.0,209.0,26.0,59.0,58.889000
342,-1,587.0,205.0,26.0,59.0,26.611000
342,-1,155.0,200.0,68.0,154.4,18.593000
342,-1,306.0,179.0,40.0,90.8,13.250000
342,-1,113.0,200.0,68.0,154.4,10.442000
343,-1,134.0,184.0,74.3,168.6,63.324001
343,-1,259.0,209.0,26.0,59.0,56.287998
343,-1,111.0,173.0,74.3,168.6,36.688999
343,-1,251.0,213.0,26.0,59.0,13.240000
343,-1,306.0,179.0,40.0,90.8,8.327200
344,-1,123.0,184.0,74.3,168.6,69.191002
344,-1,255.0,209.0,26.0,59.0,64.367996
344,-1,311.0,209.0,26.0,59.0,17.122999
344,-1,155.0,179.0,68.0,154.4,15.684000
344,-1,100.0,173.0,74.3,168.6,12.211000
344,-1,587.0,205.0,26.0,59.0,12.080000
345,-1,259.0,205.0,26.0,59.0,71.557999
345,-1,108.0,174.0,80.0,181.5,64.365997
345,-1,251.0,209.0,26.0,59.0,36.126999
345,-1,311.0,209.0,26.0,59.0,24.677000
345,-1,146.0,173.0,74.3,168.6,21.080999
345,-1,587.0,201.0,26.0,59.0,4.960200
346,-1,100.0,184.0,74.3,168.6,71.002998
346,-1,255.0,205.0,26.0,59.0,70.591003
346,-1,123.0,196.0,74.3,168.6,18.858999
346,-1,587.0,197.0,26.0,59.0,5.177900
346,-1,307.0,209.0,26.0,59.0,0.139650
347,-1,90.0,175.0,86.7,196.7,71.301003
347,-1,255.0,201.0,26.0,59.0,67.157997
347,-1,311.0,201.0,26.0,59.0,17.427999
347,-1,164.0,223.0,33.5,76.1,5.420600
348,-1,255.0,205.0,26.0,59.0,72.135002
348,-1,77.0,188.0,86.7,196.7,67.457001
348,-1,113.0,176.0,94.5,214.6,11.198000
349,-1,255.0,209.0,26.0,59.0,65.189003
349,-1,60.0,162.0,104.0,236.0,62.754002
349,-1,175.0,209.0,26.0,59.0,40.782001
349,-1,312.0,206.0,28.3,64.3,18.030001
349,-1,247.0,205.0,26.0,59.0,11.855000
350,-1,60.0,162.0,104.0,236.0,65.330002
350,-1,251.0,209.0,26.0,59.0,47.058998
350,-1,169.0,206.0,28.3,64.3,14.574000
351,-1,77.0,280.0,56.9,129.1,56.547001
351,-1,255.0,209.0,26.0,59.0,34.450001
351,-1,94.0,272.0,56.9,129.1,22.282000
351,-1,169.0,206.0,28.3,64.3,17.770000
351,-1,312.0,210.0,28.3,64.3,17.566999
351,-1,31.0,173.0,74.3,168.6,13.813000
351,-1,330.0,210.0,28.3,64.3,13.685000
351,-1,247.0,213.0,26.0,59.0,13.117000
352,-1,66.0,253.0,74.3,168.6,75.884003
352,-1,255.0,209.0,26.0,59.0,64.349998
352,-1,22.0,174.0,80.0,181.5,32.949001
352,-1,318.0,179.0,40.0,90.8,19.525000
352,-1,169.0,206.0,28.3,64.3,19.052999
352,-1,587.0,201.0,26.0,59.0,12.823000
352,-1,151.0,209.0,26.0,59.0,12.726000
352,-1,483.0,201.0,26.0,59.0,11.389000
353,-1,251.0,213.0,26.0,59.0,52.824001
353,-1,15.0,156.0,125.5,284.9,47.199001
353,-1,587.0,205.0,26.0,59.0,29.976999
353,-1,171.0,213.0,26.0,59.0,26.912001
353,-1,191.0,217.0,26.0,59.0,13.289000
353,-1,483.0,201.0,26.0,59.0,2.865900
354,-1,251.0,213.0,26.0,59.0,65.059998
354,-1,169.0,210.0,28.3,64.3,40.226002
354,-1,50.0,273.0,68.0,154.4,28.513000
354,-1,9.0,285.0,80.0,181.5,25.466000
354,-1,587.0,205.0,26.0,59.0,17.944000
354,-1,155.0,209.0,26.0,59.0,15.679000
354,-1,311.0,209.0,26.0,59.0,11.093000
355,-1,251.0,213.0,26.0,59.0,51.304001
355,-1,587.0,201.0,26.0,59.0,40.318001
355,-1,165.0,205.0,30.8,70.0,32.264000
355,-1,151.0,209.0,26.0,59.0,25.809000
355,-1,321.0,176.0,36.8,83.4,19.228001
355,-1,10.0,268.0,86.7,196.7,17.357000
355,-1,-17.0,282.0,86.7,196.7,12.323000
356,-1,251.0,209.0,26.0,59.0,59.243999
356,-1,587.0,201.0,26.0,59.0,41.627998
356,-1,22.0,285.0,80.0,181.5,39.936001
356,-1,151.0,209.0,26.0,59.0,27.909000
356,-1,164.0,210.0,28.3,64.3,25.556999
356,-1,318.0,173.0,40.0,90.8,10.122000
356,-1,-4.0,118.0,94.5,214.6,7.184600
356,-1,215.0,205.0,26.0,59.0,5.951100
356,-1,188.0,205.0,30.8,70.0,5.582300
357,-1,255.0,205.0,26.0,59.0,54.426998
357,-1,587.0,201.0,26.0,59.0,48.198002
357,-1,151.0,205.0,26.0,59.0,36.373001
357,-1,160.0,206.0,28.3,64.3,25.042999
357,-1,247.0,209.0,26.0,59.0,23.129999
357,-1,321.0,206.0,28.3,64.3,16.153000
357,-1,215.0,205.0,26.0,59.0,15.547000
357,-1,191.0,221.0,26.0,59.0,4.355400
358,-1,251.0,209.0,26.0,59.0,57.727001
358,-1,587.0,201.0,26.0,59.0,39.917000
358,-1,259.0,205.0,26.0,59.0,22.596001
358,-1,159.0,197.0,33.5,76.1,20.462999
358,-1,331.0,209.0,26.0,59.0,18.108999
358,-1,191.0,217.0,26.0,59.0,1.084600
359,-1,251.0,205.0,26.0,59.0,62.287998
359,-1,154.0,197.0,33.5,76.1,29.289000
359,-1,334.0,206.0,28.3,64.3,26.600000
359,-1,587.0,197.0,26.0,59.0,24.716000
359,-1,323.0,205.0,26.0,59.0,19.035000
359,-1,219.0,201.0,26.0,59.0,4.362600
359,-1,191.0,217.0,26.0,59.0,3.936000
359,-1,164.0,202.0,33.5,76.1,1.034100
360,-1,251.0,205.0,26.0,59.0,48.633999
360,-1,591.0,197.0,26.0,59.0,40.483002
360,-1,159.0,197.0,33.5,76.1,33.112999
360,-1,330.0,206.0,28.3,64.3,22.004000
361,-1,255.0,205.0,26.0,59.0,52.852001
361,-1,159.0,197.0,33.5,76.1,26.025999
361,-1,333.0,193.0,36.8,83.4,13.082000
361,-1,311.0,201.0,26.0,59.0,7.946800
361,-1,185.0,202.0,33.5,76.1,5.024100
362,-1,255.0,205.0,26.0,59.0,60.942001
362,-1,152.0,193.0,36.8,83.4,30.993999
362,-1,185.0,202.0,33.5,76.1,8.308900
362,-1,331.0,200.0,30.8,70.0,6.172200
363,-1,251.0,205.0,26.0,59.0,71.954002
363,-1,163.0,217.0,26.0,59.0,22.350000
363,-1,195.0,221.0,26.0,59.0,17.718000
363,-1,219.0,201.0,26.0,59.0,4.733800
363,-1,151.0,214.0,28.3,64.3,3.808400
364,-1,251.0,205.0,26.0,59.0,48.949001
364,-1,191.0,225.0,26.0,59.0,21.781000
364,-1,146.0,193.0,36.8,83.4,10.102000
365,-1,251.0,209.0,26.0,59.0,52.424000
365,-1,191.0,225.0,26.0,59.0,48.451000
365,-1,146.0,192.0,40.0,90.8,29.653000
365,-1,339.0,202.0,33.5,76.1,16.372000
365,-1,307.0,205.0,26.0,59.0,5.222000
366,-1,251.0,205.0,26.0,59.0,79.802002
366,-1,191.0,225.0,26.0,59.0,40.748001
366,-1,151.0,210.0,30.8,70.0,28.697001
366,-1,335.0,205.0,30.8,70.0,14.483000
366,-1,311.0,205.0,26.0,59.0,11.873000
366,-1,219.0,205.0,26.0,59.0,3.753100
367,-1,251.0,205.0,26.0,59.0,65.113998
367,-1,193.0,214.0,30.8,70.0,28.285000
367,-1,146.0,210.0,30.8,70.0,27.281000
367,-1,335.0,205.0,30.8,70.0,18.589001
367,-1,183.0,229.0,26.0,59.0,6.963200
368,-1,251.0,209.0,26.0,59.0,50.092999
368,-1,186.0,223.0,28.3,64.3,34.629002
368,-1,587.0,201.0,26.0,59.0,26.899000
368,-1,311.0,205.0,26.0,59.0,15.251000
368,-1,146.0,210.0,30.8,70.0,9.882700
369,-1,255.0,205.0,26.0,59.0,64.935997
369,-1,186.0,223.0,28.3,64.3,26.500999
369,-1,133.0,183.0,43.9,99.5,13.297000
369,-1,219.0,205.0,26.0,59.0,9.529500
369,-1,195.0,219.0,28.3,64.3,5.775500
369,-1,308.0,197.0,28.3,64.3,2.718000
369,-1,587.0,193.0,28.3,64.3,0.842240
370,-1,255.0,209.0,26.0,59.0,59.351002
370,-1,334.0,161.0,52.0,118.0,16.292999
370,-1,185.0,212.0,33.5,76.1,14.857000
370,-1,135.0,198.0,36.8,83.4,10.330000
370,-1,223.0,205.0,26.0,59.0,5.556500
370,-1,167.0,201.0,26.0,59.0,3.797900
371,-1,255.0,209.0,26.0,59.0,48.199001
371,-1,179.0,229.0,26.0,59.0,40.084999
371,-1,219.0,205.0,26.0,59.0,20.326000
371,-1,190.0,223.0,28.3,64.3,16.969999
371,-1,203.0,229.0,26.0,59.0,6.775900
371,-1,312.0,201.0,28.3,64.3,5.415900
371,-1,136.0,214.0,30.8,70.0,3.234800
371,-1,297.0,191.0,30.8,70.0,2.489800
372,-1,259.0,209.0,26.0,59.0,49.722000
372,-1,177.0,227.0,28.3,64.3,23.549999
372,-1,335.0,205.0,26.0,59.0,19.257000
372,-1,138.0,212.0,33.5,76.1,16.104000
372,-1,223.0,209.0,26.0,59.0,15.789000
372,-1,203.0,237.0,26.0,59.0,8.291000
372,-1,288.0,179.0,40.0,90.8,5.995600
373,-1,259.0,209.0,26.0,59.0,73.176003
373,-1,185.0,210.0,36.8,83.4,36.084999
373,-1,342.0,161.0,52.0,118.0,21.246000
373,-1,175.0,233.0,26.0,59.0,21.172001
373,-1,223.0,209.0,26.0,59.0,16.124001
373,-1,317.0,201.0,28.3,64.3,14.616000
373,-1,135.0,210.0,36.8,83.4,9.757900
374,-1,263.0,209.0,26.0,59.0,72.537003
374,-1,223.0,209.0,26.0,59.0,35.743999
374,-1,199.0,237.0,26.0,59.0,33.316002
374,-1,323.0,209.0,26.0,59.0,17.920000
374,-1,174.0,229.0,30.8,70.0,15.526000
374,-1,339.0,205.0,26.0,59.0,15.281000
374,-1,138.0,212.0,33.5,76.1,9.528400
374,-1,185.0,212.0,33.5,76.1,8.683000
375,-1,259.0,209.0,26.0,59.0,53.915001
375,-1,223.0,205.0,26.0,59.0,30.872999
375,-1,169.0,229.0,30.8,70.0,25.073000
375,-1,195.0,237.0,26.0,59.0,23.346001
375,-1,321.0,201.0,28.3,64.3,21.579000
375,-1,591.0,197.0,26.0,59.0,17.868000
375,-1,340.0,158.0,56.9,129.1,15.499000
376,-1,259.0,209.0,26.0,59.0,59.323002
376,-1,223.0,205.0,26.0,59.0,27.381001
376,-1,591.0,201.0,26.0,59.0,24.226000
376,-1,169.0,217.0,33.5,76.1,18.979000
376,-1,133.0,212.0,33.5,76.1,14.868000
376,-1,343.0,201.0,28.3,64.3,8.244100
376,-1,321.0,195.0,30.8,70.0,6.886200
377,-1,263.0,209.0,26.0,59.0,67.112000
377,-1,169.0,215.0,36.8,83.4,34.979000
377,-1,223.0,205.0,26.0,59.0,18.520000
377,-1,591.0,201.0,26.0,59.0,17.961000
377,-1,340.0,158.0,56.9,129.1,17.788000
377,-1,321.0,201.0,28.3,64.3,15.402000
377,-1,129.0,210.0,36.8,83.4,12.491000
378,-1,263.0,209.0,26.0,59.0,60.231998
378,-1,167.0,241.0,26.0,59.0,35.918999
378,-1,223.0,205.0,26.0,59.0,25.242001
378,-1,356.0,206.0,28.3,64.3,24.298000
378,-1,321.0,195.0,30.8,70.0,20.455999
378,-1,123.0,217.0,33.5,76.1,4.226900
379,-1,263.0,209.0,26.0,59.0,67.627998
379,-1,165.0,229.0,30.8,70.0,33.987999
379,-1,227.0,205.0,26.0,59.0,32.084000
379,-1,327.0,209.0,26.0,59.0,19.191000
379,-1,354.0,200.0,30.8,70.0,17.860001
379,-1,110.0,177.0,52.0,118.0,15.282000
380,-1,263.0,209.0,26.0,59.0,71.602997
380,-1,163.0,215.0,36.8,83.4,35.018002
380,-1,115.0,210.0,40.0,90.8,31.719000
380,-1,326.0,195.0,30.8,70.0,12.337000
380,-1,227.0,205.0,26.0,59.0,9.130700
381,-1,263.0,209.0,26.0,59.0,62.903999
381,-1,109.0,210.0,40.0,90.8,37.159000
381,-1,157.0,221.0,36.8,83.4,36.171001
381,-1,227.0,205.0,26.0,59.0,24.813000
381,-1,595.0,201.0,26.0,59.0,12.380000
381,-1,326.0,195.0,30.8,70.0,11.427000
382,-1,263.0,209.0,26.0,59.0,58.790001
382,-1,109.0,210.0,40.0,90.8,33.265999
382,-1,157.0,215.0,36.8,83.4,24.986000
382,-1,183.0,209.0,26.0,59.0,20.333000
382,-1,330.0,201.0,28.3,64.3,16.084000
382,-1,227.0,205.0,26.0,59.0,9.842000
382,-1,355.0,190.0,43.9,99.5,6.445300
383,-1,263.0,209.0,26.0,59.0,50.888000
383,-1,335.0,209.0,26.0,59.0,27.327000
383,-1,151.0,233.0,30.8,70.0,26.889000
383,-1,183.0,209.0,26.0,59.0,23.775000
383,-1,99.0,204.0,43.9,99.5,23.580999
383,-1,227.0,205.0,26.0,59.0,23.208000
384,-1,267.0,209.0,26.0,59.0,40.695999
384,-1,103.0,216.0,40.0,90.8,35.880001
384,-1,179.0,201.0,26.0,59.0,28.382999
384,-1,599.0,201.0,26.0,59.0,25.694000
384,-1,357.0,158.0,56.9,129.1,24.027000
384,-1,335.0,200.0,30.8,70.0,17.834999
384,-1,278.0,206.0,28.3,64.3,11.583000
384,-1,231.0,205.0,26.0,59.0,10.751000
385,-1,183.0,205.0,26.0,59.0,44.724998
385,-1,267.0,209.0,26.0,59.0,40.929001
385,-1,231.0,205.0,26.0,59.0,34.180000
385,-1,84.0,174.0,62.2,141.2,24.253000
385,-1,132.0,238.0,30.8,70.0,22.861000
385,-1,343.0,206.0,28.3,64.3,17.545000
385,-1,143.0,233.0,33.5,76.1,4.654600
386,-1,187.0,209.0,26.0,59.0,43.548000
386,-1,271.0,213.0,26.0,59.0,42.518002
386,-1,235.0,209.0,26.0,59.0,28.888000
386,-1,123.0,232.0,36.8,83.4,27.285000
386,-1,345.0,197.0,33.5,76.1,18.457001
386,-1,84.0,174.0,62.2,141.2,14.854000
387,-1,271.0,213.0,26.0,59.0,47.209999
387,-1,186.0,201.0,28.3,64.3,39.257999
387,-1,235.0,209.0,26.0,59.0,26.812000
387,-1,122.0,235.0,40.0,90.8,21.896999
387,-1,84.0,174.0,62.2,141.2,21.584000
387,-1,369.0,197.0,43.9,99.5,9.499900
387,-1,140.0,228.0,40.0,90.8,1.344300
388,-1,275.0,213.0,26.0,59.0,55.734001
388,-1,191.0,209.0,26.0,59.0,50.046001
388,-1,350.0,205.0,30.8,70.0,32.539001
388,-1,267.0,217.0,26.0,59.0,19.656000
388,-1,239.0,209.0,26.0,59.0,18.924999
388,-1,367.0,209.0,26.0,59.0,17.330999
388,-1,123.0,238.0,36.8,83.4,15.076000
388,-1,84.0,174.0,62.2,141.2,13.847000
388,-1,378.0,204.0,36.8,83.4,7.223100
389,-1,275.0,213.0,26.0,59.0,54.311001
389,-1,195.0,205.0,26.0,59.0,37.768002
389,-1,350.0,205.0,30.8,70.0,35.320000
389,-1,239.0,209.0,26.0,59.0,29.381001
389,-1,179.0,205.0,26.0,59.0,16.749001
389,-1,84.0,184.0,62.2,141.2,10.020000
389,-1,381.0,202.0,33.5,76.1,9.374100
389,-1,267.0,217.0,26.0,59.0,6.508300
390,-1,279.0,213.0,26.0,59.0,55.816002
390,-1,354.0,205.0,30.8,70.0,32.346001
390,-1,195.0,205.0,26.0,59.0,32.210999
390,-1,243.0,209.0,26.0,59.0,19.635000
390,-1,382.0,185.0,52.0,118.0,15.638000
390,-1,271.0,209.0,26.0,59.0,13.863000
390,-1,183.0,205.0,26.0,59.0,9.590100
390,-1,230.0,201.0,28.3,64.3,9.495400
390,-1,86.0,209.0,52.0,118.0,8.985200
390,-1,295.0,213.0,26.0,59.0,0.839830
391,-1,279.0,213.0,26.0,59.0,49.895000
391,-1,195.0,205.0,26.0,59.0,43.306999
391,-1,391.0,202.0,33.5,76.1,23.530001
391,-1,355.0,197.0,33.5,76.1,22.080000
391,-1,243.0,201.0,28.3,64.3,14.900000
391,-1,101.0,222.0,47.9,108.7,13.808000
391,-1,183.0,201.0,26.0,59.0,9.054800
392,-1,278.0,206.0,28.3,64.3,47.563999
392,-1,359.0,205.0,30.8,70.0,36.313000
392,-1,107.0,273.0,26.0,59.0,27.645000
392,-1,199.0,205.0,26.0,59.0,27.007000
392,-1,350.0,200.0,30.8,70.0,16.099001
392,-1,375.0,205.0,26.0,59.0,14.099000
392,-1,243.0,205.0,26.0,59.0,13.775000
392,-1,87.0,225.0,26.0,59.0,13.092000
393,-1,199.0,205.0,26.0,59.0,50.394001
393,-1,282.0,206.0,28.3,64.3,44.811001
393,-1,360.0,197.0,33.5,76.1,38.278999
393,-1,107.0,273.0,26.0,59.0,29.356001
393,-1,247.0,205.0,26.0,59.0,20.502001
393,-1,379.0,205.0,26.0,59.0,7.323400
393,-1,183.0,205.0,26.0,59.0,5.705400
393,-1,269.0,200.0,30.8,70.0,5.260000
393,-1,82.0,219.0,28.3,64.3,1.561800
394,-1,283.0,213.0,26.0,59.0,71.400002
394,-1,203.0,205.0,26.0,59.0,41.896000
394,-1,364.0,205.0,30.8,70.0,33.910000
394,-1,251.0,209.0,26.0,59.0,16.979000
394,-1,401.0,198.0,36.8,83.4,5.929200
395,-1,283.0,213.0,26.0,59.0,59.278999
395,-1,373.0,205.0,30.8,70.0,34.877998
395,-1,207.0,209.0,26.0,59.0,30.361000
395,-1,255.0,209.0,26.0,59.0,22.945000
395,-1,406.0,198.0,36.8,83.4,12.791000
395,-1,77.0,148.0,86.7,196.7,3.653000
396,-1,283.0,205.0,30.8,70.0,55.230999
396,-1,256.0,206.0,28.3,64.3,27.061001
396,-1,211.0,205.0,26.0,59.0,24.614000
396,-1,370.0,197.0,33.5,76.1,23.872000
396,-1,38.0,217.0,52.0,118.0,21.462000
396,-1,66.0,173.0,74.3,168.6,11.055000
396,-1,406.0,185.0,52.0,118.0,3.696000
397,-1,282.0,206.0,28.3,64.3,72.239998
397,-1,211.0,201.0,26.0,59.0,48.624001
397,-1,39.0,224.0,43.9,99.5,45.141998
397,-1,370.0,197.0,33.5,76.1,32.888000
397,-1,191.0,201.0,26.0,59.0,27.533001
397,-1,259.0,205.0,26.0,59.0,22.447001
397,-1,63.0,148.0,86.7,196.7,13.685000
397,-1,391.0,205.0,26.0,59.0,7.679500
398,-1,283.0,209.0,26.0,59.0,74.436996
398,-1,256.0,197.0,28.3,64.3,34.824001
398,-1,211.0,201.0,26.0,59.0,25.452999
398,-1,55.0,212.0,62.2,141.2,14.120000
398,-1,375.0,197.0,33.5,76.1,11.967000
398,-1,191.0,201.0,26.0,59.0,4.408900
398,-1,264.0,201.0,28.3,64.3,2.012900
399,-1,282.0,206.0,28.3,64.3,62.893002
399,-1,375.0,197.0,33.5,76.1,42.848999
399,-1,259.0,205.0,26.0,59.0,26.101000
399,-1,291.0,210.0,28.3,64.3,23.548000
399,-1,307.0,209.0,26.0,59.0,18.674000
399,-1,50.0,200.0,68.0,154.4,14.995000
399,-1,187.0,201.0,26.0,59.0,14.493000
399,-1,215.0,201.0,26.0,59.0,11.252000
400,-1,286.0,206.0,28.3,64.3,55.498001
400,-1,378.0,193.0,36.8,83.4,25.698999
400,-1,263.0,205.0,26.0,59.0,23.367001
400,-1,22.0,225.0,52.0,118.0,21.965000
400,-1,191.0,205.0,26.0,59.0,20.952999
400,-1,219.0,205.0,26.0,59.0,14.342000
400,-1,45.0,212.0,62.2,141.2,8.656000
400,-1,307.0,213.0,26.0,59.0,4.817600
401,-1,286.0,206.0,28.3,64.3,65.223000
401,-1,31.0,196.0,74.3,168.6,25.372000
401,-1,380.0,192.0,40.0,90.8,23.447001
401,-1,219.0,205.0,26.0,59.0,17.431999
401,-1,267.0,209.0,26.0,59.0,15.112000
401,-1,191.0,201.0,26.0,59.0,12.169000
401,-1,423.0,213.0,26.0,59.0,9.081300
401,-1,311.0,213.0,26.0,59.0,4.686200
401,-1,319.0,217.0,26.0,59.0,3.148700
402,-1,291.0,206.0,28.3,64.3,60.997002
402,-1,199.0,201.0,26.0,59.0,26.177999
402,-1,384.0,193.0,36.8,83.4,24.813000
402,-1,29.0,210.0,68.0,154.4,17.224001
402,-1,427.0,209.0,26.0,59.0,13.108000
402,-1,223.0,205.0,26.0,59.0,12.062000
402,-1,271.0,205.0,26.0,59.0,11.229000
403,-1,295.0,209.0,26.0,59.0,69.685997
403,-1,227.0,205.0,26.0,59.0,36.500999
403,-1,391.0,197.0,33.5,76.1,23.117001
403,-1,199.0,205.0,26.0,59.0,20.905001
403,-1,271.0,205.0,26.0,59.0,15.575000
403,-1,29.0,210.0,68.0,154.4,15.137000
403,-1,431.0,209.0,26.0,59.0,13.275000
403,-1,263.0,209.0,26.0,59.0,10.995000
403,-1,287.0,205.0,26.0,59.0,9.985700
403,-1,251.0,205.0,26.0,59.0,6.862400
404,-1,295.0,206.0,28.3,64.3,78.356003
404,-1,389.0,193.0,36.8,83.4,23.670000
404,-1,199.0,205.0,26.0,59.0,20.275999
404,-1,279.0,209.0,26.0,59.0,19.646000
404,-1,223.0,201.0,26.0,59.0,16.680000
404,-1,435.0,209.0,26.0,59.0,7.215100
405,-1,295.0,206.0,28.3,64.3,75.005997
405,-1,435.0,209.0,26.0,59.0,35.348000
405,-1,389.0,193.0,36.8,83.4,32.636002
405,-1,199.0,205.0,26.0,59.0,29.170000
405,-1,223.0,205.0,26.0,59.0,24.593000
405,-1,315.0,213.0,26.0,59.0,7.014400
405,-1,282.0,210.0,28.3,64.3,6.230900
405,-1,273.0,201.0,28.3,64.3,3.953000
406,-1,295.0,206.0,28.3,64.3,69.093002
406,-1,286.0,210.0,28.3,64.3,30.121000
406,-1,199.0,205.0,26.0,59.0,26.670000
406,-1,395.0,193.0,36.8,83.4,23.740999
406,-1,227.0,205.0,26.0,59.0,23.090000
406,-1,273.0,206.0,28.3,64.3,22.711000
406,-1,434.0,206.0,28.3,64.3,18.488001
407,-1,297.0,205.0,30.8,70.0,61.021000
407,-1,199.0,205.0,26.0,59.0,39.817001
407,-1,392.0,192.0,40.0,90.8,35.084999
407,-1,439.0,209.0,26.0,59.0,28.476000
407,-1,227.0,205.0,26.0,59.0,17.639000
407,-1,323.0,217.0,26.0,59.0,7.584500
407,-1,287.0,213.0,26.0,59.0,7.582600
407,-1,275.0,209.0,26.0,59.0,6.116900
408,-1,295.0,210.0,28.3,64.3,57.810001
408,-1,443.0,213.0,26.0,59.0,47.650002
408,-1,199.0,205.0,26.0,59.0,41.410999
408,-1,398.0,192.0,40.0,90.8,33.412998
408,-1,231.0,209.0,26.0,59.0,28.738001
408,-1,279.0,209.0,26.0,59.0,6.036200
409,-1,299.0,210.0,28.3,64.3,76.619003
409,-1,203.0,205.0,26.0,59.0,50.106998
409,-1,231.0,209.0,26.0,59.0,29.559999
409,-1,447.0,213.0,26.0,59.0,27.966999
409,-1,401.0,198.0,36.8,83.4,22.860001
409,-1,327.0,217.0,26.0,59.0,16.614000
409,-1,256.0,206.0,28.3,64.3,2.818500
410,-1,303.0,213.0,26.0,59.0,62.819000
410,-1,203.0,205.0,26.0,59.0,40.214001
410,-1,331.0,217.0,26.0,59.0,30.636999
410,-1,235.0,209.0,26.0,59.0,28.021999
410,-1,451.0,213.0,26.0,59.0,21.233999
410,-1,403.0,183.0,43.9,99.5,19.993000
410,-1,259.0,209.0,26.0,59.0,18.941999
410,-1,283.0,209.0,26.0,59.0,4.471800
411,-1,299.0,210.0,28.3,64.3,58.950001
411,-1,207.0,205.0,26.0,59.0,43.867001
411,-1,235.0,209.0,26.0,59.0,32.088001
411,-1,406.0,198.0,36.8,83.4,29.247000
411,-1,455.0,213.0,26.0,59.0,21.816999
412,-1,297.0,205.0,30.8,70.0,60.490002
412,-1,207.0,205.0,26.0,59.0,45.160000
412,-1,239.0,209.0,26.0,59.0,22.729000
412,-1,455.0,209.0,26.0,59.0,14.604000
412,-1,307.0,200.0,30.8,70.0,8.941000
412,-1,271.0,229.0,26.0,59.0,8.834700
413,-1,298.0,197.0,33.5,76.1,68.232002
413,-1,207.0,205.0,26.0,59.0,61.817001
413,-1,239.0,205.0,26.0,59.0,38.444000
413,-1,455.0,213.0,26.0,59.0,33.268002
413,-1,406.0,169.0,52.0,118.0,17.382999
413,-1,267.0,209.0,26.0,59.0,6.896400
413,-1,271.0,233.0,26.0,59.0,4.776700
414,-1,302.0,205.0,30.8,70.0,69.976997
414,-1,207.0,205.0,26.0,59.0,43.202999
414,-1,459.0,217.0,26.0,59.0,28.014999
414,-1,409.0,183.0,43.9,99.5,17.058001
414,-1,243.0,209.0,26.0,59.0,14.655000
415,-1,302.0,205.0,30.8,70.0,72.453003
415,-1,207.0,205.0,26.0,59.0,45.467999
415,-1,243.0,209.0,26.0,59.0,38.212002
415,-1,416.0,183.0,43.9,99.5,18.520000
415,-1,459.0,205.0,30.8,70.0,16.927999
415,-1,293.0,210.0,30.8,70.0,1.984300
415,-1,275.0,233.0,26.0,59.0,1.102400
416,-1,307.0,205.0,30.8,70.0,68.273003
416,-1,211.0,209.0,26.0,59.0,55.171001
416,-1,243.0,209.0,26.0,59.0,37.375000
416,-1,467.0,217.0,26.0,59.0,35.987000
416,-1,297.0,210.0,30.8,70.0,20.913000
416,-1,414.0,177.0,52.0,118.0,15.768000
416,-1,267.0,209.0,26.0,59.0,10.789000
417,-1,312.0,210.0,30.8,70.0,63.097000
417,-1,211.0,209.0,26.0,59.0,55.333000
417,-1,247.0,209.0,26.0,59.0,39.811001
417,-1,422.0,177.0,52.0,118.0,33.030998
417,-1,471.0,217.0,26.0,59.0,27.929001
417,-1,382.0,177.0,43.9,99.5,14.596000
418,-1,312.0,210.0,30.8,70.0,62.244999
418,-1,211.0,209.0,26.0,59.0,54.886002
418,-1,247.0,209.0,26.0,59.0,40.862999
418,-1,475.0,217.0,26.0,59.0,20.480000
418,-1,271.0,209.0,26.0,59.0,11.640000
418,-1,279.0,217.0,26.0,59.0,3.047700
418,-1,283.0,233.0,26.0,59.0,0.277910
419,-1,312.0,205.0,30.8,70.0,63.623001
419,-1,215.0,209.0,26.0,59.0,45.952999
419,-1,473.0,210.0,30.8,70.0,14.073000
419,-1,275.0,209.0,26.0,59.0,13.952000
419,-1,425.0,178.0,47.9,108.7,12.655000
419,-1,302.0,210.0,30.8,70.0,8.936300
420,-1,314.0,202.0,33.5,76.1,63.209999
420,-1,211.0,205.0,26.0,59.0,55.335999
420,-1,251.0,209.0,26.0,59.0,26.273001
420,-1,478.0,210.0,30.8,70.0,18.207001
420,-1,291.0,237.0,26.0,59.0,6.307200
420,-1,275.0,209.0,26.0,59.0,6.197200
421,-1,215.0,205.0,26.0,59.0,44.768002
421,-1,319.0,202.0,33.5,76.1,39.040001
421,-1,247.0,209.0,26.0,59.0,27.146000
421,-1,478.0,210.0,30.8,70.0,18.572001
421,-1,440.0,210.0,36.8,83.4,17.820999
421,-1,307.0,210.0,30.8,70.0,1.743900
422,-1,211.0,205.0,26.0,59.0,71.101997
422,-1,316.0,205.0,30.8,70.0,64.333000
422,-1,251.0,209.0,26.0,59.0,41.073002
422,-1,389.0,177.0,43.9,99.5,22.014000
422,-1,483.0,217.0,26.0,59.0,20.202000
422,-1,429.0,198.0,36.8,83.4,14.553000
423,-1,319.0,202.0,33.5,76.1,43.988998
423,-1,215.0,209.0,26.0,59.0,43.522999
423,-1,251.0,209.0,26.0,59.0,36.388000
423,-1,482.0,214.0,28.3,64.3,14.467000
423,-1,279.0,213.0,26.0,59.0,12.186000
424,-1,211.0,205.0,26.0,59.0,52.313999
424,-1,251.0,209.0,26.0,59.0,44.919998
424,-1,319.0,202.0,33.5,76.1,43.465000
424,-1,432.0,207.0,33.5,76.1,14.984000
425,-1,319.0,207.0,33.5,76.1,53.825001
425,-1,211.0,205.0,26.0,59.0,46.603001
425,-1,255.0,209.0,26.0,59.0,18.371000
425,-1,435.0,198.0,40.0,90.8,10.698000
426,-1,215.0,209.0,26.0,59.0,54.985001
426,-1,325.0,210.0,28.3,64.3,47.605999
426,-1,255.0,209.0,26.0,59.0,32.165001
426,-1,395.0,171.0,47.9,108.7,12.234000
426,-1,207.0,205.0,26.0,59.0,11.511000
426,-1,303.0,213.0,26.0,59.0,5.814400
426,-1,351.0,221.0,26.0,59.0,4.260300
426,-1,440.0,198.0,36.8,83.4,1.121700
427,-1,215.0,205.0,26.0,59.0,68.556000
427,-1,325.0,210.0,28.3,64.3,57.713001
427,-1,255.0,209.0,26.0,59.0,43.719002
427,-1,352.0,214.0,28.3,64.3,14.574000
427,-1,395.0,171.0,47.9,108.7,13.000000
427,-1,279.0,213.0,26.0,59.0,10.380000
428,-1,326.0,210.0,30.8,70.0,51.688000
428,-1,211.0,205.0,26.0,59.0,40.456001
428,-1,446.0,204.0,36.8,83.4,13.401000
428,-1,355.0,221.0,26.0,59.0,8.328800
429,-1,215.0,213.0,26.0,59.0,45.630001
429,-1,326.0,210.0,30.8,70.0,39.847000
429,-1,278.0,206.0,28.3,64.3,18.867001
429,-1,450.0,197.0,43.9,99.5,12.326000
429,-1,251.0,213.0,26.0,59.0,10.991000
429,-1,355.0,225.0,26.0,59.0,4.543900
429,-1,263.0,209.0,26.0,59.0,0.820850
430,-1,326.0,210.0,30.8,70.0,64.702003
430,-1,215.0,213.0,26.0,59.0,59.528000
430,-1,251.0,213.0,26.0,59.0,29.458000
430,-1,207.0,209.0,26.0,59.0,17.864000
430,-1,279.0,217.0,26.0,59.0,11.152000
431,-1,326.0,214.0,30.8,70.0,45.983002
431,-1,215.0,217.0,26.0,59.0,27.302999
431,-1,279.0,217.0,26.0,59.0,9.228400
431,-1,462.0,193.0,52.0,118.0,9.020300
431,-1,359.0,233.0,26.0,59.0,7.579200
431,-1,307.0,221.0,26.0,59.0,4.967400
432,-1,331.0,214.0,30.8,70.0,59.508999
432,-1,215.0,213.0,26.0,59.0,44.383999
432,-1,259.0,213.0,26.0,59.0,26.709000
432,-1,308.0,214.0,28.3,64.3,24.891001
432,-1,463.0,210.0,43.9,99.5,10.802000
432,-1,363.0,237.0,26.0,59.0,6.152700
432,-1,403.0,178.0,47.9,108.7,3.418100
433,-1,215.0,213.0,26.0,59.0,57.426998
433,-1,331.0,210.0,30.8,70.0,46.922001
433,-1,259.0,213.0,26.0,59.0,27.558001
433,-1,478.0,216.0,40.0,90.8,18.504999
433,-1,308.0,214.0,28.3,64.3,4.113700
433,-1,458.0,207.0,33.5,76.1,3.439100
434,-1,263.0,213.0,26.0,59.0,44.657001
434,-1,329.0,207.0,33.5,76.1,44.028999
434,-1,215.0,213.0,26.0,59.0,41.167000
434,-1,478.0,216.0,40.0,90.8,24.444000
435,-1,259.0,209.0,26.0,59.0,66.542999
435,-1,212.0,206.0,28.3,64.3,30.006001
435,-1,331.0,210.0,30.8,70.0,29.826000
435,-1,510.0,212.0,33.5,76.1,21.789000
435,-1,275.0,213.0,26.0,59.0,11.828000
435,-1,463.0,204.0,36.8,83.4,2.980900
436,-1,263.0,213.0,26.0,59.0,46.374001
436,-1,335.0,210.0,30.8,70.0,36.512001
436,-1,211.0,213.0,26.0,59.0,27.226999
436,-1,278.0,210.0,28.3,64.3,19.143000
436,-1,485.0,222.0,40.0,90.8,16.479000
436,-1,219.0,217.0,26.0,59.0,15.009000
436,-1,307.0,241.0,26.0,59.0,10.256000
436,-1,466.0,204.0,40.0,90.8,7.609100
437,-1,215.0,213.0,26.0,59.0,43.842999
437,-1,279.0,213.0,26.0,59.0,41.321999
437,-1,263.0,209.0,26.0,59.0,39.327999
437,-1,339.0,207.0,33.5,76.1,30.440001
437,-1,491.0,208.0,47.9,108.7,22.037001
437,-1,406.0,169.0,52.0,118.0,17.160000
437,-1,367.0,233.0,26.0,59.0,14.426000
437,-1,307.0,241.0,26.0,59.0,3.904700
438,-1,215.0,213.0,26.0,59.0,46.973000
438,-1,339.0,207.0,33.5,76.1,46.741001
438,-1,263.0,213.0,26.0,59.0,42.931000
438,-1,279.0,213.0,26.0,59.0,30.018000
438,-1,498.0,208.0,47.9,108.7,27.694000
438,-1,350.0,212.0,33.5,76.1,15.646000
438,-1,317.0,214.0,28.3,64.3,7.157400
439,-1,211.0,213.0,26.0,59.0,56.589001
439,-1,275.0,213.0,26.0,59.0,52.695000
439,-1,263.0,213.0,26.0,59.0,47.077999
439,-1,339.0,207.0,33.5,76.1,43.286999
439,-1,498.0,208.0,47.9,108.7,29.615000
439,-1,474.0,204.0,36.8,83.4,13.579000
439,-1,312.0,210.0,30.8,70.0,3.231800
440,-1,345.0,214.0,30.8,70.0,56.160000
440,-1,263.0,217.0,26.0,59.0,51.404999
440,-1,211.0,217.0,26.0,59.0,49.458000
440,-1,312.0,210.0,30.8,70.0,33.213001
440,-1,498.0,208.0,47.9,108.7,31.646000
440,-1,279.0,217.0,26.0,59.0,28.187000
440,-1,303.0,241.0,26.0,59.0,13.172000
440,-1,474.0,204.0,36.8,83.4,10.573000
440,-1,271.0,221.0,26.0,59.0,10.250000
440,-1,371.0,229.0,26.0,59.0,3.185200
441,-1,345.0,214.0,30.8,70.0,54.787998
441,-1,275.0,217.0,26.0,59.0,44.985001
441,-1,263.0,213.0,26.0,59.0,44.943001
441,-1,211.0,217.0,26.0,59.0,41.323002
441,-1,506.0,208.0,47.9,108.7,30.583000
441,-1,316.0,210.0,30.8,70.0,18.809000
441,-1,303.0,241.0,26.0,59.0,6.052000
441,-1,417.0,178.0,47.9,108.7,2.836500
442,-1,212.0,205.0,30.8,70.0,47.243000
442,-1,337.0,204.0,40.0,90.8,40.874001
442,-1,316.0,210.0,30.8,70.0,38.410999
442,-1,269.0,210.0,30.8,70.0,33.222000
442,-1,203.0,200.0,30.8,70.0,8.829900
442,-1,517.0,217.0,43.9,99.5,8.471300
442,-1,417.0,178.0,47.9,108.7,6.794900
443,-1,345.0,207.0,33.5,76.1,50.248001
443,-1,263.0,213.0,26.0,59.0,46.290001
443,-1,212.0,210.0,28.3,64.3,35.713001
443,-1,271.0,217.0,26.0,59.0,34.368000
443,-1,316.0,210.0,30.8,70.0,31.118999
443,-1,517.0,217.0,43.9,99.5,30.856001
443,-1,417.0,178.0,47.9,108.7,12.665000
443,-1,480.0,210.0,36.8,83.4,11.247000
443,-1,279.0,213.0,26.0,59.0,9.462200
443,-1,307.0,214.0,30.8,70.0,8.100800
443,-1,375.0,229.0,26.0,59.0,6.812500
444,-1,269.0,210.0,28.3,64.3,53.089001
444,-1,345.0,212.0,33.5,76.1,42.199001
444,-1,211.0,217.0,26.0,59.0,33.928001
444,-1,486.0,204.0,36.8,83.4,25.889000
444,-1,259.0,213.0,26.0,59.0,23.211000
444,-1,528.0,228.0,40.0,90.8,18.231001
444,-1,316.0,210.0,30.8,70.0,18.049000
444,-1,334.0,207.0,33.5,76.1,10.601000
444,-1,302.0,210.0,30.8,70.0,8.885700
444,-1,417.0,178.0,47.9,108.7,7.748600
445,-1,264.0,210.0,30.8,70.0,58.546001
445,-1,345.0,214.0,30.8,70.0,53.387001
445,-1,211.0,217.0,26.0,59.0,30.681000
445,-1,422.0,169.0,52.0,118.0,20.157000
445,-1,485.0,204.0,40.0,90.8,19.613001
445,-1,303.0,225.0,26.0,59.0,13.397000
445,-1,520.0,215.0,47.9,108.7,9.102200
445,-1,599.0,161.0,26.0,59.0,4.507900
446,-1,207.0,217.0,26.0,59.0,54.159000
446,-1,345.0,212.0,33.5,76.1,46.401001
446,-1,264.0,214.0,28.3,64.3,31.164000
446,-1,215.0,221.0,26.0,59.0,23.400999
446,-1,297.0,214.0,30.8,70.0,19.131001
447,-1,345.0,212.0,33.5,76.1,59.404999
447,-1,267.0,217.0,26.0,59.0,47.823002
447,-1,207.0,221.0,26.0,59.0,46.381001
447,-1,299.0,219.0,28.3,64.3,22.183001
447,-1,491.0,215.0,36.8,83.4,11.363000
447,-1,427.0,167.0,56.9,129.1,11.085000
448,-1,345.0,212.0,33.5,76.1,56.478001
448,-1,269.0,214.0,28.3,64.3,45.444000
448,-1,207.0,210.0,30.8,70.0,33.973999
448,-1,259.0,217.0,26.0,59.0,30.018999
448,-1,499.0,223.0,33.5,76.1,16.653999
448,-1,533.0,202.0,56.9,129.1,12.923000
448,-1,430.0,177.0,52.0,118.0,9.535900
448,-1,287.0,204.0,36.8,83.4,1.437900
449,-1,264.0,219.0,28.3,64.3,59.866001
449,-1,345.0,212.0,33.5,76.1,52.056000
449,-1,207.0,210.0,30.8,70.0,39.333000
449,-1,288.0,212.0,33.5,76.1,30.167000
449,-1,256.0,214.0,28.3,64.3,23.150999
449,-1,541.0,211.0,56.9,129.1,16.815001
449,-1,307.0,245.0,26.0,59.0,14.917000
449,-1,321.0,219.0,28.3,64.3,4.674500
450,-1,345.0,212.0,33.5,76.1,45.722000
450,-1,260.0,214.0,30.8,70.0,39.914001
450,-1,288.0,212.0,33.5,76.1,38.389000
450,-1,207.0,225.0,26.0,59.0,34.570999
450,-1,375.0,233.0,26.0,59.0,16.177000
450,-1,542.0,193.0,62.2,141.2,12.716000
450,-1,316.0,214.0,30.8,70.0,10.442000
451,-1,345.0,217.0,33.5,76.1,54.521000
451,-1,207.0,225.0,26.0,59.0,41.668999
451,-1,282.0,227.0,28.3,64.3,23.636000
451,-1,262.0,217.0,33.5,76.1,23.476999
451,-1,497.0,216.0,40.0,90.8,14.928000
451,-1,303.0,245.0,26.0,59.0,14.827000
451,-1,550.0,211.0,56.9,129.1,11.115000
451,-1,427.0,164.0,62.2,141.2,7.784700
452,-1,345.0,217.0,33.5,76.1,54.414001
452,-1,200.0,212.0,33.5,76.1,35.650002
452,-1,282.0,227.0,28.3,64.3,31.316000
452,-1,260.0,219.0,30.8,70.0,25.422001
452,-1,299.0,245.0,26.0,59.0,12.995000
452,-1,375.0,237.0,26.0,59.0,10.965000
452,-1,316.0,219.0,30.8,70.0,1.925400
453,-1,200.0,212.0,33.5,76.1,55.181999
453,-1,345.0,223.0,33.5,76.1,47.494999
453,-1,274.0,229.0,30.8,70.0,36.388000
453,-1,257.0,217.0,33.5,76.1,34.073002
453,-1,375.0,241.0,26.0,59.0,14.452000
453,-1,559.0,219.0,56.9,129.1,4.840300
453,-1,317.0,223.0,28.3,64.3,0.150100
454,-1,338.0,215.0,36.8,83.4,69.112000
454,-1,199.0,233.0,26.0,59.0,50.124001
454,-1,262.0,223.0,33.5,76.1,35.342999
454,-1,375.0,241.0,26.0,59.0,26.591000
454,-1,252.0,217.0,33.5,76.1,21.997999
454,-1,211.0,221.0,26.0,59.0,15.439000
454,-1,303.0,217.0,33.5,76.1,6.415000
454,-1,272.0,217.0,33.5,76.1,1.252100
455,-1,338.0,221.0,36.8,83.4,60.301998
455,-1,195.0,233.0,26.0,59.0,41.592999
455,-1,257.0,223.0,33.5,76.1,39.610001
455,-1,217.0,214.0,28.3,64.3,29.020000
455,-1,327.0,215.0,36.8,83.4,14.886000
455,-1,508.0,221.0,36.8,83.4,9.359600
455,-1,375.0,249.0,26.0,59.0,8.100000
456,-1,339.0,223.0,33.5,76.1,52.279999
456,-1,191.0,215.0,36.8,83.4,48.910999
456,-1,259.0,221.0,36.8,83.4,27.798000
456,-1,375.0,253.0,26.0,59.0,14.931000
456,-1,217.0,214.0,28.3,64.3,13.595000
456,-1,437.0,164.0,62.2,141.2,2.806700
457,-1,338.0,215.0,36.8,83.4,58.380001
457,-1,195.0,223.0,28.3,64.3,42.587002
457,-1,262.0,223.0,33.5,76.1,23.096001
457,-1,375.0,245.0,26.0,59.0,16.605000
457,-1,312.0,219.0,30.8,70.0,4.683400
457,-1,251.0,232.0,28.3,64.3,1.715500
457,-1,363.0,221.0,26.0,59.0,1.517300
458,-1,338.0,221.0,36.8,83.4,56.183998
458,-1,199.0,233.0,26.0,59.0,46.466000
458,-1,295.0,245.0,26.0,59.0,27.152000
458,-1,259.0,221.0,36.8,83.4,23.959000
458,-1,375.0,245.0,26.0,59.0,19.715000
458,-1,367.0,225.0,26.0,59.0,9.177900
459,-1,195.0,233.0,26.0,59.0,52.229000
459,-1,338.0,221.0,36.8,83.4,47.240002
459,-1,257.0,228.0,33.5,76.1,18.551001
459,-1,295.0,249.0,26.0,59.0,15.744000
459,-1,431.0,241.0,26.0,59.0,14.207000
459,-1,272.0,223.0,33.5,76.1,11.543000
459,-1,379.0,245.0,26.0,59.0,3.925300
459,-1,317.0,227.0,28.3,64.3,1.616400
460,-1,338.0,221.0,36.8,83.4,67.473000
460,-1,195.0,237.0,26.0,59.0,53.643002
460,-1,282.0,236.0,28.3,64.3,21.910000
460,-1,295.0,249.0,28.3,64.3,18.570999
460,-1,248.0,221.0,36.8,83.4,16.343000
460,-1,379.0,249.0,26.0,59.0,15.829000
460,-1,227.0,229.0,26.0,59.0,10.774000
461,-1,338.0,221.0,36.8,83.4,65.059998
461,-1,199.0,232.0,28.3,64.3,50.498001
461,-1,269.0,216.0,40.0,90.8,27.798000
461,-1,537.0,221.0,36.8,83.4,21.098000
461,-1,248.0,221.0,36.8,83.4,19.301001
461,-1,447.0,174.0,62.2,141.2,14.581000
461,-1,383.0,249.0,26.0,59.0,3.431400
462,-1,345.0,228.0,33.5,76.1,68.677002
462,-1,198.0,229.0,30.8,70.0,53.206001
462,-1,282.0,221.0,36.8,83.4,41.338001
462,-1,578.0,217.0,43.9,99.5,13.711000
462,-1,334.0,223.0,33.5,76.1,10.262000
462,-1,238.0,216.0,40.0,90.8,2.471000
463,-1,344.0,221.0,36.8,83.4,75.556000
463,-1,199.0,232.0,28.3,64.3,49.387001
463,-1,282.0,221.0,36.8,83.4,48.155998
463,-1,245.0,233.0,30.8,70.0,44.682999
463,-1,303.0,245.0,26.0,59.0,14.237000
463,-1,333.0,215.0,36.8,83.4,13.758000
464,-1,344.0,221.0,36.8,83.4,71.263000
464,-1,282.0,216.0,40.0,90.8,46.738998
464,-1,200.0,223.0,33.5,76.1,45.937000
464,-1,591.0,217.0,43.9,99.5,22.469000
464,-1,242.0,227.0,36.8,83.4,22.445000
465,-1,344.0,221.0,36.8,83.4,64.546997
465,-1,288.0,216.0,40.0,90.8,48.706001
465,-1,198.0,224.0,30.8,70.0,47.390999
465,-1,275.0,233.0,26.0,59.0,35.688999
465,-1,391.0,249.0,26.0,59.0,33.113998
465,-1,246.0,228.0,33.5,76.1,21.518999
465,-1,236.0,233.0,33.5,76.1,4.033500
466,-1,344.0,221.0,36.8,83.4,70.096001
466,-1,293.0,221.0,36.8,83.4,57.095001
466,-1,198.0,224.0,30.8,70.0,52.742001
466,-1,282.0,215.0,36.8,83.4,37.691002
466,-1,311.0,253.0,26.0,59.0,33.702000
466,-1,391.0,249.0,26.0,59.0,32.140999
466,-1,236.0,227.0,36.8,83.4,24.499001
466,-1,269.0,233.0,30.8,70.0,12.759000
466,-1,360.0,228.0,33.5,76.1,6.464300
467,-1,198.0,224.0,30.8,70.0,63.757000
467,-1,344.0,221.0,36.8,83.4,57.992001
467,-1,294.0,216.0,40.0,90.8,48.849998
467,-1,395.0,249.0,26.0,59.0,42.862999
467,-1,276.0,221.0,36.8,83.4,28.615999
468,-1,350.0,221.0,36.8,83.4,69.109001
468,-1,301.0,210.0,43.9,99.5,51.613998
468,-1,198.0,224.0,30.8,70.0,46.337002
468,-1,251.0,221.0,26.0,59.0,41.570999
468,-1,288.0,222.0,40.0,90.8,36.258999
468,-1,271.0,233.0,26.0,59.0,20.738001
468,-1,395.0,253.0,26.0,59.0,19.818001
468,-1,231.0,227.0,36.8,83.4,13.107000
469,-1,355.0,221.0,36.8,83.4,58.431999
469,-1,301.0,210.0,43.9,99.5,52.041000
469,-1,198.0,224.0,30.8,70.0,46.140999
469,-1,255.0,225.0,26.0,59.0,42.875999
469,-1,395.0,249.0,26.0,59.0,33.007000
469,-1,287.0,215.0,36.8,83.4,32.432999
469,-1,271.0,233.0,26.0,59.0,24.781000
469,-1,230.0,241.0,28.3,64.3,17.136999
469,-1,263.0,221.0,26.0,59.0,7.685000
470,-1,355.0,221.0,36.8,83.4,71.709000
470,-1,259.0,225.0,26.0,59.0,51.451000
470,-1,307.0,208.0,47.9,108.7,45.039001
470,-1,271.0,229.0,26.0,59.0,33.792999
470,-1,198.0,224.0,30.8,70.0,25.933001
470,-1,225.0,227.0,36.8,83.4,25.743000
470,-1,293.0,229.0,30.8,70.0,21.827999
470,-1,470.0,168.0,68.0,154.4,15.373000
470,-1,395.0,249.0,26.0,59.0,13.279000
471,-1,355.0,221.0,36.8,83.4,69.206001
471,-1,307.0,208.0,47.9,108.7,60.537998
471,-1,263.0,225.0,26.0,59.0,45.667000
471,-1,288.0,216.0,40.0,90.8,27.924999
471,-1,399.0,249.0,26.0,59.0,23.655001
471,-1,271.0,233.0,26.0,59.0,22.707001
471,-1,207.0,210.0,43.9,99.5,20.936001
471,-1,322.0,200.0,47.9,108.7,16.486000
471,-1,480.0,168.0,68.0,154.4,11.516000
472,-1,314.0,208.0,47.9,108.7,73.367996
472,-1,263.0,225.0,26.0,59.0,53.493000
472,-1,271.0,229.0,26.0,59.0,47.214001
472,-1,361.0,221.0,36.8,83.4,45.189999
472,-1,399.0,249.0,26.0,59.0,37.932999
472,-1,295.0,229.0,26.0,59.0,35.919998
472,-1,221.0,245.0,28.3,64.3,20.834999
472,-1,199.0,236.0,28.3,64.3,18.349001
472,-1,480.0,168.0,68.0,154.4,13.280000
472,-1,279.0,221.0,26.0,59.0,6.286800
473,-1,314.0,208.0,47.9,108.7,94.530998
473,-1,355.0,216.0,40.0,90.8,57.278999
473,-1,267.0,225.0,26.0,59.0,50.854000
473,-1,295.0,225.0,26.0,59.0,43.219002
473,-1,275.0,229.0,26.0,59.0,36.618999
473,-1,403.0,249.0,26.0,59.0,28.649000
473,-1,199.0,245.0,26.0,59.0,13.168000
473,-1,480.0,168.0,68.0,154.4,12.076000
474,-1,318.0,201.0,52.0,118.0,83.746002
474,-1,362.0,216.0,40.0,90.8,59.810001
474,-1,271.0,221.0,26.0,59.0,57.258999
474,-1,404.0,245.0,28.3,64.3,31.240000
474,-1,299.0,229.0,26.0,59.0,19.267000
474,-1,263.0,217.0,26.0,59.0,16.329000
474,-1,490.0,168.0,68.0,154.4,10.515000
474,-1,205.0,233.0,33.5,76.1,7.631800
474,-1,279.0,217.0,26.0,59.0,2.144600
475,-1,318.0,201.0,52.0,118.0,72.500000
475,-1,361.0,221.0,36.8,83.4,48.492001
475,-1,271.0,221.0,26.0,59.0,46.136002
475,-1,404.0,245.0,28.3,64.3,29.612000
475,-1,299.0,221.0,26.0,59.0,18.809999
475,-1,194.0,204.0,43.9,99.5,11.298000
475,-1,490.0,168.0,68.0,154.4,11.060000
476,-1,331.0,193.0,56.9,129.1,64.089996
476,-1,271.0,221.0,26.0,59.0,44.148998
476,-1,367.0,221.0,36.8,83.4,43.478001
476,-1,411.0,249.0,26.0,59.0,34.555000
476,-1,317.0,254.0,28.3,64.3,33.278999
476,-1,287.0,217.0,26.0,59.0,23.646999
476,-1,295.0,221.0,26.0,59.0,23.155001
476,-1,198.0,238.0,30.8,70.0,4.413800
477,-1,331.0,193.0,56.9,129.1,68.596001
477,-1,319.0,249.0,26.0,59.0,41.173000
477,-1,275.0,221.0,26.0,59.0,35.751999
477,-1,367.0,215.0,36.8,83.4,25.604000
477,-1,411.0,249.0,26.0,59.0,24.349001
477,-1,287.0,217.0,26.0,59.0,14.812000
477,-1,267.0,217.0,26.0,59.0,11.629000
477,-1,391.0,225.0,26.0,59.0,7.549300
477,-1,198.0,238.0,30.8,70.0,7.180100
477,-1,478.0,238.0,30.8,70.0,6.927700
478,-1,323.0,245.0,26.0,59.0,74.581001
478,-1,340.0,193.0,56.9,129.1,72.428001
478,-1,275.0,217.0,26.0,59.0,38.139000
478,-1,411.0,245.0,26.0,59.0,30.896000
478,-1,291.0,217.0,26.0,59.0,25.230000
478,-1,479.0,233.0,33.5,76.1,14.786000
478,-1,330.0,254.0,28.3,64.3,14.606000
478,-1,315.0,249.0,26.0,59.0,9.984300
478,-1,190.0,233.0,33.5,76.1,9.953700
479,-1,340.0,193.0,56.9,129.1,69.917999
479,-1,323.0,245.0,26.0,59.0,62.473999
479,-1,283.0,217.0,26.0,59.0,39.477001
479,-1,411.0,245.0,26.0,59.0,36.540001
479,-1,200.0,207.0,33.5,76.1,30.438999
479,-1,378.0,229.0,30.8,70.0,13.348000
479,-1,193.0,238.0,30.8,70.0,6.889200
480,-1,348.0,193.0,56.9,129.1,78.959000
480,-1,283.0,213.0,26.0,59.0,47.187000
480,-1,330.0,245.0,28.3,64.3,47.036999
480,-1,200.0,202.0,33.5,76.1,35.138000
480,-1,411.0,241.0,26.0,59.0,34.902000
480,-1,321.0,249.0,28.3,64.3,31.577000
480,-1,275.0,221.0,26.0,59.0,15.249000
481,-1,351.0,193.0,62.2,141.2,64.054001
481,-1,287.0,213.0,26.0,59.0,59.506001
481,-1,329.0,238.0,33.5,76.1,39.609001
481,-1,189.0,200.0,47.9,108.7,34.685001
481,-1,411.0,241.0,26.0,59.0,30.097000
481,-1,279.0,217.0,26.0,59.0,27.773001
482,-1,361.0,184.0,62.2,141.2,59.157001
482,-1,286.0,206.0,28.3,64.3,44.692001
482,-1,197.0,204.0,36.8,83.4,33.514999
482,-1,343.0,245.0,28.3,64.3,29.591000
482,-1,415.0,241.0,26.0,59.0,28.969999
482,-1,275.0,217.0,26.0,59.0,21.056999
482,-1,331.0,238.0,30.8,70.0,17.735001
482,-1,317.0,245.0,28.3,64.3,9.657200
482,-1,350.0,257.0,30.8,70.0,6.568000
483,-1,361.0,184.0,62.2,141.2,49.570999
483,-1,291.0,213.0,26.0,59.0,31.457001
483,-1,189.0,204.0,40.0,90.8,27.347000
483,-1,351.0,253.0,26.0,59.0,22.135000
483,-1,275.0,221.0,26.0,59.0,17.871000
483,-1,415.0,241.0,26.0,59.0,12.416000
483,-1,319.0,238.0,33.5,76.1,5.509000
483,-1,156.0,193.0,56.9,129.1,5.299000
484,-1,291.0,213.0,26.0,59.0,63.890999
484,-1,370.0,193.0,62.2,141.2,59.605999
484,-1,197.0,204.0,36.8,83.4,36.952000
484,-1,359.0,257.0,26.0,59.0,32.122002
484,-1,329.0,212.0,33.5,76.1,28.150000
484,-1,279.0,221.0,26.0,59.0,15.748000
484,-1,160.0,200.0,47.9,108.7,12.974000
484,-1,321.0,243.0,30.8,70.0,11.794000
484,-1,208.0,198.0,36.8,83.4,5.852100
485,-1,291.0,213.0,26.0,59.0,62.022999
485,-1,365.0,254.0,28.3,64.3,57.960999
485,-1,375.0,189.0,68.0,154.4,55.240002
485,-1,189.0,198.0,40.0,90.8,43.324001
485,-1,150.0,193.0,52.0,118.0,29.507000
485,-1,329.0,212.0,33.5,76.1,26.158001
485,-1,275.0,213.0,26.0,59.0,20.382000
485,-1,202.0,204.0,40.0,90.8,16.150999
485,-1,321.0,243.0,30.8,70.0,9.211800
486,-1,374.0,173.0,74.3,168.6,56.758999
486,-1,189.0,204.0,40.0,90.8,52.882000
486,-1,295.0,213.0,26.0,59.0,42.138000
486,-1,273.0,219.0,28.3,64.3,26.521999
486,-1,282.0,206.0,28.3,64.3,19.499001
486,-1,321.0,243.0,30.8,70.0,18.909000
486,-1,423.0,266.0,36.8,83.4,18.413000
486,-1,327.0,204.0,36.8,83.4,12.996000
486,-1,212.0,210.0,28.3,64.3,9.960400
486,-1,331.0,248.0,30.8,70.0,3.207000
487,-1,391.0,174.0,80.0,181.5,60.903999
487,-1,197.0,210.0,36.8,83.4,51.438000
487,-1,295.0,213.0,26.0,59.0,28.097000
487,-1,279.0,213.0,26.0,59.0,27.621000
487,-1,366.0,202.0,56.9,129.1,16.948000
487,-1,329.0,212.0,33.5,76.1,16.802000
487,-1,185.0,204.0,36.8,83.4,15.660000
488,-1,397.0,162.0,86.7,196.7,78.934998
488,-1,191.0,210.0,36.8,83.4,64.848000
488,-1,283.0,213.0,26.0,59.0,35.962002
488,-1,202.0,204.0,36.8,83.4,29.417000
488,-1,275.0,221.0,26.0,59.0,28.030001
488,-1,148.0,233.0,33.5,76.1,22.462999
488,-1,370.0,203.0,62.2,141.2,20.882999
488,-1,509.0,228.0,40.0,90.8,15.226000
488,-1,319.0,243.0,33.5,76.1,14.014000
488,-1,329.0,248.0,33.5,76.1,10.202000
488,-1,327.0,210.0,36.8,83.4,5.031700
489,-1,404.0,162.0,94.5,214.6,68.512001
489,-1,189.0,210.0,40.0,90.8,60.620998
489,-1,279.0,221.0,26.0,59.0,42.757999
489,-1,380.0,203.0,62.2,141.2,41.796001
489,-1,319.0,245.0,26.0,59.0,28.492001
489,-1,146.0,232.0,36.8,83.4,28.232000
489,-1,329.0,212.0,33.5,76.1,19.945000
489,-1,329.0,248.0,33.5,76.1,9.134500
489,-1,202.0,198.0,36.8,83.4,6.007700
490,-1,189.0,204.0,40.0,90.8,68.595001
490,-1,412.0,146.0,104.0,236.0,63.361000
490,-1,386.0,210.0,40.0,90.8,46.261002
490,-1,315.0,237.0,26.0,59.0,28.847000
490,-1,327.0,210.0,36.8,83.4,26.132000
490,-1,279.0,221.0,26.0,59.0,22.142000
490,-1,142.0,201.0,52.0,118.0,21.354000
490,-1,324.0,248.0,33.5,76.1,11.197000
490,-1,502.0,201.0,52.0,118.0,2.721100
491,-1,428.0,146.0,104.0,236.0,68.686996
491,-1,382.0,204.0,43.9,99.5,61.580002
491,-1,189.0,210.0,40.0,90.8,47.402000
491,-1,329.0,212.0,33.5,76.1,35.101002
491,-1,279.0,221.0,26.0,59.0,28.454000
491,-1,129.0,193.0,56.9,129.1,23.691000
491,-1,412.0,266.0,36.8,83.4,23.167000
491,-1,205.0,202.0,33.5,76.1,21.888000
491,-1,315.0,245.0,26.0,59.0,16.882000
492,-1,447.0,162.0,94.5,214.6,65.977997
492,-1,386.0,210.0,40.0,90.8,63.720001
492,-1,191.0,210.0,36.8,83.4,54.865002
492,-1,429.0,271.0,43.9,99.5,50.827000
492,-1,334.0,212.0,33.5,76.1,30.347000
492,-1,283.0,217.0,26.0,59.0,25.063000
492,-1,205.0,202.0,33.5,76.1,23.038000
492,-1,121.0,193.0,56.9,129.1,21.214001
492,-1,315.0,245.0,26.0,59.0,18.789000
492,-1,416.0,265.0,43.9,99.5,1.972300
493,-1,389.0,204.0,43.9,99.5,78.349998
493,-1,445.0,139.0,112.0,254.2,62.318001
493,-1,194.0,197.0,43.9,99.5,48.164001
493,-1,319.0,245.0,26.0,59.0,27.268999
493,-1,279.0,213.0,26.0,59.0,25.752001
493,-1,425.0,259.0,47.9,108.7,20.671000
493,-1,180.0,190.0,43.9,99.5,14.315000
493,-1,329.0,212.0,33.5,76.1,10.574000
493,-1,118.0,193.0,52.0,118.0,8.682100
493,-1,315.0,229.0,26.0,59.0,1.005000
494,-1,389.0,204.0,43.9,99.5,67.241997
494,-1,187.0,197.0,43.9,99.5,56.181000
494,-1,463.0,156.0,112.0,254.2,44.797001
494,-1,430.0,241.0,28.3,64.3,33.433998
494,-1,315.0,241.0,26.0,59.0,27.393000
494,-1,283.0,213.0,26.0,59.0,22.601000
494,-1,440.0,267.0,47.9,108.7,18.271999
494,-1,333.0,204.0,36.8,83.4,17.246000
495,-1,389.0,204.0,43.9,99.5,66.219002
495,-1,187.0,197.0,43.9,99.5,53.012001
495,-1,480.0,137.0,125.5,284.9,50.622002
495,-1,434.0,241.0,28.3,64.3,41.984001
495,-1,283.0,213.0,26.0,59.0,31.968000
495,-1,319.0,241.0,26.0,59.0,29.011000
495,-1,334.0,212.0,33.5,76.1,17.291000
495,-1,208.0,198.0,36.8,83.4,17.238001
495,-1,118.0,201.0,52.0,118.0,7.879300
496,-1,388.0,200.0,47.9,108.7,63.855999
496,-1,187.0,197.0,43.9,99.5,51.254002
496,-1,283.0,209.0,26.0,59.0,27.396000
496,-1,504.0,292.0,43.9,99.5,25.955000
496,-1,317.0,236.0,28.3,64.3,25.656000
496,-1,435.0,233.0,30.8,70.0,24.547001
496,-1,343.0,229.0,26.0,59.0,17.959999
496,-1,275.0,205.0,26.0,59.0,17.657000
496,-1,103.0,193.0,56.9,129.1,11.153000
497,-1,392.0,204.0,40.0,90.8,59.091999
497,-1,182.0,186.0,47.9,108.7,53.770000
497,-1,283.0,209.0,26.0,59.0,43.640999
497,-1,518.0,281.0,52.0,118.0,37.049999
497,-1,315.0,229.0,26.0,59.0,26.056999
497,-1,102.0,193.0,52.0,118.0,23.389000
497,-1,337.0,198.0,40.0,90.8,21.292999
497,-1,434.0,236.0,28.3,64.3,8.140800
498,-1,389.0,197.0,43.9,99.5,74.696999
498,-1,182.0,186.0,47.9,108.7,59.202999
498,-1,283.0,209.0,26.0,59.0,57.648998
498,-1,102.0,193.0,52.0,118.0,26.438999
498,-1,339.0,207.0,33.5,76.1,24.533001
498,-1,439.0,241.0,26.0,59.0,23.474001
498,-1,312.0,223.0,28.3,64.3,18.511999
498,-1,543.0,283.0,68.0,154.4,16.711000
499,-1,389.0,197.0,43.9,99.5,68.737999
499,-1,283.0,209.0,26.0,59.0,58.674000
499,-1,182.0,178.0,47.9,108.7,52.222000
499,-1,315.0,225.0,26.0,59.0,32.858002
499,-1,439.0,236.0,28.3,64.3,30.285000
499,-1,85.0,184.0,56.9,129.1,27.448000
499,-1,339.0,207.0,33.5,76.1,22.538000
500,-1,389.0,197.0,43.9,99.5,75.038002
500,-1,180.0,197.0,43.9,99.5,52.405998
500,-1,283.0,209.0,26.0,59.0,42.694000
500,-1,439.0,236.0,28.3,64.3,29.513000
500,-1,84.0,174.0,62.2,141.2,25.677999
500,-1,343.0,219.0,28.3,64.3,22.239000
500,-1,315.0,225.0,26.0,59.0,21.698000
500,-1,503.0,237.0,26.0,59.0,12.789000
500,-1,550.0,209.0,52.0,118.0,9.650200
501,-1,396.0,197.0,43.9,99.5,65.982002
501,-1,174.0,177.0,52.0,118.0,58.091999
501,-1,283.0,209.0,26.0,59.0,44.289001
501,-1,439.0,245.0,26.0,59.0,37.264999
501,-1,71.0,168.0,68.0,154.4,36.782001
501,-1,315.0,233.0,26.0,59.0,30.434000
501,-1,337.0,198.0,40.0,90.8,24.389999
501,-1,382.0,204.0,43.9,99.5,20.759001
