0,1,386.29,233.38,129.94,292.69,0.91,-1,-1,-1
0,2,160.30,228.52,188.64,470.14,0.88,-1,-1,-1
0,3,923.29,214.66,251.00,579.81,0.88,-1,-1,-1
0,4,540.62,269.25,118.63,249.76,0.87,-1,-1,-1
0,5,308.87,341.61,99.43,229.23,0.86,-1,-1,-1
0,6,540.40,171.46,42.52,112.30,0.85,-1,-1,-1
0,7,652.13,266.43,111.54,235.95,0.82,-1,-1,-1
0,8,754.58,246.93,107.16,266.18,0.82,-1,-1,-1
0,9,136.95,193.46,126.85,324.87,0.80,-1,-1,-1
0,10,586.52,209.07,102.09,253.25,0.79,-1,-1,-1
0,11,690.33,159.57,68.70,206.05,0.74,-1,-1,-1
0,12,572.04,149.66,44.44,137.76,0.74,-1,-1,-1
0,13,296.96,174.94,56.37,144.10,0.73,-1,-1,-1
0,14,255.04,216.38,106.80,299.13,0.68,-1,-1,-1
0,15,599.76,159.92,49.07,140.76,0.68,-1,-1,-1
0,16,1138.02,281.43,236.32,499.64,0.62,-1,-1,-1
1,1,386.36,233.91,129.79,292.63,0.91,-1,-1,-1
1,2,160.95,229.31,187.98,468.81,0.88,-1,-1,-1
1,3,924.03,214.18,251.20,580.19,0.87,-1,-1,-1
1,4,541.83,269.20,119.24,250.95,0.85,-1,-1,-1
1,5,309.29,340.34,100.19,231.01,0.85,-1,-1,-1
1,6,540.67,171.84,42.36,111.89,0.85,-1,-1,-1
1,7,651.19,265.04,112.95,238.95,0.82,-1,-1,-1
1,8,754.84,246.23,107.44,266.80,0.81,-1,-1,-1
1,9,140.56,195.69,126.92,325.29,0.78,-1,-1,-1
1,10,587.31,209.33,101.86,252.70,0.80,-1,-1,-1
1,11,690.80,159.74,66.49,199.33,0.71,-1,-1,-1
1,12,572.19,150.36,44.38,137.60,0.71,-1,-1,-1
1,13,297.86,175.44,55.29,141.30,0.74,-1,-1,-1
1,14,260.97,215.75,105.35,295.12,0.71,-1,-1,-1
1,15,599.93,160.50,48.79,139.97,0.66,-1,-1,-1
1,16,1137.25,284.83,239.94,507.37,0.61,-1,-1,-1
2,1,389.06,234.99,129.06,291.26,0.91,-1,-1,-1
2,2,160.87,231.07,187.11,467.35,0.88,-1,-1,-1
2,3,925.12,215.06,251.63,581.14,0.88,-1,-1,-1
2,4,541.16,269.68,119.77,252.16,0.86,-1,-1,-1
2,5,312.23,338.63,101.06,233.35,0.86,-1,-1,-1
2,6,540.92,171.78,42.40,111.95,0.85,-1,-1,-1
2,7,652.56,265.56,112.92,238.75,0.81,-1,-1,-1
2,8,755.11,246.27,107.46,266.59,0.81,-1,-1,-1
2,9,143.26,194.58,127.21,326.43,0.79,-1,-1,-1
2,10,587.75,209.01,101.95,252.99,0.80,-1,-1,-1
2,11,690.36,160.99,68.36,204.83,0.71,-1,-1,-1
2,12,572.37,150.72,43.85,135.98,0.71,-1,-1,-1
2,13,298.16,175.94,54.72,139.60,0.73,-1,-1,-1
2,14,262.24,214.91,107.16,300.01,0.74,-1,-1,-1
2,15,600.68,161.40,46.88,134.57,0.64,-1,-1,-1
2,16,1135.93,279.63,246.17,520.87,0.63,-1,-1,-1
3,1,393.72,236.46,127.32,287.55,0.90,-1,-1,-1
3,2,160.07,233.13,186.13,465.63,0.88,-1,-1,-1
3,3,925.19,215.52,252.77,583.82,0.87,-1,-1,-1
3,4,542.43,269.58,119.86,252.20,0.86,-1,-1,-1
3,5,315.57,340.08,100.77,232.77,0.87,-1,-1,-1
3,6,540.91,171.84,42.40,111.87,0.85,-1,-1,-1
3,7,648.68,260.99,117.74,248.81,0.80,-1,-1,-1
3,8,753.62,245.45,107.79,266.58,0.82,-1,-1,-1
3,9,148.58,195.98,125.29,321.85,0.77,-1,-1,-1
3,10,587.85,205.66,102.78,255.02,0.79,-1,-1,-1
3,11,690.29,161.93,64.45,192.74,0.68,-1,-1,-1
3,12,572.16,150.74,44.11,136.87,0.72,-1,-1,-1
3,13,298.24,175.91,55.00,139.94,0.73,-1,-1,-1
3,14,266.10,216.67,107.60,300.98,0.75,-1,-1,-1
3,15,600.60,161.26,47.20,135.58,0.65,-1,-1,-1
3,16,1137.07,282.51,245.91,520.68,0.58,-1,-1,-1
4,1,396.98,235.96,125.80,284.62,0.90,-1,-1,-1
4,2,158.68,232.73,186.83,468.12,0.89,-1,-1,-1
4,3,924.59,215.34,254.25,587.26,0.87,-1,-1,-1
4,4,542.09,267.99,120.18,253.08,0.87,-1,-1,-1
4,5,319.14,340.67,99.76,230.41,0.88,-1,-1,-1
4,6,540.71,171.82,42.45,111.94,0.84,-1,-1,-1
4,7,647.08,258.60,119.75,253.34,0.80,-1,-1,-1
4,8,754.19,245.02,108.41,267.29,0.82,-1,-1,-1
4,9,158.03,196.37,117.82,301.24,0.73,-1,-1,-1
4,10,586.53,200.77,104.71,259.83,0.81,-1,-1,-1
4,11,689.94,161.88,62.79,187.50,0.70,-1,-1,-1
4,12,572.02,150.75,44.27,137.54,0.73,-1,-1,-1
4,13,301.69,175.94,51.00,128.68,0.69,-1,-1,-1
4,14,269.10,218.34,106.87,298.62,0.72,-1,-1,-1
4,15,600.80,161.64,46.89,134.87,0.64,-1,-1,-1
4,16,1140.04,273.04,250.77,532.20,0.56,-1,-1,-1
5,1,400.94,235.02,125.92,285.52,0.89,-1,-1,-1
5,2,162.62,231.84,185.87,467.36,0.89,-1,-1,-1
5,3,924.78,214.35,256.03,591.51,0.87,-1,-1,-1
5,4,541.14,267.79,120.14,253.44,0.88,-1,-1,-1
5,5,321.11,342.61,98.20,226.40,0.88,-1,-1,-1
5,6,540.46,171.76,42.39,111.74,0.83,-1,-1,-1
5,7,646.94,258.26,120.04,254.42,0.82,-1,-1,-1
5,8,755.46,244.78,109.21,268.33,0.82,-1,-1,-1
5,9,168.20,194.48,108.08,274.01,0.75,-1,-1,-1
5,10,586.15,201.96,104.13,258.39,0.82,-1,-1,-1
5,11,689.23,161.20,57.60,171.10,0.69,-1,-1,-1
5,12,571.77,150.15,44.67,138.92,0.74,-1,-1,-1
5,13,303.10,176.09,50.24,125.67,0.68,-1,-1,-1
5,14,270.83,217.46,107.96,301.71,0.74,-1,-1,-1
5,15,600.23,160.87,48.06,138.34,0.66,-1,-1,-1
5,16,1142.85,272.30,252.09,537.08,0.48,-1,-1,-1
6,1,406.11,234.48,124.36,282.45,0.89,-1,-1,-1
6,2,170.49,232.72,182.02,460.21,0.89,-1,-1,-1
6,3,923.54,213.20,256.74,593.88,0.87,-1,-1,-1
6,4,540.42,266.29,120.44,254.86,0.87,-1,-1,-1
6,5,322.31,343.11,97.92,225.35,0.87,-1,-1,-1
6,6,540.43,171.70,42.52,112.00,0.83,-1,-1,-1
6,7,647.57,258.48,120.07,254.67,0.79,-1,-1,-1
6,8,755.15,243.77,110.01,269.17,0.82,-1,-1,-1
6,9,172.76,193.01,107.13,269.51,0.75,-1,-1,-1
6,10,585.25,196.10,106.50,264.45,0.80,-1,-1,-1
6,11,689.35,161.55,52.60,155.15,0.73,-1,-1,-1
6,12,571.79,149.93,44.89,139.77,0.74,-1,-1,-1
6,13,301.98,175.83,52.63,130.98,0.67,-1,-1,-1
6,14,272.84,216.77,107.79,301.43,0.74,-1,-1,-1
6,15,600.11,161.61,48.31,138.86,0.67,-1,-1,-1
6,16,1144.50,275.89,247.47,530.28,0.51,-1,-1,-1
7,1,409.92,232.43,124.36,283.16,0.89,-1,-1,-1
7,2,174.67,233.97,178.32,451.20,0.89,-1,-1,-1
7,3,924.34,212.85,256.13,593.27,0.87,-1,-1,-1
7,4,540.35,265.46,120.09,255.07,0.87,-1,-1,-1
7,5,324.08,341.68,98.11,224.97,0.87,-1,-1,-1
7,6,540.62,171.72,42.53,112.00,0.83,-1,-1,-1
7,7,647.52,259.97,118.52,252.41,0.78,-1,-1,-1
7,8,756.92,243.35,110.13,268.89,0.81,-1,-1,-1
7,9,174.21,192.28,107.62,269.72,0.74,-1,-1,-1
7,10,587.00,195.78,106.21,264.23,0.80,-1,-1,-1
7,11,687.81,159.51,51.62,150.93,0.74,-1,-1,-1
7,12,571.77,149.81,44.94,140.03,0.73,-1,-1,-1
7,13,303.13,175.76,52.06,128.45,0.68,-1,-1,-1
7,14,274.05,216.73,107.95,302.22,0.71,-1,-1,-1
7,15,599.84,162.30,48.05,137.73,0.71,-1,-1,-1
7,16,1144.46,272.78,245.07,526.49,0.53,-1,-1,-1
8,1,413.53,230.50,123.88,282.72,0.90,-1,-1,-1
8,2,178.85,234.04,174.92,443.94,0.89,-1,-1,-1
8,3,924.43,212.30,255.48,593.24,0.87,-1,-1,-1
8,4,540.30,265.02,119.94,255.49,0.87,-1,-1,-1
8,5,325.22,339.00,98.04,224.01,0.87,-1,-1,-1
8,6,540.27,171.23,42.45,111.78,0.83,-1,-1,-1
8,7,647.08,259.24,117.99,252.36,0.78,-1,-1,-1
8,8,758.33,242.88,110.48,269.30,0.81,-1,-1,-1
8,9,174.25,190.32,113.27,284.59,0.74,-1,-1,-1
8,10,588.41,196.29,106.01,263.77,0.80,-1,-1,-1
8,11,686.74,159.18,52.68,152.99,0.74,-1,-1,-1
8,12,571.41,148.45,45.21,140.98,0.74,-1,-1,-1
8,13,301.12,175.51,53.78,132.35,0.70,-1,-1,-1
8,14,275.64,216.02,107.65,302.25,0.69,-1,-1,-1
8,15,598.58,161.76,50.09,142.92,0.70,-1,-1,-1
8,16,1140.24,278.55,243.55,522.92,0.40,-1,-1,-1
8,17,-45.03,299.04,79.37,192.92,0.53,-1,-1,-1
9,1,417.46,228.86,122.63,280.69,0.91,-1,-1,-1
9,2,178.10,232.65,173.91,441.92,0.89,-1,-1,-1
9,3,925.62,212.51,253.71,590.33,0.87,-1,-1,-1
9,4,540.12,263.95,120.19,256.96,0.87,-1,-1,-1
9,5,327.87,334.24,99.76,227.93,0.87,-1,-1,-1
9,6,540.24,171.09,42.56,112.14,0.84,-1,-1,-1
9,7,647.82,258.89,117.45,253.08,0.80,-1,-1,-1
9,8,758.13,242.33,110.87,269.47,0.82,-1,-1,-1
9,9,176.25,192.81,111.81,281.56,0.76,-1,-1,-1
9,10,589.53,197.88,105.31,261.82,0.81,-1,-1,-1
9,11,682.79,155.92,58.15,167.43,0.75,-1,-1,-1
9,12,571.37,147.91,45.68,142.50,0.74,-1,-1,-1
9,13,300.32,174.98,55.73,137.28,0.67,-1,-1,-1
9,14,274.25,213.60,108.59,306.31,0.75,-1,-1,-1
9,15,598.40,161.32,50.13,142.06,0.67,-1,-1,-1
9,16,1135.34,272.01,247.99,532.69,0.36,-1,-1,-1
9,17,-44.06,299.63,80.55,196.00,0.67,-1,-1,-1
10,1,419.79,227.02,122.27,280.46,0.91,-1,-1,-1
10,2,182.53,232.51,169.00,429.51,0.89,-1,-1,-1
10,3,926.44,212.07,253.02,590.01,0.88,-1,-1,-1
10,4,540.84,264.55,119.97,257.05,0.87,-1,-1,-1
10,5,331.73,332.52,99.64,228.04,0.87,-1,-1,-1
10,6,540.18,171.14,42.44,111.86,0.84,-1,-1,-1
10,7,648.85,259.84,115.83,250.98,0.80,-1,-1,-1
10,8,757.41,241.74,111.16,269.16,0.82,-1,-1,-1
10,9,179.07,191.97,116.16,293.08,0.72,-1,-1,-1
10,10,591.34,197.84,105.48,261.63,0.80,-1,-1,-1
10,11,680.11,154.88,58.60,166.46,0.78,-1,-1,-1
10,12,571.79,147.62,45.94,143.19,0.73,-1,-1,-1
10,13,300.42,174.64,56.46,139.19,0.66,-1,-1,-1
10,14,271.42,209.51,111.43,315.77,0.78,-1,-1,-1
10,15,596.99,159.49,52.21,147.07,0.72,-1,-1,-1
10,16,1135.79,278.72,245.95,525.66,0.27,-1,-1,-1
10,17,-42.59,300.62,80.49,196.20,0.69,-1,-1,-1
11,1,422.44,225.17,121.68,278.42,0.91,-1,-1,-1
11,2,184.78,231.28,167.05,424.04,0.89,-1,-1,-1
11,3,926.83,212.86,251.46,587.41,0.88,-1,-1,-1
11,4,544.31,267.30,117.91,252.25,0.87,-1,-1,-1
11,5,335.44,331.28,99.18,227.37,0.85,-1,-1,-1
11,6,539.90,170.60,42.50,112.13,0.83,-1,-1,-1
11,7,648.52,255.63,116.84,254.54,0.77,-1,-1,-1
11,8,756.87,241.36,111.62,269.47,0.82,-1,-1,-1
11,9,185.95,194.56,109.92,278.06,0.66,-1,-1,-1
11,10,590.95,198.31,104.75,258.66,0.78,-1,-1,-1
11,11,679.02,154.09,58.37,163.66,0.76,-1,-1,-1
11,12,572.36,147.26,46.05,143.30,0.72,-1,-1,-1
11,13,301.19,174.34,55.89,137.71,0.67,-1,-1,-1
11,14,272.38,209.47,112.92,320.99,0.79,-1,-1,-1
11,15,596.28,158.42,52.99,148.48,0.69,-1,-1,-1
11,16,1136.54,275.97,246.78,524.96,0.29,-1,-1,-1
11,17,-41.64,301.33,79.72,194.80,0.68,-1,-1,-1
12,1,424.66,224.68,121.68,277.27,0.90,-1,-1,-1
12,2,184.81,229.30,166.28,422.06,0.89,-1,-1,-1
12,3,926.60,211.74,251.41,588.09,0.87,-1,-1,-1
12,4,542.44,262.36,119.67,256.40,0.85,-1,-1,-1
12,5,340.75,329.49,98.52,225.84,0.85,-1,-1,-1
12,6,539.53,170.29,42.34,111.62,0.83,-1,-1,-1
12,7,648.96,252.12,117.58,257.99,0.76,-1,-1,-1
12,8,755.69,240.87,111.91,269.81,0.82,-1,-1,-1
12,9,191.21,196.55,106.11,268.58,0.69,-1,-1,-1
12,10,590.06,196.69,105.96,260.28,0.80,-1,-1,-1
12,11,677.58,153.47,59.31,164.49,0.75,-1,-1,-1
12,12,572.71,146.34,46.32,143.84,0.70,-1,-1,-1
12,13,301.33,174.80,55.41,136.38,0.68,-1,-1,-1
12,14,272.50,209.63,113.67,323.61,0.81,-1,-1,-1
12,15,596.20,155.33,54.81,153.26,0.65,-1,-1,-1
12,16,1138.84,275.20,245.23,518.92,0.24,-1,-1,-1
12,17,-41.97,298.34,80.33,196.68,0.63,-1,-1,-1
13,1,427.41,223.78,123.25,280.60,0.88,-1,-1,-1
13,2,183.99,228.30,165.18,419.51,0.89,-1,-1,-1
13,3,927.22,212.21,250.24,586.01,0.88,-1,-1,-1
13,4,541.92,260.08,119.39,256.09,0.85,-1,-1,-1
13,5,345.10,327.99,98.57,225.10,0.84,-1,-1,-1
13,6,539.35,170.30,42.13,110.90,0.82,-1,-1,-1
13,7,650.11,254.93,115.50,255.00,0.79,-1,-1,-1
13,8,756.08,240.33,111.96,269.98,0.81,-1,-1,-1
13,9,195.11,196.54,106.10,268.72,0.69,-1,-1,-1
13,10,590.55,195.43,106.87,260.89,0.81,-1,-1,-1
13,11,674.99,150.09,61.63,169.37,0.76,-1,-1,-1
13,12,573.20,145.50,46.39,143.55,0.68,-1,-1,-1
13,13,301.61,174.72,54.95,135.06,0.67,-1,-1,-1
13,14,271.50,207.47,115.55,329.67,0.82,-1,-1,-1
13,15,596.30,154.81,54.55,151.90,0.62,-1,-1,-1
13,16,1133.11,270.46,248.38,523.25,0.24,-1,-1,-1
13,17,-42.26,295.13,81.07,199.05,0.61,-1,-1,-1
14,1,430.10,223.87,123.65,280.96,0.88,-1,-1,-1
14,2,182.15,226.81,164.59,418.53,0.89,-1,-1,-1
14,3,928.20,211.05,250.10,585.88,0.88,-1,-1,-1
14,4,542.25,259.10,118.99,255.44,0.86,-1,-1,-1
14,5,349.15,327.49,97.86,222.72,0.83,-1,-1,-1
14,6,539.66,169.86,41.88,110.05,0.83,-1,-1,-1
14,7,651.39,255.81,114.31,253.86,0.78,-1,-1,-1
14,8,757.38,239.12,112.29,270.78,0.81,-1,-1,-1
14,9,195.04,195.63,109.59,278.24,0.59,-1,-1,-1
14,10,592.74,195.85,107.14,260.34,0.82,-1,-1,-1
14,11,673.85,149.97,59.69,162.70,0.78,-1,-1,-1
14,12,573.15,144.89,46.15,142.64,0.71,-1,-1,-1
14,13,301.19,174.23,56.30,138.84,0.66,-1,-1,-1
14,14,271.43,205.67,116.37,331.88,0.83,-1,-1,-1
14,15,595.83,155.19,54.28,150.70,0.68,-1,-1,-1
14,16,1129.16,268.61,250.36,525.61,0.21,-1,-1,-1
14,17,-43.54,288.83,83.30,205.19,0.62,-1,-1,-1
15,1,432.32,224.69,123.89,280.26,0.88,-1,-1,-1
15,2,180.65,225.40,163.51,415.89,0.89,-1,-1,-1
15,3,928.34,209.36,250.69,587.74,0.88,-1,-1,-1
15,4,542.18,257.41,119.52,257.10,0.85,-1,-1,-1
15,5,353.26,327.25,97.54,221.59,0.84,-1,-1,-1
15,6,539.88,168.92,41.90,109.80,0.84,-1,-1,-1
15,7,656.20,259.20,110.58,248.57,0.80,-1,-1,-1
15,8,757.84,238.50,112.54,271.84,0.82,-1,-1,-1
15,9,207.89,194.35,102.49,259.55,0.63,-1,-1,-1
15,10,593.25,195.81,106.65,258.98,0.82,-1,-1,-1
15,11,674.03,152.13,58.36,157.43,0.77,-1,-1,-1
15,12,572.71,144.64,46.21,142.53,0.70,-1,-1,-1
15,13,301.97,173.28,58.49,144.07,0.63,-1,-1,-1
15,14,272.57,203.53,117.54,335.62,0.83,-1,-1,-1
15,15,594.76,154.59,55.27,153.04,0.74,-1,-1,-1
15,16,1136.95,254.28,254.85,535.89,0.26,-1,-1,-1
15,17,-42.08,283.61,84.55,209.09,0.68,-1,-1,-1
16,1,433.91,225.81,124.00,279.01,0.88,-1,-1,-1
16,2,178.94,223.83,162.86,413.57,0.89,-1,-1,-1
16,3,928.84,207.98,250.15,586.66,0.88,-1,-1,-1
16,4,541.48,256.96,120.16,258.46,0.85,-1,-1,-1
16,5,356.17,325.54,97.55,221.82,0.85,-1,-1,-1
16,6,540.28,167.59,42.08,110.06,0.84,-1,-1,-1
16,7,656.50,258.19,110.06,248.86,0.78,-1,-1,-1
16,8,757.49,237.43,112.50,270.99,0.80,-1,-1,-1
16,9,216.04,195.00,98.36,248.01,0.67,-1,-1,-1
16,10,592.44,195.44,106.84,258.91,0.81,-1,-1,-1
16,11,673.27,151.53,58.46,156.06,0.78,-1,-1,-1
16,12,571.44,144.25,46.09,142.05,0.68,-1,-1,-1
16,13,300.98,172.30,60.18,148.38,0.67,-1,-1,-1
16,14,275.61,201.07,115.39,329.72,0.82,-1,-1,-1
16,15,594.70,153.77,54.74,151.11,0.72,-1,-1,-1
16,16,1139.29,250.57,249.64,527.74,0.41,-1,-1,-1
16,17,-41.85,280.29,85.31,211.62,0.72,-1,-1,-1
17,1,434.55,226.01,124.31,278.54,0.88,-1,-1,-1
17,2,178.18,221.11,164.49,415.86,0.87,-1,-1,-1
17,3,931.19,208.44,248.35,582.78,0.88,-1,-1,-1
17,4,541.52,256.29,120.45,259.43,0.85,-1,-1,-1
17,5,359.23,323.23,97.09,222.15,0.84,-1,-1,-1
17,6,540.12,166.81,42.09,109.75,0.84,-1,-1,-1
17,7,654.78,253.63,111.26,252.92,0.75,-1,-1,-1
17,8,757.17,236.70,112.94,270.81,0.80,-1,-1,-1
17,9,219.70,190.58,109.97,280.64,0.55,-1,-1,-1
17,10,590.29,194.92,107.62,259.90,0.81,-1,-1,-1
17,11,672.44,153.01,57.69,152.44,0.76,-1,-1,-1
17,12,571.30,143.58,45.79,141.24,0.70,-1,-1,-1
17,13,301.35,171.12,61.51,152.16,0.60,-1,-1,-1
17,14,278.86,198.82,113.73,326.55,0.83,-1,-1,-1
17,15,594.59,152.78,54.40,149.75,0.73,-1,-1,-1
17,16,1139.82,260.88,239.01,508.93,0.39,-1,-1,-1
17,17,-41.76,277.60,85.54,212.85,0.74,-1,-1,-1
18,1,435.09,225.55,124.75,278.19,0.88,-1,-1,-1
18,2,175.53,220.19,166.07,417.09,0.86,-1,-1,-1
18,3,932.24,208.92,246.21,577.33,0.88,-1,-1,-1
18,4,541.71,255.32,120.88,260.44,0.85,-1,-1,-1
18,5,360.24,321.72,96.14,221.78,0.82,-1,-1,-1
18,6,539.59,165.69,42.47,110.39,0.83,-1,-1,-1
18,7,653.32,250.59,111.96,256.12,0.75,-1,-1,-1
18,8,757.67,237.46,112.45,268.65,0.80,-1,-1,-1
18,9,240.27,194.45,99.89,258.98,0.48,-1,-1,-1
18,10,589.62,195.70,107.66,259.65,0.80,-1,-1,-1
18,11,670.16,153.30,59.38,156.62,0.72,-1,-1,-1
18,12,571.68,141.91,45.82,141.57,0.71,-1,-1,-1
18,13,303.40,169.47,58.34,143.46,0.51,-1,-1,-1
18,14,281.41,200.72,111.25,320.07,0.83,-1,-1,-1
18,15,594.16,151.43,54.73,150.32,0.72,-1,-1,-1
18,16,1139.69,270.22,232.78,499.19,0.45,-1,-1,-1
18,17,-40.59,278.19,85.02,212.19,0.77,-1,-1,-1
19,1,434.26,224.68,124.62,277.88,0.88,-1,-1,-1
19,2,172.29,221.58,166.46,414.12,0.87,-1,-1,-1
19,3,933.51,209.30,244.24,572.01,0.88,-1,-1,-1
19,4,542.63,254.41,120.65,260.40,0.86,-1,-1,-1
19,5,360.79,321.20,94.80,220.83,0.80,-1,-1,-1
19,6,538.74,165.17,42.40,110.38,0.83,-1,-1,-1
19,7,659.20,254.46,107.37,248.02,0.77,-1,-1,-1
19,8,757.37,236.20,112.75,269.16,0.79,-1,-1,-1
19,9,250.74,194.79,92.72,243.19,0.56,-1,-1,-1
19,10,590.12,196.08,106.92,258.12,0.81,-1,-1,-1
19,11,667.86,149.02,59.77,156.42,0.76,-1,-1,-1
19,12,571.83,140.44,46.12,142.91,0.72,-1,-1,-1
19,13,302.62,167.97,57.11,139.45,0.57,-1,-1,-1
19,14,285.77,202.39,109.11,313.78,0.84,-1,-1,-1
19,15,594.81,150.17,54.26,148.42,0.69,-1,-1,-1
19,16,1141.09,274.81,230.34,497.76,0.46,-1,-1,-1
19,17,-38.19,281.08,83.28,208.25,0.79,-1,-1,-1
20,1,433.97,223.68,124.29,277.79,0.87,-1,-1,-1
20,2,171.19,222.15,166.50,410.38,0.86,-1,-1,-1
20,3,935.02,210.14,241.48,564.13,0.88,-1,-1,-1
20,4,543.44,254.59,119.98,258.82,0.87,-1,-1,-1
20,5,362.31,320.47,92.80,218.16,0.78,-1,-1,-1
20,6,538.41,163.92,42.48,110.78,0.81,-1,-1,-1
20,7,662.00,255.84,106.38,248.12,0.80,-1,-1,-1
20,8,758.92,235.61,112.32,268.97,0.79,-1,-1,-1
20,9,254.61,193.25,88.61,234.88,0.54,-1,-1,-1
20,10,591.49,195.70,105.72,255.78,0.81,-1,-1,-1
20,11,665.07,147.10,60.44,156.35,0.71,-1,-1,-1
20,12,572.49,138.93,46.17,143.42,0.73,-1,-1,-1
20,13,301.32,165.80,60.91,148.32,0.58,-1,-1,-1
20,14,288.07,201.68,108.84,311.98,0.85,-1,-1,-1
20,15,599.20,151.60,51.28,140.40,0.62,-1,-1,-1
20,16,1144.89,275.68,228.84,498.69,0.47,-1,-1,-1
20,17,-36.43,281.77,82.48,206.73,0.81,-1,-1,-1
21,1,433.53,221.73,124.20,278.94,0.87,-1,-1,-1
21,2,165.32,220.65,168.79,409.59,0.83,-1,-1,-1
21,3,936.93,210.15,240.62,560.75,0.88,-1,-1,-1
21,4,544.67,255.57,118.80,256.08,0.87,-1,-1,-1
21,5,368.60,321.86,88.13,209.41,0.81,-1,-1,-1
21,6,537.97,162.12,42.87,112.10,0.82,-1,-1,-1
21,7,663.80,255.91,105.26,247.99,0.81,-1,-1,-1
21,8,760.14,234.86,112.37,269.58,0.79,-1,-1,-1
21,9,259.51,194.24,88.23,236.30,0.62,-1,-1,-1
21,10,595.00,194.18,104.27,253.90,0.81,-1,-1,-1
21,11,664.23,149.25,59.38,151.86,0.73,-1,-1,-1
21,12,573.09,138.53,46.06,143.51,0.72,-1,-1,-1
21,13,302.20,164.99,58.72,140.88,0.52,-1,-1,-1
21,14,290.51,203.39,107.43,306.15,0.85,-1,-1,-1
21,15,596.08,148.38,54.26,148.17,0.70,-1,-1,-1
21,16,1147.28,272.17,228.51,502.66,0.56,-1,-1,-1
21,17,-34.22,281.36,82.06,206.11,0.81,-1,-1,-1
21,18,497.85,149.25,40.40,119.06,0.62,-1,-1,-1
22,1,433.57,220.07,123.77,279.18,0.87,-1,-1,-1
22,2,162.19,217.33,170.30,408.85,0.83,-1,-1,-1
22,3,937.17,209.07,239.90,558.06,0.88,-1,-1,-1
22,4,545.79,255.64,117.58,253.31,0.86,-1,-1,-1
22,5,373.84,321.46,85.18,204.51,0.83,-1,-1,-1
22,6,538.12,160.53,43.11,113.12,0.84,-1,-1,-1
22,7,665.31,254.63,103.91,247.23,0.82,-1,-1,-1
22,8,761.50,233.69,112.84,270.89,0.79,-1,-1,-1
22,9,260.31,193.80,91.05,244.45,0.65,-1,-1,-1
22,10,597.04,193.11,103.69,253.95,0.82,-1,-1,-1
22,11,662.99,149.21,59.18,150.31,0.77,-1,-1,-1
22,12,575.44,137.35,46.69,145.61,0.74,-1,-1,-1
22,13,301.41,163.52,58.84,139.13,0.49,-1,-1,-1
22,14,291.53,201.88,107.29,304.76,0.84,-1,-1,-1
22,15,594.74,146.24,56.13,153.28,0.72,-1,-1,-1
22,16,1150.29,270.18,230.49,510.99,0.45,-1,-1,-1
22,17,-32.30,281.25,81.06,203.57,0.81,-1,-1,-1
22,18,497.36,147.56,40.87,120.46,0.54,-1,-1,-1
23,1,434.13,218.45,122.05,276.68,0.87,-1,-1,-1
23,2,162.97,211.75,172.48,411.70,0.83,-1,-1,-1
23,3,937.78,208.72,240.31,557.39,0.88,-1,-1,-1
23,4,546.35,254.99,117.43,253.11,0.86,-1,-1,-1
23,5,377.58,320.56,83.26,201.88,0.80,-1,-1,-1
23,6,538.71,158.66,43.77,114.78,0.85,-1,-1,-1
23,7,665.22,252.93,103.82,249.33,0.80,-1,-1,-1
23,8,761.52,231.81,114.22,274.35,0.77,-1,-1,-1
23,9,256.89,188.19,102.68,276.23,0.69,-1,-1,-1
23,10,598.49,193.59,103.38,253.77,0.83,-1,-1,-1
23,11,660.92,148.67,60.81,153.82,0.76,-1,-1,-1
23,12,577.13,136.65,46.54,145.19,0.75,-1,-1,-1
23,13,301.43,164.17,62.81,146.62,0.27,-1,-1,-1
23,14,291.45,197.98,110.31,310.54,0.84,-1,-1,-1
23,15,595.96,145.47,55.42,151.53,0.72,-1,-1,-1
23,16,1153.49,264.22,233.44,522.01,0.46,-1,-1,-1
23,17,-30.79,281.19,80.13,201.23,0.80,-1,-1,-1
23,18,497.14,146.02,41.08,121.12,0.40,-1,-1,-1
24,1,434.38,215.65,121.66,277.80,0.87,-1,-1,-1
24,2,165.39,210.06,171.36,408.85,0.83,-1,-1,-1
24,3,934.88,200.96,245.72,571.18,0.87,-1,-1,-1
24,4,547.20,252.97,118.22,255.18,0.86,-1,-1,-1
24,5,380.99,318.76,81.92,200.80,0.80,-1,-1,-1
24,6,538.68,157.38,44.03,115.39,0.84,-1,-1,-1
24,7,665.59,252.12,103.44,250.40,0.81,-1,-1,-1
24,8,761.77,229.13,115.09,277.95,0.78,-1,-1,-1
24,9,257.14,185.21,105.82,284.71,0.66,-1,-1,-1
24,10,598.68,191.03,104.42,256.52,0.82,-1,-1,-1
24,11,658.54,148.53,60.74,153.41,0.76,-1,-1,-1
24,12,578.00,135.90,45.93,143.41,0.75,-1,-1,-1
24,13,304.24,165.61,51.21,115.86,0.53,-1,-1,-1
24,14,294.63,201.83,109.39,304.38,0.85,-1,-1,-1
24,15,597.20,145.04,54.24,148.15,0.68,-1,-1,-1
24,16,1151.09,255.85,240.71,542.80,0.51,-1,-1,-1
24,17,-31.67,279.78,81.19,203.75,0.80,-1,-1,-1
24,18,497.17,143.55,43.04,126.93,0.46,-1,-1,-1
24,19,706.89,150.58,117.17,342.22,0.61,-1,-1,-1
25,1,436.73,212.80,118.60,271.16,0.88,-1,-1,-1
25,2,163.29,208.59,170.89,406.00,0.83,-1,-1,-1
25,3,934.91,199.75,246.04,572.20,0.87,-1,-1,-1
25,4,547.99,251.88,117.96,254.69,0.86,-1,-1,-1
25,5,384.72,315.88,81.87,202.31,0.78,-1,-1,-1
25,6,538.89,157.23,43.87,114.72,0.85,-1,-1,-1
25,7,666.55,251.79,102.25,249.13,0.81,-1,-1,-1
25,8,762.42,229.02,113.56,275.98,0.80,-1,-1,-1
25,9,259.83,183.87,106.27,285.87,0.73,-1,-1,-1
25,10,599.74,186.46,105.54,259.77,0.82,-1,-1,-1
25,11,654.97,147.14,61.62,155.25,0.74,-1,-1,-1
25,12,578.61,135.28,45.43,141.74,0.76,-1,-1,-1
25,13,305.69,167.33,45.75,102.06,0.53,-1,-1,-1
25,14,296.27,202.25,109.99,304.52,0.85,-1,-1,-1
25,15,597.11,144.68,54.61,149.10,0.68,-1,-1,-1
25,16,1147.86,261.69,237.87,541.42,0.54,-1,-1,-1
25,17,-31.68,278.12,81.59,204.44,0.79,-1,-1,-1
25,18,497.20,142.24,43.70,129.01,0.47,-1,-1,-1
25,19,707.48,149.13,111.76,326.30,0.51,-1,-1,-1
26,1,438.26,211.47,117.12,267.60,0.88,-1,-1,-1
26,2,149.98,207.20,175.51,409.84,0.86,-1,-1,-1
26,3,933.66,198.64,248.17,577.36,0.86,-1,-1,-1
26,4,548.52,251.83,117.55,253.68,0.86,-1,-1,-1
26,5,388.56,313.85,81.44,202.54,0.82,-1,-1,-1
26,6,539.25,158.04,43.51,113.41,0.84,-1,-1,-1
26,7,666.57,250.81,102.04,249.79,0.81,-1,-1,-1
26,8,762.35,228.98,112.18,274.22,0.78,-1,-1,-1
26,9,260.62,184.87,107.71,290.15,0.60,-1,-1,-1
26,10,601.35,184.20,104.62,258.68,0.82,-1,-1,-1
26,11,652.99,145.87,61.94,155.57,0.73,-1,-1,-1
26,12,579.36,135.89,44.61,138.88,0.74,-1,-1,-1
26,13,305.61,167.99,43.71,95.40,0.56,-1,-1,-1
26,14,297.77,200.00,111.32,306.83,0.85,-1,-1,-1
26,15,597.03,144.30,56.24,153.82,0.65,-1,-1,-1
26,16,1147.31,264.00,234.15,538.82,0.53,-1,-1,-1
26,17,-30.42,276.05,80.87,202.72,0.81,-1,-1,-1
26,18,497.83,142.66,43.20,127.68,0.42,-1,-1,-1
26,19,706.72,144.41,113.15,330.39,0.64,-1,-1,-1
27,1,439.65,210.52,115.83,263.78,0.89,-1,-1,-1
27,2,146.64,207.17,176.11,405.65,0.86,-1,-1,-1
27,3,936.85,202.89,244.18,565.45,0.87,-1,-1,-1
27,4,549.42,252.20,117.42,252.98,0.86,-1,-1,-1
27,5,392.13,311.41,81.92,205.40,0.82,-1,-1,-1
27,6,540.04,158.37,43.42,112.65,0.83,-1,-1,-1
27,7,666.58,250.54,101.26,248.58,0.81,-1,-1,-1
27,8,763.71,228.49,111.78,274.11,0.79,-1,-1,-1
27,9,269.79,179.83,111.11,300.83,0.63,-1,-1,-1
27,10,602.27,185.30,101.48,253.09,0.82,-1,-1,-1
27,11,653.00,145.50,61.27,153.45,0.71,-1,-1,-1
27,12,580.09,135.03,43.99,136.55,0.70,-1,-1,-1
27,14,301.16,199.24,112.60,309.47,0.86,-1,-1,-1
27,15,597.14,144.16,56.94,156.12,0.63,-1,-1,-1
27,16,1148.66,262.54,230.55,536.59,0.59,-1,-1,-1
27,17,-28.44,275.54,79.50,198.91,0.78,-1,-1,-1
27,18,500.55,142.82,42.77,125.81,0.40,-1,-1,-1
27,19,703.16,143.17,114.58,334.35,0.60,-1,-1,-1
28,1,440.53,209.94,115.11,261.66,0.89,-1,-1,-1
28,2,145.18,207.55,175.10,398.86,0.87,-1,-1,-1
28,3,938.83,206.12,241.82,557.32,0.87,-1,-1,-1
28,4,550.40,252.30,117.52,252.94,0.85,-1,-1,-1
28,5,394.63,308.57,82.26,208.90,0.84,-1,-1,-1
28,6,540.68,158.48,43.54,112.35,0.82,-1,-1,-1
28,7,666.55,250.15,100.92,248.08,0.81,-1,-1,-1
28,8,766.81,228.18,109.66,268.71,0.81,-1,-1,-1
28,9,270.34,177.90,114.36,309.71,0.79,-1,-1,-1
28,10,603.70,182.00,101.43,254.32,0.82,-1,-1,-1
28,11,654.53,146.22,60.62,151.60,0.67,-1,-1,-1
28,12,579.99,135.34,43.95,136.02,0.66,-1,-1,-1
28,14,301.67,191.09,116.35,321.43,0.86,-1,-1,-1
28,15,597.31,144.01,56.33,154.72,0.62,-1,-1,-1
28,16,1150.49,258.82,226.31,532.82,0.62,-1,-1,-1
28,17,-26.88,274.90,79.45,197.84,0.78,-1,-1,-1
28,18,502.06,143.35,42.79,124.96,0.35,-1,-1,-1
28,19,699.59,141.39,117.67,342.77,0.59,-1,-1,-1
29,1,441.58,210.20,113.53,257.18,0.89,-1,-1,-1
29,2,146.48,207.04,174.29,394.70,0.87,-1,-1,-1
29,3,939.76,206.63,242.76,557.08,0.88,-1,-1,-1
29,4,550.79,252.05,118.48,254.99,0.85,-1,-1,-1
29,5,397.39,308.04,81.52,208.14,0.85,-1,-1,-1
29,6,541.05,158.47,43.50,111.64,0.79,-1,-1,-1
29,7,666.14,250.48,100.44,247.13,0.81,-1,-1,-1
29,8,768.47,228.53,108.75,266.10,0.79,-1,-1,-1
29,9,274.06,177.04,113.08,306.40,0.76,-1,-1,-1
29,10,605.00,182.44,100.03,252.71,0.82,-1,-1,-1
29,11,652.91,145.19,61.81,154.70,0.76,-1,-1,-1
29,12,580.59,135.60,43.32,133.86,0.66,-1,-1,-1
29,14,303.76,185.74,117.94,327.75,0.86,-1,-1,-1
29,15,597.72,143.76,56.02,154.27,0.63,-1,-1,-1
29,16,1152.04,255.04,221.61,527.99,0.60,-1,-1,-1
29,17,-25.50,274.13,79.48,197.44,0.78,-1,-1,-1
29,18,503.94,149.98,40.85,118.00,0.32,-1,-1,-1
29,19,699.50,140.57,117.85,342.68,0.52,-1,-1,-1
30,1,442.69,211.14,113.05,255.20,0.90,-1,-1,-1
30,2,148.73,206.76,173.13,392.67,0.88,-1,-1,-1
30,3,939.16,206.14,243.27,556.62,0.88,-1,-1,-1
30,4,551.45,253.17,118.10,253.35,0.85,-1,-1,-1
30,5,401.37,309.84,80.07,203.84,0.84,-1,-1,-1
30,6,541.54,159.44,43.37,110.95,0.74,-1,-1,-1
30,7,665.09,250.93,100.50,247.23,0.82,-1,-1,-1
30,8,769.45,228.25,108.85,265.90,0.79,-1,-1,-1
30,9,277.10,177.01,113.26,306.98,0.77,-1,-1,-1
30,10,607.61,180.66,100.15,255.38,0.82,-1,-1,-1
30,11,651.32,141.60,64.96,162.89,0.75,-1,-1,-1
30,12,581.33,135.65,42.59,131.24,0.65,-1,-1,-1
30,14,308.26,188.33,113.60,312.98,0.87,-1,-1,-1
30,15,599.35,147.21,54.12,149.00,0.50,-1,-1,-1
30,16,1152.26,254.50,216.39,519.40,0.69,-1,-1,-1
30,17,-23.03,274.87,78.14,193.87,0.78,-1,-1,-1
30,18,503.29,155.75,40.27,115.56,0.22,-1,-1,-1
30,19,700.67,143.31,117.96,342.23,0.51,-1,-1,-1
31,1,443.98,211.20,113.34,255.14,0.90,-1,-1,-1
31,2,147.70,206.36,173.89,393.79,0.88,-1,-1,-1
31,3,939.61,204.13,244.29,557.30,0.89,-1,-1,-1
31,4,552.00,255.12,117.36,250.09,0.84,-1,-1,-1
31,5,404.64,309.58,81.68,204.30,0.80,-1,-1,-1
31,6,541.68,159.34,43.66,111.46,0.74,-1,-1,-1
31,7,665.29,249.27,101.60,249.82,0.82,-1,-1,-1
31,8,770.29,228.87,108.65,264.93,0.79,-1,-1,-1
31,9,279.48,178.69,109.83,299.35,0.82,-1,-1,-1
31,10,608.08,176.91,103.26,264.41,0.81,-1,-1,-1
31,11,652.00,142.08,64.42,161.65,0.60,-1,-1,-1
31,12,581.83,136.38,42.26,129.82,0.61,-1,-1,-1
31,14,309.36,189.47,114.15,313.86,0.87,-1,-1,-1
31,15,601.99,150.18,52.61,144.33,0.43,-1,-1,-1
31,16,1154.75,254.82,209.19,505.01,0.66,-1,-1,-1
31,17,-21.59,275.10,77.55,191.60,0.79,-1,-1,-1
31,18,502.71,152.52,40.40,115.72,0.13,-1,-1,-1
31,19,701.47,144.92,119.32,345.64,0.58,-1,-1,-1
32,1,444.92,211.55,113.56,254.86,0.89,-1,-1,-1
32,2,147.94,205.91,174.62,396.03,0.89,-1,-1,-1
32,3,939.11,202.98,246.21,560.10,0.88,-1,-1,-1
32,4,552.02,255.70,117.76,249.61,0.84,-1,-1,-1
32,5,405.90,308.87,83.24,204.14,0.80,-1,-1,-1
32,6,541.27,159.23,43.66,111.74,0.76,-1,-1,-1
32,7,666.35,248.38,102.23,252.06,0.81,-1,-1,-1
32,8,771.30,229.15,108.83,264.96,0.79,-1,-1,-1
32,9,282.45,179.33,107.16,293.69,0.81,-1,-1,-1
32,10,607.31,171.73,107.17,276.05,0.78,-1,-1,-1
32,11,651.99,141.61,64.76,162.47,0.54,-1,-1,-1
32,12,582.06,137.18,42.18,129.40,0.61,-1,-1,-1
32,14,311.11,190.10,113.32,310.44,0.86,-1,-1,-1
32,15,598.87,148.73,54.13,148.61,0.51,-1,-1,-1
32,16,1157.51,248.47,208.27,505.97,0.58,-1,-1,-1
32,17,-20.18,274.25,78.16,191.95,0.80,-1,-1,-1
32,18,502.29,151.73,40.12,114.89,0.19,-1,-1,-1
32,19,699.04,140.33,120.52,348.35,0.61,-1,-1,-1
33,1,445.49,211.62,113.91,254.87,0.88,-1,-1,-1
33,2,149.72,208.40,173.52,394.35,0.89,-1,-1,-1
33,3,939.92,203.10,247.36,561.12,0.87,-1,-1,-1
33,4,552.54,252.98,119.75,253.34,0.82,-1,-1,-1
33,5,409.91,302.67,84.40,204.51,0.75,-1,-1,-1
33,6,540.13,159.55,43.32,111.32,0.74,-1,-1,-1
33,7,667.14,248.54,102.58,253.43,0.82,-1,-1,-1
33,8,772.10,229.58,109.22,265.25,0.79,-1,-1,-1
33,9,284.43,182.15,104.07,287.18,0.84,-1,-1,-1
33,10,607.08,167.43,109.51,283.75,0.79,-1,-1,-1
33,11,650.98,142.22,64.70,162.22,0.45,-1,-1,-1
33,12,582.34,137.35,42.50,130.24,0.60,-1,-1,-1
33,14,313.18,185.93,114.67,313.63,0.86,-1,-1,-1
33,15,597.24,146.75,55.31,151.68,0.46,-1,-1,-1
33,16,1159.81,246.02,210.03,513.04,0.59,-1,-1,-1
33,17,-19.28,272.37,79.62,193.63,0.82,-1,-1,-1
33,18,503.45,153.86,39.81,112.99,0.25,-1,-1,-1
33,19,697.49,137.56,120.51,347.55,0.64,-1,-1,-1
34,1,446.35,211.76,113.61,253.15,0.88,-1,-1,-1
34,2,150.53,210.41,173.05,393.94,0.88,-1,-1,-1
34,3,941.37,203.88,247.22,559.70,0.87,-1,-1,-1
34,4,552.29,253.21,120.23,254.11,0.82,-1,-1,-1
34,5,412.96,307.05,83.13,197.84,0.75,-1,-1,-1
34,6,540.44,160.29,43.39,111.89,0.73,-1,-1,-1
34,7,669.20,251.84,100.44,248.16,0.83,-1,-1,-1
34,8,772.28,229.53,109.50,265.61,0.80,-1,-1,-1
34,9,287.39,187.17,100.26,277.99,0.82,-1,-1,-1
34,10,606.59,162.27,111.36,290.12,0.79,-1,-1,-1
34,11,649.41,143.23,66.19,165.79,0.50,-1,-1,-1
34,12,582.58,137.27,42.85,131.32,0.62,-1,-1,-1
34,14,317.73,188.97,112.74,307.46,0.85,-1,-1,-1
34,15,595.63,145.88,56.63,155.67,0.59,-1,-1,-1
34,16,1163.60,242.51,209.21,514.46,0.59,-1,-1,-1
34,17,-14.60,276.91,78.30,188.46,0.82,-1,-1,-1
34,18,503.71,153.49,40.74,115.09,0.31,-1,-1,-1
34,19,697.05,137.86,119.80,344.99,0.62,-1,-1,-1
35,1,447.93,212.16,113.17,250.79,0.88,-1,-1,-1
35,2,150.46,211.75,172.77,395.67,0.88,-1,-1,-1
35,3,942.05,203.85,248.46,562.15,0.87,-1,-1,-1
35,4,550.77,251.74,122.26,258.41,0.79,-1,-1,-1
35,5,415.48,311.62,82.99,194.42,0.80,-1,-1,-1
35,6,541.38,160.49,43.83,113.00,0.70,-1,-1,-1
35,7,670.01,253.33,99.64,246.26,0.84,-1,-1,-1
35,8,773.40,228.63,110.31,267.20,0.78,-1,-1,-1
35,9,290.04,189.50,99.57,276.61,0.83,-1,-1,-1
35,10,603.76,162.02,113.02,295.11,0.81,-1,-1,-1
35,11,649.64,145.23,65.38,163.76,0.48,-1,-1,-1
35,12,582.38,136.98,43.39,132.89,0.64,-1,-1,-1
35,14,320.95,191.67,110.94,301.55,0.85,-1,-1,-1
35,15,604.14,147.37,49.72,137.07,0.52,-1,-1,-1
35,16,1169.34,245.17,192.80,476.14,0.51,-1,-1,-1
35,17,-12.05,279.40,78.97,188.08,0.84,-1,-1,-1
35,18,503.67,147.38,42.39,120.19,0.22,-1,-1,-1
35,19,695.74,139.91,118.81,341.53,0.55,-1,-1,-1
36,1,449.35,212.75,112.79,248.68,0.87,-1,-1,-1
36,2,153.47,216.49,169.39,391.90,0.89,-1,-1,-1
36,3,942.22,204.20,249.69,564.88,0.87,-1,-1,-1
36,4,551.38,251.54,122.85,259.61,0.78,-1,-1,-1
36,5,418.64,308.94,84.90,197.35,0.77,-1,-1,-1
36,6,541.58,161.22,43.57,112.60,0.75,-1,-1,-1
36,7,669.29,253.40,99.85,246.87,0.83,-1,-1,-1
36,8,773.87,228.56,110.65,267.95,0.80,-1,-1,-1
36,9,291.98,190.64,97.51,271.58,0.86,-1,-1,-1
36,10,600.96,163.46,113.18,295.51,0.80,-1,-1,-1
36,11,648.92,146.77,65.69,164.75,0.40,-1,-1,-1
36,12,582.27,136.94,43.94,134.45,0.64,-1,-1,-1
36,14,325.64,192.37,110.64,300.91,0.86,-1,-1,-1
36,15,605.34,147.26,46.98,129.95,0.46,-1,-1,-1
36,16,1167.86,246.94,200.91,497.45,0.49,-1,-1,-1
36,17,-11.12,280.45,80.18,190.15,0.84,-1,-1,-1
36,18,502.69,144.86,43.75,124.04,0.10,-1,-1,-1
36,19,693.92,141.19,117.58,337.86,0.58,-1,-1,-1
37,1,452.10,213.11,111.09,244.05,0.85,-1,-1,-1
37,2,158.78,220.38,164.24,386.54,0.89,-1,-1,-1
37,3,938.48,196.35,256.93,585.14,0.87,-1,-1,-1
37,4,553.84,257.82,119.99,252.64,0.82,-1,-1,-1
37,5,425.78,308.00,83.44,195.18,0.66,-1,-1,-1
37,6,541.59,162.27,43.09,111.96,0.76,-1,-1,-1
37,7,670.89,253.82,99.24,246.10,0.84,-1,-1,-1
37,8,774.37,229.13,110.77,268.52,0.81,-1,-1,-1
37,9,295.34,192.25,97.35,271.76,0.86,-1,-1,-1
37,10,598.59,166.32,111.64,292.03,0.80,-1,-1,-1
37,11,647.45,144.12,66.88,168.14,0.72,-1,-1,-1
37,12,583.13,137.35,43.94,134.58,0.65,-1,-1,-1
37,14,328.39,190.74,111.68,303.80,0.85,-1,-1,-1
37,15,600.45,146.18,50.74,140.93,0.58,-1,-1,-1
37,16,1168.95,247.55,205.32,508.75,0.48,-1,-1,-1
37,17,-8.18,281.77,80.84,190.95,0.85,-1,-1,-1
37,18,504.27,154.81,43.21,121.25,0.15,-1,-1,-1
37,19,693.92,142.69,118.31,340.12,0.47,-1,-1,-1
37,20,302.53,168.10,54.52,158.84,0.62,-1,-1,-1
38,1,452.58,213.04,111.98,246.58,0.86,-1,-1,-1
38,2,161.83,224.04,159.69,381.17,0.90,-1,-1,-1
38,3,939.68,201.39,252.92,576.14,0.88,-1,-1,-1
38,4,554.11,260.56,119.29,250.90,0.83,-1,-1,-1
38,5,427.89,307.01,83.19,194.78,0.80,-1,-1,-1
38,6,541.92,163.66,42.56,111.09,0.77,-1,-1,-1
38,7,670.44,252.43,100.00,248.38,0.83,-1,-1,-1
38,8,773.98,230.00,110.68,267.99,0.81,-1,-1,-1
38,9,299.44,192.51,97.78,272.63,0.82,-1,-1,-1
38,10,598.10,172.11,109.71,287.73,0.79,-1,-1,-1
38,11,647.31,143.48,67.39,170.28,0.70,-1,-1,-1
38,12,584.62,139.65,43.34,132.96,0.69,-1,-1,-1
38,14,328.45,191.92,111.34,299.96,0.85,-1,-1,-1
38,15,598.76,144.91,53.75,149.87,0.56,-1,-1,-1
38,16,1170.51,240.18,210.42,522.55,0.47,-1,-1,-1
38,17,-3.46,282.68,79.93,188.84,0.85,-1,-1,-1
38,18,505.81,160.16,42.60,118.46,0.20,-1,-1,-1
38,19,690.47,143.91,116.05,333.74,0.47,-1,-1,-1
38,20,308.29,170.51,47.30,137.58,0.62,-1,-1,-1
39,1,454.79,214.42,110.64,243.19,0.84,-1,-1,-1
39,2,165.06,226.08,155.28,375.03,0.90,-1,-1,-1
39,3,941.34,205.38,249.70,568.75,0.88,-1,-1,-1
39,4,553.95,261.18,119.83,251.97,0.81,-1,-1,-1
39,5,427.96,301.30,85.68,201.02,0.72,-1,-1,-1
39,6,542.06,165.30,42.28,110.32,0.79,-1,-1,-1
39,7,669.40,254.81,98.87,245.60,0.81,-1,-1,-1
39,8,774.41,231.48,110.60,267.64,0.82,-1,-1,-1
39,9,304.51,194.65,97.31,269.65,0.82,-1,-1,-1
39,10,599.02,176.44,108.53,285.71,0.80,-1,-1,-1
39,11,647.87,143.75,65.93,166.79,0.68,-1,-1,-1
39,12,585.17,139.95,42.68,130.75,0.67,-1,-1,-1
39,14,327.27,195.44,111.43,295.29,0.85,-1,-1,-1
39,15,601.27,150.35,52.42,145.07,0.37,-1,-1,-1
39,16,1172.78,230.59,216.95,537.56,0.48,-1,-1,-1
39,17,-1.13,284.13,78.99,186.63,0.84,-1,-1,-1
39,18,506.80,163.36,41.98,115.85,0.10,-1,-1,-1
39,19,687.19,145.16,114.39,329.08,0.44,-1,-1,-1
39,20,308.98,173.06,48.78,141.74,0.71,-1,-1,-1
40,1,455.46,217.38,110.76,242.72,0.84,-1,-1,-1
40,2,168.67,228.31,151.20,369.83,0.91,-1,-1,-1
40,3,941.17,208.18,248.84,566.78,0.88,-1,-1,-1
40,4,554.61,264.53,119.12,250.58,0.81,-1,-1,-1
40,5,435.06,309.28,82.13,194.01,0.77,-1,-1,-1
40,6,542.31,167.43,41.90,109.21,0.79,-1,-1,-1
40,7,669.81,257.13,98.31,244.35,0.80,-1,-1,-1
40,8,774.40,232.65,110.80,268.17,0.81,-1,-1,-1
40,9,308.48,197.20,96.60,266.73,0.82,-1,-1,-1
40,10,598.80,176.49,111.67,295.62,0.76,-1,-1,-1
40,11,649.62,144.81,63.84,161.63,0.63,-1,-1,-1
40,12,585.32,141.40,43.37,132.60,0.64,-1,-1,-1
40,14,331.85,197.28,111.77,294.05,0.85,-1,-1,-1
40,15,597.83,147.31,52.19,144.43,0.57,-1,-1,-1
40,16,1173.02,222.31,225.11,555.34,0.42,-1,-1,-1
40,17,2.02,284.08,79.26,187.32,0.84,-1,-1,-1
40,19,686.42,155.46,110.27,317.76,0.40,-1,-1,-1
40,20,308.44,174.76,48.49,140.65,0.71,-1,-1,-1
41,1,457.49,220.55,109.99,240.22,0.85,-1,-1,-1
41,2,171.78,229.24,147.00,363.79,0.90,-1,-1,-1
41,3,940.31,210.03,249.74,569.00,0.88,-1,-1,-1
41,4,555.61,267.82,118.79,249.50,0.83,-1,-1,-1
41,5,440.26,315.85,80.17,190.20,0.79,-1,-1,-1
41,6,542.96,170.04,41.47,108.05,0.80,-1,-1,-1
41,7,669.58,257.29,100.28,249.03,0.81,-1,-1,-1
41,8,775.07,235.36,110.21,266.40,0.82,-1,-1,-1
41,9,310.20,198.19,95.67,264.97,0.79,-1,-1,-1
41,10,600.26,177.93,111.71,298.50,0.76,-1,-1,-1
41,11,650.57,147.62,62.06,157.14,0.66,-1,-1,-1
41,12,585.18,143.41,43.39,132.47,0.57,-1,-1,-1
41,14,336.35,197.58,112.61,295.16,0.85,-1,-1,-1
41,15,598.56,147.71,53.63,147.31,0.57,-1,-1,-1
41,16,1174.99,233.31,205.38,506.97,0.52,-1,-1,-1
41,17,4.70,284.24,78.77,186.61,0.86,-1,-1,-1
41,19,686.14,163.99,105.57,306.36,0.45,-1,-1,-1
41,20,309.56,176.02,49.54,143.72,0.69,-1,-1,-1
42,1,459.72,220.72,109.66,239.11,0.86,-1,-1,-1
42,2,171.55,229.88,144.89,360.86,0.89,-1,-1,-1
42,3,939.18,211.86,251.91,573.49,0.87,-1,-1,-1
42,4,555.63,269.70,119.15,250.69,0.84,-1,-1,-1
42,5,443.77,320.73,79.56,189.35,0.81,-1,-1,-1
42,6,543.51,170.89,41.86,108.98,0.80,-1,-1,-1
42,7,669.32,258.92,101.25,250.98,0.82,-1,-1,-1
42,8,775.02,238.85,109.59,264.03,0.82,-1,-1,-1
42,9,312.76,197.43,94.82,264.10,0.77,-1,-1,-1
42,10,602.12,181.15,109.70,296.18,0.77,-1,-1,-1
42,11,650.17,149.50,62.04,157.53,0.72,-1,-1,-1
42,12,585.18,146.01,42.89,130.81,0.62,-1,-1,-1
42,14,339.94,198.52,113.37,296.91,0.85,-1,-1,-1
42,15,599.52,150.84,53.55,146.32,0.61,-1,-1,-1
42,16,1173.16,241.72,194.91,482.44,0.53,-1,-1,-1
42,17,5.98,284.43,78.62,186.26,0.87,-1,-1,-1
42,19,690.76,166.16,93.04,270.79,0.36,-1,-1,-1
42,20,309.27,177.11,53.87,156.22,0.71,-1,-1,-1
43,1,460.62,222.76,109.61,239.18,0.87,-1,-1,-1
43,2,168.37,230.60,143.83,357.67,0.88,-1,-1,-1
43,3,936.51,210.81,254.70,580.28,0.88,-1,-1,-1
43,4,559.04,274.79,118.99,250.11,0.84,-1,-1,-1
43,5,445.06,321.85,79.91,190.79,0.81,-1,-1,-1
43,6,543.86,173.21,41.26,107.13,0.79,-1,-1,-1
43,7,668.93,259.67,102.18,252.94,0.82,-1,-1,-1
43,8,774.37,241.10,109.88,264.28,0.82,-1,-1,-1
43,9,315.14,194.75,95.36,266.48,0.79,-1,-1,-1
43,10,602.23,184.73,105.91,288.15,0.80,-1,-1,-1
43,11,651.13,150.57,60.54,153.88,0.75,-1,-1,-1
43,12,584.63,148.45,42.18,128.58,0.68,-1,-1,-1
43,14,341.80,200.40,113.73,298.73,0.86,-1,-1,-1
43,15,600.02,153.22,51.95,141.02,0.65,-1,-1,-1
43,16,1170.69,242.83,200.76,497.70,0.52,-1,-1,-1
43,17,6.62,284.74,78.59,186.14,0.88,-1,-1,-1
43,19,694.06,169.75,84.07,244.31,0.51,-1,-1,-1
43,20,309.63,179.01,54.82,158.87,0.74,-1,-1,-1
44,1,463.84,222.94,109.03,237.27,0.88,-1,-1,-1
44,2,164.07,229.93,145.04,358.00,0.87,-1,-1,-1
44,3,935.21,209.80,256.35,585.09,0.88,-1,-1,-1
44,4,559.50,276.73,119.55,251.16,0.84,-1,-1,-1
44,5,445.76,322.65,79.77,190.28,0.82,-1,-1,-1
44,6,543.57,175.26,41.16,106.68,0.78,-1,-1,-1
44,7,668.89,261.04,102.48,253.48,0.82,-1,-1,-1
44,8,773.70,242.74,110.19,265.38,0.82,-1,-1,-1
44,9,319.04,196.10,98.72,276.44,0.79,-1,-1,-1
44,10,601.25,187.08,105.35,289.27,0.77,-1,-1,-1
44,11,650.48,151.20,60.03,153.05,0.75,-1,-1,-1
44,12,584.90,151.44,40.84,124.63,0.66,-1,-1,-1
44,14,342.62,201.91,113.95,299.86,0.86,-1,-1,-1
44,15,599.95,153.89,52.46,141.49,0.62,-1,-1,-1
44,16,1173.20,245.23,198.24,493.05,0.41,-1,-1,-1
44,17,7.71,284.37,79.29,187.89,0.89,-1,-1,-1
44,19,706.46,157.76,74.55,214.53,0.43,-1,-1,-1
44,20,309.46,181.54,56.14,162.77,0.73,-1,-1,-1
45,1,465.54,223.79,108.89,236.71,0.88,-1,-1,-1
45,2,160.65,230.18,145.63,356.47,0.87,-1,-1,-1
45,3,935.67,210.82,256.52,585.68,0.88,-1,-1,-1
45,4,558.07,277.97,119.59,251.84,0.80,-1,-1,-1
45,5,445.41,323.80,80.04,190.24,0.83,-1,-1,-1
45,6,542.80,176.46,41.30,107.15,0.79,-1,-1,-1
45,7,667.96,262.18,103.14,254.29,0.83,-1,-1,-1
45,8,773.56,244.44,110.30,265.51,0.82,-1,-1,-1
45,9,321.96,192.99,95.42,265.90,0.76,-1,-1,-1
45,10,597.03,191.45,109.06,300.99,0.75,-1,-1,-1
45,11,649.58,151.60,59.34,151.41,0.77,-1,-1,-1
45,12,583.99,152.48,41.86,127.80,0.67,-1,-1,-1
45,14,344.48,204.82,112.84,297.75,0.87,-1,-1,-1
45,15,601.23,155.00,52.33,140.42,0.57,-1,-1,-1
45,16,1181.96,250.74,181.54,452.40,0.22,-1,-1,-1
45,17,8.83,284.20,79.26,187.74,0.88,-1,-1,-1
45,19,711.53,150.55,70.30,199.81,0.55,-1,-1,-1
45,20,307.75,182.48,56.50,163.93,0.73,-1,-1,-1
46,1,465.57,224.50,109.49,238.06,0.88,-1,-1,-1
46,2,160.42,231.01,146.00,355.62,0.86,-1,-1,-1
46,3,934.18,209.44,258.30,590.62,0.88,-1,-1,-1
46,4,557.03,275.15,120.96,255.20,0.72,-1,-1,-1
46,5,447.54,325.80,79.10,188.14,0.84,-1,-1,-1
46,6,542.48,177.95,41.62,108.42,0.77,-1,-1,-1
46,7,667.43,263.10,103.54,254.68,0.81,-1,-1,-1
46,8,773.38,245.49,110.56,265.48,0.81,-1,-1,-1
46,9,323.82,192.92,94.59,262.30,0.77,-1,-1,-1
46,10,592.03,190.77,113.43,314.61,0.79,-1,-1,-1
46,11,650.44,153.21,56.16,143.26,0.74,-1,-1,-1
46,12,583.75,154.54,41.42,126.30,0.70,-1,-1,-1
46,14,345.12,206.01,111.94,297.30,0.87,-1,-1,-1
46,15,602.76,158.55,49.63,132.48,0.50,-1,-1,-1
46,16,1179.86,249.01,187.30,469.65,0.39,-1,-1,-1
46,17,11.20,284.86,78.54,185.58,0.88,-1,-1,-1
46,19,710.66,149.46,71.19,199.74,0.58,-1,-1,-1
46,20,308.52,184.80,56.40,162.62,0.75,-1,-1,-1
47,1,464.95,224.49,110.55,240.80,0.88,-1,-1,-1
47,2,168.62,231.94,143.62,354.32,0.90,-1,-1,-1
47,3,933.93,211.34,258.41,591.62,0.88,-1,-1,-1
47,4,548.61,282.50,113.93,246.31,0.80,-1,-1,-1
47,5,448.43,327.48,78.31,186.17,0.83,-1,-1,-1
47,6,541.59,179.20,42.76,111.92,0.73,-1,-1,-1
47,7,667.57,265.95,103.16,252.71,0.79,-1,-1,-1
47,8,769.22,247.51,113.34,270.34,0.79,-1,-1,-1
47,9,327.05,196.14,96.84,269.01,0.79,-1,-1,-1
47,10,591.57,195.17,113.67,317.24,0.77,-1,-1,-1
47,11,645.83,155.46,59.63,151.47,0.74,-1,-1,-1
47,12,582.83,156.74,42.26,128.38,0.66,-1,-1,-1
47,14,346.13,208.15,110.38,294.81,0.86,-1,-1,-1
47,15,601.31,161.25,50.82,135.19,0.54,-1,-1,-1
47,16,1183.69,256.97,175.51,443.69,0.16,-1,-1,-1
47,17,12.86,285.91,78.39,185.26,0.87,-1,-1,-1
47,19,711.86,149.43,72.45,200.47,0.46,-1,-1,-1
47,20,308.62,187.17,55.60,159.13,0.76,-1,-1,-1
48,1,465.42,225.43,110.20,240.20,0.87,-1,-1,-1
48,2,174.28,236.46,139.35,347.10,0.90,-1,-1,-1
48,3,934.29,215.55,256.46,587.75,0.88,-1,-1,-1
48,4,545.41,286.51,109.62,242.53,0.81,-1,-1,-1
48,5,449.00,328.42,77.48,184.71,0.83,-1,-1,-1
48,6,541.20,179.76,43.76,115.05,0.69,-1,-1,-1
48,7,667.26,269.70,102.62,250.22,0.81,-1,-1,-1
48,8,768.94,250.64,113.45,270.24,0.78,-1,-1,-1
48,9,328.60,198.12,94.52,260.88,0.78,-1,-1,-1
48,10,591.84,201.37,111.09,311.80,0.78,-1,-1,-1
48,11,642.80,157.20,62.28,156.64,0.74,-1,-1,-1
48,12,581.97,158.17,42.67,129.28,0.68,-1,-1,-1
48,14,349.51,215.99,105.56,283.72,0.85,-1,-1,-1
48,15,602.17,164.26,50.53,134.09,0.45,-1,-1,-1
48,16,1187.99,269.79,170.86,434.32,0.18,-1,-1,-1
48,17,15.47,287.17,78.20,185.67,0.86,-1,-1,-1
48,19,710.93,150.56,75.12,205.77,0.44,-1,-1,-1
48,20,308.64,188.96,55.28,157.83,0.75,-1,-1,-1
49,1,465.88,226.15,109.64,238.99,0.87,-1,-1,-1
49,2,176.66,241.66,136.32,340.95,0.90,-1,-1,-1
49,3,934.69,218.23,254.53,584.35,0.88,-1,-1,-1
49,4,543.53,287.18,107.49,242.63,0.80,-1,-1,-1
49,5,448.98,327.25,77.72,186.37,0.81,-1,-1,-1
49,6,541.33,181.25,43.16,113.62,0.65,-1,-1,-1
49,7,667.42,272.39,101.94,247.04,0.80,-1,-1,-1
49,8,769.41,249.97,112.82,268.81,0.79,-1,-1,-1
49,9,327.52,202.51,92.33,255.45,0.80,-1,-1,-1
49,10,590.38,202.84,109.72,310.32,0.80,-1,-1,-1
49,11,640.23,158.36,65.39,163.72,0.69,-1,-1,-1
49,12,581.19,157.65,44.67,134.94,0.68,-1,-1,-1
49,14,353.05,219.28,104.01,279.15,0.86,-1,-1,-1
49,15,600.29,169.06,52.27,138.18,0.30,-1,-1,-1
49,16,1188.12,266.52,176.86,451.87,0.21,-1,-1,-1
49,17,17.45,289.12,77.77,185.15,0.85,-1,-1,-1
49,19,715.06,154.49,71.33,193.90,0.31,-1,-1,-1
49,20,308.10,189.71,55.64,158.63,0.75,-1,-1,-1
50,1,465.58,226.94,110.09,240.57,0.85,-1,-1,-1
50,2,177.86,243.79,135.00,338.56,0.90,-1,-1,-1
50,3,932.87,218.30,254.30,585.23,0.88,-1,-1,-1
50,4,543.12,291.08,104.23,239.66,0.81,-1,-1,-1
50,5,449.86,326.27,76.74,185.55,0.77,-1,-1,-1
50,6,541.69,184.89,40.89,107.48,0.74,-1,-1,-1
50,7,666.79,274.98,102.29,246.93,0.79,-1,-1,-1
50,8,765.71,250.27,115.67,275.55,0.78,-1,-1,-1
50,9,332.07,200.83,97.43,268.47,0.79,-1,-1,-1
50,10,591.29,203.77,108.74,309.89,0.81,-1,-1,-1
50,11,639.61,162.39,63.12,157.73,0.66,-1,-1,-1
50,12,581.10,159.30,44.88,135.18,0.70,-1,-1,-1
50,14,347.17,216.07,106.44,285.43,0.85,-1,-1,-1
50,15,598.73,174.15,52.48,137.94,0.31,-1,-1,-1
50,16,1185.44,260.23,184.04,471.60,0.17,-1,-1,-1
50,17,19.20,291.95,77.63,185.70,0.88,-1,-1,-1
50,19,712.93,156.70,70.95,191.41,0.42,-1,-1,-1
50,20,306.90,191.73,55.90,158.59,0.76,-1,-1,-1
51,1,464.68,227.24,111.11,243.92,0.85,-1,-1,-1
51,2,177.96,246.19,134.41,337.33,0.90,-1,-1,-1
51,3,931.13,217.57,254.49,587.11,0.88,-1,-1,-1
51,4,544.79,292.77,103.67,241.75,0.81,-1,-1,-1
51,5,450.31,324.81,75.92,185.18,0.78,-1,-1,-1
51,6,541.36,187.65,40.54,106.03,0.74,-1,-1,-1
51,7,666.80,276.78,103.05,247.67,0.80,-1,-1,-1
51,8,763.03,251.25,117.04,278.66,0.77,-1,-1,-1
51,9,332.40,201.23,98.18,268.49,0.73,-1,-1,-1
51,10,589.80,201.23,109.53,313.66,0.81,-1,-1,-1
51,11,638.08,165.18,62.93,157.25,0.69,-1,-1,-1
51,12,581.44,160.86,44.18,132.22,0.67,-1,-1,-1
51,14,342.69,210.93,109.40,291.94,0.85,-1,-1,-1
51,15,599.07,176.06,52.56,136.89,0.23,-1,-1,-1
51,16,1179.03,261.71,199.81,512.65,0.34,-1,-1,-1
51,17,20.33,294.10,77.56,186.39,0.88,-1,-1,-1
51,19,704.61,154.01,80.76,218.28,0.50,-1,-1,-1
51,20,306.70,193.82,56.51,158.74,0.75,-1,-1,-1
52,1,459.85,226.46,117.57,260.21,0.85,-1,-1,-1
52,2,176.54,248.56,134.54,335.55,0.88,-1,-1,-1
52,3,931.05,220.58,252.70,583.92,0.88,-1,-1,-1
52,4,545.94,295.98,101.65,240.00,0.82,-1,-1,-1
52,5,453.04,324.68,74.89,184.54,0.51,-1,-1,-1
52,6,540.68,189.31,40.70,105.77,0.74,-1,-1,-1
52,7,667.07,278.55,103.15,247.38,0.82,-1,-1,-1
52,8,766.48,253.34,113.77,271.32,0.78,-1,-1,-1
52,9,334.60,202.81,99.11,268.84,0.50,-1,-1,-1
52,10,591.06,206.29,107.73,310.24,0.82,-1,-1,-1
52,11,635.55,166.10,64.49,161.76,0.73,-1,-1,-1
52,12,580.43,163.04,43.91,130.84,0.66,-1,-1,-1
52,14,344.33,214.24,108.50,287.38,0.85,-1,-1,-1
52,15,588.16,170.07,52.42,136.56,0.50,-1,-1,-1
52,16,1174.58,268.75,197.52,506.67,0.31,-1,-1,-1
52,17,22.28,295.67,76.47,184.18,0.88,-1,-1,-1
52,19,707.12,159.70,74.14,200.27,0.24,-1,-1,-1
52,20,305.29,196.53,56.43,157.82,0.78,-1,-1,-1
53,1,457.21,226.81,120.09,267.59,0.85,-1,-1,-1
53,2,164.09,250.93,137.82,333.40,0.88,-1,-1,-1
53,3,931.08,221.36,250.49,577.59,0.88,-1,-1,-1
53,4,546.88,298.26,100.56,239.26,0.82,-1,-1,-1
53,5,453.45,322.09,74.93,186.13,0.39,-1,-1,-1
53,6,539.38,189.51,41.66,107.65,0.73,-1,-1,-1
53,7,667.77,280.26,103.04,246.98,0.82,-1,-1,-1
53,8,765.44,256.12,114.09,272.76,0.77,-1,-1,-1
53,9,350.07,203.32,79.69,213.10,0.12,-1,-1,-1
53,10,591.40,211.20,105.48,305.85,0.82,-1,-1,-1
53,11,633.14,167.54,65.29,164.08,0.74,-1,-1,-1
53,12,578.09,164.75,44.70,132.85,0.70,-1,-1,-1
53,14,343.92,214.39,108.25,283.74,0.86,-1,-1,-1
53,15,587.26,168.38,53.20,138.28,0.60,-1,-1,-1
53,16,1176.01,278.67,190.67,488.50,0.20,-1,-1,-1
53,17,24.03,296.61,75.42,182.07,0.88,-1,-1,-1
53,19,701.87,160.21,80.41,218.44,0.31,-1,-1,-1
53,20,304.64,197.91,56.04,156.32,0.79,-1,-1,-1
54,1,453.33,229.19,122.78,276.33,0.86,-1,-1,-1
54,2,159.11,254.20,140.73,332.79,0.85,-1,-1,-1
54,3,929.29,222.77,251.75,582.98,0.88,-1,-1,-1
54,4,546.50,298.96,98.57,238.33,0.83,-1,-1,-1
54,5,454.29,320.84,74.28,185.95,0.29,-1,-1,-1
54,6,538.25,190.63,41.82,107.17,0.76,-1,-1,-1
54,7,667.15,280.86,104.25,250.12,0.83,-1,-1,-1
54,8,764.08,257.55,114.01,274.31,0.81,-1,-1,-1
54,9,347.32,206.89,80.49,214.66,0.10,-1,-1,-1
54,10,590.67,211.70,106.64,311.20,0.83,-1,-1,-1
54,11,631.69,170.10,64.13,161.63,0.74,-1,-1,-1
54,12,575.56,166.14,45.41,135.17,0.74,-1,-1,-1
54,14,344.99,216.95,106.32,275.27,0.86,-1,-1,-1
54,15,588.13,170.42,52.20,136.25,0.59,-1,-1,-1
54,16,1179.38,319.28,175.68,445.96,0.13,-1,-1,-1
54,17,25.63,297.44,74.35,179.97,0.88,-1,-1,-1
54,19,700.54,164.29,80.40,219.03,0.28,-1,-1,-1
54,20,302.66,199.52,56.19,155.57,0.79,-1,-1,-1
55,1,454.18,230.36,121.32,274.93,0.85,-1,-1,-1
55,2,153.84,256.13,142.62,330.49,0.85,-1,-1,-1
55,3,929.40,227.72,248.62,574.92,0.88,-1,-1,-1
55,4,546.54,300.96,96.43,236.81,0.82,-1,-1,-1
55,5,455.31,324.76,72.67,182.36,0.20,-1,-1,-1
55,6,536.90,193.92,40.99,104.67,0.77,-1,-1,-1
55,7,667.35,281.86,103.87,249.87,0.82,-1,-1,-1
55,8,762.91,259.48,113.44,274.35,0.79,-1,-1,-1
55,9,338.18,212.77,89.38,238.36,0.22,-1,-1,-1
55,10,589.18,207.76,107.88,317.22,0.82,-1,-1,-1
55,11,631.92,170.82,62.62,158.54,0.69,-1,-1,-1
55,12,572.96,167.60,45.90,137.36,0.70,-1,-1,-1
55,14,343.13,212.25,108.35,277.06,0.87,-1,-1,-1
55,15,589.99,172.94,52.49,137.33,0.53,-1,-1,-1
55,16,1190.88,323.57,167.63,420.87,0.20,-1,-1,-1
55,17,27.59,296.92,74.01,179.23,0.88,-1,-1,-1
55,19,701.28,166.26,78.86,214.29,0.27,-1,-1,-1
55,20,301.29,201.04,56.74,155.47,0.80,-1,-1,-1
56,1,452.12,232.64,121.22,276.70,0.86,-1,-1,-1
56,2,152.67,256.61,145.79,332.58,0.85,-1,-1,-1
56,3,927.13,223.19,253.81,590.31,0.87,-1,-1,-1
56,4,546.67,295.49,99.57,248.48,0.78,-1,-1,-1
56,6,536.00,195.90,40.52,103.18,0.77,-1,-1,-1
56,7,667.77,281.91,103.83,250.60,0.81,-1,-1,-1
56,8,762.14,261.49,112.47,273.55,0.79,-1,-1,-1
56,9,334.39,211.08,95.56,253.64,0.53,-1,-1,-1
56,10,587.97,208.37,107.82,318.66,0.82,-1,-1,-1
56,11,631.96,172.30,60.87,153.77,0.68,-1,-1,-1
56,12,571.92,168.55,46.07,138.18,0.69,-1,-1,-1
56,14,342.59,212.53,109.53,276.47,0.88,-1,-1,-1
56,15,589.57,174.08,53.65,139.74,0.48,-1,-1,-1
56,16,1193.82,329.82,157.15,388.41,0.24,-1,-1,-1
56,17,28.35,296.95,73.61,177.52,0.87,-1,-1,-1
56,19,704.14,165.33,81.90,221.87,0.20,-1,-1,-1
56,20,299.05,201.66,57.55,156.62,0.81,-1,-1,-1
57,1,451.84,235.14,119.83,275.66,0.86,-1,-1,-1
57,2,150.61,256.82,147.54,331.54,0.87,-1,-1,-1
57,3,929.09,225.40,250.45,582.53,0.87,-1,-1,-1
57,4,547.07,298.31,98.35,247.70,0.79,-1,-1,-1
57,6,535.59,198.45,40.01,101.72,0.77,-1,-1,-1
57,7,668.58,282.74,103.52,250.46,0.81,-1,-1,-1
57,8,761.49,263.32,111.41,271.90,0.80,-1,-1,-1
57,9,333.63,215.02,96.98,257.66,0.62,-1,-1,-1
57,10,587.72,210.87,106.94,316.65,0.82,-1,-1,-1
57,11,632.12,173.23,59.99,151.41,0.73,-1,-1,-1
57,12,571.43,171.18,44.79,134.77,0.65,-1,-1,-1
57,14,344.31,214.68,109.71,274.44,0.88,-1,-1,-1
57,15,588.98,175.66,52.69,136.77,0.45,-1,-1,-1
57,16,1177.81,276.76,173.44,431.56,0.37,-1,-1,-1
57,17,29.16,296.68,74.14,178.17,0.87,-1,-1,-1
57,19,708.28,167.03,72.20,191.35,0.66,-1,-1,-1
57,20,297.86,202.75,58.14,157.47,0.81,-1,-1,-1
58,1,452.33,236.00,118.85,275.43,0.87,-1,-1,-1
58,2,147.32,255.50,148.67,330.92,0.87,-1,-1,-1
58,3,929.03,228.53,248.08,577.36,0.88,-1,-1,-1
58,4,546.74,299.64,97.61,247.39,0.80,-1,-1,-1
58,6,534.63,201.18,39.40,100.37,0.75,-1,-1,-1
58,7,667.72,283.44,103.81,251.55,0.81,-1,-1,-1
58,8,759.81,263.62,111.15,271.78,0.80,-1,-1,-1
58,9,334.97,215.58,95.07,251.48,0.58,-1,-1,-1
58,10,585.08,213.44,106.39,314.93,0.83,-1,-1,-1
58,11,632.70,174.45,58.44,146.83,0.70,-1,-1,-1
58,12,570.58,172.58,44.60,134.53,0.72,-1,-1,-1
58,14,346.41,216.36,109.73,272.67,0.87,-1,-1,-1
58,15,590.77,176.97,52.17,135.40,0.46,-1,-1,-1
58,16,1176.26,264.92,159.60,403.17,0.52,-1,-1,-1
58,17,29.76,295.43,75.01,180.20,0.88,-1,-1,-1
58,19,707.97,168.78,67.51,175.84,0.59,-1,-1,-1
58,20,297.52,203.79,58.91,158.39,0.82,-1,-1,-1
59,1,453.03,236.88,118.55,276.53,0.87,-1,-1,-1
59,2,145.36,256.06,148.48,328.80,0.86,-1,-1,-1
59,3,927.37,225.19,251.24,587.52,0.88,-1,-1,-1
59,4,546.87,301.95,96.89,246.15,0.79,-1,-1,-1
59,6,531.21,197.64,42.65,109.16,0.66,-1,-1,-1
59,7,666.89,284.26,105.01,255.14,0.80,-1,-1,-1
59,8,758.79,264.25,110.93,271.88,0.78,-1,-1,-1
59,9,335.25,215.74,92.82,244.50,0.22,-1,-1,-1
59,10,583.65,215.54,105.62,312.03,0.82,-1,-1,-1
59,11,630.85,173.97,58.92,147.80,0.69,-1,-1,-1
59,12,570.18,173.50,45.06,136.22,0.72,-1,-1,-1
59,14,348.18,216.77,110.79,274.09,0.87,-1,-1,-1
59,15,590.64,177.55,55.54,143.68,0.52,-1,-1,-1
59,16,1169.84,269.60,182.75,459.65,0.39,-1,-1,-1
59,17,30.80,295.83,75.41,180.68,0.87,-1,-1,-1
59,19,705.85,170.79,66.90,171.58,0.59,-1,-1,-1
59,20,297.01,205.25,59.21,158.69,0.82,-1,-1,-1
60,1,452.52,237.65,118.15,276.90,0.86,-1,-1,-1
60,2,140.07,255.92,149.42,327.42,0.88,-1,-1,-1
60,3,928.01,229.71,247.38,579.90,0.88,-1,-1,-1
60,4,548.97,302.12,97.56,247.53,0.78,-1,-1,-1
60,6,529.35,196.36,45.04,115.48,0.62,-1,-1,-1
60,7,667.67,284.54,104.37,254.96,0.80,-1,-1,-1
60,8,758.33,265.51,111.22,271.36,0.78,-1,-1,-1
60,9,334.56,209.58,91.91,241.50,0.38,-1,-1,-1
60,10,585.09,218.60,102.66,302.46,0.79,-1,-1,-1
60,11,629.96,176.04,58.39,146.09,0.72,-1,-1,-1
60,12,570.54,174.23,45.03,136.41,0.71,-1,-1,-1
60,14,349.11,215.02,112.62,277.53,0.87,-1,-1,-1
60,15,590.78,179.70,56.07,144.66,0.35,-1,-1,-1
60,16,1162.85,249.84,202.55,509.42,0.58,-1,-1,-1
60,17,33.36,297.64,74.60,177.57,0.86,-1,-1,-1
60,19,707.25,175.32,62.95,158.49,0.13,-1,-1,-1
60,20,297.09,204.73,60.35,160.43,0.83,-1,-1,-1
61,1,451.34,239.77,117.22,276.25,0.85,-1,-1,-1
61,2,139.43,255.70,149.54,327.07,0.87,-1,-1,-1
61,3,927.29,229.67,247.01,580.89,0.88,-1,-1,-1
61,4,547.73,303.86,96.74,245.77,0.81,-1,-1,-1
61,6,528.21,196.96,45.37,116.76,0.70,-1,-1,-1
61,7,667.35,284.70,104.60,257.00,0.79,-1,-1,-1
61,8,757.92,267.14,111.12,270.70,0.79,-1,-1,-1
61,9,336.88,207.39,85.84,226.43,0.24,-1,-1,-1
61,10,584.92,221.61,101.49,298.19,0.77,-1,-1,-1
61,11,628.44,176.09,59.86,150.66,0.72,-1,-1,-1
61,12,570.64,174.43,45.33,137.57,0.74,-1,-1,-1
61,14,351.55,214.37,113.16,279.15,0.85,-1,-1,-1
61,15,593.19,182.56,55.37,143.37,0.30,-1,-1,-1
61,16,1167.90,287.39,188.84,472.96,0.48,-1,-1,-1
61,17,35.48,300.56,74.06,174.75,0.87,-1,-1,-1
61,19,706.53,177.63,62.55,155.72,0.25,-1,-1,-1
61,20,296.54,206.09,60.90,160.48,0.83,-1,-1,-1
62,1,450.42,240.91,116.36,275.57,0.84,-1,-1,-1
62,2,142.09,255.61,148.23,325.58,0.86,-1,-1,-1
62,3,927.59,231.52,245.68,579.14,0.88,-1,-1,-1
62,4,546.67,305.71,95.87,244.32,0.81,-1,-1,-1
62,6,527.61,199.66,44.62,115.05,0.68,-1,-1,-1
62,7,666.87,284.82,104.39,257.58,0.76,-1,-1,-1
62,8,757.86,267.10,112.81,274.55,0.77,-1,-1,-1
62,9,339.63,214.70,73.39,194.74,0.26,-1,-1,-1
62,10,584.42,222.86,101.68,297.35,0.78,-1,-1,-1
62,11,628.50,175.77,59.94,151.55,0.73,-1,-1,-1
62,12,570.58,174.76,45.58,138.16,0.68,-1,-1,-1
62,14,353.52,214.40,113.55,281.13,0.85,-1,-1,-1
62,15,596.76,185.17,53.65,139.44,0.24,-1,-1,-1
62,16,1170.74,297.08,186.47,465.35,0.50,-1,-1,-1
62,17,37.92,302.05,74.16,173.00,0.88,-1,-1,-1
62,19,706.09,179.83,61.50,150.79,0.26,-1,-1,-1
62,20,294.76,207.41,61.10,159.41,0.83,-1,-1,-1
63,1,451.50,241.57,114.53,273.01,0.84,-1,-1,-1
63,2,139.73,254.74,148.53,326.20,0.87,-1,-1,-1
63,3,928.76,234.08,244.01,575.16,0.87,-1,-1,-1
63,4,547.03,306.42,95.80,244.95,0.81,-1,-1,-1
63,6,526.54,203.56,43.76,113.53,0.65,-1,-1,-1
63,7,668.24,284.13,104.13,258.42,0.78,-1,-1,-1
63,8,758.87,268.07,110.68,270.53,0.78,-1,-1,-1
63,9,342.91,208.19,67.77,180.34,0.20,-1,-1,-1
63,10,582.31,218.92,104.72,307.56,0.79,-1,-1,-1
63,11,628.18,176.14,59.58,151.17,0.68,-1,-1,-1
63,12,570.55,174.35,47.80,144.11,0.61,-1,-1,-1
63,14,353.98,213.85,114.02,283.01,0.85,-1,-1,-1
63,15,600.07,186.81,53.04,138.59,0.15,-1,-1,-1
63,16,1171.67,300.25,180.48,450.07,0.50,-1,-1,-1
63,17,39.91,302.67,75.27,173.62,0.86,-1,-1,-1
63,19,701.54,180.74,63.66,156.40,0.20,-1,-1,-1
63,20,294.04,208.59,61.46,159.17,0.83,-1,-1,-1
63,5,455.94,334.61,74.01,181.13,0.52,-1,-1,-1
64,1,450.75,241.54,114.02,272.13,0.85,-1,-1,-1
64,2,139.64,255.63,148.13,325.44,0.88,-1,-1,-1
64,3,929.26,235.90,243.33,573.33,0.87,-1,-1,-1
64,4,549.93,306.87,97.06,247.55,0.78,-1,-1,-1
64,6,525.51,204.58,43.52,113.86,0.68,-1,-1,-1
64,7,669.31,282.60,103.69,258.08,0.77,-1,-1,-1
64,8,757.33,269.32,110.80,270.53,0.79,-1,-1,-1
64,9,346.68,207.97,61.83,164.98,0.19,-1,-1,-1
64,10,581.19,217.35,106.56,313.99,0.78,-1,-1,-1
64,11,630.31,179.86,56.66,143.90,0.64,-1,-1,-1
64,12,569.82,174.58,49.23,148.48,0.61,-1,-1,-1
64,14,356.94,216.76,112.90,281.00,0.85,-1,-1,-1
64,15,598.85,186.86,54.29,142.27,0.18,-1,-1,-1
64,16,1151.10,309.23,158.56,398.29,0.50,-1,-1,-1
64,17,41.60,303.48,76.02,173.91,0.85,-1,-1,-1
64,19,698.26,179.45,68.33,169.05,0.20,-1,-1,-1
64,20,293.04,209.55,61.93,158.98,0.83,-1,-1,-1
64,5,453.31,331.93,77.24,184.84,0.50,-1,-1,-1
65,1,453.75,242.19,111.66,267.69,0.83,-1,-1,-1
65,2,139.58,256.81,147.10,323.72,0.88,-1,-1,-1
65,3,928.70,235.65,244.88,577.56,0.86,-1,-1,-1
65,4,553.21,303.64,99.73,252.28,0.79,-1,-1,-1
65,6,524.76,205.09,43.43,114.13,0.65,-1,-1,-1
65,7,671.82,283.16,101.46,255.13,0.80,-1,-1,-1
65,8,756.35,270.45,111.02,270.51,0.81,-1,-1,-1
65,9,344.36,208.73,59.10,158.77,0.16,-1,-1,-1
65,10,581.52,221.74,104.87,308.50,0.78,-1,-1,-1
65,11,631.72,182.46,55.40,140.77,0.74,-1,-1,-1
65,12,569.62,174.69,50.04,149.54,0.55,-1,-1,-1
65,14,359.87,216.87,112.16,280.45,0.85,-1,-1,-1
65,15,600.20,188.77,52.43,137.93,0.13,-1,-1,-1
65,16,1144.42,312.60,144.97,366.38,0.54,-1,-1,-1
65,17,42.47,304.85,76.25,173.24,0.85,-1,-1,-1
65,19,696.49,181.19,69.74,173.57,0.16,-1,-1,-1
65,20,291.99,210.40,62.44,158.95,0.84,-1,-1,-1
65,5,451.29,330.27,78.75,185.92,0.73,-1,-1,-1
66,1,460.66,242.18,107.09,256.62,0.83,-1,-1,-1
66,2,138.88,258.41,146.61,324.00,0.87,-1,-1,-1
66,3,928.50,236.13,245.22,579.18,0.87,-1,-1,-1
66,4,555.32,304.75,101.01,253.58,0.80,-1,-1,-1
66,6,524.48,205.59,44.18,116.57,0.64,-1,-1,-1
66,7,672.57,282.78,100.53,255.00,0.80,-1,-1,-1
66,8,754.19,271.87,111.25,269.91,0.81,-1,-1,-1
66,9,344.71,209.84,64.40,173.35,0.33,-1,-1,-1
66,10,583.12,222.00,103.34,302.48,0.78,-1,-1,-1
66,11,631.33,182.94,56.08,142.95,0.67,-1,-1,-1
66,12,568.72,174.79,50.45,149.85,0.55,-1,-1,-1
66,14,360.51,215.48,112.66,282.59,0.85,-1,-1,-1
66,15,600.43,189.60,52.10,137.73,0.18,-1,-1,-1
66,16,1146.87,312.18,134.86,343.11,0.55,-1,-1,-1
66,17,43.29,305.33,76.57,173.07,0.86,-1,-1,-1
66,19,694.76,182.49,71.15,177.04,0.31,-1,-1,-1
66,20,291.23,211.25,62.77,158.80,0.84,-1,-1,-1
66,5,450.64,329.73,80.08,185.53,0.75,-1,-1,-1
67,1,464.25,241.62,104.85,251.64,0.83,-1,-1,-1
67,2,135.83,260.34,147.26,323.99,0.87,-1,-1,-1
67,3,927.83,234.78,246.53,583.39,0.86,-1,-1,-1
67,4,557.75,302.40,103.87,257.77,0.79,-1,-1,-1
67,6,524.33,206.27,44.77,118.23,0.60,-1,-1,-1
67,7,672.80,282.41,99.78,254.54,0.82,-1,-1,-1
67,8,751.77,272.23,111.78,270.15,0.81,-1,-1,-1
67,9,339.73,210.74,72.19,195.25,0.53,-1,-1,-1
67,10,581.80,224.36,102.84,299.07,0.77,-1,-1,-1
67,11,632.20,185.34,54.40,138.83,0.68,-1,-1,-1
67,12,568.58,176.09,49.39,146.55,0.44,-1,-1,-1
67,14,362.58,213.96,112.66,284.97,0.86,-1,-1,-1
67,15,607.26,199.30,43.14,115.04,0.18,-1,-1,-1
67,16,1137.53,309.64,137.46,350.02,0.45,-1,-1,-1
67,17,42.97,305.09,77.64,174.13,0.87,-1,-1,-1
67,19,689.52,184.28,80.17,202.71,0.28,-1,-1,-1
67,20,290.75,212.63,63.15,158.90,0.84,-1,-1,-1
67,5,454.28,332.36,78.94,181.03,0.69,-1,-1,-1
68,1,464.93,240.86,104.50,252.01,0.83,-1,-1,-1
68,2,138.84,261.20,146.52,324.68,0.87,-1,-1,-1
68,3,927.40,234.01,247.11,585.78,0.86,-1,-1,-1
68,4,553.29,304.24,102.36,254.96,0.75,-1,-1,-1
68,6,524.74,206.56,44.84,118.60,0.58,-1,-1,-1
68,7,673.88,282.77,99.22,254.76,0.82,-1,-1,-1
68,8,749.61,272.95,112.83,270.14,0.82,-1,-1,-1
68,9,340.74,213.09,64.07,172.74,0.24,-1,-1,-1
68,10,579.89,226.82,103.99,300.18,0.80,-1,-1,-1
68,11,633.29,187.91,52.68,134.49,0.73,-1,-1,-1
68,12,568.35,178.73,48.63,144.45,0.57,-1,-1,-1
68,14,363.53,215.15,112.78,285.71,0.87,-1,-1,-1
68,15,610.69,205.23,38.91,104.50,0.14,-1,-1,-1
68,16,1137.44,308.29,137.25,351.11,0.49,-1,-1,-1
68,17,43.82,306.84,78.15,173.62,0.86,-1,-1,-1
68,19,688.64,186.33,80.00,204.74,0.17,-1,-1,-1
68,20,290.48,213.31,63.73,159.05,0.84,-1,-1,-1
68,5,457.99,333.34,78.09,178.16,0.66,-1,-1,-1
69,1,463.59,242.45,104.34,253.80,0.83,-1,-1,-1
69,2,141.22,262.94,145.46,324.84,0.86,-1,-1,-1
69,3,927.79,233.63,247.30,586.72,0.86,-1,-1,-1
69,4,546.74,304.93,101.11,254.17,0.76,-1,-1,-1
69,6,525.42,208.52,42.53,112.67,0.61,-1,-1,-1
69,7,675.04,282.87,99.47,257.42,0.82,-1,-1,-1
69,8,750.40,273.90,113.00,269.70,0.82,-1,-1,-1
69,9,335.82,215.71,66.68,177.34,0.14,-1,-1,-1
69,10,576.53,229.31,106.42,306.35,0.82,-1,-1,-1
69,11,634.22,188.49,52.37,134.07,0.74,-1,-1,-1
69,12,568.33,180.57,48.52,144.43,0.59,-1,-1,-1
69,14,367.86,218.85,111.10,283.41,0.87,-1,-1,-1
69,15,612.99,209.02,36.03,98.00,0.33,-1,-1,-1
69,16,1135.37,307.22,134.13,344.29,0.52,-1,-1,-1
69,17,46.58,307.16,78.45,172.90,0.87,-1,-1,-1
69,19,687.36,189.77,80.46,207.71,0.17,-1,-1,-1
69,20,290.41,214.65,63.95,158.47,0.85,-1,-1,-1
69,5,462.04,335.08,77.21,175.91,0.73,-1,-1,-1
70,1,464.80,242.78,101.28,248.00,0.82,-1,-1,-1
70,2,140.01,264.33,145.02,323.50,0.86,-1,-1,-1
70,3,928.41,235.48,246.12,583.66,0.86,-1,-1,-1
70,4,545.24,310.02,98.28,248.87,0.77,-1,-1,-1
70,6,525.65,210.70,41.25,109.35,0.66,-1,-1,-1
70,7,674.91,281.86,100.62,261.17,0.80,-1,-1,-1
70,8,748.96,275.07,112.79,268.58,0.82,-1,-1,-1
70,10,574.24,225.66,108.67,311.08,0.81,-1,-1,-1
70,11,635.58,192.52,51.94,133.62,0.70,-1,-1,-1
70,12,568.60,182.90,47.57,141.85,0.54,-1,-1,-1
70,14,369.33,217.17,111.00,285.23,0.87,-1,-1,-1
70,15,612.52,210.17,37.73,103.56,0.31,-1,-1,-1
70,16,1137.54,306.84,130.95,337.11,0.50,-1,-1,-1
70,17,50.75,307.06,78.37,172.25,0.85,-1,-1,-1
70,19,685.95,189.66,83.16,216.61,0.19,-1,-1,-1
70,20,291.17,216.87,63.44,155.56,0.84,-1,-1,-1
70,5,464.44,336.40,77.52,175.68,0.64,-1,-1,-1
71,1,464.83,243.01,99.30,244.94,0.81,-1,-1,-1
71,2,139.32,266.16,144.81,322.83,0.87,-1,-1,-1
71,3,927.51,237.31,245.92,583.82,0.87,-1,-1,-1
71,4,543.54,308.19,99.47,252.50,0.78,-1,-1,-1
71,6,525.62,211.91,40.66,108.00,0.67,-1,-1,-1
71,7,673.12,280.83,101.91,263.86,0.80,-1,-1,-1
71,8,748.27,276.88,113.33,269.20,0.82,-1,-1,-1
71,10,574.01,222.15,110.39,315.20,0.79,-1,-1,-1
71,11,637.55,195.21,50.83,130.84,0.71,-1,-1,-1
71,12,568.44,183.66,46.65,138.61,0.61,-1,-1,-1
71,14,371.01,218.82,109.62,282.35,0.86,-1,-1,-1
71,15,612.29,211.71,38.11,105.96,0.37,-1,-1,-1
71,16,1135.04,302.46,135.14,348.72,0.57,-1,-1,-1
71,17,55.59,307.69,76.80,168.78,0.84,-1,-1,-1
71,19,685.50,188.91,84.50,222.27,0.22,-1,-1,-1
71,20,291.75,218.50,63.62,154.05,0.83,-1,-1,-1
71,5,464.65,330.62,78.86,179.06,0.71,-1,-1,-1
72,1,465.56,246.00,98.62,245.52,0.82,-1,-1,-1
72,2,142.48,267.61,144.39,323.68,0.87,-1,-1,-1
72,3,926.55,239.08,245.58,583.58,0.87,-1,-1,-1
72,4,544.93,302.94,102.41,259.76,0.75,-1,-1,-1
72,6,526.02,213.86,39.70,105.38,0.54,-1,-1,-1
72,7,669.91,279.85,105.00,270.30,0.80,-1,-1,-1
72,8,748.78,277.74,112.88,268.53,0.83,-1,-1,-1
72,10,575.48,223.75,109.59,311.71,0.76,-1,-1,-1
72,11,640.12,196.97,49.74,127.69,0.78,-1,-1,-1
72,12,577.64,189.60,49.07,145.95,0.52,-1,-1,-1
72,14,375.04,221.46,107.61,277.47,0.86,-1,-1,-1
72,15,613.64,213.27,36.79,103.45,0.40,-1,-1,-1
72,16,1131.37,300.82,138.31,357.00,0.60,-1,-1,-1
72,17,60.99,308.49,75.47,165.82,0.87,-1,-1,-1
72,19,685.83,187.96,83.42,221.22,0.25,-1,-1,-1
72,20,291.96,219.53,63.97,153.98,0.84,-1,-1,-1
72,5,466.38,325.53,81.06,185.65,0.46,-1,-1,-1
73,1,465.76,246.75,98.93,248.44,0.81,-1,-1,-1
73,2,146.53,270.73,142.21,319.19,0.88,-1,-1,-1
73,3,927.16,242.03,244.36,580.89,0.87,-1,-1,-1
73,4,546.12,306.58,100.58,255.99,0.74,-1,-1,-1
73,6,525.77,216.06,36.99,97.86,0.33,-1,-1,-1
73,7,671.27,279.88,106.59,271.78,0.81,-1,-1,-1
73,8,750.39,278.25,112.59,267.99,0.82,-1,-1,-1
73,10,576.74,230.26,107.69,305.07,0.75,-1,-1,-1
73,11,641.18,193.63,51.15,131.51,0.79,-1,-1,-1
73,12,581.04,192.17,50.41,149.96,0.49,-1,-1,-1
73,14,378.33,224.17,105.69,273.07,0.86,-1,-1,-1
73,15,615.71,214.21,34.52,97.65,0.30,-1,-1,-1
73,16,1128.68,297.01,142.16,367.45,0.60,-1,-1,-1
73,17,64.05,308.24,75.88,166.80,0.87,-1,-1,-1
73,19,687.16,187.63,79.74,212.31,0.29,-1,-1,-1
73,20,292.01,220.33,64.36,154.07,0.85,-1,-1,-1
73,5,464.85,308.02,86.26,200.16,0.27,-1,-1,-1
74,1,468.35,246.46,99.22,250.26,0.83,-1,-1,-1
74,2,150.47,273.84,139.83,315.81,0.88,-1,-1,-1
74,3,927.97,242.66,243.69,579.73,0.87,-1,-1,-1
74,4,551.70,308.35,101.56,256.57,0.74,-1,-1,-1
74,6,525.77,216.80,35.48,93.46,0.16,-1,-1,-1
74,7,672.09,281.51,107.66,270.34,0.81,-1,-1,-1
74,8,752.64,279.71,111.70,266.46,0.83,-1,-1,-1
74,10,575.94,236.97,106.86,301.01,0.75,-1,-1,-1
74,11,642.34,192.47,51.71,133.10,0.77,-1,-1,-1
74,12,581.53,191.82,50.38,149.83,0.44,-1,-1,-1
74,14,379.62,223.51,105.78,273.66,0.86,-1,-1,-1
74,15,614.94,214.46,36.29,103.43,0.38,-1,-1,-1
74,16,1126.05,294.49,142.00,366.95,0.61,-1,-1,-1
74,17,66.60,307.59,76.06,167.52,0.87,-1,-1,-1
74,19,686.32,188.99,78.18,208.60,0.30,-1,-1,-1
74,20,291.83,221.25,64.86,154.24,0.84,-1,-1,-1
74,5,466.89,313.14,82.34,193.12,0.14,-1,-1,-1
75,1,470.44,246.93,99.30,251.82,0.82,-1,-1,-1
75,2,152.21,273.96,138.55,313.52,0.89,-1,-1,-1
75,3,928.95,243.75,242.10,576.36,0.87,-1,-1,-1
75,4,555.16,303.31,105.08,262.21,0.77,-1,-1,-1
75,6,525.13,214.49,42.86,112.77,0.40,-1,-1,-1
75,7,673.91,281.61,109.01,269.73,0.81,-1,-1,-1
75,8,753.15,280.65,112.36,267.87,0.83,-1,-1,-1
75,10,574.33,241.13,107.17,299.85,0.74,-1,-1,-1
75,11,642.80,190.92,52.71,135.87,0.78,-1,-1,-1
75,12,585.46,196.83,47.44,140.70,0.29,-1,-1,-1
75,14,381.18,223.11,104.80,273.32,0.85,-1,-1,-1
75,15,614.53,214.62,37.03,106.27,0.38,-1,-1,-1
75,16,1125.26,291.28,145.14,376.51,0.54,-1,-1,-1
75,17,69.08,307.36,75.84,167.69,0.87,-1,-1,-1
75,19,695.87,189.24,64.80,170.93,0.56,-1,-1,-1
75,20,291.43,221.53,65.62,155.21,0.85,-1,-1,-1
76,1,477.89,247.53,96.42,242.35,0.81,-1,-1,-1
76,2,155.05,273.88,136.50,309.63,0.89,-1,-1,-1
76,3,929.72,244.76,242.80,579.54,0.87,-1,-1,-1
76,4,555.38,303.72,106.04,262.29,0.71,-1,-1,-1
76,6,526.26,211.47,46.68,122.35,0.44,-1,-1,-1
76,7,676.03,282.80,109.68,269.26,0.81,-1,-1,-1
76,8,753.43,281.33,113.04,269.02,0.83,-1,-1,-1
76,10,573.49,242.77,107.98,300.96,0.71,-1,-1,-1
76,11,643.11,189.78,54.03,139.27,0.78,-1,-1,-1
76,12,581.64,201.22,53.96,160.52,0.54,-1,-1,-1
76,14,387.84,225.38,102.34,268.85,0.84,-1,-1,-1
76,15,615.96,216.10,33.76,96.79,0.12,-1,-1,-1
76,16,1124.49,290.87,145.18,377.83,0.65,-1,-1,-1
76,17,71.83,308.72,74.74,165.78,0.86,-1,-1,-1
76,19,699.32,190.39,59.98,156.57,0.53,-1,-1,-1
76,20,291.27,221.93,66.18,155.76,0.85,-1,-1,-1
76,5,473.31,330.46,76.28,179.63,0.58,-1,-1,-1
77,1,484.05,248.04,94.53,235.18,0.81,-1,-1,-1
77,2,159.41,272.91,134.86,307.18,0.88,-1,-1,-1
77,3,931.68,247.16,241.59,577.70,0.87,-1,-1,-1
77,4,557.33,304.30,107.23,261.67,0.77,-1,-1,-1
77,6,527.50,211.24,48.59,127.17,0.34,-1,-1,-1
77,7,676.53,282.92,110.99,271.22,0.82,-1,-1,-1
77,8,754.58,281.77,113.14,269.59,0.84,-1,-1,-1
77,10,572.49,243.35,108.42,300.51,0.67,-1,-1,-1
77,11,643.93,190.01,54.40,139.83,0.77,-1,-1,-1
77,12,579.54,203.23,56.12,167.72,0.54,-1,-1,-1
77,14,392.47,231.35,98.68,261.23,0.85,-1,-1,-1
77,15,615.64,216.53,35.71,102.92,0.38,-1,-1,-1
77,16,1125.78,290.52,146.08,382.98,0.63,-1,-1,-1
77,17,74.00,308.66,74.79,166.38,0.85,-1,-1,-1
77,19,700.25,192.06,58.44,150.96,0.56,-1,-1,-1
77,20,291.87,222.22,66.48,155.96,0.85,-1,-1,-1
77,25,378.95,220.69,82.70,244.61,0.73,-1,-1,-1
77,5,475.57,336.43,73.11,173.44,0.68,-1,-1,-1
78,1,485.85,247.40,95.74,236.21,0.79,-1,-1,-1
78,2,162.09,272.24,133.62,305.54,0.88,-1,-1,-1
78,3,931.48,247.60,242.41,581.17,0.88,-1,-1,-1
78,4,558.40,306.87,107.36,258.50,0.78,-1,-1,-1
78,6,526.85,212.31,48.34,126.20,0.30,-1,-1,-1
78,7,677.45,282.64,111.27,271.72,0.82,-1,-1,-1
78,8,755.81,280.57,113.12,270.88,0.84,-1,-1,-1
78,10,567.58,246.24,110.50,302.05,0.75,-1,-1,-1
78,11,644.94,190.55,54.05,138.25,0.77,-1,-1,-1
78,12,578.71,206.60,57.78,173.03,0.59,-1,-1,-1
78,14,393.30,226.22,99.41,264.63,0.85,-1,-1,-1
78,15,616.05,217.02,35.33,102.40,0.35,-1,-1,-1
78,16,1131.11,291.37,143.49,379.11,0.67,-1,-1,-1
78,17,76.43,308.53,74.60,166.68,0.85,-1,-1,-1
78,19,692.36,191.71,70.68,182.53,0.53,-1,-1,-1
78,20,292.01,222.98,66.45,155.47,0.86,-1,-1,-1
78,25,383.45,221.24,81.20,240.05,0.71,-1,-1,-1
78,5,478.07,340.21,71.53,170.36,0.70,-1,-1,-1
79,1,486.93,248.24,97.18,238.15,0.80,-1,-1,-1
79,2,161.49,272.16,132.31,302.15,0.88,-1,-1,-1
79,3,932.06,246.83,243.78,584.49,0.87,-1,-1,-1
79,4,558.26,307.46,108.36,258.26,0.78,-1,-1,-1
79,6,528.80,213.91,48.05,125.57,0.30,-1,-1,-1
79,7,675.16,280.52,112.82,275.64,0.83,-1,-1,-1
79,8,755.92,281.61,112.23,270.18,0.83,-1,-1,-1
79,10,565.39,245.35,112.45,304.12,0.67,-1,-1,-1
79,11,645.71,192.86,53.39,136.73,0.76,-1,-1,-1
79,12,578.64,201.86,57.75,172.90,0.57,-1,-1,-1
79,14,394.34,222.62,99.55,266.01,0.84,-1,-1,-1
79,15,616.13,217.02,35.15,102.38,0.47,-1,-1,-1
79,16,1134.34,290.37,142.69,378.97,0.64,-1,-1,-1
79,17,78.03,308.77,74.10,166.55,0.84,-1,-1,-1
79,19,691.13,193.17,72.98,188.22,0.40,-1,-1,-1
79,20,292.51,223.68,66.79,155.45,0.86,-1,-1,-1
79,25,385.27,221.47,81.34,240.28,0.72,-1,-1,-1
79,5,480.65,340.92,71.43,171.03,0.57,-1,-1,-1
80,1,492.46,250.06,94.60,228.47,0.78,-1,-1,-1
80,2,161.21,273.02,131.75,299.58,0.88,-1,-1,-1
80,3,931.67,245.22,245.96,590.83,0.87,-1,-1,-1
80,4,556.89,298.80,113.13,268.58,0.79,-1,-1,-1
80,6,528.41,213.03,50.17,131.37,0.26,-1,-1,-1
80,7,674.10,279.89,113.29,276.74,0.82,-1,-1,-1
80,8,755.78,282.06,111.98,270.28,0.83,-1,-1,-1
80,10,569.10,244.31,111.37,299.40,0.57,-1,-1,-1
80,11,645.52,192.80,54.60,140.13,0.77,-1,-1,-1
80,12,580.83,201.59,54.87,163.85,0.56,-1,-1,-1
80,14,395.00,220.38,99.52,267.73,0.83,-1,-1,-1
80,15,615.67,217.02,35.48,104.04,0.43,-1,-1,-1
80,16,1133.75,288.51,145.21,388.34,0.67,-1,-1,-1
80,17,79.86,309.95,73.19,165.24,0.84,-1,-1,-1
80,19,689.13,192.84,76.62,197.66,0.41,-1,-1,-1
80,20,292.90,224.74,67.10,155.45,0.87,-1,-1,-1
80,25,386.60,220.46,83.21,245.92,0.73,-1,-1,-1
80,5,481.87,339.76,71.70,172.80,0.61,-1,-1,-1
81,1,494.23,250.62,92.92,223.01,0.81,-1,-1,-1
81,2,163.06,274.53,130.96,297.89,0.88,-1,-1,-1
81,3,932.02,244.15,246.02,592.12,0.87,-1,-1,-1
81,4,557.59,300.86,113.15,267.21,0.78,-1,-1,-1
81,6,526.08,213.49,53.26,139.40,0.18,-1,-1,-1
81,7,674.32,280.18,113.02,276.51,0.82,-1,-1,-1
81,8,755.62,282.70,111.98,271.00,0.83,-1,-1,-1
81,10,583.63,242.26,103.34,279.20,0.59,-1,-1,-1
81,11,646.18,193.18,54.37,139.35,0.78,-1,-1,-1
81,12,588.66,203.26,50.22,149.06,0.58,-1,-1,-1
81,14,399.69,230.40,97.36,263.07,0.83,-1,-1,-1
81,15,616.53,214.49,35.48,104.04,0.36,-1,-1,-1
81,16,1139.27,290.14,138.21,370.64,0.69,-1,-1,-1
81,17,82.42,310.38,72.80,164.92,0.87,-1,-1,-1
81,19,684.64,196.53,82.46,213.56,0.48,-1,-1,-1
81,20,293.77,225.42,67.67,156.17,0.87,-1,-1,-1
81,25,391.37,218.50,86.85,256.22,0.75,-1,-1,-1
81,5,482.83,339.26,70.47,170.51,0.67,-1,-1,-1
81,27,569.32,191.64,43.88,136.95,0.68,-1,-1,-1
82,1,494.54,250.61,95.02,226.89,0.79,-1,-1,-1
82,2,164.03,275.69,130.60,296.92,0.88,-1,-1,-1
82,3,932.68,245.58,244.70,589.28,0.87,-1,-1,-1
82,4,555.22,287.11,119.35,281.64,0.79,-1,-1,-1
82,6,525.00,213.79,52.33,136.93,0.13,-1,-1,-1
82,7,673.70,280.48,113.12,277.62,0.82,-1,-1,-1
82,8,755.58,283.50,111.86,272.11,0.83,-1,-1,-1
82,10,574.22,236.36,112.86,303.04,0.64,-1,-1,-1
82,11,647.10,193.98,53.99,138.30,0.76,-1,-1,-1
82,12,593.04,203.72,47.53,140.05,0.56,-1,-1,-1
82,14,402.15,234.44,96.26,260.41,0.83,-1,-1,-1
82,15,616.53,213.86,35.63,104.38,0.27,-1,-1,-1
82,16,1144.43,293.10,131.94,354.67,0.74,-1,-1,-1
82,17,84.05,310.78,72.56,164.39,0.87,-1,-1,-1
82,19,681.17,198.56,87.82,229.08,0.45,-1,-1,-1
82,20,294.37,225.76,68.17,156.76,0.86,-1,-1,-1
82,25,392.89,218.75,80.72,237.64,0.71,-1,-1,-1
82,5,483.50,330.05,72.95,177.68,0.35,-1,-1,-1
82,27,569.42,192.49,42.93,133.95,0.66,-1,-1,-1
83,1,494.10,249.05,98.35,234.12,0.79,-1,-1,-1
83,2,162.71,276.91,130.45,295.43,0.89,-1,-1,-1
83,3,934.12,247.63,243.79,586.79,0.87,-1,-1,-1
83,4,554.06,283.57,121.33,286.13,0.79,-1,-1,-1
83,6,530.41,209.12,55.27,144.43,0.17,-1,-1,-1
83,7,673.08,281.27,113.29,277.78,0.83,-1,-1,-1
83,8,756.72,283.55,112.02,273.19,0.83,-1,-1,-1
83,10,570.89,238.02,115.06,307.01,0.63,-1,-1,-1
83,11,649.01,196.26,52.26,133.71,0.75,-1,-1,-1
83,12,594.69,203.69,47.64,138.69,0.62,-1,-1,-1
83,14,403.57,233.06,96.37,260.99,0.82,-1,-1,-1
83,15,614.02,212.14,37.60,110.20,0.38,-1,-1,-1
83,16,1147.44,293.04,127.30,342.35,0.75,-1,-1,-1
83,17,86.04,310.58,72.96,164.79,0.87,-1,-1,-1
83,19,680.76,201.30,88.24,230.86,0.51,-1,-1,-1
83,20,295.44,225.79,69.31,158.55,0.87,-1,-1,-1
83,25,394.36,217.18,80.58,236.84,0.72,-1,-1,-1
83,5,479.50,298.37,83.07,205.30,0.20,-1,-1,-1
83,27,569.01,192.97,42.57,132.75,0.69,-1,-1,-1
84,1,495.75,248.72,97.80,233.13,0.81,-1,-1,-1
84,2,163.16,278.18,130.44,294.78,0.89,-1,-1,-1
84,3,936.07,247.79,242.27,582.00,0.86,-1,-1,-1
84,4,554.04,288.75,119.65,281.27,0.80,-1,-1,-1
84,6,531.48,211.42,55.26,144.55,0.11,-1,-1,-1
84,7,675.78,281.82,112.75,277.85,0.83,-1,-1,-1
84,8,756.65,283.33,112.46,274.85,0.83,-1,-1,-1
84,10,576.14,243.33,112.58,300.26,0.60,-1,-1,-1
84,11,650.03,198.31,50.97,130.45,0.77,-1,-1,-1
84,12,595.23,203.65,48.37,139.59,0.62,-1,-1,-1
84,14,406.36,236.94,94.56,256.34,0.84,-1,-1,-1
84,15,612.08,211.72,39.14,114.70,0.40,-1,-1,-1
84,16,1148.97,293.95,128.29,345.25,0.73,-1,-1,-1
84,17,87.72,310.33,72.82,164.20,0.86,-1,-1,-1
84,19,681.69,202.32,86.87,228.07,0.54,-1,-1,-1
84,20,295.82,225.52,70.30,160.07,0.87,-1,-1,-1
84,25,395.70,218.05,84.14,247.82,0.69,-1,-1,-1
84,5,478.89,268.89,92.54,231.63,0.20,-1,-1,-1
84,27,568.88,193.15,43.07,134.20,0.68,-1,-1,-1
85,1,497.72,248.10,97.03,231.77,0.81,-1,-1,-1
85,2,163.88,279.56,130.11,293.16,0.89,-1,-1,-1
85,3,937.01,248.25,242.67,580.28,0.86,-1,-1,-1
85,4,553.16,289.31,119.73,281.26,0.80,-1,-1,-1
85,6,530.69,206.38,59.54,156.21,0.11,-1,-1,-1
85,7,679.42,287.24,108.58,270.85,0.82,-1,-1,-1
85,8,755.79,283.73,112.31,276.38,0.83,-1,-1,-1
85,10,573.84,254.18,110.71,293.62,0.65,-1,-1,-1
85,11,650.00,197.30,51.73,132.63,0.78,-1,-1,-1
85,12,597.02,206.24,48.77,139.45,0.57,-1,-1,-1
85,14,407.01,236.52,94.98,258.19,0.82,-1,-1,-1
85,15,614.21,214.38,38.99,114.40,0.13,-1,-1,-1
85,16,1146.87,291.43,135.18,365.69,0.73,-1,-1,-1
85,17,90.09,310.14,71.70,161.39,0.88,-1,-1,-1
85,19,682.96,200.98,85.51,225.50,0.44,-1,-1,-1
85,20,296.33,227.50,69.53,157.94,0.87,-1,-1,-1
85,25,396.94,220.19,82.61,243.62,0.72,-1,-1,-1
85,5,484.00,294.73,82.03,205.75,0.17,-1,-1,-1
85,27,569.56,193.51,42.95,133.75,0.66,-1,-1,-1
86,1,499.07,248.91,95.59,229.71,0.80,-1,-1,-1
86,2,164.51,279.27,131.26,295.95,0.88,-1,-1,-1
86,3,936.98,248.66,242.94,578.30,0.87,-1,-1,-1
86,4,552.78,294.74,117.71,275.43,0.78,-1,-1,-1
86,6,532.52,213.01,56.31,148.44,0.21,-1,-1,-1
86,7,682.28,290.22,105.28,265.94,0.83,-1,-1,-1
86,8,755.58,284.05,111.75,277.79,0.84,-1,-1,-1
86,10,575.33,258.52,109.46,289.75,0.53,-1,-1,-1
86,11,649.96,196.96,53.14,136.75,0.76,-1,-1,-1
86,12,596.63,206.33,50.15,141.95,0.50,-1,-1,-1
86,14,408.54,232.77,95.00,258.78,0.83,-1,-1,-1
86,15,611.55,209.89,43.51,128.05,0.20,-1,-1,-1
86,16,1148.98,291.19,131.97,357.52,0.71,-1,-1,-1
86,17,92.09,309.65,72.22,162.86,0.87,-1,-1,-1
86,19,684.03,197.36,84.23,223.17,0.50,-1,-1,-1
86,20,296.57,227.56,69.50,157.42,0.86,-1,-1,-1
86,25,398.19,221.26,81.49,241.01,0.72,-1,-1,-1
86,5,481.34,278.51,86.72,221.37,0.16,-1,-1,-1
86,27,569.76,193.71,43.65,135.89,0.62,-1,-1,-1
87,1,499.79,248.33,94.16,227.12,0.78,-1,-1,-1
87,2,163.50,278.54,132.23,297.72,0.88,-1,-1,-1
87,3,936.76,248.27,245.44,582.35,0.87,-1,-1,-1
87,4,552.39,293.53,118.77,277.47,0.77,-1,-1,-1
87,6,533.83,216.40,54.61,144.70,0.17,-1,-1,-1
87,7,681.43,288.23,106.46,271.62,0.82,-1,-1,-1
87,8,757.32,284.84,110.64,277.60,0.84,-1,-1,-1
87,10,573.70,256.38,111.57,294.70,0.71,-1,-1,-1
87,11,650.48,196.60,53.81,138.86,0.77,-1,-1,-1
87,12,595.11,205.36,53.38,150.05,0.44,-1,-1,-1
87,14,410.09,232.67,94.21,257.67,0.83,-1,-1,-1
87,15,609.72,209.32,45.40,133.53,0.17,-1,-1,-1
87,16,1150.14,290.11,128.24,347.63,0.74,-1,-1,-1
87,17,94.57,308.02,72.48,164.05,0.85,-1,-1,-1
87,19,685.35,195.87,83.24,221.46,0.44,-1,-1,-1
87,20,296.99,227.89,69.53,157.04,0.86,-1,-1,-1
87,25,399.79,221.96,80.13,238.12,0.73,-1,-1,-1
87,5,479.34,267.64,89.42,232.21,0.36,-1,-1,-1
87,27,569.26,194.36,44.76,139.26,0.53,-1,-1,-1
88,1,503.14,248.97,94.50,229.14,0.78,-1,-1,-1
88,2,166.51,280.56,129.08,290.52,0.87,-1,-1,-1
88,3,936.68,247.63,248.06,587.45,0.87,-1,-1,-1
88,4,552.73,287.63,121.44,284.41,0.75,-1,-1,-1
88,6,534.87,218.80,53.45,142.41,0.18,-1,-1,-1
88,7,679.98,287.34,107.38,275.48,0.83,-1,-1,-1
88,8,759.60,285.58,109.21,276.70,0.84,-1,-1,-1
88,10,570.35,253.96,113.82,298.53,0.82,-1,-1,-1
88,11,651.08,195.81,54.37,140.64,0.80,-1,-1,-1
88,12,592.45,204.10,58.17,162.97,0.57,-1,-1,-1
88,14,410.38,231.47,94.61,259.21,0.84,-1,-1,-1
88,15,609.26,209.60,45.78,134.58,0.11,-1,-1,-1
88,16,1151.55,290.49,125.70,340.84,0.78,-1,-1,-1
88,17,96.30,307.38,72.24,164.23,0.84,-1,-1,-1
88,19,685.61,195.36,83.98,224.21,0.40,-1,-1,-1
88,20,297.48,228.05,69.68,156.96,0.86,-1,-1,-1
88,25,401.75,222.64,79.04,235.94,0.68,-1,-1,-1
88,5,480.66,264.13,90.48,237.46,0.36,-1,-1,-1
88,27,568.16,194.97,46.92,146.01,0.49,-1,-1,-1
89,1,504.39,248.47,97.18,236.83,0.74,-1,-1,-1
89,2,168.81,281.39,127.30,286.58,0.87,-1,-1,-1
89,3,936.14,245.53,251.32,594.45,0.88,-1,-1,-1
89,4,554.60,291.96,117.57,276.68,0.68,-1,-1,-1
89,6,537.67,220.84,49.23,131.95,0.13,-1,-1,-1
89,7,680.53,288.05,106.92,276.86,0.82,-1,-1,-1
89,8,761.17,287.14,108.15,275.77,0.84,-1,-1,-1
89,10,568.69,255.27,114.39,297.60,0.83,-1,-1,-1
89,11,651.77,196.28,54.02,139.94,0.80,-1,-1,-1
89,12,592.50,205.79,55.78,154.97,0.45,-1,-1,-1
89,14,409.63,229.75,95.73,263.60,0.84,-1,-1,-1
89,15,617.11,212.88,42.23,123.77,0.11,-1,-1,-1
89,16,1151.21,292.55,125.13,338.99,0.79,-1,-1,-1
89,17,98.07,307.42,72.28,164.21,0.86,-1,-1,-1
89,19,688.13,197.71,87.17,234.44,0.17,-1,-1,-1
89,20,297.95,228.28,69.88,156.93,0.87,-1,-1,-1
89,25,403.83,223.37,78.30,233.82,0.58,-1,-1,-1
89,5,485.70,251.02,90.82,239.89,0.19,-1,-1,-1
89,27,568.18,195.31,47.03,146.22,0.46,-1,-1,-1
90,1,509.04,249.28,97.84,236.98,0.73,-1,-1,-1
90,2,169.27,279.26,130.30,294.13,0.88,-1,-1,-1
90,3,936.87,244.51,252.33,596.39,0.88,-1,-1,-1
90,4,554.66,292.93,118.87,279.78,0.69,-1,-1,-1
90,6,543.12,219.10,41.05,110.04,0.16,-1,-1,-1
90,7,681.36,289.01,106.36,277.73,0.82,-1,-1,-1
90,8,763.21,286.86,108.41,276.71,0.84,-1,-1,-1
90,10,567.83,254.29,115.50,299.01,0.82,-1,-1,-1
90,11,652.27,196.35,53.53,138.36,0.80,-1,-1,-1
90,12,592.80,206.90,53.80,148.43,0.54,-1,-1,-1
90,14,410.25,225.14,95.31,262.51,0.84,-1,-1,-1
90,15,613.88,213.23,41.83,122.43,0.13,-1,-1,-1
90,16,1150.98,291.62,125.24,339.26,0.79,-1,-1,-1
90,17,100.77,307.69,71.50,162.05,0.88,-1,-1,-1
90,19,690.11,221.29,83.83,226.71,0.11,-1,-1,-1
90,20,297.78,228.85,70.04,156.54,0.87,-1,-1,-1
90,25,404.33,228.18,74.39,222.64,0.25,-1,-1,-1
90,5,494.45,302.07,74.25,193.97,0.67,-1,-1,-1
90,27,571.68,198.09,40.43,124.80,0.50,-1,-1,-1
91,1,510.74,251.03,98.12,237.05,0.70,-1,-1,-1
91,2,172.29,276.55,130.80,296.84,0.87,-1,-1,-1
91,3,939.04,245.80,251.15,592.42,0.87,-1,-1,-1
91,4,556.30,294.89,117.10,277.27,0.50,-1,-1,-1
91,6,544.22,220.75,38.71,103.54,0.18,-1,-1,-1
91,7,688.07,292.88,102.36,268.78,0.81,-1,-1,-1
91,8,763.58,286.66,108.93,277.53,0.84,-1,-1,-1
91,10,566.45,253.19,117.43,303.12,0.83,-1,-1,-1
91,11,652.95,196.00,53.49,137.85,0.81,-1,-1,-1
91,12,592.11,206.12,55.40,152.43,0.61,-1,-1,-1
91,14,412.02,224.49,97.24,268.19,0.83,-1,-1,-1
91,15,615.73,214.70,41.84,122.64,0.14,-1,-1,-1
91,16,1151.28,290.83,125.89,341.39,0.78,-1,-1,-1
91,17,103.01,307.67,71.08,160.92,0.88,-1,-1,-1
91,19,699.03,232.33,68.36,182.81,0.11,-1,-1,-1
91,20,297.89,229.20,70.26,156.35,0.87,-1,-1,-1
91,25,408.56,225.77,76.97,229.35,0.57,-1,-1,-1
91,5,492.31,288.84,80.07,209.90,0.52,-1,-1,-1
91,27,573.15,199.53,37.88,116.16,0.43,-1,-1,-1
92,1,511.11,252.57,98.80,237.96,0.73,-1,-1,-1
92,2,175.26,274.96,129.26,294.04,0.87,-1,-1,-1
92,3,940.39,245.70,251.23,592.07,0.87,-1,-1,-1
92,4,563.03,306.69,111.91,265.56,0.47,-1,-1,-1
92,7,687.88,290.83,103.67,272.85,0.82,-1,-1,-1
92,8,763.49,285.73,109.33,278.67,0.82,-1,-1,-1
92,10,566.36,252.28,117.88,303.60,0.82,-1,-1,-1
92,11,653.67,195.94,53.16,136.74,0.81,-1,-1,-1
92,12,592.74,206.46,55.10,150.87,0.64,-1,-1,-1
92,14,414.23,223.98,97.35,269.26,0.83,-1,-1,-1
92,15,613.25,215.08,41.90,122.17,0.20,-1,-1,-1
92,16,1152.01,291.28,125.36,340.56,0.78,-1,-1,-1
92,17,105.09,308.39,70.66,160.08,0.87,-1,-1,-1
92,20,298.03,229.34,70.79,156.81,0.87,-1,-1,-1
92,25,409.53,230.98,72.80,217.48,0.33,-1,-1,-1
92,5,491.77,282.20,82.63,216.85,0.51,-1,-1,-1
92,27,574.22,201.04,37.21,113.39,0.49,-1,-1,-1
93,1,512.39,252.54,100.17,239.93,0.68,-1,-1,-1
93,2,176.86,272.22,128.61,292.91,0.87,-1,-1,-1
93,3,941.05,246.45,252.00,593.98,0.87,-1,-1,-1
93,4,565.48,310.09,110.75,263.28,0.49,-1,-1,-1
93,7,687.74,290.44,104.41,274.32,0.82,-1,-1,-1
93,8,765.40,285.29,109.55,279.35,0.83,-1,-1,-1
93,10,565.90,250.83,118.58,304.95,0.80,-1,-1,-1
93,11,654.89,196.14,52.81,135.68,0.81,-1,-1,-1
93,12,592.75,205.83,56.90,155.40,0.61,-1,-1,-1
93,14,416.77,223.23,96.87,269.34,0.83,-1,-1,-1
93,15,616.35,215.45,42.35,123.29,0.14,-1,-1,-1
93,16,1152.78,292.44,123.82,336.47,0.78,-1,-1,-1
93,17,106.74,308.57,70.40,159.17,0.88,-1,-1,-1
93,20,298.21,229.62,71.10,157.11,0.87,-1,-1,-1
93,25,409.34,235.53,69.93,210.31,0.21,-1,-1,-1
93,5,493.84,285.06,81.22,212.70,0.56,-1,-1,-1
93,27,574.88,201.30,36.53,110.76,0.48,-1,-1,-1
94,1,510.09,253.94,99.53,237.75,0.68,-1,-1,-1
94,2,178.31,271.34,127.74,291.42,0.87,-1,-1,-1
94,3,941.72,247.01,251.67,593.52,0.88,-1,-1,-1
94,7,687.56,290.13,104.80,275.21,0.82,-1,-1,-1
94,8,766.79,284.80,109.95,280.00,0.83,-1,-1,-1
94,10,563.17,255.81,120.16,309.44,0.83,-1,-1,-1
94,11,656.29,197.51,52.00,133.33,0.82,-1,-1,-1
94,12,592.63,204.94,58.91,161.00,0.67,-1,-1,-1
94,14,418.17,225.74,95.53,266.13,0.83,-1,-1,-1
94,15,617.11,216.16,42.17,122.52,0.14,-1,-1,-1
94,16,1153.49,294.45,122.01,331.79,0.81,-1,-1,-1
94,17,109.28,309.02,70.27,158.76,0.87,-1,-1,-1
94,20,298.73,230.40,71.19,156.80,0.88,-1,-1,-1
94,25,409.05,237.25,69.11,208.73,0.16,-1,-1,-1
94,5,496.80,299.83,76.48,198.68,0.57,-1,-1,-1
94,27,575.12,201.00,36.55,110.40,0.51,-1,-1,-1
94,30,100.31,239.93,54.44,142.41,0.62,-1,-1,-1
95,1,506.35,253.98,99.94,237.44,0.72,-1,-1,-1
95,2,179.78,271.50,126.52,288.85,0.88,-1,-1,-1
95,3,942.72,247.07,250.96,591.79,0.88,-1,-1,-1
95,7,688.03,288.76,105.66,277.74,0.82,-1,-1,-1
95,8,768.13,284.90,110.62,280.97,0.81,-1,-1,-1
95,10,563.21,260.64,120.01,309.40,0.83,-1,-1,-1
95,11,657.09,198.13,51.83,132.61,0.82,-1,-1,-1
95,12,593.53,204.84,57.23,155.87,0.67,-1,-1,-1
95,14,418.90,225.04,94.22,264.13,0.84,-1,-1,-1
95,15,618.45,217.83,41.40,120.02,0.14,-1,-1,-1
95,16,1153.39,296.20,120.82,328.67,0.81,-1,-1,-1
95,17,111.75,309.55,69.82,157.57,0.87,-1,-1,-1
95,20,299.21,231.24,71.14,156.28,0.87,-1,-1,-1
95,5,498.19,301.17,76.25,196.87,0.59,-1,-1,-1
95,27,574.16,198.45,39.51,118.80,0.42,-1,-1,-1
95,30,101.45,240.41,52.41,137.00,0.49,-1,-1,-1
96,1,505.77,254.95,98.87,234.44,0.71,-1,-1,-1
96,2,181.34,271.38,125.63,287.47,0.88,-1,-1,-1
96,3,943.98,248.29,250.01,589.39,0.88,-1,-1,-1
96,7,687.73,288.96,105.77,278.10,0.83,-1,-1,-1
96,8,767.24,285.00,111.23,282.03,0.83,-1,-1,-1
96,10,571.83,256.25,109.26,279.86,0.46,-1,-1,-1
96,11,658.21,198.65,51.72,132.46,0.82,-1,-1,-1
96,12,593.82,207.17,54.02,146.82,0.63,-1,-1,-1
96,14,420.35,225.49,92.81,261.70,0.85,-1,-1,-1
96,15,620.61,219.68,39.65,114.65,0.18,-1,-1,-1
96,16,1152.99,295.19,121.47,331.17,0.81,-1,-1,-1
96,17,114.29,309.80,68.88,155.53,0.86,-1,-1,-1
96,20,299.51,231.67,71.35,156.35,0.87,-1,-1,-1
96,5,500.58,314.04,70.59,180.95,0.62,-1,-1,-1
96,27,574.27,197.93,40.45,120.96,0.43,-1,-1,-1
96,30,101.78,240.65,52.11,135.99,0.49,-1,-1,-1
96,4,567.89,304.47,112.78,267.38,0.83,-1,-1,-1
97,1,512.08,253.94,96.28,227.87,0.71,-1,-1,-1
97,2,182.69,272.10,124.26,285.23,0.88,-1,-1,-1
97,3,945.04,250.33,249.10,587.14,0.88,-1,-1,-1
97,7,687.51,289.96,106.10,278.47,0.84,-1,-1,-1
97,8,767.07,285.94,111.18,282.04,0.84,-1,-1,-1
97,10,575.67,267.46,89.50,224.26,0.15,-1,-1,-1
97,11,659.04,200.51,50.80,130.23,0.82,-1,-1,-1
97,12,593.60,211.13,51.30,139.05,0.62,-1,-1,-1
97,14,422.02,226.45,91.65,259.26,0.85,-1,-1,-1
97,15,624.42,224.11,40.74,115.44,0.31,-1,-1,-1
97,16,1152.40,294.88,121.65,332.25,0.81,-1,-1,-1
97,17,116.05,310.93,68.86,155.69,0.85,-1,-1,-1
97,20,299.65,232.22,71.60,156.44,0.87,-1,-1,-1
97,5,502.62,329.47,64.93,165.01,0.76,-1,-1,-1
97,27,574.19,197.02,41.69,124.09,0.47,-1,-1,-1
97,30,102.40,241.41,50.18,130.64,0.53,-1,-1,-1
97,4,567.96,298.81,114.82,271.74,0.86,-1,-1,-1
98,1,516.00,253.02,95.02,224.33,0.71,-1,-1,-1
98,2,183.62,272.79,123.20,283.89,0.88,-1,-1,-1
98,3,945.15,251.34,248.54,585.34,0.88,-1,-1,-1
98,7,687.63,290.49,106.46,278.31,0.84,-1,-1,-1
98,8,767.00,287.02,110.77,281.46,0.83,-1,-1,-1
98,10,579.84,264.62,83.93,207.58,0.23,-1,-1,-1
98,11,660.11,202.47,49.92,128.68,0.82,-1,-1,-1
98,12,593.63,212.51,49.95,134.68,0.64,-1,-1,-1
98,14,423.33,225.93,91.51,259.38,0.85,-1,-1,-1
98,15,628.70,224.31,39.89,111.14,0.20,-1,-1,-1
98,16,1152.99,294.70,120.94,330.89,0.81,-1,-1,-1
98,17,118.44,312.34,68.38,154.81,0.83,-1,-1,-1
98,20,300.32,233.09,71.58,155.80,0.87,-1,-1,-1
98,5,503.02,333.94,63.74,161.11,0.73,-1,-1,-1
98,27,574.07,196.80,42.56,125.97,0.42,-1,-1,-1
98,30,102.91,240.69,51.74,134.27,0.50,-1,-1,-1
98,4,565.41,287.06,120.07,285.16,0.85,-1,-1,-1
99,1,517.72,254.52,93.91,220.08,0.66,-1,-1,-1
99,2,184.09,274.03,122.11,282.34,0.88,-1,-1,-1
99,3,945.43,252.67,247.51,582.21,0.88,-1,-1,-1
99,7,687.95,290.77,106.85,278.38,0.84,-1,-1,-1
99,8,766.81,288.30,110.50,280.82,0.83,-1,-1,-1
99,10,579.96,260.25,85.25,208.94,0.43,-1,-1,-1
99,11,660.97,203.95,49.61,128.21,0.83,-1,-1,-1
99,12,593.66,213.60,49.55,132.54,0.65,-1,-1,-1
99,14,424.97,225.43,91.07,257.87,0.86,-1,-1,-1
99,15,625.47,226.71,41.41,112.92,0.22,-1,-1,-1
99,16,1153.07,294.41,120.39,330.08,0.82,-1,-1,-1
99,17,120.70,312.93,68.07,154.82,0.84,-1,-1,-1
99,20,300.67,234.65,71.52,155.11,0.87,-1,-1,-1
99,5,504.95,285.04,84.19,211.15,0.51,-1,-1,-1
99,27,574.94,197.23,42.44,124.92,0.34,-1,-1,-1
99,30,104.29,240.43,50.09,129.34,0.24,-1,-1,-1
99,4,563.42,277.44,124.11,296.95,0.84,-1,-1,-1
100,1,522.39,255.24,92.71,216.29,0.63,-1,-1,-1
100,2,185.21,275.58,120.86,279.96,0.88,-1,-1,-1
100,3,945.97,253.42,246.98,580.60,0.88,-1,-1,-1
100,7,688.20,290.68,107.10,278.78,0.84,-1,-1,-1
100,8,766.80,288.72,110.46,280.28,0.83,-1,-1,-1
100,10,585.65,260.49,78.53,190.00,0.50,-1,-1,-1
100,11,661.76,205.03,49.03,127.16,0.83,-1,-1,-1
100,12,592.71,212.15,52.54,139.08,0.59,-1,-1,-1
100,14,427.81,228.44,89.81,254.52,0.86,-1,-1,-1
100,15,622.89,225.99,43.11,115.70,0.14,-1,-1,-1
100,16,1152.61,293.61,120.94,332.76,0.82,-1,-1,-1
100,17,123.47,313.11,67.27,154.28,0.86,-1,-1,-1
100,20,301.45,235.95,71.30,154.17,0.86,-1,-1,-1
100,5,504.90,312.09,73.48,184.50,0.66,-1,-1,-1
100,27,575.94,198.75,42.89,125.50,0.36,-1,-1,-1
100,30,104.57,240.98,51.65,133.06,0.16,-1,-1,-1
100,4,565.21,286.16,120.58,288.46,0.85,-1,-1,-1
100,31,695.88,230.98,36.38,97.43,0.63,-1,-1,-1
101,1,522.13,255.80,92.51,216.21,0.66,-1,-1,-1
101,2,185.44,276.66,120.35,279.43,0.88,-1,-1,-1
101,3,946.95,254.49,245.55,576.29,0.88,-1,-1,-1
101,7,688.46,291.39,107.07,278.47,0.83,-1,-1,-1
101,8,767.12,289.51,110.45,279.96,0.83,-1,-1,-1
101,10,590.35,262.49,74.89,180.65,0.53,-1,-1,-1
101,11,662.13,206.67,48.68,126.56,0.82,-1,-1,-1
101,12,592.23,211.96,54.02,141.21,0.60,-1,-1,-1
101,14,430.37,232.44,88.59,251.17,0.86,-1,-1,-1
101,15,621.10,228.62,44.73,117.56,0.24,-1,-1,-1
101,16,1153.46,296.03,119.37,329.06,0.82,-1,-1,-1
101,17,126.31,313.81,66.14,152.40,0.86,-1,-1,-1
101,20,301.89,237.02,71.25,153.62,0.86,-1,-1,-1
101,5,504.60,326.13,68.55,172.25,0.71,-1,-1,-1
101,27,576.81,200.42,42.56,123.78,0.33,-1,-1,-1
101,30,103.82,240.92,56.47,145.54,0.12,-1,-1,-1
101,4,566.53,294.70,117.73,280.94,0.86,-1,-1,-1
101,31,695.61,229.15,37.51,100.52,0.54,-1,-1,-1
102,1,522.33,256.48,91.11,213.42,0.64,-1,-1,-1
102,2,185.65,277.89,119.37,277.63,0.88,-1,-1,-1
102,3,946.89,255.57,245.49,575.56,0.88,-1,-1,-1
102,7,689.28,291.57,106.94,278.53,0.82,-1,-1,-1
102,8,766.26,290.19,110.72,279.70,0.83,-1,-1,-1
102,10,590.20,264.54,76.20,184.18,0.58,-1,-1,-1
102,11,662.72,207.15,48.83,127.13,0.83,-1,-1,-1
102,12,594.78,211.09,59.69,153.05,0.64,-1,-1,-1
102,14,433.29,232.08,91.01,257.62,0.85,-1,-1,-1
102,15,625.23,228.57,44.75,116.83,0.18,-1,-1,-1
102,16,1153.32,297.24,118.89,327.89,0.82,-1,-1,-1
102,17,128.48,314.18,65.35,151.09,0.87,-1,-1,-1
102,20,302.51,237.37,71.33,153.14,0.86,-1,-1,-1
102,5,505.79,334.38,65.49,163.97,0.69,-1,-1,-1
102,27,577.98,204.52,39.34,113.73,0.10,-1,-1,-1
102,4,566.03,299.86,116.95,278.03,0.87,-1,-1,-1
102,31,695.07,221.73,40.40,108.51,0.61,-1,-1,-1
103,1,524.00,256.91,90.74,213.19,0.68,-1,-1,-1
103,2,185.81,279.15,118.80,276.80,0.88,-1,-1,-1
103,3,946.24,255.61,246.58,578.17,0.88,-1,-1,-1
103,7,691.76,294.11,104.46,273.42,0.83,-1,-1,-1
103,8,765.07,291.11,110.92,279.04,0.83,-1,-1,-1
103,10,595.33,268.90,68.44,164.11,0.34,-1,-1,-1
103,11,663.53,208.38,48.24,125.95,0.83,-1,-1,-1
103,12,596.16,210.49,61.50,154.58,0.71,-1,-1,-1
103,14,435.53,232.38,91.35,256.96,0.86,-1,-1,-1
103,15,615.32,223.45,50.53,128.97,0.52,-1,-1,-1
103,16,1153.08,298.89,118.52,326.75,0.82,-1,-1,-1
103,17,130.16,314.88,64.64,150.08,0.85,-1,-1,-1
103,20,302.44,238.10,72.04,154.20,0.86,-1,-1,-1
103,5,505.30,336.70,65.17,162.57,0.63,-1,-1,-1
103,27,578.23,204.81,39.43,113.87,0.15,-1,-1,-1
103,4,565.57,298.63,118.27,280.67,0.86,-1,-1,-1
103,31,696.28,218.57,40.63,109.52,0.65,-1,-1,-1
104,1,526.25,256.50,90.88,214.48,0.69,-1,-1,-1
104,2,186.78,282.63,118.21,276.34,0.88,-1,-1,-1
104,3,945.53,254.67,249.09,584.84,0.88,-1,-1,-1
104,7,693.24,295.40,103.27,271.83,0.83,-1,-1,-1
104,8,763.99,292.23,110.93,278.29,0.83,-1,-1,-1
104,10,599.14,271.80,64.21,153.78,0.18,-1,-1,-1
104,11,664.32,209.96,47.59,124.60,0.84,-1,-1,-1
104,12,595.03,210.72,61.45,152.96,0.71,-1,-1,-1
104,14,436.61,234.02,90.47,253.11,0.86,-1,-1,-1
104,15,613.52,223.22,51.78,130.74,0.49,-1,-1,-1
104,16,1153.10,299.47,118.87,328.09,0.82,-1,-1,-1
104,17,132.77,313.27,63.99,149.59,0.86,-1,-1,-1
104,20,302.49,239.03,71.96,153.66,0.86,-1,-1,-1
104,5,506.17,336.91,65.83,162.79,0.62,-1,-1,-1
104,27,575.37,203.69,45.21,130.36,0.51,-1,-1,-1
104,4,565.03,298.56,118.69,281.49,0.86,-1,-1,-1
104,31,694.74,219.05,41.26,111.59,0.62,-1,-1,-1
105,1,527.58,257.64,91.18,215.84,0.70,-1,-1,-1
105,2,190.13,285.21,116.71,274.36,0.88,-1,-1,-1
105,3,944.81,254.35,251.80,593.30,0.88,-1,-1,-1
105,7,693.74,296.14,103.26,272.23,0.83,-1,-1,-1
105,8,763.94,293.41,110.69,277.09,0.84,-1,-1,-1
105,11,664.70,210.13,47.56,125.17,0.84,-1,-1,-1
105,12,595.03,211.07,61.83,152.68,0.73,-1,-1,-1
105,14,437.10,233.98,90.53,251.71,0.86,-1,-1,-1
105,15,613.14,223.95,52.02,130.12,0.46,-1,-1,-1
105,16,1152.92,298.70,120.27,333.26,0.82,-1,-1,-1
105,17,135.66,312.96,63.02,148.16,0.87,-1,-1,-1
105,20,302.10,238.89,72.84,155.42,0.86,-1,-1,-1
105,5,509.40,284.33,83.66,207.69,0.51,-1,-1,-1
105,27,573.69,203.25,46.60,134.04,0.48,-1,-1,-1
105,4,564.54,299.81,118.87,281.14,0.86,-1,-1,-1
105,31,693.93,217.47,42.37,115.16,0.65,-1,-1,-1
105,32,785.91,221.07,44.53,109.39,0.55,-1,-1,-1
106,1,529.69,258.03,91.69,217.90,0.72,-1,-1,-1
106,2,193.17,287.55,114.84,270.84,0.88,-1,-1,-1
106,3,942.19,251.93,254.88,602.36,0.88,-1,-1,-1
106,7,691.93,294.98,104.50,275.87,0.83,-1,-1,-1
106,8,764.27,294.09,110.77,277.03,0.83,-1,-1,-1
106,11,665.25,211.38,47.12,124.79,0.82,-1,-1,-1
106,12,594.36,211.50,62.99,154.62,0.69,-1,-1,-1
106,14,436.60,232.63,91.73,254.25,0.86,-1,-1,-1
106,15,617.61,226.48,50.47,126.06,0.32,-1,-1,-1
106,16,1153.35,300.78,118.98,330.23,0.82,-1,-1,-1
106,17,137.88,313.54,62.20,146.90,0.87,-1,-1,-1
106,20,301.73,238.96,73.49,156.65,0.87,-1,-1,-1
106,5,513.61,264.89,90.22,224.54,0.51,-1,-1,-1
106,27,574.26,203.70,46.52,133.65,0.47,-1,-1,-1
106,4,564.83,302.32,118.99,280.37,0.85,-1,-1,-1
106,31,693.77,220.33,41.93,114.47,0.71,-1,-1,-1
106,32,785.71,222.37,45.65,112.12,0.40,-1,-1,-1
107,1,529.51,257.40,94.85,225.95,0.68,-1,-1,-1
107,2,194.23,289.49,113.64,268.22,0.88,-1,-1,-1
107,3,941.48,250.54,255.91,605.66,0.87,-1,-1,-1
107,7,692.82,293.41,105.25,278.77,0.84,-1,-1,-1
107,8,766.17,293.90,110.90,278.29,0.83,-1,-1,-1
107,11,665.33,212.23,46.98,124.71,0.81,-1,-1,-1
107,12,593.78,211.47,63.98,156.50,0.68,-1,-1,-1
107,14,436.11,230.53,93.20,258.56,0.87,-1,-1,-1
107,15,618.33,227.60,50.44,125.46,0.25,-1,-1,-1
107,16,1155.18,302.73,117.64,326.66,0.81,-1,-1,-1
107,17,140.27,314.20,61.24,144.86,0.85,-1,-1,-1
107,20,301.25,239.45,73.91,157.32,0.87,-1,-1,-1
107,27,572.53,203.13,46.91,134.73,0.51,-1,-1,-1
107,4,567.97,308.27,116.65,274.28,0.84,-1,-1,-1
107,31,693.58,221.89,41.48,113.84,0.70,-1,-1,-1
107,32,785.64,224.27,45.69,112.28,0.38,-1,-1,-1
107,33,531.34,224.18,48.09,129.78,0.52,-1,-1,-1
108,1,530.48,257.89,94.63,225.87,0.67,-1,-1,-1
108,2,193.52,285.35,115.80,272.80,0.90,-1,-1,-1
108,3,941.62,251.31,255.95,606.09,0.88,-1,-1,-1
108,7,693.35,293.33,105.43,279.63,0.84,-1,-1,-1
108,8,768.11,294.09,110.72,279.22,0.83,-1,-1,-1
108,11,665.74,213.72,46.78,124.41,0.79,-1,-1,-1
108,12,593.58,210.81,65.02,158.01,0.63,-1,-1,-1
108,14,436.60,235.79,91.16,252.60,0.87,-1,-1,-1
108,15,618.69,227.38,51.91,127.48,0.23,-1,-1,-1
108,16,1156.88,306.05,115.86,321.74,0.81,-1,-1,-1
108,17,141.99,313.41,61.37,145.49,0.86,-1,-1,-1
108,20,301.24,239.73,74.14,157.63,0.87,-1,-1,-1
108,27,570.95,203.74,47.98,137.94,0.40,-1,-1,-1
108,4,569.34,314.04,114.32,268.39,0.83,-1,-1,-1
108,31,693.71,221.67,41.64,115.06,0.67,-1,-1,-1
108,32,784.64,225.04,47.21,116.20,0.49,-1,-1,-1
108,33,531.15,227.38,46.32,125.01,0.62,-1,-1,-1
109,1,531.25,258.63,93.36,223.41,0.70,-1,-1,-1
109,2,194.74,283.80,115.86,272.19,0.89,-1,-1,-1
109,3,940.71,251.96,257.04,609.17,0.88,-1,-1,-1
109,7,692.25,292.72,106.45,282.93,0.84,-1,-1,-1
109,8,768.62,295.21,110.17,279.39,0.82,-1,-1,-1
109,11,667.04,214.70,46.53,123.88,0.79,-1,-1,-1
109,12,594.36,212.03,65.42,157.76,0.64,-1,-1,-1
109,14,437.82,238.89,90.76,251.87,0.86,-1,-1,-1
109,15,618.57,242.58,48.68,118.51,0.11,-1,-1,-1
109,16,1156.48,306.81,116.12,322.73,0.78,-1,-1,-1
109,17,143.76,312.52,61.72,146.36,0.85,-1,-1,-1
109,20,301.37,240.45,74.03,157.04,0.87,-1,-1,-1
109,27,569.88,203.35,49.85,143.64,0.45,-1,-1,-1
109,4,567.11,306.46,117.49,276.64,0.83,-1,-1,-1
109,31,693.94,221.32,42.02,116.64,0.61,-1,-1,-1
109,32,785.96,227.06,45.15,111.11,0.55,-1,-1,-1
109,33,531.61,228.05,46.61,125.74,0.64,-1,-1,-1
109,34,456.41,228.29,76.00,233.22,0.63,-1,-1,-1
110,1,533.42,259.58,90.02,215.60,0.63,-1,-1,-1
110,2,197.42,282.55,116.03,272.68,0.89,-1,-1,-1
110,3,944.10,257.21,252.79,599.94,0.87,-1,-1,-1
110,7,689.62,294.66,106.25,281.81,0.84,-1,-1,-1
110,8,768.22,295.96,109.53,278.76,0.83,-1,-1,-1
110,11,667.09,214.72,46.85,124.68,0.83,-1,-1,-1
110,12,594.36,214.79,64.02,153.70,0.64,-1,-1,-1
110,14,439.59,244.62,88.58,246.27,0.88,-1,-1,-1
110,15,613.69,236.79,52.15,125.78,0.52,-1,-1,-1
110,16,1157.07,310.04,114.76,318.71,0.79,-1,-1,-1
110,17,145.55,312.95,61.30,145.66,0.85,-1,-1,-1
110,20,301.44,241.41,73.71,156.31,0.87,-1,-1,-1
110,27,569.16,204.05,50.66,146.14,0.44,-1,-1,-1
110,4,563.87,295.20,122.12,288.96,0.82,-1,-1,-1
110,31,694.07,222.05,42.01,117.05,0.61,-1,-1,-1
110,32,787.23,228.72,43.36,106.54,0.60,-1,-1,-1
110,33,531.38,230.26,45.82,123.50,0.49,-1,-1,-1
110,34,455.58,229.18,76.97,236.18,0.75,-1,-1,-1
110,5,513.28,324.27,68.08,167.56,0.62,-1,-1,-1
111,1,529.60,256.65,96.83,232.04,0.69,-1,-1,-1
111,2,200.52,281.91,114.86,270.72,0.88,-1,-1,-1
111,3,945.99,258.74,250.86,596.59,0.87,-1,-1,-1
111,7,688.17,297.02,105.90,279.18,0.84,-1,-1,-1
111,8,767.12,297.20,109.12,278.04,0.83,-1,-1,-1
111,11,666.68,214.82,47.33,125.90,0.84,-1,-1,-1
111,12,591.57,216.90,61.93,149.13,0.56,-1,-1,-1
111,14,441.07,247.79,86.84,242.26,0.88,-1,-1,-1
111,15,614.52,238.31,51.60,123.24,0.42,-1,-1,-1
111,16,1157.58,312.35,113.90,315.69,0.80,-1,-1,-1
111,17,147.26,313.26,60.77,144.96,0.85,-1,-1,-1
111,20,301.32,242.08,73.40,155.93,0.87,-1,-1,-1
111,27,569.71,206.21,49.16,141.94,0.28,-1,-1,-1
111,4,565.38,304.00,118.30,279.74,0.83,-1,-1,-1
111,31,694.42,222.02,42.28,118.35,0.65,-1,-1,-1
111,32,788.42,229.50,41.68,102.03,0.56,-1,-1,-1
111,33,531.71,233.12,43.98,118.28,0.27,-1,-1,-1
111,34,455.49,231.11,77.06,236.40,0.75,-1,-1,-1
111,5,512.58,331.16,66.59,162.57,0.33,-1,-1,-1
111,10,581.22,267.76,96.10,235.72,0.61,-1,-1,-1
112,1,531.25,254.92,99.70,237.94,0.71,-1,-1,-1
112,2,201.73,281.03,113.33,266.44,0.89,-1,-1,-1
112,3,945.00,257.41,250.69,596.91,0.87,-1,-1,-1
112,7,686.91,299.74,105.54,276.96,0.84,-1,-1,-1
112,8,766.34,298.29,109.08,277.46,0.84,-1,-1,-1
112,11,666.52,214.81,47.84,127.15,0.85,-1,-1,-1
112,12,591.12,218.06,60.89,146.90,0.63,-1,-1,-1
112,14,442.75,248.18,86.32,240.94,0.88,-1,-1,-1
112,15,615.75,237.99,50.86,120.16,0.47,-1,-1,-1
112,16,1158.76,313.24,113.38,313.54,0.80,-1,-1,-1
112,17,148.78,313.74,60.44,144.86,0.85,-1,-1,-1
112,20,301.09,242.60,73.32,155.99,0.88,-1,-1,-1
112,27,570.96,207.54,48.16,139.15,0.38,-1,-1,-1
112,4,561.87,304.48,119.91,282.70,0.80,-1,-1,-1
112,31,695.24,222.64,42.28,118.55,0.61,-1,-1,-1
112,32,787.33,227.51,45.17,110.58,0.47,-1,-1,-1
112,33,532.16,235.16,42.66,114.36,0.24,-1,-1,-1
112,34,457.01,230.98,78.14,239.60,0.72,-1,-1,-1
112,5,513.96,335.38,64.24,156.06,0.42,-1,-1,-1
112,10,590.89,268.43,82.40,200.44,0.67,-1,-1,-1
113,1,533.29,255.12,99.84,237.75,0.71,-1,-1,-1
113,2,203.07,280.60,112.32,263.14,0.88,-1,-1,-1
113,3,944.67,257.08,250.51,596.60,0.87,-1,-1,-1
113,7,686.91,302.81,104.98,274.05,0.84,-1,-1,-1
113,8,767.75,299.01,108.73,276.76,0.84,-1,-1,-1
113,11,665.76,215.27,48.11,127.54,0.84,-1,-1,-1
113,12,591.30,218.98,60.16,145.61,0.62,-1,-1,-1
113,14,443.71,246.45,86.92,242.83,0.88,-1,-1,-1
113,15,615.27,235.93,51.68,120.92,0.36,-1,-1,-1
113,16,1159.48,313.04,113.71,314.66,0.79,-1,-1,-1
113,17,150.22,313.60,60.56,145.98,0.85,-1,-1,-1
113,20,301.09,243.39,73.04,155.67,0.88,-1,-1,-1
113,27,573.63,209.14,46.59,134.79,0.49,-1,-1,-1
113,4,558.11,304.41,120.39,284.27,0.79,-1,-1,-1
113,31,695.21,223.47,42.24,118.65,0.69,-1,-1,-1
113,32,787.41,228.18,44.22,107.88,0.47,-1,-1,-1
113,33,531.60,232.63,44.72,119.61,0.55,-1,-1,-1
113,34,458.30,231.40,78.74,241.34,0.73,-1,-1,-1
113,5,514.72,336.49,63.67,154.01,0.63,-1,-1,-1
113,10,595.47,268.83,76.31,185.32,0.69,-1,-1,-1
114,1,531.23,254.75,100.38,238.80,0.76,-1,-1,-1
114,2,204.06,279.53,112.20,262.40,0.88,-1,-1,-1
114,3,944.45,256.64,250.84,597.55,0.87,-1,-1,-1
114,7,686.71,304.64,105.35,273.44,0.84,-1,-1,-1
114,8,768.41,299.77,108.44,276.41,0.84,-1,-1,-1
114,11,665.36,215.59,48.19,127.37,0.84,-1,-1,-1
114,12,590.56,218.71,60.62,147.24,0.59,-1,-1,-1
114,14,445.24,244.98,87.63,244.39,0.87,-1,-1,-1
114,15,617.96,236.52,48.69,114.77,0.36,-1,-1,-1
114,16,1160.14,315.11,113.02,313.19,0.79,-1,-1,-1
114,17,151.66,313.55,60.62,146.77,0.85,-1,-1,-1
114,20,300.84,243.95,72.80,155.55,0.87,-1,-1,-1
114,27,574.46,210.70,45.73,132.55,0.44,-1,-1,-1
114,4,560.80,312.37,115.13,273.90,0.78,-1,-1,-1
114,31,695.66,224.43,42.15,118.62,0.70,-1,-1,-1
114,32,786.84,228.38,44.55,108.56,0.41,-1,-1,-1
114,33,531.43,236.62,41.12,109.74,0.36,-1,-1,-1
114,34,464.14,233.17,75.82,232.67,0.45,-1,-1,-1
114,5,515.15,327.48,67.56,163.39,0.40,-1,-1,-1
114,10,594.56,268.52,78.60,192.48,0.67,-1,-1,-1
115,1,531.04,254.02,101.73,240.96,0.77,-1,-1,-1
115,2,204.95,280.59,111.81,261.54,0.88,-1,-1,-1
115,3,944.13,257.09,250.58,597.18,0.88,-1,-1,-1
115,7,686.96,302.12,107.22,277.48,0.84,-1,-1,-1
115,8,768.77,300.62,108.28,276.23,0.82,-1,-1,-1
115,11,665.16,216.16,48.42,127.62,0.84,-1,-1,-1
115,12,590.46,219.23,60.05,146.13,0.58,-1,-1,-1
115,14,446.99,246.40,87.63,243.80,0.87,-1,-1,-1
115,15,618.36,235.99,47.81,113.66,0.32,-1,-1,-1
115,16,1158.50,317.25,112.37,311.73,0.78,-1,-1,-1
115,17,153.14,313.62,60.45,146.98,0.85,-1,-1,-1
115,20,300.83,244.49,72.40,155.30,0.86,-1,-1,-1
115,27,574.49,211.79,45.43,131.77,0.41,-1,-1,-1
115,4,563.43,317.86,111.54,267.00,0.80,-1,-1,-1
115,31,695.69,224.76,42.34,119.44,0.74,-1,-1,-1
115,32,784.69,228.56,47.54,116.36,0.40,-1,-1,-1
115,33,531.43,238.52,39.18,104.25,0.44,-1,-1,-1
115,34,468.35,235.97,73.62,225.64,0.55,-1,-1,-1
115,5,517.38,324.48,68.27,165.90,0.37,-1,-1,-1
115,10,592.81,271.99,83.38,207.07,0.68,-1,-1,-1
115,35,1214.72,309.40,100.77,305.09,0.68,-1,-1,-1
116,1,531.24,256.22,100.27,237.78,0.77,-1,-1,-1
116,2,205.61,281.64,111.24,260.49,0.89,-1,-1,-1
116,3,943.60,257.89,250.58,597.84,0.87,-1,-1,-1
116,7,687.05,301.39,107.90,278.24,0.83,-1,-1,-1
116,8,768.28,300.83,108.54,276.49,0.82,-1,-1,-1
116,11,665.15,216.56,48.62,127.87,0.85,-1,-1,-1
116,12,590.78,220.20,58.85,143.28,0.61,-1,-1,-1
116,14,447.04,245.73,87.84,244.14,0.87,-1,-1,-1
116,15,617.31,235.03,48.33,116.28,0.31,-1,-1,-1
116,16,1157.77,316.61,112.38,313.15,0.79,-1,-1,-1
116,17,154.46,315.19,59.56,145.43,0.84,-1,-1,-1
116,20,300.35,245.07,72.16,154.90,0.86,-1,-1,-1
116,27,575.14,212.73,44.22,128.49,0.50,-1,-1,-1
116,4,568.02,323.19,108.11,258.72,0.81,-1,-1,-1
116,31,695.83,224.47,42.57,120.47,0.72,-1,-1,-1
116,32,784.40,229.66,47.33,116.44,0.48,-1,-1,-1
116,33,530.47,239.14,39.70,105.65,0.51,-1,-1,-1
116,34,471.71,237.96,72.72,222.54,0.65,-1,-1,-1
116,5,518.92,325.67,67.14,164.17,0.54,-1,-1,-1
116,10,598.51,273.73,76.37,189.27,0.75,-1,-1,-1
116,35,1211.96,304.48,102.83,311.54,0.69,-1,-1,-1
116,36,1225.41,306.54,128.83,323.98,0.63,-1,-1,-1
117,1,531.38,257.46,100.05,236.49,0.78,-1,-1,-1
117,2,205.49,282.13,111.16,259.51,0.87,-1,-1,-1
117,3,943.41,259.97,249.80,596.43,0.88,-1,-1,-1
117,7,686.84,301.94,108.15,277.55,0.84,-1,-1,-1
117,8,769.11,300.24,108.96,277.50,0.83,-1,-1,-1
117,11,664.59,217.53,48.38,127.30,0.84,-1,-1,-1
117,12,590.28,221.01,58.97,143.94,0.61,-1,-1,-1
117,14,447.17,242.72,88.16,245.25,0.86,-1,-1,-1
117,15,616.25,235.43,49.19,119.92,0.28,-1,-1,-1
117,16,1158.60,317.90,111.30,311.35,0.80,-1,-1,-1
117,17,156.00,315.95,58.75,143.92,0.84,-1,-1,-1
117,20,299.55,245.64,72.00,154.75,0.86,-1,-1,-1
117,27,574.36,212.22,45.24,131.39,0.49,-1,-1,-1
117,4,562.48,329.12,105.83,254.52,0.79,-1,-1,-1
117,31,695.62,223.92,43.17,122.48,0.75,-1,-1,-1
117,32,782.76,229.67,48.94,120.79,0.31,-1,-1,-1
117,33,529.14,239.11,41.57,111.01,0.50,-1,-1,-1
117,34,473.09,239.44,73.32,224.54,0.65,-1,-1,-1
117,5,521.28,328.09,66.21,162.48,0.60,-1,-1,-1
117,10,600.61,274.45,74.54,184.67,0.72,-1,-1,-1
117,35,1215.74,307.95,101.32,307.11,0.68,-1,-1,-1
117,36,1230.62,310.30,127.63,320.80,0.56,-1,-1,-1
117,37,582.65,330.19,82.38,246.92,0.72,-1,-1,-1
118,1,534.01,258.24,100.28,236.53,0.75,-1,-1,-1
118,2,206.35,282.00,110.42,257.22,0.87,-1,-1,-1
118,3,944.00,262.01,248.11,592.25,0.87,-1,-1,-1
118,7,687.53,301.49,108.35,276.27,0.83,-1,-1,-1
118,8,770.75,300.69,108.64,276.67,0.81,-1,-1,-1
118,11,664.64,218.86,47.95,126.33,0.84,-1,-1,-1
118,12,587.77,220.09,58.30,143.11,0.56,-1,-1,-1
118,14,448.55,239.90,88.97,246.84,0.86,-1,-1,-1
118,15,616.32,237.17,47.93,118.28,0.30,-1,-1,-1
118,16,1159.42,319.12,110.47,309.75,0.80,-1,-1,-1
118,17,157.37,316.49,58.11,143.13,0.83,-1,-1,-1
118,20,299.66,246.57,71.62,153.64,0.86,-1,-1,-1
118,27,574.96,213.70,43.94,127.18,0.26,-1,-1,-1
118,4,554.79,332.84,103.32,253.08,0.52,-1,-1,-1
118,31,695.35,225.19,42.83,121.83,0.75,-1,-1,-1
118,32,782.33,230.35,48.82,120.66,0.20,-1,-1,-1
118,33,529.20,240.68,41.83,111.91,0.42,-1,-1,-1
118,34,478.33,242.47,68.70,209.08,0.33,-1,-1,-1
118,5,523.13,329.33,65.65,161.84,0.64,-1,-1,-1
118,10,599.18,276.09,77.18,192.24,0.68,-1,-1,-1
118,35,1218.17,311.46,100.20,303.82,0.67,-1,-1,-1
118,36,1237.47,310.96,128.80,323.18,0.58,-1,-1,-1
118,37,583.90,327.33,84.11,250.77,0.78,-1,-1,-1
119,1,538.10,258.35,101.92,238.91,0.72,-1,-1,-1
119,2,207.08,282.23,110.20,256.41,0.87,-1,-1,-1
119,3,944.15,263.11,247.33,590.38,0.88,-1,-1,-1
119,7,687.28,301.39,109.07,276.34,0.82,-1,-1,-1
119,8,770.89,300.97,108.79,276.30,0.80,-1,-1,-1
119,11,664.43,220.15,47.50,125.19,0.84,-1,-1,-1
119,12,583.92,218.55,58.49,144.07,0.50,-1,-1,-1
119,14,450.64,241.09,88.20,243.29,0.86,-1,-1,-1
119,15,616.57,238.47,46.72,116.43,0.34,-1,-1,-1
119,16,1160.38,319.50,110.41,310.49,0.80,-1,-1,-1
119,17,159.95,316.39,57.02,141.63,0.85,-1,-1,-1
119,20,299.35,247.41,71.46,153.10,0.85,-1,-1,-1
119,27,578.00,214.94,39.82,114.08,0.11,-1,-1,-1
119,4,553.90,330.08,104.82,256.60,0.76,-1,-1,-1
119,31,695.27,226.73,42.23,120.08,0.76,-1,-1,-1
119,32,782.11,231.22,48.44,119.81,0.27,-1,-1,-1
119,33,529.17,240.56,42.96,114.89,0.56,-1,-1,-1
119,34,484.73,240.50,61.93,187.24,0.26,-1,-1,-1
119,5,524.31,331.78,64.95,160.64,0.65,-1,-1,-1
119,10,598.64,275.83,77.49,193.40,0.71,-1,-1,-1
119,35,1221.62,314.20,100.11,303.33,0.61,-1,-1,-1
119,36,1241.25,311.82,130.57,327.09,0.55,-1,-1,-1
119,37,586.41,325.91,85.24,252.64,0.75,-1,-1,-1
120,1,539.78,260.09,99.69,232.53,0.74,-1,-1,-1
120,2,208.74,284.33,110.26,256.31,0.87,-1,-1,-1
120,3,944.79,263.95,246.61,588.55,0.88,-1,-1,-1
120,7,687.09,300.16,110.00,277.66,0.82,-1,-1,-1
120,8,772.57,301.81,107.46,272.62,0.81,-1,-1,-1
120,11,664.24,220.45,47.32,124.75,0.82,-1,-1,-1
120,12,586.79,222.13,55.10,136.41,0.55,-1,-1,-1
120,14,451.91,241.30,88.47,242.10,0.86,-1,-1,-1
120,15,617.36,238.18,44.41,111.99,0.42,-1,-1,-1
120,16,1158.93,319.32,111.55,313.73,0.80,-1,-1,-1
120,17,162.39,315.06,56.93,142.31,0.85,-1,-1,-1
120,20,298.64,247.40,71.92,154.88,0.85,-1,-1,-1
120,27,579.29,217.96,36.16,102.41,0.16,-1,-1,-1
120,4,554.40,331.79,104.42,255.63,0.78,-1,-1,-1
120,31,694.78,231.86,40.45,114.60,0.73,-1,-1,-1
120,32,784.25,233.91,43.45,106.82,0.25,-1,-1,-1
120,33,527.55,240.89,44.29,118.28,0.60,-1,-1,-1
120,34,481.65,238.80,65.38,196.10,0.34,-1,-1,-1
120,5,523.45,319.72,68.59,170.92,0.33,-1,-1,-1
120,10,601.06,276.45,77.05,193.72,0.72,-1,-1,-1
120,35,1222.07,305.22,99.51,301.37,0.26,-1,-1,-1
120,36,1248.14,315.77,131.34,327.73,0.33,-1,-1,-1
120,37,599.44,338.87,77.80,228.79,0.41,-1,-1,-1
121,1,545.14,262.48,95.86,225.97,0.69,-1,-1,-1
121,2,208.10,284.61,110.62,256.26,0.87,-1,-1,-1
121,3,945.20,265.24,246.15,587.29,0.88,-1,-1,-1
121,7,686.50,300.42,110.65,277.82,0.83,-1,-1,-1
121,8,770.84,301.83,108.61,275.56,0.82,-1,-1,-1
121,11,665.08,221.71,46.82,123.08,0.80,-1,-1,-1
121,12,588.72,223.64,53.00,131.85,0.54,-1,-1,-1
121,14,452.60,239.56,89.29,243.13,0.86,-1,-1,-1
121,15,617.45,237.71,43.44,110.54,0.41,-1,-1,-1
121,16,1158.23,320.29,111.38,313.75,0.80,-1,-1,-1
121,17,164.94,316.11,55.90,140.56,0.86,-1,-1,-1
121,20,299.09,249.55,71.15,153.86,0.85,-1,-1,-1
121,27,579.00,219.97,33.02,92.41,0.14,-1,-1,-1
121,4,553.44,332.67,104.55,256.51,0.76,-1,-1,-1
121,31,693.61,231.96,39.98,112.87,0.71,-1,-1,-1
121,32,783.15,234.22,44.16,108.32,0.19,-1,-1,-1
121,33,527.47,240.06,44.68,119.42,0.59,-1,-1,-1
121,34,480.59,236.26,66.48,197.68,0.31,-1,-1,-1
121,5,522.84,318.57,68.60,172.23,0.37,-1,-1,-1
121,10,603.57,277.29,75.68,190.72,0.67,-1,-1,-1
121,35,1205.29,315.85,97.24,296.84,0.51,-1,-1,-1
121,36,1251.80,316.79,132.50,329.62,0.15,-1,-1,-1
121,37,600.51,332.08,79.97,233.33,0.56,-1,-1,-1
122,1,547.18,263.49,94.13,223.49,0.68,-1,-1,-1
122,2,208.77,285.80,110.87,257.54,0.87,-1,-1,-1
122,3,944.75,265.54,246.76,588.29,0.87,-1,-1,-1
122,7,686.28,300.84,111.52,278.35,0.83,-1,-1,-1
122,8,770.99,301.92,108.74,276.13,0.81,-1,-1,-1
122,11,665.32,223.02,45.90,120.15,0.77,-1,-1,-1
122,12,589.31,223.84,53.16,132.80,0.52,-1,-1,-1
122,14,453.69,238.60,89.98,243.31,0.86,-1,-1,-1
122,15,617.52,237.45,43.13,110.57,0.35,-1,-1,-1
122,16,1158.14,320.60,111.19,313.52,0.79,-1,-1,-1
122,17,167.60,316.12,55.49,139.83,0.85,-1,-1,-1
122,20,299.18,248.64,71.25,154.89,0.85,-1,-1,-1
122,27,578.25,220.32,33.30,92.43,0.12,-1,-1,-1
122,4,553.11,331.86,105.60,258.34,0.72,-1,-1,-1
122,31,691.80,232.03,39.47,111.24,0.69,-1,-1,-1
122,32,782.96,234.48,43.55,106.22,0.10,-1,-1,-1
122,33,526.70,239.73,45.10,120.56,0.59,-1,-1,-1
122,34,477.79,233.02,71.49,210.86,0.44,-1,-1,-1
122,5,525.85,328.95,64.69,161.94,0.12,-1,-1,-1
122,10,603.68,277.17,76.93,193.96,0.66,-1,-1,-1
122,35,1198.39,322.64,96.28,294.93,0.47,-1,-1,-1
122,36,1246.31,322.26,125.89,314.56,0.16,-1,-1,-1
122,37,600.13,330.08,80.90,233.84,0.49,-1,-1,-1
123,1,551.15,264.02,90.81,216.98,0.70,-1,-1,-1
123,2,208.61,286.12,110.55,258.04,0.88,-1,-1,-1
123,3,943.91,265.45,247.95,591.01,0.87,-1,-1,-1
123,7,685.33,301.44,112.28,278.49,0.84,-1,-1,-1
123,8,771.43,302.31,107.66,272.88,0.82,-1,-1,-1
123,11,664.18,223.76,45.74,119.33,0.76,-1,-1,-1
123,12,589.51,225.45,51.58,129.41,0.50,-1,-1,-1
123,14,454.27,235.39,92.31,248.62,0.86,-1,-1,-1
123,15,618.49,237.12,40.99,105.56,0.36,-1,-1,-1
123,16,1157.15,321.26,110.23,311.60,0.79,-1,-1,-1
123,17,169.44,315.55,55.78,140.69,0.85,-1,-1,-1
123,20,299.32,248.50,71.02,155.02,0.85,-1,-1,-1
123,27,576.09,219.57,35.97,100.39,0.34,-1,-1,-1
123,4,549.64,331.83,102.86,256.57,0.75,-1,-1,-1
123,31,690.63,232.99,39.02,109.60,0.69,-1,-1,-1
123,33,528.39,238.55,45.31,121.58,0.50,-1,-1,-1
123,34,475.33,231.44,72.13,210.74,0.28,-1,-1,-1
123,5,526.10,332.02,64.00,159.92,0.54,-1,-1,-1
123,10,604.08,277.36,76.83,193.56,0.69,-1,-1,-1
123,35,1207.33,324.49,96.38,294.25,0.57,-1,-1,-1
123,36,1241.50,320.56,126.39,314.51,0.13,-1,-1,-1
123,37,598.91,330.50,81.25,233.24,0.51,-1,-1,-1
124,1,555.85,263.75,88.26,213.11,0.70,-1,-1,-1
124,2,210.14,285.54,110.28,258.25,0.88,-1,-1,-1
124,3,943.58,265.91,248.42,591.75,0.87,-1,-1,-1
124,7,684.50,302.54,112.76,278.11,0.84,-1,-1,-1
124,8,770.28,303.15,108.73,275.11,0.82,-1,-1,-1
124,11,663.38,224.41,45.56,118.63,0.74,-1,-1,-1
124,12,590.15,226.31,49.76,125.80,0.49,-1,-1,-1
124,14,455.55,237.27,92.09,246.55,0.86,-1,-1,-1
124,15,619.71,237.59,38.67,99.97,0.32,-1,-1,-1
124,16,1155.96,321.11,109.79,310.80,0.79,-1,-1,-1
124,17,170.83,313.57,57.00,143.74,0.85,-1,-1,-1
124,20,299.30,248.38,70.79,155.13,0.85,-1,-1,-1
124,27,575.93,220.25,35.78,100.04,0.42,-1,-1,-1
124,4,547.35,333.83,100.12,253.33,0.72,-1,-1,-1
124,31,688.85,234.04,39.34,110.21,0.70,-1,-1,-1
124,33,538.44,236.54,44.20,119.17,0.52,-1,-1,-1
124,34,475.90,230.86,70.99,205.00,0.58,-1,-1,-1
124,5,527.73,333.56,63.61,158.56,0.51,-1,-1,-1
124,10,602.35,277.26,78.59,198.14,0.68,-1,-1,-1
124,35,1203.79,327.28,97.57,298.94,0.56,-1,-1,-1
124,36,1220.13,322.22,120.35,302.21,0.60,-1,-1,-1
124,37,594.06,331.11,83.77,238.93,0.52,-1,-1,-1
125,1,561.67,259.41,87.14,212.95,0.65,-1,-1,-1
125,2,212.81,285.12,108.80,256.41,0.87,-1,-1,-1
125,3,942.66,263.66,249.68,596.45,0.87,-1,-1,-1
125,7,683.37,303.16,113.02,276.84,0.84,-1,-1,-1
125,8,769.74,303.74,109.14,275.69,0.82,-1,-1,-1
125,11,663.13,224.33,45.55,118.32,0.75,-1,-1,-1
125,12,589.22,227.81,47.89,121.67,0.45,-1,-1,-1
125,14,456.90,239.49,91.29,244.04,0.86,-1,-1,-1
125,15,622.24,241.71,31.77,82.21,0.50,-1,-1,-1
125,16,1154.81,321.44,108.69,307.83,0.79,-1,-1,-1
125,17,172.16,311.92,58.00,146.27,0.86,-1,-1,-1
125,20,299.15,248.39,70.63,155.15,0.85,-1,-1,-1
125,27,572.82,218.76,40.94,115.00,0.55,-1,-1,-1
125,4,546.00,334.90,98.69,252.77,0.76,-1,-1,-1
125,31,688.21,235.94,38.71,108.00,0.70,-1,-1,-1
125,33,541.25,235.21,44.18,119.71,0.53,-1,-1,-1
125,34,476.41,231.24,69.29,197.78,0.62,-1,-1,-1
125,5,531.67,335.46,62.61,155.86,0.56,-1,-1,-1
125,10,601.45,276.87,78.32,197.21,0.69,-1,-1,-1
125,35,1204.00,327.59,95.93,294.68,0.58,-1,-1,-1
125,36,1216.14,321.98,117.07,296.41,0.57,-1,-1,-1
125,37,597.20,328.57,83.06,235.98,0.50,-1,-1,-1
126,1,568.27,258.06,83.54,206.77,0.68,-1,-1,-1
126,2,214.49,284.24,107.27,254.73,0.88,-1,-1,-1
126,3,943.53,264.00,248.31,594.00,0.87,-1,-1,-1
126,7,683.21,305.56,112.63,273.95,0.85,-1,-1,-1
126,8,769.54,304.24,109.33,276.02,0.82,-1,-1,-1
126,11,662.97,223.45,45.96,119.31,0.75,-1,-1,-1
126,12,587.60,228.08,49.39,125.86,0.35,-1,-1,-1
126,14,458.75,237.74,91.90,245.82,0.84,-1,-1,-1
126,15,623.03,243.18,29.40,76.12,0.35,-1,-1,-1
126,16,1152.44,321.96,107.00,302.11,0.79,-1,-1,-1
126,17,175.58,313.05,57.33,144.90,0.87,-1,-1,-1
126,20,299.32,248.26,70.62,155.46,0.86,-1,-1,-1
126,27,572.45,218.27,45.21,127.35,0.55,-1,-1,-1
126,4,542.98,334.49,98.33,252.65,0.77,-1,-1,-1
126,31,686.32,237.57,38.38,106.16,0.68,-1,-1,-1
126,33,543.45,234.47,42.55,115.75,0.51,-1,-1,-1
126,34,476.92,232.41,64.93,181.76,0.48,-1,-1,-1
126,5,533.43,338.29,62.76,155.65,0.68,-1,-1,-1
126,10,601.01,278.03,78.99,199.81,0.72,-1,-1,-1
126,35,1212.39,326.90,96.85,295.57,0.61,-1,-1,-1
126,36,1221.19,323.82,119.62,302.83,0.54,-1,-1,-1
126,37,591.70,294.75,90.99,259.22,0.56,-1,-1,-1
126,30,98.19,255.62,58.73,154.13,0.50,-1,-1,-1
127,1,572.82,257.69,80.23,201.42,0.66,-1,-1,-1
127,2,216.38,283.99,105.05,250.96,0.86,-1,-1,-1
127,3,944.30,265.58,246.65,590.79,0.87,-1,-1,-1
127,7,683.14,306.05,112.72,272.92,0.84,-1,-1,-1
127,8,769.45,304.45,109.59,276.23,0.82,-1,-1,-1
127,11,663.26,222.92,46.52,120.48,0.77,-1,-1,-1
127,12,589.88,230.46,47.86,122.63,0.23,-1,-1,-1
127,14,461.01,234.35,92.24,246.91,0.84,-1,-1,-1
127,15,623.10,244.13,30.03,78.42,0.30,-1,-1,-1
127,16,1151.19,324.26,105.52,296.99,0.79,-1,-1,-1
127,17,178.35,313.74,56.46,143.03,0.87,-1,-1,-1
127,20,299.58,248.51,70.35,155.10,0.86,-1,-1,-1
127,27,570.65,217.72,46.28,131.05,0.49,-1,-1,-1
127,4,542.17,338.28,97.66,249.83,0.79,-1,-1,-1
127,31,682.68,233.79,39.90,110.15,0.69,-1,-1,-1
127,33,544.34,234.18,41.36,112.86,0.28,-1,-1,-1
127,34,479.43,231.97,69.36,192.00,0.49,-1,-1,-1
127,5,535.28,340.42,62.27,153.85,0.67,-1,-1,-1
127,10,600.47,278.21,79.16,201.13,0.75,-1,-1,-1
127,35,1216.01,322.38,97.88,297.26,0.63,-1,-1,-1
127,36,1231.49,324.79,114.52,292.91,0.35,-1,-1,-1
127,37,592.48,306.30,88.72,252.62,0.51,-1,-1,-1
127,30,98.80,255.94,58.57,155.80,0.46,-1,-1,-1
128,1,575.80,257.83,76.72,194.57,0.54,-1,-1,-1
128,2,217.86,283.57,102.73,247.37,0.87,-1,-1,-1
128,3,943.84,265.81,246.81,592.30,0.87,-1,-1,-1
128,7,683.14,306.41,113.18,273.04,0.84,-1,-1,-1
128,8,769.81,304.41,109.72,276.65,0.82,-1,-1,-1
128,11,663.27,222.50,46.94,121.41,0.75,-1,-1,-1
128,12,583.13,222.10,55.73,143.25,0.50,-1,-1,-1
128,14,462.82,232.83,92.39,247.98,0.83,-1,-1,-1
128,15,623.70,244.53,28.08,73.33,0.21,-1,-1,-1
128,16,1150.34,323.04,106.61,299.62,0.79,-1,-1,-1
128,17,180.83,314.96,55.53,141.28,0.84,-1,-1,-1
128,20,299.71,249.07,70.09,154.62,0.86,-1,-1,-1
128,27,570.01,216.87,47.94,136.56,0.49,-1,-1,-1
128,4,544.54,339.23,97.07,249.34,0.80,-1,-1,-1
128,31,681.12,231.66,41.05,113.27,0.70,-1,-1,-1
128,33,544.60,234.13,40.28,110.32,0.27,-1,-1,-1
128,34,481.25,230.00,72.99,200.61,0.61,-1,-1,-1
128,5,535.19,338.10,61.70,152.38,0.48,-1,-1,-1
128,10,599.58,279.74,78.19,198.49,0.74,-1,-1,-1
128,35,1216.79,322.36,97.74,296.08,0.67,-1,-1,-1
128,36,1235.40,324.24,111.95,290.06,0.36,-1,-1,-1
128,37,593.10,318.61,85.35,242.33,0.61,-1,-1,-1
128,30,98.84,256.02,58.91,158.25,0.46,-1,-1,-1
129,2,220.65,282.83,100.60,243.86,0.86,-1,-1,-1
129,3,943.29,265.49,247.41,595.13,0.87,-1,-1,-1
129,7,682.79,306.32,113.70,273.46,0.84,-1,-1,-1
129,8,769.86,304.18,109.84,277.13,0.82,-1,-1,-1
129,11,663.76,223.09,46.19,119.62,0.75,-1,-1,-1
129,12,583.54,220.53,57.44,146.83,0.67,-1,-1,-1
129,14,464.90,235.36,90.83,244.08,0.83,-1,-1,-1
129,15,622.06,244.31,29.61,77.58,0.14,-1,-1,-1
129,16,1151.29,317.85,109.66,310.10,0.78,-1,-1,-1
129,17,182.72,313.35,56.14,142.85,0.84,-1,-1,-1
129,20,299.80,249.37,69.95,154.42,0.86,-1,-1,-1
129,27,572.33,217.67,48.40,137.88,0.56,-1,-1,-1
129,4,550.04,337.25,99.38,253.81,0.82,-1,-1,-1
129,31,681.18,232.53,40.79,112.36,0.70,-1,-1,-1
129,33,545.47,233.56,38.44,105.49,0.25,-1,-1,-1
129,34,484.52,229.51,74.46,203.25,0.68,-1,-1,-1
129,5,535.16,336.31,61.85,153.13,0.42,-1,-1,-1
129,10,597.15,279.60,80.29,203.03,0.74,-1,-1,-1
129,35,1217.20,323.86,97.70,294.94,0.65,-1,-1,-1
129,36,1242.90,325.78,111.57,290.42,0.25,-1,-1,-1
129,37,593.70,320.54,84.85,240.47,0.53,-1,-1,-1
129,30,100.69,256.85,55.25,148.98,0.38,-1,-1,-1
130,2,222.62,282.87,98.56,240.44,0.86,-1,-1,-1
130,3,943.77,266.23,246.46,593.49,0.87,-1,-1,-1
130,7,682.65,306.04,114.56,274.58,0.84,-1,-1,-1
130,8,771.85,303.90,107.73,272.06,0.82,-1,-1,-1
130,11,664.48,223.31,46.15,119.51,0.75,-1,-1,-1
130,12,583.54,219.16,58.45,148.37,0.67,-1,-1,-1
130,14,467.30,240.51,89.00,238.52,0.82,-1,-1,-1
130,16,1150.12,319.28,109.12,308.21,0.80,-1,-1,-1
130,17,184.84,312.40,55.88,141.91,0.83,-1,-1,-1
130,20,300.00,249.40,69.88,154.51,0.86,-1,-1,-1
130,27,571.65,216.72,48.55,138.71,0.53,-1,-1,-1
130,4,551.74,334.51,102.03,258.04,0.82,-1,-1,-1
130,31,682.02,230.85,41.63,114.17,0.59,-1,-1,-1
130,33,546.05,234.67,37.34,102.65,0.22,-1,-1,-1
130,34,488.52,230.12,76.55,208.55,0.67,-1,-1,-1
130,5,538.92,343.69,58.02,144.62,0.21,-1,-1,-1
130,10,593.55,278.59,83.57,210.36,0.73,-1,-1,-1
130,35,1215.62,324.84,97.51,293.19,0.69,-1,-1,-1
130,36,1246.99,326.19,111.29,290.11,0.26,-1,-1,-1
130,37,593.41,318.97,85.67,242.69,0.34,-1,-1,-1
130,30,100.14,256.44,57.76,156.87,0.43,-1,-1,-1
131,2,223.61,282.07,97.14,238.76,0.86,-1,-1,-1
131,3,944.44,265.91,245.44,591.47,0.87,-1,-1,-1
131,7,682.95,307.62,114.57,273.79,0.85,-1,-1,-1
131,8,772.97,303.41,107.10,271.10,0.83,-1,-1,-1
131,11,664.62,223.58,46.55,120.78,0.75,-1,-1,-1
131,12,583.85,217.69,59.57,150.47,0.63,-1,-1,-1
131,14,468.99,247.34,86.16,230.43,0.84,-1,-1,-1
131,16,1149.09,316.97,111.20,314.72,0.78,-1,-1,-1
131,17,186.01,312.80,55.48,139.80,0.82,-1,-1,-1
131,20,299.94,249.71,69.78,154.47,0.86,-1,-1,-1
131,27,570.95,215.86,48.82,140.02,0.53,-1,-1,-1
131,4,551.79,332.40,104.24,260.98,0.83,-1,-1,-1
131,31,683.06,231.51,41.82,114.08,0.59,-1,-1,-1
131,33,546.05,234.58,37.67,103.92,0.25,-1,-1,-1
131,34,491.05,230.63,77.27,210.86,0.69,-1,-1,-1
131,10,592.31,278.55,83.45,208.98,0.74,-1,-1,-1
131,35,1214.98,321.88,98.57,295.56,0.63,-1,-1,-1
131,36,1249.25,325.04,110.98,290.45,0.21,-1,-1,-1
131,37,594.01,323.78,84.52,238.82,0.51,-1,-1,-1
131,30,100.66,256.76,57.14,155.75,0.47,-1,-1,-1
132,2,224.53,280.08,97.64,242.10,0.85,-1,-1,-1
132,3,944.95,265.97,243.30,587.10,0.87,-1,-1,-1
132,7,682.54,308.38,114.63,273.00,0.84,-1,-1,-1
132,8,773.47,302.62,106.93,271.40,0.83,-1,-1,-1
132,11,664.83,224.63,46.39,120.62,0.77,-1,-1,-1
132,12,584.92,220.09,59.92,151.47,0.62,-1,-1,-1
132,14,468.73,252.10,84.96,227.75,0.86,-1,-1,-1
132,16,1147.11,316.43,112.75,318.57,0.78,-1,-1,-1
132,17,189.15,315.60,54.74,135.37,0.82,-1,-1,-1
132,20,299.98,249.93,69.70,154.43,0.86,-1,-1,-1
132,27,570.82,215.77,48.32,139.32,0.55,-1,-1,-1
132,4,551.75,329.90,106.88,264.75,0.83,-1,-1,-1
132,31,684.10,232.75,41.58,112.94,0.52,-1,-1,-1
132,33,545.94,234.14,38.12,105.65,0.28,-1,-1,-1
132,34,495.39,233.59,74.10,202.46,0.74,-1,-1,-1
132,10,588.53,278.51,88.32,222.62,0.74,-1,-1,-1
132,35,1212.99,322.00,96.51,289.90,0.65,-1,-1,-1
132,36,1255.80,320.18,114.87,300.76,0.14,-1,-1,-1
132,37,592.78,323.66,85.44,240.33,0.48,-1,-1,-1
132,30,100.39,257.00,57.65,158.12,0.51,-1,-1,-1
133,2,227.28,280.31,96.36,239.43,0.85,-1,-1,-1
133,3,944.14,265.69,244.07,590.28,0.87,-1,-1,-1
133,7,683.11,308.85,115.64,274.45,0.84,-1,-1,-1
133,8,773.93,302.16,106.67,271.28,0.82,-1,-1,-1
133,11,665.01,225.07,46.31,120.79,0.77,-1,-1,-1
133,12,586.29,221.21,59.86,151.17,0.63,-1,-1,-1
133,14,469.91,254.33,83.94,225.71,0.85,-1,-1,-1
133,16,1145.47,318.08,111.20,313.12,0.80,-1,-1,-1
133,17,190.86,314.86,56.38,135.89,0.83,-1,-1,-1
133,20,300.43,251.07,69.22,153.43,0.86,-1,-1,-1
133,27,570.60,215.46,47.95,138.63,0.54,-1,-1,-1
133,4,551.89,330.43,108.17,264.39,0.84,-1,-1,-1
133,31,691.79,229.75,43.69,117.13,0.51,-1,-1,-1
133,33,545.35,234.17,38.98,108.34,0.25,-1,-1,-1
133,34,502.11,240.54,69.67,190.96,0.69,-1,-1,-1
133,10,588.87,274.71,86.27,217.51,0.71,-1,-1,-1
133,35,1214.68,323.60,96.07,289.04,0.66,-1,-1,-1
133,36,1257.07,317.12,117.87,308.62,0.18,-1,-1,-1
133,37,590.20,330.89,84.91,236.88,0.34,-1,-1,-1
133,30,100.19,256.35,58.43,160.70,0.51,-1,-1,-1
134,2,227.52,279.24,96.14,238.24,0.84,-1,-1,-1
134,3,943.96,265.68,244.83,593.75,0.87,-1,-1,-1
134,7,682.73,308.61,116.69,276.00,0.84,-1,-1,-1
134,8,773.77,301.18,107.09,272.62,0.82,-1,-1,-1
134,11,665.18,225.78,45.97,120.10,0.77,-1,-1,-1
134,12,589.23,221.88,61.01,153.40,0.60,-1,-1,-1
134,14,469.38,251.27,83.93,227.67,0.84,-1,-1,-1
134,16,1147.91,317.69,111.71,315.40,0.79,-1,-1,-1
134,17,192.71,315.94,57.43,134.62,0.78,-1,-1,-1
134,20,300.72,251.56,68.88,152.69,0.86,-1,-1,-1
134,27,570.78,215.36,46.63,135.20,0.45,-1,-1,-1
134,4,552.75,331.88,109.12,262.40,0.85,-1,-1,-1
134,31,694.59,226.30,45.73,121.06,0.59,-1,-1,-1
134,33,545.97,233.53,37.70,104.97,0.17,-1,-1,-1
134,34,506.39,242.02,68.87,189.20,0.73,-1,-1,-1
134,10,589.70,269.78,86.40,217.64,0.75,-1,-1,-1
134,35,1214.74,321.50,96.26,290.91,0.61,-1,-1,-1
134,36,1238.27,309.55,124.73,324.42,0.39,-1,-1,-1
134,37,590.41,335.79,84.86,233.07,0.30,-1,-1,-1
134,30,100.31,256.08,58.73,161.29,0.48,-1,-1,-1
135,2,226.53,277.65,96.01,237.84,0.83,-1,-1,-1
135,3,943.98,265.56,245.10,593.70,0.87,-1,-1,-1
135,7,682.40,307.38,117.72,277.49,0.85,-1,-1,-1
135,8,773.23,302.04,108.14,275.90,0.81,-1,-1,-1
135,11,665.86,225.98,46.05,120.47,0.78,-1,-1,-1
135,12,590.15,222.19,63.02,158.68,0.57,-1,-1,-1
135,14,471.08,248.38,84.17,229.60,0.85,-1,-1,-1
135,16,1150.02,321.54,107.69,304.82,0.78,-1,-1,-1
135,17,194.91,316.17,58.58,133.91,0.70,-1,-1,-1
135,20,301.04,251.90,68.71,152.10,0.86,-1,-1,-1
135,27,571.23,215.15,46.26,134.76,0.39,-1,-1,-1
135,4,554.28,332.69,110.30,260.80,0.85,-1,-1,-1
135,31,698.33,224.72,46.11,121.09,0.20,-1,-1,-1
135,34,508.21,238.32,70.40,193.64,0.76,-1,-1,-1
135,10,589.42,267.67,85.41,214.95,0.70,-1,-1,-1
135,35,1210.81,312.17,98.82,300.37,0.58,-1,-1,-1
135,36,1223.86,303.77,129.90,337.47,0.36,-1,-1,-1
135,37,588.93,341.66,86.21,233.85,0.28,-1,-1,-1
135,30,101.42,256.18,57.53,157.16,0.44,-1,-1,-1
135,40,1143.71,326.20,91.62,282.58,0.56,-1,-1,-1
136,2,227.67,278.17,95.64,236.87,0.84,-1,-1,-1
136,3,944.30,265.85,244.15,592.80,0.87,-1,-1,-1
136,7,682.71,307.62,117.57,275.94,0.85,-1,-1,-1
136,8,772.98,302.50,108.23,276.70,0.82,-1,-1,-1
136,11,665.91,226.95,45.55,119.36,0.76,-1,-1,-1
136,12,587.19,226.20,59.57,151.95,0.58,-1,-1,-1
136,14,473.48,247.90,82.52,226.01,0.86,-1,-1,-1
136,16,1149.35,321.71,106.52,301.87,0.80,-1,-1,-1
136,17,197.66,318.33,58.30,129.27,0.73,-1,-1,-1
136,20,301.12,252.37,68.62,151.77,0.86,-1,-1,-1
136,27,572.01,215.67,44.98,131.74,0.34,-1,-1,-1
136,4,554.67,332.53,111.43,259.86,0.85,-1,-1,-1
136,31,695.05,227.70,43.85,115.42,0.50,-1,-1,-1
136,34,509.07,237.35,71.13,196.28,0.78,-1,-1,-1
136,10,593.98,266.89,81.62,204.32,0.73,-1,-1,-1
136,35,1213.11,307.75,100.12,303.37,0.64,-1,-1,-1
136,36,1236.26,304.11,120.97,318.85,0.20,-1,-1,-1
136,37,588.87,343.98,87.47,234.68,0.34,-1,-1,-1
136,30,102.87,257.01,54.95,149.55,0.42,-1,-1,-1
137,2,228.76,278.67,95.63,236.07,0.85,-1,-1,-1
137,3,944.60,265.85,243.14,589.40,0.87,-1,-1,-1
137,7,682.75,308.51,117.46,274.52,0.84,-1,-1,-1
137,8,773.21,300.34,107.73,275.71,0.82,-1,-1,-1
137,11,666.29,225.86,45.70,120.10,0.77,-1,-1,-1
137,12,586.34,224.95,60.07,155.00,0.60,-1,-1,-1
137,14,476.09,248.38,81.36,223.63,0.86,-1,-1,-1
137,16,1149.58,321.62,105.82,300.73,0.79,-1,-1,-1
137,17,203.25,322.03,55.76,123.04,0.68,-1,-1,-1
137,20,301.53,253.00,68.50,151.43,0.86,-1,-1,-1
137,27,572.63,215.21,45.84,135.06,0.44,-1,-1,-1
137,4,553.55,328.18,113.33,261.47,0.86,-1,-1,-1
137,31,693.44,229.01,42.55,112.51,0.55,-1,-1,-1
137,34,510.99,236.11,72.41,200.42,0.77,-1,-1,-1
137,10,596.37,265.63,79.58,198.32,0.75,-1,-1,-1
137,35,1212.90,305.93,102.00,308.02,0.60,-1,-1,-1
137,36,1244.97,300.77,121.02,321.91,0.19,-1,-1,-1
137,37,588.19,338.26,89.47,236.69,0.15,-1,-1,-1
137,30,104.62,258.64,51.68,139.94,0.44,-1,-1,-1
138,2,229.89,279.53,95.43,233.56,0.86,-1,-1,-1
138,3,944.62,264.31,243.96,590.75,0.87,-1,-1,-1
138,7,682.79,309.16,117.72,274.21,0.84,-1,-1,-1
138,8,773.72,299.34,107.62,275.36,0.81,-1,-1,-1
138,11,667.77,225.33,45.60,120.11,0.80,-1,-1,-1
138,12,583.98,225.62,61.67,161.28,0.53,-1,-1,-1
138,14,478.09,247.63,80.92,222.98,0.87,-1,-1,-1
138,16,1150.61,321.99,104.91,298.54,0.80,-1,-1,-1
138,17,208.29,321.72,54.11,119.32,0.58,-1,-1,-1
138,20,301.82,252.78,68.80,151.92,0.86,-1,-1,-1
138,27,572.85,214.63,47.19,139.97,0.45,-1,-1,-1
138,4,552.72,326.36,114.95,262.49,0.86,-1,-1,-1
138,31,691.46,228.69,41.98,111.96,0.47,-1,-1,-1
138,34,512.91,237.22,72.19,200.78,0.80,-1,-1,-1
138,10,597.56,263.82,78.37,194.24,0.76,-1,-1,-1
138,35,1214.80,301.13,103.14,309.74,0.59,-1,-1,-1
138,36,1248.38,297.51,121.35,324.48,0.18,-1,-1,-1
138,37,586.27,339.30,92.01,241.61,0.45,-1,-1,-1
138,30,106.54,259.86,48.22,129.52,0.38,-1,-1,-1
138,41,1203.93,427.43,191.08,487.32,0.57,-1,-1,-1
138,1,592.47,226.07,64.01,162.97,0.50,-1,-1,-1
138,40,1142.52,322.19,91.69,283.13,0.74,-1,-1,-1
139,2,231.93,279.46,94.88,231.27,0.87,-1,-1,-1
139,3,944.46,263.75,244.94,592.85,0.87,-1,-1,-1
139,7,682.71,309.46,118.21,274.12,0.84,-1,-1,-1
139,8,773.89,299.10,107.46,274.62,0.82,-1,-1,-1
139,11,667.80,224.78,45.64,120.48,0.80,-1,-1,-1
139,12,586.44,226.39,59.94,158.71,0.54,-1,-1,-1
139,14,481.35,245.76,81.44,224.24,0.87,-1,-1,-1
139,16,1148.50,318.91,105.32,300.84,0.80,-1,-1,-1
139,17,212.66,323.26,52.66,116.48,0.62,-1,-1,-1
139,20,302.24,252.24,69.25,152.63,0.86,-1,-1,-1
139,27,572.90,214.68,48.03,143.45,0.34,-1,-1,-1
139,4,551.97,323.55,117.57,265.70,0.86,-1,-1,-1
139,31,689.51,227.87,42.08,112.99,0.43,-1,-1,-1
139,34,514.83,235.37,73.08,204.44,0.75,-1,-1,-1
139,10,597.83,263.60,78.55,193.28,0.78,-1,-1,-1
139,35,1212.00,296.70,106.52,318.31,0.62,-1,-1,-1
139,36,1249.89,293.31,123.41,331.88,0.15,-1,-1,-1
139,30,107.00,260.17,47.28,126.06,0.34,-1,-1,-1
139,41,1205.18,423.28,194.55,495.98,0.57,-1,-1,-1
139,1,594.63,245.29,52.29,134.89,0.38,-1,-1,-1
140,2,233.76,280.16,94.96,230.83,0.87,-1,-1,-1
140,3,945.44,263.88,244.89,591.68,0.87,-1,-1,-1
140,7,684.04,309.56,118.13,272.83,0.83,-1,-1,-1
140,8,773.10,301.13,108.14,276.00,0.80,-1,-1,-1
140,11,667.88,225.15,45.45,120.36,0.76,-1,-1,-1
140,12,585.72,230.37,59.59,159.61,0.50,-1,-1,-1
140,14,483.69,244.82,81.41,223.86,0.87,-1,-1,-1
140,16,1149.04,319.08,103.63,297.12,0.79,-1,-1,-1
140,17,217.10,321.78,52.75,117.87,0.59,-1,-1,-1
140,20,303.39,252.87,69.30,151.91,0.85,-1,-1,-1
140,27,574.41,214.64,48.24,144.57,0.41,-1,-1,-1
140,4,551.95,318.21,120.72,270.69,0.86,-1,-1,-1
140,31,688.51,227.37,42.90,115.10,0.54,-1,-1,-1
140,34,517.87,236.97,71.68,202.10,0.76,-1,-1,-1
140,10,598.13,262.81,78.91,192.21,0.79,-1,-1,-1
140,35,1210.01,293.55,109.71,326.69,0.60,-1,-1,-1
140,36,1254.91,288.88,123.84,333.83,0.13,-1,-1,-1
140,30,106.76,260.16,48.38,128.09,0.41,-1,-1,-1
140,41,1205.91,416.81,201.19,512.49,0.56,-1,-1,-1
140,1,593.59,227.66,55.71,146.67,0.36,-1,-1,-1
141,2,233.98,280.43,94.38,227.84,0.86,-1,-1,-1
141,3,946.61,264.66,244.64,589.41,0.87,-1,-1,-1
141,7,684.67,310.08,117.60,269.69,0.83,-1,-1,-1
141,8,773.00,301.85,108.30,275.76,0.79,-1,-1,-1
141,11,668.37,225.71,44.95,119.31,0.77,-1,-1,-1
141,12,579.45,221.76,65.04,176.21,0.26,-1,-1,-1
141,14,485.50,244.35,80.76,222.29,0.87,-1,-1,-1
141,16,1149.40,318.98,102.95,295.88,0.79,-1,-1,-1
141,17,221.62,310.13,56.39,126.68,0.54,-1,-1,-1
141,20,303.89,252.92,69.29,151.80,0.85,-1,-1,-1
141,27,573.73,214.00,51.56,154.93,0.44,-1,-1,-1
141,4,551.02,312.74,124.01,275.94,0.84,-1,-1,-1
141,31,686.77,228.13,43.35,115.81,0.68,-1,-1,-1
141,34,519.73,234.80,74.34,211.07,0.76,-1,-1,-1
141,10,598.88,262.63,78.97,190.02,0.78,-1,-1,-1
141,35,1209.66,294.70,111.90,331.95,0.64,-1,-1,-1
141,36,1252.78,288.48,126.36,342.10,0.12,-1,-1,-1
141,30,106.54,259.98,50.36,133.51,0.42,-1,-1,-1
141,41,1206.02,446.40,190.13,483.25,0.50,-1,-1,-1
141,1,591.04,220.67,60.21,160.62,0.54,-1,-1,-1
142,2,236.51,282.84,94.65,228.70,0.86,-1,-1,-1
142,3,948.05,266.50,243.65,584.86,0.87,-1,-1,-1
142,7,684.68,310.22,117.65,267.95,0.83,-1,-1,-1
142,8,774.48,300.34,107.94,274.50,0.81,-1,-1,-1
142,11,672.11,226.37,44.63,118.43,0.75,-1,-1,-1
142,12,578.17,218.34,64.54,176.16,0.46,-1,-1,-1
142,14,486.55,244.27,80.88,223.00,0.87,-1,-1,-1
142,16,1148.93,319.93,101.59,293.46,0.83,-1,-1,-1
142,17,226.82,305.08,59.34,133.49,0.51,-1,-1,-1
142,20,305.02,252.55,69.76,152.55,0.87,-1,-1,-1
142,27,575.60,214.05,50.63,151.68,0.56,-1,-1,-1
142,4,552.17,318.51,122.20,270.06,0.85,-1,-1,-1
142,31,684.14,228.52,43.70,116.33,0.68,-1,-1,-1
142,34,522.32,231.52,72.80,208.03,0.72,-1,-1,-1
142,10,600.55,261.79,79.32,189.33,0.79,-1,-1,-1
142,35,1206.83,298.28,114.93,338.80,0.67,-1,-1,-1
142,36,1258.09,291.90,124.25,336.23,0.13,-1,-1,-1
142,30,108.92,260.73,47.14,124.72,0.32,-1,-1,-1
142,41,1207.54,486.24,169.64,429.62,0.54,-1,-1,-1
142,1,590.56,218.04,61.50,165.69,0.58,-1,-1,-1
142,42,715.22,225.52,36.03,95.92,0.66,-1,-1,-1
143,2,237.86,282.80,94.85,229.52,0.87,-1,-1,-1
143,3,948.86,266.88,244.13,583.11,0.87,-1,-1,-1
143,7,684.93,310.15,118.34,267.71,0.84,-1,-1,-1
143,8,775.45,299.53,107.98,274.50,0.82,-1,-1,-1
143,11,674.16,226.15,44.93,119.00,0.78,-1,-1,-1
143,12,579.73,213.72,64.60,176.35,0.61,-1,-1,-1
143,14,487.83,243.55,80.98,223.92,0.87,-1,-1,-1
143,16,1148.25,319.92,100.72,292.36,0.83,-1,-1,-1
143,17,229.74,303.55,59.32,134.29,0.45,-1,-1,-1
143,20,305.60,252.57,69.98,152.86,0.87,-1,-1,-1
143,27,576.47,214.00,51.41,154.14,0.54,-1,-1,-1
143,4,552.65,319.38,123.04,269.22,0.85,-1,-1,-1
143,31,688.00,227.95,42.15,112.53,0.39,-1,-1,-1
143,34,525.14,230.82,70.00,200.78,0.72,-1,-1,-1
143,10,601.68,260.70,79.87,188.89,0.81,-1,-1,-1
143,35,1206.10,299.84,115.75,338.83,0.66,-1,-1,-1
143,36,1258.29,298.69,118.43,321.48,0.13,-1,-1,-1
143,30,108.14,260.57,49.20,130.25,0.38,-1,-1,-1
143,41,1203.61,465.16,177.28,447.06,0.53,-1,-1,-1
143,1,592.59,220.24,60.80,165.60,0.49,-1,-1,-1
143,42,715.64,225.52,35.61,94.78,0.69,-1,-1,-1
144,2,239.66,282.40,94.32,229.46,0.87,-1,-1,-1
144,3,949.47,265.67,246.33,584.67,0.87,-1,-1,-1
144,7,685.42,310.66,118.50,266.30,0.84,-1,-1,-1
144,8,775.72,299.65,107.91,273.95,0.82,-1,-1,-1
144,11,676.33,223.31,46.81,123.32,0.79,-1,-1,-1
144,12,581.03,213.33,62.72,171.44,0.54,-1,-1,-1
144,14,489.92,244.91,80.19,222.68,0.88,-1,-1,-1
144,16,1147.38,320.34,100.94,294.21,0.83,-1,-1,-1
144,17,232.08,300.83,60.66,138.81,0.30,-1,-1,-1
144,20,305.50,251.97,70.70,154.05,0.86,-1,-1,-1
144,27,578.09,214.33,50.27,150.08,0.62,-1,-1,-1
144,4,552.75,318.66,124.93,270.81,0.86,-1,-1,-1
144,31,687.36,226.16,43.22,116.01,0.16,-1,-1,-1
144,34,531.85,232.69,61.43,175.18,0.75,-1,-1,-1
144,10,601.10,259.45,81.79,191.07,0.80,-1,-1,-1
144,35,1204.12,300.42,115.64,336.73,0.67,-1,-1,-1
144,30,109.52,261.45,46.02,121.24,0.38,-1,-1,-1
144,41,1202.50,454.82,177.67,445.94,0.50,-1,-1,-1
144,1,593.41,219.56,60.86,167.20,0.68,-1,-1,-1
144,42,716.23,224.73,36.41,96.86,0.68,-1,-1,-1
145,2,241.57,281.48,93.41,227.77,0.87,-1,-1,-1
145,3,948.43,264.63,249.00,588.66,0.87,-1,-1,-1
145,7,684.91,310.77,118.95,265.69,0.85,-1,-1,-1
145,8,776.38,300.56,107.79,273.30,0.83,-1,-1,-1
145,11,677.17,222.34,47.72,124.94,0.76,-1,-1,-1
145,14,492.89,245.26,78.83,218.24,0.88,-1,-1,-1
145,16,1147.82,319.62,101.39,296.78,0.82,-1,-1,-1
145,17,232.50,300.29,61.11,141.41,0.37,-1,-1,-1
145,20,305.91,250.90,71.09,155.31,0.86,-1,-1,-1
145,27,578.86,215.22,48.52,144.61,0.57,-1,-1,-1
145,4,552.98,319.06,126.20,270.91,0.85,-1,-1,-1
145,31,687.04,224.58,43.75,117.84,0.12,-1,-1,-1
145,34,529.39,230.92,65.17,185.64,0.70,-1,-1,-1
145,10,603.43,258.96,82.13,190.02,0.76,-1,-1,-1
145,35,1203.66,299.58,115.93,336.26,0.68,-1,-1,-1
145,30,110.44,262.37,43.23,113.16,0.28,-1,-1,-1
145,41,1202.00,421.93,194.92,487.34,0.36,-1,-1,-1
145,1,594.95,220.24,59.50,164.45,0.72,-1,-1,-1
145,42,717.08,224.48,37.07,98.37,0.63,-1,-1,-1
145,33,537.23,233.49,55.19,152.39,0.57,-1,-1,-1
146,2,242.01,278.10,94.30,227.29,0.86,-1,-1,-1
146,3,948.69,263.42,250.02,588.84,0.86,-1,-1,-1
146,7,684.20,311.15,119.54,265.59,0.85,-1,-1,-1
146,8,776.35,299.98,107.96,273.62,0.83,-1,-1,-1
146,11,678.72,222.32,47.54,124.20,0.73,-1,-1,-1
146,14,495.54,243.61,79.33,218.49,0.88,-1,-1,-1
146,16,1149.29,320.02,99.57,292.30,0.81,-1,-1,-1
146,17,234.14,298.76,61.78,143.76,0.22,-1,-1,-1
146,20,306.17,250.16,71.19,155.63,0.86,-1,-1,-1
146,27,579.98,215.25,47.17,140.32,0.61,-1,-1,-1
146,4,555.06,321.29,127.39,272.22,0.86,-1,-1,-1
146,34,530.43,229.79,64.29,182.39,0.67,-1,-1,-1
146,10,605.03,256.50,82.90,190.35,0.74,-1,-1,-1
146,35,1202.75,298.77,115.90,335.02,0.67,-1,-1,-1
146,30,112.08,264.52,41.71,108.41,0.15,-1,-1,-1
146,41,1199.97,403.19,205.76,513.30,0.35,-1,-1,-1
146,1,596.65,221.63,58.61,162.42,0.71,-1,-1,-1
146,42,718.45,224.89,35.02,92.59,0.58,-1,-1,-1
146,33,539.49,233.31,54.23,148.76,0.37,-1,-1,-1
147,2,243.38,276.01,94.71,226.21,0.87,-1,-1,-1
147,3,948.06,263.01,249.22,585.52,0.86,-1,-1,-1
147,7,683.84,310.60,120.64,266.50,0.84,-1,-1,-1
147,8,777.37,300.70,107.97,273.25,0.82,-1,-1,-1
147,11,679.33,222.00,47.85,124.90,0.72,-1,-1,-1
147,14,497.37,243.38,79.62,218.15,0.88,-1,-1,-1
147,16,1149.86,320.56,98.45,289.90,0.79,-1,-1,-1
147,17,236.57,296.84,62.92,146.79,0.22,-1,-1,-1
147,20,306.09,250.02,70.95,155.39,0.86,-1,-1,-1
147,27,580.67,215.35,46.25,137.39,0.60,-1,-1,-1
147,4,556.25,322.43,127.73,272.35,0.86,-1,-1,-1
147,34,528.03,229.38,66.57,188.65,0.63,-1,-1,-1
147,10,609.52,253.56,83.21,191.54,0.76,-1,-1,-1
147,35,1202.62,298.25,116.06,334.15,0.64,-1,-1,-1
147,30,112.70,264.76,42.05,108.63,0.27,-1,-1,-1
147,41,1191.74,396.99,217.61,545.00,0.21,-1,-1,-1
147,1,597.38,221.40,59.05,163.93,0.72,-1,-1,-1
147,42,719.29,224.19,35.65,93.85,0.57,-1,-1,-1
147,33,540.87,234.25,52.56,143.91,0.23,-1,-1,-1
148,2,244.60,275.04,95.55,226.73,0.87,-1,-1,-1
148,3,947.21,261.37,250.65,587.67,0.86,-1,-1,-1
148,7,685.10,308.27,121.95,269.34,0.83,-1,-1,-1
148,8,777.87,300.96,107.81,272.40,0.83,-1,-1,-1
148,11,679.48,222.39,47.68,124.37,0.73,-1,-1,-1
148,14,498.95,245.30,78.99,216.42,0.88,-1,-1,-1
148,16,1150.03,321.02,98.88,292.59,0.79,-1,-1,-1
148,17,237.91,295.96,62.91,147.56,0.17,-1,-1,-1
148,20,306.26,249.93,70.74,155.27,0.86,-1,-1,-1
148,27,581.24,215.58,44.88,132.96,0.58,-1,-1,-1
148,4,557.80,326.43,126.12,266.54,0.85,-1,-1,-1
148,34,531.09,230.83,62.32,175.35,0.65,-1,-1,-1
148,10,611.59,253.36,83.01,191.65,0.78,-1,-1,-1
148,35,1200.68,299.81,117.28,337.72,0.63,-1,-1,-1
148,30,111.96,264.19,43.60,112.25,0.33,-1,-1,-1
148,41,1198.11,413.32,205.26,512.44,0.31,-1,-1,-1
148,1,597.94,221.06,58.71,163.65,0.72,-1,-1,-1
148,42,720.02,225.04,35.71,93.49,0.58,-1,-1,-1
148,33,542.18,233.80,52.82,144.36,0.36,-1,-1,-1
149,2,246.31,274.94,95.83,226.10,0.88,-1,-1,-1
149,3,947.18,260.19,251.97,589.61,0.87,-1,-1,-1
149,7,685.95,307.29,122.31,270.07,0.83,-1,-1,-1
149,8,777.54,301.14,107.92,271.94,0.83,-1,-1,-1
149,11,680.86,221.61,47.52,123.94,0.72,-1,-1,-1
149,14,499.89,244.84,79.81,218.75,0.86,-1,-1,-1
149,16,1150.97,322.29,97.51,289.55,0.79,-1,-1,-1
149,17,238.16,294.69,62.94,148.30,0.10,-1,-1,-1
149,20,306.47,250.55,70.14,154.28,0.86,-1,-1,-1
149,27,582.32,215.40,42.41,125.04,0.47,-1,-1,-1
149,4,557.97,325.21,127.48,267.47,0.85,-1,-1,-1
149,34,531.93,229.65,65.04,183.83,0.48,-1,-1,-1
149,10,612.67,252.60,83.66,193.15,0.78,-1,-1,-1
149,35,1200.24,297.68,118.68,341.17,0.63,-1,-1,-1
149,30,112.67,264.19,43.59,111.64,0.36,-1,-1,-1
149,41,1195.80,418.68,200.76,499.95,0.35,-1,-1,-1
149,1,598.50,220.85,57.74,161.41,0.72,-1,-1,-1
149,42,722.37,225.64,33.62,87.20,0.57,-1,-1,-1
149,33,543.51,232.20,53.77,146.54,0.64,-1,-1,-1
150,2,244.87,273.51,96.21,224.78,0.88,-1,-1,-1
150,3,947.10,259.96,252.22,589.66,0.87,-1,-1,-1
150,7,687.25,306.57,121.91,269.93,0.82,-1,-1,-1
150,8,777.40,302.69,107.38,269.86,0.84,-1,-1,-1
150,11,681.10,222.30,47.46,123.33,0.72,-1,-1,-1
150,14,502.02,242.50,81.37,223.16,0.84,-1,-1,-1
150,16,1151.92,321.41,98.59,293.59,0.78,-1,-1,-1
150,17,239.76,285.67,71.12,166.91,0.11,-1,-1,-1
150,20,307.35,250.61,69.92,154.37,0.86,-1,-1,-1
150,27,584.60,216.55,38.65,113.15,0.38,-1,-1,-1
150,4,557.44,325.00,127.78,267.01,0.87,-1,-1,-1
150,34,532.93,230.00,67.12,192.02,0.32,-1,-1,-1
150,10,616.98,252.20,83.03,191.97,0.81,-1,-1,-1
150,35,1202.07,294.80,117.59,337.72,0.64,-1,-1,-1
150,30,113.93,264.01,43.63,111.10,0.30,-1,-1,-1
150,41,1203.18,404.66,196.89,487.38,0.29,-1,-1,-1
150,1,598.86,220.93,57.30,161.08,0.73,-1,-1,-1
150,42,723.49,225.79,32.52,83.44,0.62,-1,-1,-1
150,33,546.42,233.01,52.82,144.58,0.72,-1,-1,-1
150,31,672.45,228.63,40.72,110.88,0.54,-1,-1,-1
151,2,247.37,273.33,96.24,224.48,0.87,-1,-1,-1
151,3,948.62,260.79,250.68,585.01,0.87,-1,-1,-1
151,7,688.40,306.57,121.58,269.62,0.82,-1,-1,-1
151,8,777.78,303.67,106.97,268.25,0.83,-1,-1,-1
151,11,680.90,221.01,48.14,124.79,0.76,-1,-1,-1
151,14,503.31,240.60,82.19,226.20,0.84,-1,-1,-1
151,16,1152.72,320.71,99.41,296.51,0.78,-1,-1,-1
151,17,242.20,282.17,74.16,174.03,0.31,-1,-1,-1
151,20,308.25,250.91,69.43,154.21,0.85,-1,-1,-1
151,27,584.89,216.67,39.41,115.24,0.41,-1,-1,-1
151,4,557.19,323.98,128.85,268.25,0.87,-1,-1,-1
151,34,533.23,229.94,67.96,196.98,0.34,-1,-1,-1
151,10,618.90,251.23,82.71,191.03,0.80,-1,-1,-1
151,35,1203.48,293.39,112.11,321.99,0.66,-1,-1,-1
151,30,115.71,263.74,43.41,110.29,0.28,-1,-1,-1
151,41,1203.97,404.13,196.54,483.36,0.32,-1,-1,-1
151,1,599.52,220.14,57.64,163.03,0.73,-1,-1,-1
151,42,722.58,224.04,36.00,91.61,0.61,-1,-1,-1
151,33,547.21,232.92,53.44,147.35,0.70,-1,-1,-1
151,31,670.52,233.41,41.07,111.73,0.17,-1,-1,-1
151,40,1146.47,310.73,114.56,350.72,0.53,-1,-1,-1
152,2,248.73,272.52,96.78,225.09,0.87,-1,-1,-1
152,3,949.76,261.91,249.97,582.05,0.87,-1,-1,-1
152,7,688.45,306.99,121.14,268.93,0.83,-1,-1,-1
152,8,778.49,304.62,106.80,267.04,0.84,-1,-1,-1
152,11,681.17,221.15,47.99,124.09,0.74,-1,-1,-1
152,14,506.97,241.30,81.41,224.25,0.84,-1,-1,-1
152,16,1152.72,320.79,100.03,298.91,0.79,-1,-1,-1
152,17,244.54,280.06,75.33,176.54,0.24,-1,-1,-1
152,20,309.03,251.37,68.57,153.00,0.85,-1,-1,-1
152,27,587.31,217.99,35.45,102.99,0.12,-1,-1,-1
152,4,557.26,323.33,129.73,269.57,0.86,-1,-1,-1
152,34,534.28,230.61,68.64,201.11,0.50,-1,-1,-1
152,10,621.20,251.55,82.43,189.28,0.81,-1,-1,-1
152,35,1202.16,291.77,109.86,316.13,0.67,-1,-1,-1
152,30,115.26,262.87,46.39,117.94,0.37,-1,-1,-1
152,41,1205.09,399.98,199.31,486.67,0.32,-1,-1,-1
152,1,599.74,219.49,57.52,163.96,0.71,-1,-1,-1
152,42,724.23,225.09,34.40,86.83,0.60,-1,-1,-1
152,33,547.50,233.21,54.20,149.92,0.70,-1,-1,-1
152,31,672.82,229.01,42.38,115.38,0.55,-1,-1,-1
152,40,1145.10,318.95,97.98,302.08,0.57,-1,-1,-1
153,2,249.62,271.69,97.51,226.29,0.88,-1,-1,-1
153,3,949.58,261.72,250.83,582.89,0.87,-1,-1,-1
153,7,687.74,307.07,121.48,269.83,0.82,-1,-1,-1
153,8,779.22,304.58,107.51,268.07,0.82,-1,-1,-1
153,11,681.53,221.09,48.45,125.18,0.75,-1,-1,-1
153,14,508.61,238.41,82.14,226.93,0.84,-1,-1,-1
153,16,1151.69,320.34,100.89,302.27,0.79,-1,-1,-1
153,17,247.62,278.27,75.94,177.18,0.14,-1,-1,-1
153,20,309.61,251.43,68.28,152.82,0.86,-1,-1,-1
153,27,587.12,215.56,37.82,109.48,0.14,-1,-1,-1
153,4,557.26,324.00,130.06,269.21,0.87,-1,-1,-1
153,34,538.42,232.95,65.15,190.56,0.25,-1,-1,-1
153,10,624.27,253.09,81.18,186.01,0.82,-1,-1,-1
153,35,1200.89,290.47,108.85,314.07,0.71,-1,-1,-1
153,30,116.00,262.51,48.08,122.34,0.33,-1,-1,-1
153,41,1205.09,387.23,202.37,491.04,0.28,-1,-1,-1
153,1,599.76,219.43,57.84,165.47,0.68,-1,-1,-1
153,42,724.71,226.14,32.80,82.37,0.59,-1,-1,-1
153,33,550.47,234.34,52.39,145.24,0.57,-1,-1,-1
153,31,668.15,234.02,42.08,114.25,0.22,-1,-1,-1
153,40,1144.72,322.48,88.45,274.78,0.30,-1,-1,-1
154,2,250.01,271.72,97.12,224.09,0.88,-1,-1,-1
154,3,949.00,261.48,251.67,584.08,0.87,-1,-1,-1
154,7,686.87,308.02,120.85,268.64,0.82,-1,-1,-1
154,8,780.21,303.90,108.71,270.24,0.80,-1,-1,-1
154,11,682.40,221.15,48.40,124.97,0.75,-1,-1,-1
154,14,511.54,234.84,82.86,229.82,0.84,-1,-1,-1
154,16,1151.51,319.63,103.23,308.92,0.77,-1,-1,-1
154,20,310.02,251.69,68.95,155.81,0.85,-1,-1,-1
154,27,587.70,213.94,38.82,111.90,0.15,-1,-1,-1
154,4,557.18,323.79,130.84,269.57,0.86,-1,-1,-1
154,34,541.13,231.93,69.53,205.72,0.20,-1,-1,-1
154,10,627.99,253.77,80.60,185.00,0.83,-1,-1,-1
154,35,1199.26,289.62,111.13,321.29,0.65,-1,-1,-1
154,30,116.30,262.50,51.04,130.54,0.34,-1,-1,-1
154,41,1202.43,377.73,214.04,517.50,0.36,-1,-1,-1
154,1,600.32,219.64,57.52,164.56,0.64,-1,-1,-1
154,42,724.93,225.73,33.04,82.44,0.61,-1,-1,-1
154,33,553.43,234.27,52.70,146.36,0.58,-1,-1,-1
154,31,668.69,228.00,42.38,116.09,0.26,-1,-1,-1
154,40,1143.89,324.09,85.09,266.56,0.19,-1,-1,-1
155,2,250.41,272.47,96.96,221.90,0.90,-1,-1,-1
155,3,949.20,260.77,253.39,588.68,0.87,-1,-1,-1
155,7,688.57,306.96,121.03,270.32,0.83,-1,-1,-1
155,8,780.19,303.78,109.46,271.09,0.80,-1,-1,-1
155,11,683.73,220.99,48.00,124.07,0.73,-1,-1,-1
155,14,514.80,235.19,82.27,228.95,0.85,-1,-1,-1
155,16,1152.60,318.75,106.31,318.31,0.75,-1,-1,-1
155,20,310.35,251.62,68.73,156.87,0.85,-1,-1,-1
155,27,587.11,213.83,41.44,119.67,0.32,-1,-1,-1
155,4,557.73,323.91,131.28,269.61,0.86,-1,-1,-1
155,34,536.96,232.25,72.72,216.61,0.30,-1,-1,-1
155,10,632.33,254.95,79.32,182.33,0.85,-1,-1,-1
155,35,1200.69,288.31,108.52,314.80,0.72,-1,-1,-1
155,30,116.65,262.55,52.21,134.16,0.32,-1,-1,-1
155,41,1194.02,396.96,196.39,474.09,0.53,-1,-1,-1
155,1,602.53,220.69,56.43,161.45,0.62,-1,-1,-1
155,42,724.13,223.91,36.37,90.39,0.61,-1,-1,-1
155,33,553.78,233.05,58.70,164.83,0.56,-1,-1,-1
155,31,674.05,226.89,41.46,114.29,0.47,-1,-1,-1
155,40,1143.76,324.33,81.36,258.85,0.23,-1,-1,-1
156,2,251.95,273.35,96.85,220.68,0.89,-1,-1,-1
156,3,949.04,261.13,253.72,590.85,0.88,-1,-1,-1
156,7,689.21,306.11,120.97,271.10,0.83,-1,-1,-1
156,8,776.39,304.26,110.96,273.31,0.80,-1,-1,-1
156,11,684.05,221.78,48.02,123.89,0.68,-1,-1,-1
156,14,518.36,236.14,81.74,226.84,0.85,-1,-1,-1
156,16,1153.29,318.12,107.43,321.53,0.77,-1,-1,-1
156,20,310.83,252.06,68.02,156.84,0.85,-1,-1,-1
156,27,586.73,213.22,44.57,129.56,0.33,-1,-1,-1
156,4,559.09,322.82,132.13,270.94,0.86,-1,-1,-1
156,10,635.32,255.46,78.32,179.70,0.82,-1,-1,-1
156,35,1203.09,288.78,106.72,311.09,0.71,-1,-1,-1
156,30,117.59,262.83,51.92,134.18,0.23,-1,-1,-1
156,41,1191.45,403.58,187.24,452.29,0.52,-1,-1,-1
156,1,603.12,220.38,57.35,164.26,0.56,-1,-1,-1
156,42,724.11,223.43,39.11,97.21,0.55,-1,-1,-1
156,33,555.32,234.01,61.04,173.45,0.54,-1,-1,-1
156,31,675.84,227.34,41.50,115.09,0.39,-1,-1,-1
156,40,1144.03,325.14,77.91,251.46,0.36,-1,-1,-1
157,2,253.24,273.80,96.76,219.63,0.89,-1,-1,-1
157,3,948.18,260.43,255.31,596.69,0.88,-1,-1,-1
157,7,691.47,306.04,120.22,270.48,0.82,-1,-1,-1
157,8,773.67,302.86,112.56,275.25,0.78,-1,-1,-1
157,11,683.90,221.74,49.00,126.94,0.73,-1,-1,-1
157,14,520.60,236.98,81.43,225.25,0.84,-1,-1,-1
157,16,1155.06,318.89,105.76,315.91,0.77,-1,-1,-1
157,20,311.39,252.06,67.50,156.98,0.84,-1,-1,-1
157,27,586.64,213.17,45.27,132.32,0.35,-1,-1,-1
157,4,560.61,322.52,132.67,270.82,0.86,-1,-1,-1
157,10,637.36,254.30,77.33,177.83,0.78,-1,-1,-1
157,35,1205.17,289.90,104.48,305.97,0.69,-1,-1,-1
157,30,118.24,262.94,49.67,128.75,0.27,-1,-1,-1
157,41,1189.31,405.08,185.17,448.16,0.53,-1,-1,-1
157,1,603.73,221.89,55.89,160.37,0.59,-1,-1,-1
157,42,723.43,223.19,40.83,101.98,0.60,-1,-1,-1
157,33,559.14,235.37,55.54,158.10,0.47,-1,-1,-1
157,31,674.89,228.03,41.24,115.98,0.26,-1,-1,-1
157,40,1145.88,326.09,75.29,245.62,0.36,-1,-1,-1
158,2,254.39,274.16,96.89,219.25,0.89,-1,-1,-1
158,3,948.10,259.77,255.93,600.36,0.88,-1,-1,-1
158,7,691.35,306.69,119.41,270.13,0.83,-1,-1,-1
158,8,772.41,302.14,113.80,276.52,0.80,-1,-1,-1
158,11,684.97,220.95,50.40,131.73,0.76,-1,-1,-1
158,14,522.43,232.15,83.15,229.71,0.85,-1,-1,-1
158,16,1156.96,319.04,105.24,312.85,0.76,-1,-1,-1
158,20,311.86,251.69,67.20,157.28,0.84,-1,-1,-1
158,27,588.16,214.19,42.65,124.74,0.14,-1,-1,-1
158,4,561.75,324.83,132.52,268.88,0.86,-1,-1,-1
158,10,640.27,254.92,77.14,177.25,0.79,-1,-1,-1
158,35,1208.15,290.65,103.13,302.73,0.63,-1,-1,-1
158,30,119.87,263.65,45.69,118.10,0.22,-1,-1,-1
158,41,1187.36,387.99,193.32,470.18,0.46,-1,-1,-1
158,1,604.90,222.51,56.23,162.07,0.66,-1,-1,-1
158,42,723.13,223.79,41.23,103.67,0.59,-1,-1,-1
158,33,561.19,232.42,59.04,169.28,0.57,-1,-1,-1
158,31,674.42,228.23,41.29,118.41,0.15,-1,-1,-1
158,40,1150.19,327.28,68.96,224.71,0.24,-1,-1,-1
159,2,256.47,274.65,96.38,218.10,0.89,-1,-1,-1
159,3,948.50,259.71,255.95,602.70,0.88,-1,-1,-1
159,7,691.81,307.95,118.19,268.87,0.83,-1,-1,-1
159,8,769.94,301.23,115.30,278.41,0.81,-1,-1,-1
159,11,686.95,220.54,49.92,131.60,0.78,-1,-1,-1
159,14,523.73,232.32,82.11,226.71,0.85,-1,-1,-1
159,16,1160.49,315.00,105.72,312.84,0.78,-1,-1,-1
159,20,312.97,251.67,65.57,153.44,0.84,-1,-1,-1
159,27,585.25,214.11,47.01,138.45,0.25,-1,-1,-1
159,4,562.45,325.56,133.35,269.16,0.86,-1,-1,-1
159,10,642.89,255.47,76.96,176.37,0.82,-1,-1,-1
159,35,1211.52,292.53,100.70,295.88,0.52,-1,-1,-1
159,30,120.17,263.98,45.49,117.70,0.21,-1,-1,-1
159,41,1188.66,388.36,189.47,461.82,0.48,-1,-1,-1
159,1,607.03,224.37,54.59,157.17,0.69,-1,-1,-1
159,42,722.70,224.39,42.13,106.80,0.59,-1,-1,-1
159,33,561.76,229.06,60.09,172.83,0.48,-1,-1,-1
159,40,1150.39,325.54,75.94,247.63,0.53,-1,-1,-1
160,2,258.03,274.16,96.36,218.20,0.88,-1,-1,-1
160,3,949.41,260.23,255.62,603.76,0.88,-1,-1,-1
160,7,691.79,308.04,117.03,267.90,0.83,-1,-1,-1
160,8,768.72,301.93,115.89,278.13,0.82,-1,-1,-1
160,11,688.62,221.56,48.18,127.55,0.77,-1,-1,-1
160,14,524.63,232.55,81.64,225.75,0.83,-1,-1,-1
160,16,1162.03,314.54,105.30,309.69,0.79,-1,-1,-1
160,20,314.08,251.53,65.00,151.65,0.85,-1,-1,-1
160,27,588.14,218.94,46.66,138.90,0.14,-1,-1,-1
160,4,562.57,325.17,133.82,268.73,0.86,-1,-1,-1
160,10,644.92,255.76,76.37,174.57,0.83,-1,-1,-1
160,35,1217.07,292.85,98.59,289.01,0.38,-1,-1,-1
160,30,121.99,264.44,42.46,109.56,0.19,-1,-1,-1
160,41,1187.75,389.98,187.99,459.61,0.38,-1,-1,-1
160,1,607.43,225.46,53.08,152.61,0.64,-1,-1,-1
160,42,722.11,224.16,43.42,110.91,0.65,-1,-1,-1
160,33,565.78,229.73,55.69,160.04,0.43,-1,-1,-1
160,40,1151.06,326.04,79.09,257.38,0.50,-1,-1,-1
161,2,259.39,274.90,95.88,217.90,0.88,-1,-1,-1
161,3,949.57,259.39,255.23,604.27,0.88,-1,-1,-1
161,7,690.28,307.46,116.81,268.04,0.83,-1,-1,-1
161,8,769.65,304.13,115.09,275.17,0.83,-1,-1,-1
161,11,688.77,223.35,48.93,129.95,0.71,-1,-1,-1
161,14,527.76,230.89,81.28,224.94,0.81,-1,-1,-1
161,16,1161.09,309.53,109.89,321.56,0.79,-1,-1,-1
161,20,314.26,251.61,64.82,151.04,0.84,-1,-1,-1
161,27,593.54,221.86,46.66,140.15,0.15,-1,-1,-1
161,4,560.16,320.93,136.48,272.86,0.86,-1,-1,-1
161,10,645.65,255.67,77.20,175.31,0.84,-1,-1,-1
161,35,1217.19,292.27,99.72,293.04,0.44,-1,-1,-1
161,30,121.89,263.67,43.28,111.66,0.26,-1,-1,-1
161,41,1186.71,376.93,194.16,476.42,0.31,-1,-1,-1
161,1,607.77,226.46,50.99,146.52,0.63,-1,-1,-1
161,42,721.45,224.06,44.69,115.04,0.65,-1,-1,-1
161,33,565.50,229.77,55.04,157.50,0.44,-1,-1,-1
161,40,1152.48,332.77,74.26,241.57,0.14,-1,-1,-1
162,2,260.21,273.88,95.18,216.40,0.88,-1,-1,-1
162,3,949.44,257.48,255.54,606.66,0.87,-1,-1,-1
162,7,688.81,305.74,117.33,270.30,0.83,-1,-1,-1
162,8,771.57,305.24,114.55,273.04,0.83,-1,-1,-1
162,11,690.41,226.01,48.19,128.68,0.69,-1,-1,-1
162,14,531.07,231.39,80.37,223.22,0.82,-1,-1,-1
162,16,1159.40,307.12,114.30,333.77,0.79,-1,-1,-1
162,20,314.74,251.78,65.49,152.95,0.84,-1,-1,-1
162,4,560.61,324.48,136.07,269.52,0.87,-1,-1,-1
162,10,647.64,255.72,77.33,175.03,0.86,-1,-1,-1
162,35,1220.37,291.93,101.47,298.78,0.36,-1,-1,-1
162,30,121.44,262.85,47.78,123.61,0.32,-1,-1,-1
162,41,1184.92,344.16,206.91,508.27,0.33,-1,-1,-1
162,1,609.15,226.88,49.99,142.92,0.57,-1,-1,-1
162,42,720.82,223.49,45.69,118.32,0.65,-1,-1,-1
162,33,564.61,230.60,56.23,160.91,0.52,-1,-1,-1
162,40,1149.96,329.80,80.55,261.96,0.26,-1,-1,-1
162,43,700.11,236.64,37.09,103.67,0.56,-1,-1,-1
163,2,261.64,273.05,94.85,214.93,0.87,-1,-1,-1
163,3,950.37,257.82,253.87,604.02,0.88,-1,-1,-1
163,7,690.17,305.75,117.08,271.26,0.83,-1,-1,-1
163,8,773.22,306.01,113.80,271.30,0.83,-1,-1,-1
163,11,689.57,226.68,48.85,130.70,0.53,-1,-1,-1
163,14,534.31,232.18,79.36,221.07,0.82,-1,-1,-1
163,16,1159.45,308.73,113.47,330.55,0.78,-1,-1,-1
163,20,314.89,251.83,65.94,154.87,0.83,-1,-1,-1
163,4,562.02,323.43,137.12,270.35,0.86,-1,-1,-1
163,10,649.08,252.82,78.52,177.50,0.86,-1,-1,-1
163,35,1223.45,293.01,100.24,294.43,0.26,-1,-1,-1
163,30,120.96,262.50,50.18,130.23,0.32,-1,-1,-1
163,41,1182.91,341.03,204.67,504.99,0.42,-1,-1,-1
163,1,608.22,224.98,51.93,148.18,0.53,-1,-1,-1
163,42,720.64,222.59,47.09,122.79,0.64,-1,-1,-1
163,33,560.08,229.68,65.08,188.20,0.50,-1,-1,-1
163,40,1147.54,329.71,81.61,265.76,0.23,-1,-1,-1
163,43,698.92,233.61,39.87,111.47,0.59,-1,-1,-1
164,2,262.53,272.98,93.75,211.59,0.87,-1,-1,-1
164,3,951.24,258.08,252.66,601.82,0.87,-1,-1,-1
164,7,692.79,307.19,116.23,271.05,0.83,-1,-1,-1
164,8,773.88,306.33,113.30,270.74,0.84,-1,-1,-1
164,11,688.43,225.26,48.61,129.85,0.38,-1,-1,-1
164,14,538.16,234.17,78.04,217.31,0.84,-1,-1,-1
164,16,1161.54,313.75,111.57,323.47,0.78,-1,-1,-1
164,20,314.68,251.68,67.92,160.73,0.83,-1,-1,-1
164,4,562.37,324.33,137.48,269.91,0.86,-1,-1,-1
164,10,649.51,250.93,80.04,180.05,0.85,-1,-1,-1
164,35,1219.87,287.99,94.48,278.51,0.46,-1,-1,-1
164,30,120.74,263.03,48.13,125.35,0.35,-1,-1,-1
164,41,1183.61,347.43,198.64,487.09,0.43,-1,-1,-1
164,1,608.13,225.65,50.83,144.84,0.61,-1,-1,-1
164,42,721.82,221.90,47.69,125.03,0.61,-1,-1,-1
164,33,558.37,231.19,61.70,177.00,0.22,-1,-1,-1
164,40,1146.87,330.11,82.01,267.68,0.24,-1,-1,-1
164,43,697.32,227.01,42.46,118.96,0.41,-1,-1,-1
165,2,263.09,273.19,93.50,209.70,0.88,-1,-1,-1
165,3,951.52,257.95,252.45,602.45,0.87,-1,-1,-1
165,7,698.48,309.20,114.22,269.00,0.82,-1,-1,-1
165,8,775.52,306.26,112.53,270.42,0.84,-1,-1,-1
165,11,689.34,229.79,51.31,138.57,0.31,-1,-1,-1
165,14,540.64,235.08,77.12,214.84,0.84,-1,-1,-1
165,16,1164.18,316.45,108.65,313.88,0.78,-1,-1,-1
165,20,315.25,251.61,68.58,163.47,0.83,-1,-1,-1
165,4,563.40,323.88,138.00,270.35,0.86,-1,-1,-1
165,10,650.65,251.48,80.43,179.31,0.86,-1,-1,-1
165,35,1219.34,286.33,92.67,274.09,0.41,-1,-1,-1
165,30,120.77,264.28,47.16,123.47,0.32,-1,-1,-1
165,41,1178.00,324.44,209.61,513.79,0.38,-1,-1,-1
165,1,609.34,225.13,51.36,145.52,0.65,-1,-1,-1
165,42,723.88,223.08,44.90,118.09,0.56,-1,-1,-1
165,33,558.48,232.31,56.51,160.31,0.16,-1,-1,-1
165,40,1150.99,327.59,81.72,266.74,0.26,-1,-1,-1
165,43,698.62,230.87,41.32,115.97,0.45,-1,-1,-1
166,2,263.86,272.58,93.71,207.85,0.89,-1,-1,-1
166,3,951.19,258.25,252.60,604.00,0.87,-1,-1,-1
166,7,701.93,311.35,110.84,262.55,0.82,-1,-1,-1
166,8,777.03,306.83,111.67,269.55,0.83,-1,-1,-1
166,11,692.34,231.62,48.43,131.81,0.44,-1,-1,-1
166,14,542.31,233.96,77.99,216.88,0.83,-1,-1,-1
166,16,1164.93,315.88,109.55,315.34,0.77,-1,-1,-1
166,20,317.18,251.83,68.16,163.14,0.83,-1,-1,-1
166,4,564.81,324.35,137.30,269.26,0.85,-1,-1,-1
166,10,652.90,251.87,80.14,177.87,0.87,-1,-1,-1
166,35,1216.61,283.87,90.98,269.73,0.49,-1,-1,-1
166,30,120.86,264.92,46.37,121.54,0.28,-1,-1,-1
166,41,1186.44,346.30,194.25,475.48,0.36,-1,-1,-1
166,1,609.95,225.04,52.54,148.13,0.67,-1,-1,-1
166,42,725.38,222.07,45.27,119.56,0.60,-1,-1,-1
166,33,562.67,229.07,55.52,157.22,0.39,-1,-1,-1
166,40,1151.62,325.34,81.07,264.73,0.12,-1,-1,-1
166,43,701.00,233.72,41.21,116.02,0.28,-1,-1,-1
166,37,574.72,260.92,119.55,303.97,0.57,-1,-1,-1
167,2,264.65,271.69,94.68,207.79,0.89,-1,-1,-1
167,3,951.48,258.41,251.38,602.05,0.87,-1,-1,-1
167,7,702.96,309.98,111.76,266.08,0.81,-1,-1,-1
167,8,777.80,307.11,110.91,268.74,0.82,-1,-1,-1
167,11,693.57,225.33,46.80,127.74,0.43,-1,-1,-1
167,14,544.33,234.28,78.42,217.65,0.80,-1,-1,-1
167,16,1167.61,317.55,107.88,309.19,0.78,-1,-1,-1
167,20,318.64,252.84,68.17,163.97,0.84,-1,-1,-1
167,4,563.42,311.63,142.07,280.05,0.84,-1,-1,-1
167,10,655.70,253.26,79.14,175.27,0.86,-1,-1,-1
167,35,1213.26,284.13,89.46,265.91,0.53,-1,-1,-1
167,30,121.76,265.28,46.99,123.47,0.19,-1,-1,-1
167,41,1182.24,352.81,199.22,488.70,0.36,-1,-1,-1
167,1,609.72,223.97,54.27,152.51,0.68,-1,-1,-1
167,42,726.40,223.51,42.51,113.01,0.60,-1,-1,-1
167,33,564.92,228.48,52.03,146.68,0.37,-1,-1,-1
167,40,1155.54,319.07,83.01,272.15,0.40,-1,-1,-1
167,43,701.87,228.62,41.35,116.90,0.14,-1,-1,-1
167,37,575.88,261.97,117.31,298.94,0.27,-1,-1,-1
168,2,266.81,271.59,94.49,207.42,0.88,-1,-1,-1
168,3,952.14,259.39,250.19,600.38,0.87,-1,-1,-1
168,7,702.28,310.72,111.36,265.60,0.81,-1,-1,-1
168,8,778.09,306.68,110.58,268.72,0.82,-1,-1,-1
168,11,693.90,222.56,49.67,136.25,0.52,-1,-1,-1
168,14,544.81,233.60,79.53,220.89,0.81,-1,-1,-1
168,16,1168.83,317.36,107.39,307.16,0.77,-1,-1,-1
168,20,318.38,253.40,68.98,167.28,0.84,-1,-1,-1
168,4,562.88,299.56,146.20,290.10,0.84,-1,-1,-1
168,10,658.51,253.30,78.79,175.23,0.87,-1,-1,-1
168,35,1207.35,282.31,94.88,285.72,0.40,-1,-1,-1
168,30,123.21,265.39,45.69,119.93,0.21,-1,-1,-1
168,41,1179.26,354.36,202.44,497.88,0.34,-1,-1,-1
168,1,607.92,221.85,58.57,165.07,0.70,-1,-1,-1
168,42,727.68,224.32,41.03,109.32,0.58,-1,-1,-1
168,33,565.79,227.36,53.31,149.89,0.37,-1,-1,-1
168,40,1158.43,315.57,84.06,276.43,0.43,-1,-1,-1
168,43,702.88,224.36,40.97,116.37,0.18,-1,-1,-1
168,37,591.43,272.39,96.67,246.04,0.62,-1,-1,-1
169,2,269.01,271.44,94.03,207.49,0.88,-1,-1,-1
169,3,952.71,260.64,249.34,599.41,0.87,-1,-1,-1
169,7,700.98,312.55,109.85,261.87,0.81,-1,-1,-1
169,8,778.70,306.83,109.96,268.17,0.83,-1,-1,-1
169,11,692.34,222.31,53.36,147.64,0.43,-1,-1,-1
169,14,546.48,231.23,79.20,220.98,0.74,-1,-1,-1
169,16,1169.54,312.03,106.93,304.79,0.75,-1,-1,-1
169,20,318.46,254.53,70.03,171.17,0.82,-1,-1,-1
169,4,563.50,295.26,147.33,293.75,0.84,-1,-1,-1
169,10,660.37,251.44,79.04,177.25,0.86,-1,-1,-1
169,35,1204.44,281.29,93.49,285.65,0.26,-1,-1,-1
169,30,124.33,265.74,42.81,112.01,0.17,-1,-1,-1
169,41,1180.23,329.22,210.97,520.41,0.32,-1,-1,-1
169,1,607.58,221.27,59.60,168.20,0.63,-1,-1,-1
169,42,728.15,224.36,41.97,112.19,0.57,-1,-1,-1
169,33,560.94,225.70,59.24,166.07,0.48,-1,-1,-1
169,40,1159.65,317.74,85.96,282.23,0.57,-1,-1,-1
169,43,700.83,223.76,42.39,120.63,0.35,-1,-1,-1
169,37,592.87,275.85,95.44,245.27,0.61,-1,-1,-1
170,2,270.70,271.10,93.26,206.73,0.87,-1,-1,-1
170,3,954.24,260.05,246.95,595.01,0.87,-1,-1,-1
170,7,702.89,313.38,109.81,262.99,0.81,-1,-1,-1
170,8,779.71,306.58,109.69,268.62,0.83,-1,-1,-1
170,14,547.99,229.78,79.58,223.30,0.74,-1,-1,-1
170,16,1169.56,317.39,107.00,304.20,0.73,-1,-1,-1
170,20,320.00,254.45,70.02,171.33,0.85,-1,-1,-1
170,4,566.58,311.50,139.77,279.50,0.83,-1,-1,-1
170,10,661.83,250.61,78.90,178.57,0.87,-1,-1,-1
170,35,1193.19,298.25,96.11,294.71,0.45,-1,-1,-1
170,30,125.61,264.66,45.48,118.22,0.28,-1,-1,-1
170,41,1174.64,322.23,206.73,509.71,0.30,-1,-1,-1
170,1,608.75,221.42,59.17,166.81,0.57,-1,-1,-1
170,42,728.02,223.53,43.00,115.23,0.59,-1,-1,-1
170,33,557.81,224.62,62.76,175.71,0.39,-1,-1,-1
170,40,1161.57,319.54,85.96,282.04,0.64,-1,-1,-1
170,43,700.44,224.30,44.09,125.72,0.47,-1,-1,-1
170,37,594.13,275.77,95.65,249.10,0.63,-1,-1,-1
171,2,272.60,271.63,92.30,205.65,0.87,-1,-1,-1
171,3,955.55,259.80,245.14,591.81,0.87,-1,-1,-1
171,7,704.59,314.40,109.05,262.45,0.80,-1,-1,-1
171,8,779.75,306.75,109.55,268.88,0.82,-1,-1,-1
171,14,550.03,232.50,79.00,222.85,0.76,-1,-1,-1
171,16,1172.05,313.53,110.07,312.94,0.71,-1,-1,-1
171,20,321.52,255.54,68.35,167.15,0.85,-1,-1,-1
171,4,567.25,317.49,136.22,273.16,0.82,-1,-1,-1
171,10,663.13,250.54,77.96,178.06,0.86,-1,-1,-1
171,35,1191.76,305.28,93.37,287.46,0.11,-1,-1,-1
171,30,126.95,264.75,45.84,118.25,0.27,-1,-1,-1
171,41,1188.79,299.46,207.10,509.28,0.40,-1,-1,-1
171,1,606.88,225.44,55.73,157.30,0.46,-1,-1,-1
171,42,728.18,222.70,43.74,117.54,0.59,-1,-1,-1
171,33,558.35,226.74,62.15,173.36,0.18,-1,-1,-1
171,40,1163.02,319.96,84.66,277.03,0.68,-1,-1,-1
171,43,700.11,225.40,45.07,128.85,0.30,-1,-1,-1
171,37,594.42,275.78,96.64,254.07,0.63,-1,-1,-1
172,2,274.17,272.11,91.55,204.94,0.87,-1,-1,-1
172,3,956.83,259.84,243.51,588.73,0.87,-1,-1,-1
172,7,705.70,314.92,108.10,262.08,0.81,-1,-1,-1
172,8,780.98,307.31,109.86,269.70,0.81,-1,-1,-1
172,14,551.66,235.89,76.89,217.68,0.78,-1,-1,-1
172,16,1167.78,310.83,116.66,332.35,0.73,-1,-1,-1
172,20,322.40,257.00,67.41,164.99,0.83,-1,-1,-1
172,4,567.31,302.15,142.12,286.01,0.81,-1,-1,-1
172,10,664.54,249.63,77.81,179.25,0.85,-1,-1,-1
172,30,126.75,265.16,47.07,120.67,0.28,-1,-1,-1
172,41,1174.96,286.63,219.48,540.49,0.38,-1,-1,-1
172,1,610.23,225.15,55.91,157.35,0.50,-1,-1,-1
172,42,728.93,223.08,43.74,117.97,0.59,-1,-1,-1
172,33,563.99,228.41,58.41,162.04,0.30,-1,-1,-1
172,40,1162.79,319.17,87.16,284.96,0.58,-1,-1,-1
172,43,700.77,225.40,45.88,131.49,0.55,-1,-1,-1
172,37,593.16,275.62,99.05,263.37,0.62,-1,-1,-1
173,2,275.50,272.18,90.80,204.76,0.87,-1,-1,-1
173,3,957.34,260.85,243.07,588.29,0.87,-1,-1,-1
173,7,705.14,314.54,107.27,262.14,0.81,-1,-1,-1
173,8,782.28,307.89,109.77,270.15,0.81,-1,-1,-1
173,14,553.61,233.52,75.63,214.04,0.74,-1,-1,-1
173,16,1162.46,308.55,125.66,360.14,0.70,-1,-1,-1
173,20,320.59,255.86,68.85,170.15,0.77,-1,-1,-1
173,4,567.11,294.90,145.31,293.52,0.83,-1,-1,-1
173,10,666.08,247.05,78.95,182.76,0.84,-1,-1,-1
173,30,126.68,265.69,48.45,123.75,0.33,-1,-1,-1
173,41,1167.66,281.26,219.69,542.10,0.44,-1,-1,-1
173,1,612.91,226.27,53.32,149.24,0.41,-1,-1,-1
173,42,729.70,224.50,42.11,113.88,0.46,-1,-1,-1
173,33,563.09,228.76,58.38,159.98,0.38,-1,-1,-1
173,40,1161.55,317.34,89.47,291.54,0.42,-1,-1,-1
173,43,704.72,226.83,43.70,125.71,0.37,-1,-1,-1
173,37,593.02,277.33,97.94,261.46,0.53,-1,-1,-1
173,44,537.46,243.23,36.88,106.78,0.72,-1,-1,-1
173,17,340.35,314.20,45.42,105.67,0.64,-1,-1,-1
174,2,276.95,272.24,90.39,205.57,0.87,-1,-1,-1
174,3,958.09,261.87,241.84,585.29,0.87,-1,-1,-1
174,7,705.72,315.42,105.51,260.45,0.83,-1,-1,-1
174,8,782.72,307.64,109.77,271.16,0.82,-1,-1,-1
174,14,556.04,234.87,73.24,207.51,0.69,-1,-1,-1
174,16,1160.10,309.11,127.61,368.28,0.72,-1,-1,-1
174,20,320.78,255.34,67.32,166.93,0.78,-1,-1,-1
174,4,567.01,286.57,146.27,297.79,0.78,-1,-1,-1
174,10,668.11,246.09,78.55,182.80,0.85,-1,-1,-1
174,30,127.69,267.20,47.84,121.92,0.16,-1,-1,-1
174,41,1169.84,284.66,217.56,536.33,0.38,-1,-1,-1
174,1,610.51,227.77,51.38,143.46,0.43,-1,-1,-1
174,42,731.09,226.16,39.28,106.62,0.44,-1,-1,-1
174,33,563.03,233.99,58.49,158.72,0.58,-1,-1,-1
174,40,1161.53,322.16,88.95,288.27,0.16,-1,-1,-1
174,43,709.43,228.58,39.96,115.47,0.35,-1,-1,-1
174,37,597.18,279.29,89.86,239.90,0.58,-1,-1,-1
174,44,537.11,242.48,37.33,108.06,0.71,-1,-1,-1
174,17,343.86,308.22,48.11,113.70,0.62,-1,-1,-1
175,2,278.55,273.34,89.59,205.28,0.87,-1,-1,-1
175,3,957.52,262.63,243.42,588.81,0.87,-1,-1,-1
175,7,707.15,315.55,104.41,260.25,0.84,-1,-1,-1
175,8,783.53,307.30,110.27,272.09,0.82,-1,-1,-1
175,14,558.97,237.09,70.10,197.85,0.62,-1,-1,-1
175,16,1156.73,305.33,133.15,387.37,0.73,-1,-1,-1
175,20,321.70,254.47,67.03,166.34,0.79,-1,-1,-1
175,4,562.59,284.74,147.11,302.70,0.80,-1,-1,-1
175,10,670.11,244.80,78.87,184.64,0.85,-1,-1,-1
175,41,1165.67,288.10,215.49,532.32,0.41,-1,-1,-1
175,1,613.86,229.04,49.84,138.37,0.36,-1,-1,-1
175,42,731.93,225.69,38.36,104.24,0.57,-1,-1,-1
175,33,565.21,237.21,57.23,153.34,0.51,-1,-1,-1
175,43,712.15,229.46,36.47,105.64,0.30,-1,-1,-1
175,37,590.98,279.28,99.26,267.93,0.69,-1,-1,-1
175,44,538.32,242.01,37.40,108.13,0.71,-1,-1,-1
175,17,346.70,306.76,47.10,111.34,0.45,-1,-1,-1
176,2,280.12,274.09,88.70,204.36,0.87,-1,-1,-1
176,3,956.83,260.18,244.23,591.86,0.87,-1,-1,-1
176,7,708.43,315.64,103.26,260.04,0.84,-1,-1,-1
176,8,787.28,306.38,109.49,270.08,0.82,-1,-1,-1
176,14,560.65,234.23,71.30,200.79,0.58,-1,-1,-1
176,16,1155.96,303.95,134.69,394.50,0.70,-1,-1,-1
176,20,323.64,254.43,66.35,164.67,0.81,-1,-1,-1
176,4,565.26,291.65,143.09,295.33,0.80,-1,-1,-1
176,10,671.62,245.68,78.31,184.35,0.84,-1,-1,-1
176,41,1166.56,289.35,214.09,530.22,0.43,-1,-1,-1
176,1,614.34,230.70,50.34,139.08,0.33,-1,-1,-1
176,42,732.01,226.05,38.22,104.20,0.58,-1,-1,-1
176,33,568.00,236.84,55.60,146.64,0.53,-1,-1,-1
176,43,712.99,229.63,35.20,102.27,0.20,-1,-1,-1
176,37,589.42,279.92,101.27,275.29,0.67,-1,-1,-1
176,44,538.08,242.13,37.84,109.23,0.75,-1,-1,-1
176,17,349.82,304.60,49.91,117.76,0.57,-1,-1,-1
177,2,280.85,275.01,88.53,204.40,0.87,-1,-1,-1
177,3,956.52,258.78,245.18,595.51,0.88,-1,-1,-1
177,7,709.20,315.52,102.26,259.96,0.82,-1,-1,-1
177,8,789.01,306.51,108.85,268.35,0.82,-1,-1,-1
177,14,563.39,235.75,71.40,199.37,0.55,-1,-1,-1
177,16,1160.96,305.04,128.16,376.87,0.68,-1,-1,-1
177,20,323.30,255.20,64.56,161.44,0.80,-1,-1,-1
177,4,567.21,285.64,141.13,295.37,0.77,-1,-1,-1
177,10,673.64,245.96,77.63,183.41,0.82,-1,-1,-1
177,41,1165.38,287.31,220.54,548.23,0.48,-1,-1,-1
177,1,619.75,232.49,46.42,127.89,0.17,-1,-1,-1
177,42,732.19,225.52,38.90,106.42,0.53,-1,-1,-1
177,33,569.81,236.20,54.89,142.73,0.42,-1,-1,-1
177,43,713.05,228.94,35.51,103.14,0.29,-1,-1,-1
177,37,591.93,280.65,96.88,263.89,0.54,-1,-1,-1
177,44,538.36,241.66,38.19,110.02,0.76,-1,-1,-1
177,17,352.20,305.35,50.16,119.05,0.77,-1,-1,-1
177,34,577.01,318.51,95.87,271.90,0.79,-1,-1,-1
178,2,282.88,275.86,87.21,202.76,0.87,-1,-1,-1
178,3,957.98,259.57,243.38,592.24,0.88,-1,-1,-1
178,7,710.92,315.23,101.57,259.76,0.82,-1,-1,-1
178,8,790.18,307.25,108.40,267.32,0.82,-1,-1,-1
178,14,563.10,238.19,73.81,205.91,0.70,-1,-1,-1
178,16,1157.39,303.46,133.90,394.09,0.53,-1,-1,-1
178,20,321.77,255.37,65.10,164.93,0.82,-1,-1,-1
178,4,570.72,285.17,139.88,295.77,0.79,-1,-1,-1
178,10,675.61,249.09,75.29,178.24,0.82,-1,-1,-1
178,41,1166.76,288.30,221.55,552.23,0.48,-1,-1,-1
178,1,615.65,229.92,52.98,145.43,0.37,-1,-1,-1
178,42,732.07,225.24,41.01,112.26,0.50,-1,-1,-1
178,33,569.10,233.10,54.00,139.52,0.28,-1,-1,-1
178,43,710.63,227.86,40.41,117.61,0.38,-1,-1,-1
178,37,593.03,280.42,96.80,264.90,0.51,-1,-1,-1
178,44,539.03,241.33,38.54,110.85,0.78,-1,-1,-1
178,17,355.80,308.11,49.98,119.26,0.81,-1,-1,-1
178,34,574.19,308.16,101.83,285.57,0.78,-1,-1,-1
178,35,1170.72,317.04,105.19,323.20,0.65,-1,-1,-1
179,2,285.43,275.01,86.87,203.22,0.87,-1,-1,-1
179,3,960.50,260.18,239.89,583.82,0.88,-1,-1,-1
179,7,709.79,314.19,103.68,265.40,0.80,-1,-1,-1
179,8,790.37,306.28,108.78,268.65,0.83,-1,-1,-1
179,14,564.31,233.08,76.49,213.04,0.69,-1,-1,-1
179,16,1158.58,305.59,129.40,381.16,0.51,-1,-1,-1
179,20,322.84,256.26,62.92,160.68,0.82,-1,-1,-1
179,4,570.15,282.29,140.06,300.47,0.80,-1,-1,-1
179,10,677.49,251.14,73.73,175.44,0.84,-1,-1,-1
179,41,1170.41,287.14,218.41,545.91,0.48,-1,-1,-1
179,1,613.93,230.06,55.86,152.44,0.36,-1,-1,-1
179,42,732.56,226.02,40.91,111.89,0.54,-1,-1,-1
179,33,569.37,231.28,56.40,144.60,0.23,-1,-1,-1
179,43,712.18,228.18,38.54,111.86,0.36,-1,-1,-1
179,37,593.16,280.10,96.94,266.34,0.57,-1,-1,-1
179,44,539.73,240.96,38.82,111.36,0.79,-1,-1,-1
179,17,360.50,306.92,50.97,120.85,0.82,-1,-1,-1
179,34,572.52,308.84,102.95,290.12,0.59,-1,-1,-1
179,35,1166.00,318.60,104.44,322.10,0.66,-1,-1,-1
180,2,288.17,273.85,86.84,203.70,0.87,-1,-1,-1
180,3,964.11,260.15,236.91,575.87,0.87,-1,-1,-1
180,7,708.42,312.90,103.36,264.59,0.80,-1,-1,-1
180,8,789.56,304.71,109.32,270.82,0.83,-1,-1,-1
180,14,566.75,228.01,76.39,211.56,0.69,-1,-1,-1
180,16,1154.23,304.80,134.52,396.37,0.59,-1,-1,-1
180,20,324.08,256.80,61.65,158.11,0.79,-1,-1,-1
180,4,573.40,281.90,138.99,300.50,0.81,-1,-1,-1
180,10,678.74,250.71,73.44,175.25,0.84,-1,-1,-1
180,41,1168.89,291.43,211.70,530.78,0.48,-1,-1,-1
180,1,614.32,232.37,53.60,145.60,0.32,-1,-1,-1
180,42,733.20,226.22,41.12,112.40,0.53,-1,-1,-1
180,43,714.06,229.86,35.49,102.98,0.29,-1,-1,-1
180,37,594.29,280.58,96.63,266.37,0.12,-1,-1,-1
180,44,540.51,240.56,38.78,110.72,0.80,-1,-1,-1
180,17,366.50,309.32,51.12,118.90,0.82,-1,-1,-1
180,34,573.15,312.52,102.34,287.96,0.64,-1,-1,-1
180,35,1168.07,317.01,107.48,330.41,0.66,-1,-1,-1
180,40,1169.26,286.69,89.44,288.40,0.55,-1,-1,-1
181,2,291.82,270.79,87.53,205.79,0.86,-1,-1,-1
181,3,965.73,259.66,236.15,573.48,0.87,-1,-1,-1
181,7,708.00,311.29,103.87,264.93,0.81,-1,-1,-1
181,8,789.08,304.08,109.23,271.26,0.82,-1,-1,-1
181,14,567.68,224.67,76.76,211.72,0.70,-1,-1,-1
181,16,1153.35,307.16,133.16,394.82,0.67,-1,-1,-1
181,20,325.05,256.38,61.47,157.63,0.78,-1,-1,-1
181,4,572.19,281.28,140.14,305.48,0.82,-1,-1,-1
181,10,679.44,249.24,73.77,176.55,0.85,-1,-1,-1
181,41,1169.86,298.61,206.77,519.18,0.50,-1,-1,-1
181,1,617.89,235.03,50.11,135.90,0.29,-1,-1,-1
181,42,733.78,226.15,41.16,112.31,0.50,-1,-1,-1
181,43,714.88,230.37,34.36,99.60,0.21,-1,-1,-1
181,37,592.31,280.11,97.14,267.03,0.19,-1,-1,-1
181,44,541.14,240.28,38.73,110.04,0.79,-1,-1,-1
181,17,370.80,309.44,52.66,119.30,0.80,-1,-1,-1
181,34,575.55,318.81,100.22,281.30,0.71,-1,-1,-1
181,35,1178.35,312.29,115.01,351.43,0.30,-1,-1,-1
181,40,1168.35,280.66,89.91,284.76,0.33,-1,-1,-1
182,2,293.97,270.32,87.48,204.96,0.86,-1,-1,-1
182,3,965.64,258.37,237.81,577.64,0.87,-1,-1,-1
182,7,706.51,308.49,106.82,270.54,0.82,-1,-1,-1
182,8,789.75,304.30,109.13,271.12,0.81,-1,-1,-1
182,14,570.60,225.08,75.04,205.53,0.66,-1,-1,-1
182,16,1152.92,306.83,131.29,391.55,0.71,-1,-1,-1
182,20,326.19,256.69,60.00,152.97,0.75,-1,-1,-1
182,4,574.41,282.64,137.80,302.38,0.78,-1,-1,-1
182,10,680.86,248.00,73.91,177.79,0.85,-1,-1,-1
182,41,1185.05,338.73,183.25,458.63,0.51,-1,-1,-1
182,1,619.10,234.68,50.80,137.71,0.36,-1,-1,-1
182,42,734.70,225.97,41.97,114.25,0.53,-1,-1,-1
182,43,715.86,230.98,34.72,100.56,0.26,-1,-1,-1
182,37,592.14,280.14,96.78,264.85,0.58,-1,-1,-1
182,44,541.84,240.38,38.83,109.70,0.79,-1,-1,-1
182,17,372.92,309.00,54.39,119.92,0.82,-1,-1,-1
182,34,578.93,328.08,97.44,271.37,0.81,-1,-1,-1
182,35,1190.68,311.83,102.45,315.06,0.19,-1,-1,-1
182,40,1166.04,280.46,90.26,283.92,0.63,-1,-1,-1
183,2,295.76,269.83,87.22,202.45,0.85,-1,-1,-1
183,3,966.32,257.86,238.22,578.72,0.87,-1,-1,-1
183,7,707.40,311.05,106.49,267.09,0.81,-1,-1,-1
183,8,789.29,303.55,109.21,271.74,0.80,-1,-1,-1
183,14,573.96,227.76,73.12,198.28,0.65,-1,-1,-1
183,16,1163.12,311.40,117.43,349.27,0.76,-1,-1,-1
183,20,328.48,256.65,57.88,146.11,0.71,-1,-1,-1
183,4,574.84,283.17,138.41,305.24,0.80,-1,-1,-1
183,10,681.77,246.48,74.11,179.90,0.85,-1,-1,-1
183,41,1194.40,369.09,169.35,421.03,0.49,-1,-1,-1
183,1,621.75,236.29,51.85,140.14,0.35,-1,-1,-1
183,42,736.25,225.42,42.47,115.15,0.61,-1,-1,-1
183,43,716.18,230.75,34.66,100.34,0.31,-1,-1,-1
183,37,592.05,281.59,98.27,269.72,0.53,-1,-1,-1
183,44,542.39,239.85,39.35,110.53,0.78,-1,-1,-1
183,17,374.28,309.02,56.49,120.48,0.80,-1,-1,-1
183,34,580.12,327.49,98.16,272.58,0.77,-1,-1,-1
183,35,1196.31,309.26,97.45,301.54,0.28,-1,-1,-1
183,40,1166.72,281.04,86.30,268.36,0.65,-1,-1,-1
184,2,297.96,268.91,87.26,201.18,0.85,-1,-1,-1
184,3,967.45,257.34,238.31,579.03,0.87,-1,-1,-1
184,7,708.54,312.84,106.71,264.38,0.81,-1,-1,-1
184,8,787.38,304.91,109.19,270.80,0.80,-1,-1,-1
184,14,575.39,231.48,70.58,190.28,0.61,-1,-1,-1
184,16,1165.89,310.38,113.43,336.17,0.78,-1,-1,-1
184,20,327.07,256.73,61.43,154.57,0.71,-1,-1,-1
184,4,601.80,315.69,119.76,264.29,0.31,-1,-1,-1
184,10,682.98,246.57,73.92,181.08,0.85,-1,-1,-1
184,41,1191.68,374.61,180.16,445.74,0.43,-1,-1,-1
184,1,619.16,231.12,59.42,158.95,0.54,-1,-1,-1
184,42,736.94,225.69,42.68,115.55,0.57,-1,-1,-1
184,43,716.53,231.26,33.88,97.73,0.31,-1,-1,-1
184,37,592.23,281.02,99.45,273.93,0.55,-1,-1,-1
184,44,543.46,240.12,39.59,110.59,0.77,-1,-1,-1
184,17,375.90,309.07,57.46,117.69,0.77,-1,-1,-1
184,34,579.34,312.75,104.19,286.30,0.78,-1,-1,-1
184,35,1197.49,311.57,94.90,297.51,0.37,-1,-1,-1
184,40,1163.76,280.84,90.52,280.21,0.51,-1,-1,-1
184,33,576.17,223.97,82.58,210.86,0.53,-1,-1,-1
185,2,299.98,268.73,86.85,198.39,0.85,-1,-1,-1
185,3,967.64,256.32,238.85,580.76,0.88,-1,-1,-1
185,7,711.04,314.19,106.96,262.65,0.81,-1,-1,-1
185,8,787.09,306.44,110.07,270.99,0.81,-1,-1,-1
185,14,573.90,232.47,76.19,206.26,0.55,-1,-1,-1
185,16,1167.87,311.85,108.29,318.04,0.76,-1,-1,-1
185,20,326.51,256.88,63.40,159.58,0.71,-1,-1,-1
185,4,611.15,319.61,116.17,256.49,0.25,-1,-1,-1
185,10,685.35,246.10,72.93,180.22,0.85,-1,-1,-1
185,41,1191.96,381.06,183.88,452.13,0.42,-1,-1,-1
185,1,614.45,227.98,62.33,165.16,0.57,-1,-1,-1
185,42,737.75,225.97,42.72,115.43,0.56,-1,-1,-1
185,43,716.62,231.75,34.43,99.19,0.33,-1,-1,-1
185,37,588.13,277.07,112.86,305.71,0.81,-1,-1,-1
185,44,544.73,240.24,39.84,110.53,0.77,-1,-1,-1
185,17,378.38,307.43,59.20,117.94,0.78,-1,-1,-1
185,34,578.76,316.91,102.51,282.46,0.71,-1,-1,-1
185,35,1199.05,310.36,92.02,288.97,0.35,-1,-1,-1
185,40,1162.50,280.38,92.96,286.63,0.52,-1,-1,-1
185,33,590.75,227.45,71.06,181.41,0.31,-1,-1,-1
185,31,683.47,226.67,43.10,122.59,0.57,-1,-1,-1
186,2,302.66,266.93,88.21,199.41,0.86,-1,-1,-1
186,3,968.33,256.92,238.71,581.12,0.88,-1,-1,-1
186,7,712.55,314.61,107.77,263.64,0.81,-1,-1,-1
186,8,786.23,305.60,111.23,273.19,0.82,-1,-1,-1
186,14,575.06,234.37,73.97,200.29,0.50,-1,-1,-1
186,16,1163.29,305.21,111.47,327.98,0.76,-1,-1,-1
186,20,326.37,256.51,65.22,164.27,0.65,-1,-1,-1
186,4,616.01,323.46,113.56,250.13,0.22,-1,-1,-1
186,10,687.17,245.07,72.47,180.86,0.85,-1,-1,-1
186,41,1188.72,393.69,190.08,467.49,0.39,-1,-1,-1
186,1,614.56,225.83,64.18,167.76,0.66,-1,-1,-1
186,42,737.87,226.01,42.08,113.39,0.57,-1,-1,-1
186,43,715.22,232.70,37.21,106.57,0.30,-1,-1,-1
186,37,584.08,290.93,113.66,303.87,0.81,-1,-1,-1
186,44,546.04,241.06,39.75,109.55,0.78,-1,-1,-1
186,17,382.56,306.24,60.08,117.73,0.80,-1,-1,-1
186,34,587.12,293.74,101.59,280.63,0.11,-1,-1,-1
186,35,1198.51,308.88,93.30,294.54,0.38,-1,-1,-1
186,40,1159.04,280.60,96.22,298.40,0.62,-1,-1,-1
186,33,601.10,230.26,62.39,161.06,0.24,-1,-1,-1
186,31,683.45,227.38,43.41,123.52,0.57,-1,-1,-1
187,2,304.63,265.29,89.01,200.40,0.87,-1,-1,-1
187,3,969.62,257.76,237.05,577.30,0.88,-1,-1,-1
187,7,709.98,313.55,109.96,266.88,0.82,-1,-1,-1
187,8,786.64,304.83,110.96,272.73,0.82,-1,-1,-1
187,14,577.97,235.02,70.79,191.08,0.53,-1,-1,-1
187,16,1158.81,289.39,112.98,333.81,0.77,-1,-1,-1
187,20,326.09,255.33,67.63,170.88,0.57,-1,-1,-1
187,10,689.50,245.71,70.88,178.11,0.85,-1,-1,-1
187,41,1190.46,403.32,188.99,465.36,0.37,-1,-1,-1
187,1,613.17,227.33,63.51,165.22,0.52,-1,-1,-1
187,42,737.79,225.28,42.20,113.39,0.61,-1,-1,-1
187,43,712.26,232.89,38.68,109.67,0.31,-1,-1,-1
187,37,584.99,284.52,120.20,316.65,0.82,-1,-1,-1
187,44,546.96,241.40,40.02,109.64,0.80,-1,-1,-1
187,17,388.80,305.56,59.94,115.64,0.82,-1,-1,-1
187,34,591.38,283.34,102.75,285.56,0.28,-1,-1,-1
187,35,1198.89,310.13,92.94,290.69,0.44,-1,-1,-1
187,33,607.59,234.26,56.49,147.53,0.24,-1,-1,-1
187,31,684.27,228.81,42.86,122.02,0.52,-1,-1,-1
188,2,306.80,264.14,89.71,201.22,0.86,-1,-1,-1
188,3,970.86,257.04,236.40,575.99,0.88,-1,-1,-1
188,7,708.29,312.35,111.61,269.41,0.83,-1,-1,-1
188,8,786.88,304.62,110.87,273.23,0.82,-1,-1,-1
188,14,579.75,233.57,69.78,187.86,0.47,-1,-1,-1
188,16,1162.27,299.83,114.22,337.13,0.82,-1,-1,-1
188,20,328.39,254.82,69.33,174.48,0.58,-1,-1,-1
188,10,692.46,246.55,69.50,173.73,0.86,-1,-1,-1
188,41,1189.70,376.56,220.21,545.96,0.32,-1,-1,-1
188,1,614.19,227.81,62.10,161.51,0.55,-1,-1,-1
188,42,738.11,225.37,41.74,112.02,0.64,-1,-1,-1
188,43,712.49,233.28,38.86,109.55,0.32,-1,-1,-1
188,37,586.14,276.86,123.74,322.03,0.83,-1,-1,-1
188,44,547.32,241.82,40.08,109.21,0.81,-1,-1,-1
188,17,393.53,304.31,60.80,115.87,0.82,-1,-1,-1
188,34,593.15,278.48,104.11,291.28,0.13,-1,-1,-1
188,35,1198.45,308.82,94.43,297.73,0.28,-1,-1,-1
188,33,613.05,232.70,53.38,140.51,0.41,-1,-1,-1
188,31,685.45,229.85,42.04,118.74,0.53,-1,-1,-1
188,40,1158.00,277.04,103.68,321.96,0.65,-1,-1,-1
189,2,308.28,264.42,89.17,200.40,0.84,-1,-1,-1
189,3,972.12,256.90,235.46,573.14,0.88,-1,-1,-1
189,7,709.86,311.96,112.93,271.92,0.83,-1,-1,-1
189,8,786.38,304.22,111.32,274.42,0.83,-1,-1,-1
189,14,580.10,233.04,70.81,190.30,0.50,-1,-1,-1
189,16,1163.41,306.99,111.74,327.92,0.78,-1,-1,-1
189,20,332.93,254.79,68.54,171.00,0.60,-1,-1,-1
189,10,693.87,245.94,69.50,173.11,0.86,-1,-1,-1
189,41,1193.91,375.06,211.51,525.67,0.18,-1,-1,-1
189,1,617.65,227.08,61.84,160.39,0.62,-1,-1,-1
189,42,738.03,225.29,41.89,112.68,0.65,-1,-1,-1
189,43,712.52,232.73,38.39,107.33,0.21,-1,-1,-1
189,37,587.53,271.88,126.57,326.02,0.83,-1,-1,-1
189,44,547.59,242.83,39.75,108.02,0.81,-1,-1,-1
189,17,398.02,303.36,61.15,116.09,0.83,-1,-1,-1
189,35,1191.76,307.90,96.03,304.99,0.43,-1,-1,-1
189,33,615.57,231.78,52.61,139.88,0.39,-1,-1,-1
189,31,686.56,229.86,41.82,117.50,0.54,-1,-1,-1
189,40,1157.43,277.70,103.33,321.54,0.70,-1,-1,-1
190,2,308.59,263.97,88.30,199.58,0.85,-1,-1,-1
190,3,971.41,255.98,237.35,578.47,0.87,-1,-1,-1
190,7,711.56,310.17,114.40,276.50,0.83,-1,-1,-1
190,8,786.62,303.56,112.00,276.18,0.83,-1,-1,-1
190,14,582.47,228.74,68.77,184.45,0.39,-1,-1,-1
190,16,1164.76,310.64,108.89,317.26,0.75,-1,-1,-1
190,20,336.41,264.13,62.90,156.03,0.62,-1,-1,-1
190,10,694.13,244.54,70.47,175.35,0.86,-1,-1,-1
190,41,1196.80,344.50,244.41,610.08,0.21,-1,-1,-1
190,1,618.61,226.89,60.22,156.84,0.62,-1,-1,-1
190,42,738.24,224.82,41.56,112.22,0.66,-1,-1,-1
190,43,714.11,233.80,35.88,99.43,0.17,-1,-1,-1
190,37,588.26,273.45,126.83,324.05,0.84,-1,-1,-1
190,44,547.71,242.64,39.99,108.06,0.80,-1,-1,-1
190,17,398.67,301.82,63.07,119.10,0.84,-1,-1,-1
190,35,1196.80,306.70,93.05,297.53,0.24,-1,-1,-1
190,33,615.83,229.32,50.46,135.65,0.18,-1,-1,-1
190,31,686.79,230.14,42.18,117.94,0.48,-1,-1,-1
190,40,1157.28,278.89,102.35,319.10,0.68,-1,-1,-1
191,2,309.78,264.53,86.89,198.01,0.86,-1,-1,-1
191,3,971.35,254.99,238.37,581.73,0.87,-1,-1,-1
191,7,711.80,308.23,115.48,279.56,0.83,-1,-1,-1
191,8,787.54,303.84,112.13,275.87,0.83,-1,-1,-1
191,14,583.78,231.05,66.14,177.26,0.60,-1,-1,-1
191,16,1166.19,311.60,106.84,308.60,0.76,-1,-1,-1
191,20,334.04,260.04,64.60,160.63,0.53,-1,-1,-1
191,10,695.63,244.55,70.78,175.98,0.85,-1,-1,-1
191,41,1197.19,325.71,258.56,648.80,0.17,-1,-1,-1
191,1,618.70,226.87,59.09,154.90,0.63,-1,-1,-1
191,42,738.85,225.63,40.31,109.35,0.65,-1,-1,-1
191,43,715.55,233.68,33.35,92.40,0.19,-1,-1,-1
191,37,588.46,273.02,127.89,323.90,0.84,-1,-1,-1
191,44,547.40,243.14,40.02,107.81,0.81,-1,-1,-1
191,17,401.35,298.87,63.40,120.07,0.84,-1,-1,-1
191,35,1199.00,305.53,93.19,299.48,0.33,-1,-1,-1
191,33,617.42,228.63,49.23,133.65,0.12,-1,-1,-1
191,31,688.42,229.76,41.27,114.97,0.50,-1,-1,-1
191,40,1156.84,282.17,102.15,316.04,0.67,-1,-1,-1
192,2,311.12,265.62,85.37,196.13,0.86,-1,-1,-1
192,3,972.10,255.56,237.49,579.67,0.87,-1,-1,-1
192,7,713.97,307.77,114.60,277.69,0.83,-1,-1,-1
192,8,787.79,302.95,112.72,276.39,0.83,-1,-1,-1
192,14,584.04,233.77,66.89,179.62,0.60,-1,-1,-1
192,16,1169.84,312.56,105.42,303.30,0.75,-1,-1,-1
192,20,332.64,259.93,66.43,165.78,0.49,-1,-1,-1
192,10,697.10,244.26,71.61,178.02,0.85,-1,-1,-1
192,41,1202.08,335.44,247.09,623.66,0.24,-1,-1,-1
192,1,618.74,226.96,58.29,153.69,0.58,-1,-1,-1
192,42,739.93,225.93,39.42,107.36,0.65,-1,-1,-1
192,43,717.19,233.60,30.61,84.36,0.26,-1,-1,-1
192,37,588.88,272.54,128.66,323.53,0.84,-1,-1,-1
192,44,547.55,244.20,39.83,106.85,0.81,-1,-1,-1
192,17,406.57,293.05,64.73,124.40,0.85,-1,-1,-1
192,35,1200.77,305.37,92.00,297.12,0.46,-1,-1,-1
192,31,690.21,228.20,42.51,117.29,0.57,-1,-1,-1
192,40,1156.80,281.32,102.53,316.73,0.67,-1,-1,-1
193,2,314.05,266.29,84.73,195.35,0.85,-1,-1,-1
193,3,973.16,256.42,236.67,577.88,0.87,-1,-1,-1
193,7,715.16,308.31,114.28,277.14,0.84,-1,-1,-1
193,8,788.92,303.13,112.74,276.11,0.83,-1,-1,-1
193,14,582.53,231.78,76.34,206.39,0.55,-1,-1,-1
193,16,1167.65,313.06,106.36,303.78,0.78,-1,-1,-1
193,20,335.62,257.03,62.23,155.26,0.18,-1,-1,-1
193,10,698.36,245.42,71.43,177.49,0.86,-1,-1,-1
193,41,1202.15,351.36,221.29,560.25,0.26,-1,-1,-1
193,1,619.19,226.39,58.31,154.89,0.60,-1,-1,-1
193,42,740.64,225.74,39.25,107.23,0.67,-1,-1,-1
193,43,717.80,232.26,32.06,88.71,0.35,-1,-1,-1
193,37,588.37,270.01,130.37,325.96,0.84,-1,-1,-1
193,44,547.92,244.78,39.83,106.28,0.81,-1,-1,-1
193,17,411.98,291.31,64.47,126.41,0.82,-1,-1,-1
193,35,1201.27,304.82,91.21,295.94,0.42,-1,-1,-1
193,31,690.31,226.26,43.96,120.58,0.68,-1,-1,-1
193,40,1153.68,283.35,102.93,317.79,0.59,-1,-1,-1
194,2,316.84,264.04,86.03,198.46,0.85,-1,-1,-1
194,3,972.89,256.78,236.11,577.13,0.87,-1,-1,-1
194,7,714.85,309.66,114.06,276.12,0.84,-1,-1,-1
194,8,790.15,304.13,112.75,275.11,0.83,-1,-1,-1
194,14,584.50,231.06,74.96,203.32,0.47,-1,-1,-1
194,16,1166.57,311.93,107.91,306.36,0.80,-1,-1,-1
194,20,342.46,265.08,60.26,148.66,0.23,-1,-1,-1
194,10,699.75,246.08,71.07,177.04,0.86,-1,-1,-1
194,41,1204.64,367.61,200.25,508.24,0.30,-1,-1,-1
194,1,620.95,226.74,57.78,154.04,0.61,-1,-1,-1
194,42,741.32,225.14,39.66,108.74,0.67,-1,-1,-1
194,43,717.52,231.37,34.72,96.87,0.38,-1,-1,-1
194,37,588.55,269.92,130.89,325.73,0.84,-1,-1,-1
194,44,548.28,245.05,39.79,105.89,0.82,-1,-1,-1
194,17,416.56,291.43,62.41,125.32,0.82,-1,-1,-1
194,35,1200.48,305.05,90.76,297.31,0.50,-1,-1,-1
194,31,690.56,226.78,44.06,120.33,0.66,-1,-1,-1
194,40,1151.65,278.51,102.72,318.27,0.26,-1,-1,-1
194,45,-142.17,259.28,274.04,716.02,0.67,-1,-1,-1
195,2,318.76,262.49,86.71,200.32,0.86,-1,-1,-1
195,3,972.35,255.85,236.56,578.95,0.87,-1,-1,-1
195,7,714.95,311.39,113.86,274.95,0.83,-1,-1,-1
195,8,791.96,304.72,112.80,274.16,0.82,-1,-1,-1
195,14,584.35,228.56,79.05,215.92,0.48,-1,-1,-1
195,16,1166.42,311.34,109.25,309.29,0.79,-1,-1,-1
195,20,348.86,268.96,58.38,144.10,0.21,-1,-1,-1
195,10,701.21,246.21,70.48,176.24,0.85,-1,-1,-1
195,41,1206.91,361.67,202.14,513.94,0.27,-1,-1,-1
195,1,625.18,228.03,56.27,149.34,0.60,-1,-1,-1
195,42,741.91,224.68,39.89,109.45,0.66,-1,-1,-1
195,43,718.36,231.67,33.87,94.34,0.33,-1,-1,-1
195,37,588.16,269.50,131.56,326.55,0.82,-1,-1,-1
195,44,548.63,245.19,39.85,105.75,0.82,-1,-1,-1
195,17,422.09,287.94,61.96,127.45,0.80,-1,-1,-1
195,35,1201.13,304.71,89.90,297.30,0.44,-1,-1,-1
195,31,691.07,226.98,43.60,118.72,0.64,-1,-1,-1
195,40,1150.42,276.52,107.76,332.87,0.60,-1,-1,-1
195,45,-136.88,256.15,271.94,709.97,0.68,-1,-1,-1
196,2,319.64,261.47,86.98,201.09,0.87,-1,-1,-1
196,3,972.13,255.21,236.14,577.97,0.87,-1,-1,-1
196,7,714.46,312.40,113.99,274.26,0.84,-1,-1,-1
196,8,792.95,304.93,112.90,273.43,0.83,-1,-1,-1
196,14,584.50,224.87,85.60,234.46,0.33,-1,-1,-1
196,16,1166.62,310.21,110.75,313.45,0.81,-1,-1,-1
196,10,703.59,246.76,69.87,175.22,0.83,-1,-1,-1
196,41,1209.67,358.49,200.64,510.99,0.27,-1,-1,-1
196,1,629.19,229.43,54.72,144.44,0.63,-1,-1,-1
196,42,742.41,224.08,39.97,109.96,0.66,-1,-1,-1
196,43,719.52,232.20,32.96,91.34,0.35,-1,-1,-1
196,37,587.37,266.73,133.04,329.35,0.83,-1,-1,-1
196,44,548.81,244.82,40.06,106.12,0.82,-1,-1,-1
196,17,427.54,287.90,58.94,124.07,0.81,-1,-1,-1
196,35,1202.74,304.26,89.41,295.90,0.31,-1,-1,-1
196,31,691.23,227.70,43.42,117.68,0.66,-1,-1,-1
196,40,1151.37,279.95,105.81,325.52,0.65,-1,-1,-1
196,45,-120.08,251.81,265.07,691.79,0.68,-1,-1,-1
197,2,320.81,260.71,86.64,201.29,0.87,-1,-1,-1
197,3,972.38,255.35,235.97,577.73,0.87,-1,-1,-1
197,7,714.35,313.26,113.80,273.23,0.83,-1,-1,-1
197,8,793.10,305.19,112.92,272.87,0.83,-1,-1,-1
197,14,586.73,218.50,88.15,241.74,0.40,-1,-1,-1
197,16,1166.60,310.33,111.49,315.04,0.79,-1,-1,-1
197,10,704.22,246.02,69.72,175.67,0.85,-1,-1,-1
197,41,1211.49,370.72,192.57,491.35,0.35,-1,-1,-1
197,1,630.88,231.02,56.72,149.78,0.55,-1,-1,-1
197,42,742.49,223.83,40.56,112.07,0.62,-1,-1,-1
197,43,719.78,232.17,34.72,95.51,0.26,-1,-1,-1
197,37,586.94,264.73,134.11,330.55,0.83,-1,-1,-1
197,44,549.10,245.18,40.19,106.61,0.82,-1,-1,-1
197,17,431.64,288.95,57.47,123.36,0.83,-1,-1,-1
197,35,1203.23,303.42,90.68,300.16,0.39,-1,-1,-1
197,31,692.73,227.36,44.07,118.81,0.65,-1,-1,-1
197,40,1147.72,279.53,106.60,327.38,0.69,-1,-1,-1
197,45,-116.19,243.14,268.22,697.55,0.69,-1,-1,-1
198,2,322.41,259.71,86.25,201.66,0.87,-1,-1,-1
198,3,971.16,254.59,236.97,580.48,0.87,-1,-1,-1
198,7,713.12,312.97,114.00,272.94,0.83,-1,-1,-1
198,8,793.12,304.64,113.20,273.23,0.83,-1,-1,-1
198,14,595.23,220.86,76.49,208.47,0.37,-1,-1,-1
198,16,1168.87,307.93,110.27,313.20,0.77,-1,-1,-1
198,10,704.93,244.69,69.40,175.60,0.85,-1,-1,-1
198,41,1212.65,387.68,181.25,462.56,0.38,-1,-1,-1
198,1,631.65,231.98,57.89,153.18,0.41,-1,-1,-1
198,42,743.58,224.00,39.45,109.38,0.62,-1,-1,-1
198,43,719.56,232.07,36.10,98.80,0.19,-1,-1,-1
198,37,586.87,264.77,134.51,330.01,0.83,-1,-1,-1
198,44,549.05,245.38,40.27,106.74,0.82,-1,-1,-1
198,17,437.29,290.52,56.36,122.48,0.84,-1,-1,-1
198,35,1202.25,303.96,91.66,303.74,0.35,-1,-1,-1
198,31,694.32,227.66,44.13,118.40,0.63,-1,-1,-1
198,40,1142.06,282.76,105.77,325.47,0.66,-1,-1,-1
198,45,-100.99,247.65,264.74,688.50,0.71,-1,-1,-1
199,2,323.63,260.27,84.85,199.34,0.87,-1,-1,-1
199,3,969.91,253.65,237.78,582.92,0.87,-1,-1,-1
199,7,712.62,312.41,114.25,273.35,0.83,-1,-1,-1
199,8,793.04,304.54,113.20,273.07,0.83,-1,-1,-1
199,14,599.92,223.05,72.64,197.10,0.55,-1,-1,-1
199,16,1168.42,308.07,109.63,311.67,0.78,-1,-1,-1
199,10,705.48,244.40,69.17,175.55,0.83,-1,-1,-1
199,41,1224.16,386.62,174.58,443.71,0.32,-1,-1,-1
199,1,635.52,233.45,52.02,138.45,0.34,-1,-1,-1
199,42,744.34,224.10,38.92,108.14,0.58,-1,-1,-1
199,43,718.96,233.47,36.90,100.29,0.17,-1,-1,-1
199,37,587.83,268.81,133.51,325.49,0.84,-1,-1,-1
199,44,548.95,245.56,40.24,106.70,0.82,-1,-1,-1
199,17,441.67,293.07,55.22,120.39,0.82,-1,-1,-1
199,35,1200.84,303.06,93.21,308.78,0.41,-1,-1,-1
199,31,696.56,229.18,45.44,120.35,0.65,-1,-1,-1
199,40,1139.31,286.01,104.85,322.73,0.52,-1,-1,-1
199,45,-83.69,247.09,255.39,660.81,0.71,-1,-1,-1
200,2,326.33,260.69,83.07,196.62,0.88,-1,-1,-1
200,3,971.01,254.40,235.92,577.68,0.88,-1,-1,-1
200,7,712.13,309.11,115.15,276.29,0.83,-1,-1,-1
200,8,792.90,304.60,113.02,272.64,0.83,-1,-1,-1
200,14,602.71,226.32,69.87,189.35,0.55,-1,-1,-1
200,16,1166.97,310.69,110.62,313.58,0.80,-1,-1,-1
200,10,706.44,242.76,70.27,179.25,0.80,-1,-1,-1
200,41,1215.68,403.90,169.36,428.23,0.28,-1,-1,-1
200,1,638.28,233.42,48.98,131.28,0.42,-1,-1,-1
200,42,744.80,224.51,39.22,109.08,0.49,-1,-1,-1
200,37,587.96,270.29,133.33,323.66,0.84,-1,-1,-1
200,44,548.76,245.37,40.28,106.79,0.81,-1,-1,-1
200,17,445.58,297.34,53.26,114.99,0.82,-1,-1,-1
200,35,1196.60,307.94,91.79,304.15,0.53,-1,-1,-1
200,31,698.16,230.92,45.44,118.50,0.63,-1,-1,-1
200,40,1129.27,281.99,106.34,326.73,0.63,-1,-1,-1
200,45,-65.53,255.53,242.07,624.38,0.75,-1,-1,-1
201,2,327.56,260.97,81.40,193.93,0.88,-1,-1,-1
201,3,971.95,255.42,234.72,573.22,0.87,-1,-1,-1
201,7,711.93,306.61,115.95,278.69,0.83,-1,-1,-1
201,8,792.76,304.69,112.78,272.50,0.83,-1,-1,-1
201,14,605.72,227.38,71.83,193.94,0.56,-1,-1,-1
201,16,1168.33,307.02,110.49,314.16,0.78,-1,-1,-1
201,10,709.02,243.37,69.16,176.92,0.79,-1,-1,-1
201,41,1214.36,408.66,164.53,413.19,0.28,-1,-1,-1
201,1,639.64,233.88,48.11,129.57,0.34,-1,-1,-1
201,42,745.27,225.40,37.99,105.40,0.32,-1,-1,-1
201,37,587.23,268.63,134.39,325.44,0.83,-1,-1,-1
201,44,548.85,245.48,40.25,106.61,0.82,-1,-1,-1
201,17,448.56,300.07,52.88,112.07,0.82,-1,-1,-1
201,35,1200.41,310.00,90.84,301.05,0.24,-1,-1,-1
201,31,698.52,231.02,45.59,117.26,0.68,-1,-1,-1
201,40,1117.23,282.03,108.45,331.11,0.66,-1,-1,-1
201,45,-57.52,262.21,238.14,611.28,0.75,-1,-1,-1
202,2,328.66,260.35,80.32,192.48,0.88,-1,-1,-1
202,3,971.72,255.07,235.13,572.88,0.87,-1,-1,-1
202,7,712.00,306.95,115.81,278.53,0.83,-1,-1,-1
202,8,792.45,304.54,112.89,273.10,0.83,-1,-1,-1
202,14,608.57,228.40,70.73,189.35,0.56,-1,-1,-1
202,16,1170.86,307.01,109.98,314.08,0.77,-1,-1,-1
202,10,709.59,242.05,69.47,177.71,0.78,-1,-1,-1
202,41,1214.08,411.43,160.58,401.32,0.38,-1,-1,-1
202,1,640.91,233.97,45.84,123.94,0.22,-1,-1,-1
202,42,746.13,226.08,34.55,95.20,0.35,-1,-1,-1
202,37,586.73,267.35,135.30,326.86,0.85,-1,-1,-1
202,44,548.78,244.91,40.31,106.38,0.82,-1,-1,-1
202,17,450.28,299.96,53.98,111.20,0.82,-1,-1,-1
202,35,1203.98,314.03,88.26,292.42,0.13,-1,-1,-1
202,31,698.53,230.40,45.91,116.66,0.67,-1,-1,-1
202,40,1110.20,282.28,110.48,334.88,0.63,-1,-1,-1
202,45,-57.15,254.18,242.84,621.14,0.77,-1,-1,-1
203,2,330.03,259.83,79.53,191.34,0.89,-1,-1,-1
203,3,970.51,253.50,238.06,579.43,0.87,-1,-1,-1
203,7,712.72,308.96,114.85,276.04,0.84,-1,-1,-1
203,8,791.83,303.93,112.92,273.12,0.83,-1,-1,-1
203,14,611.55,228.57,65.82,175.18,0.55,-1,-1,-1
203,16,1172.58,307.61,109.47,314.51,0.76,-1,-1,-1
203,10,711.38,240.68,70.22,180.23,0.78,-1,-1,-1
203,41,1213.26,414.00,156.30,388.18,0.42,-1,-1,-1
203,1,644.85,233.98,40.50,109.66,0.18,-1,-1,-1
203,42,744.19,227.49,32.38,89.17,0.36,-1,-1,-1
203,37,585.76,268.27,135.59,326.69,0.85,-1,-1,-1
203,44,548.81,245.09,40.28,105.88,0.82,-1,-1,-1
203,17,453.22,299.92,55.43,111.56,0.83,-1,-1,-1
203,31,698.07,230.31,46.12,116.06,0.72,-1,-1,-1
203,40,1108.07,287.07,110.77,334.13,0.64,-1,-1,-1
203,45,-65.38,234.78,256.66,654.28,0.80,-1,-1,-1
204,2,330.91,258.30,79.29,191.35,0.89,-1,-1,-1
204,3,968.33,250.66,242.65,590.92,0.86,-1,-1,-1
204,7,713.40,310.12,114.31,274.98,0.84,-1,-1,-1
204,8,791.14,303.98,112.79,273.50,0.83,-1,-1,-1
204,14,613.61,227.86,64.11,169.73,0.60,-1,-1,-1
204,16,1172.59,307.11,107.99,312.44,0.74,-1,-1,-1
204,10,713.03,237.94,72.28,186.32,0.77,-1,-1,-1
204,41,1212.49,414.22,156.20,385.99,0.49,-1,-1,-1
204,1,645.00,233.27,40.94,111.19,0.20,-1,-1,-1
204,42,743.66,228.92,31.21,86.03,0.17,-1,-1,-1
204,37,584.81,269.54,135.80,326.33,0.84,-1,-1,-1
204,44,548.85,245.32,40.19,105.22,0.82,-1,-1,-1
204,17,456.88,299.96,56.17,111.31,0.81,-1,-1,-1
204,31,697.36,230.34,45.93,114.70,0.72,-1,-1,-1
204,40,1116.48,306.34,101.61,303.17,0.51,-1,-1,-1
204,45,-61.33,241.69,254.09,645.30,0.83,-1,-1,-1
204,35,1198.78,310.93,91.46,304.31,0.56,-1,-1,-1
205,2,332.58,258.32,78.67,189.52,0.90,-1,-1,-1
205,3,966.07,248.63,245.62,599.18,0.86,-1,-1,-1
205,7,714.19,310.63,114.16,275.15,0.84,-1,-1,-1
205,8,791.34,304.53,112.36,273.32,0.83,-1,-1,-1
205,14,616.55,225.08,64.29,168.60,0.55,-1,-1,-1
205,16,1172.32,311.08,107.03,309.80,0.73,-1,-1,-1
205,10,715.52,235.96,72.57,187.76,0.76,-1,-1,-1
205,41,1220.57,395.16,158.27,388.68,0.13,-1,-1,-1
205,1,644.05,232.73,43.29,117.86,0.14,-1,-1,-1
205,42,743.64,228.69,31.90,88.18,0.15,-1,-1,-1
205,37,583.94,269.20,136.70,327.08,0.85,-1,-1,-1
205,44,548.99,245.73,40.01,104.61,0.82,-1,-1,-1
205,17,461.61,299.81,56.54,110.78,0.82,-1,-1,-1
205,31,697.84,229.72,45.78,114.43,0.69,-1,-1,-1
205,40,1105.14,288.53,108.61,323.56,0.44,-1,-1,-1
205,45,-58.59,245.39,253.43,641.17,0.83,-1,-1,-1
205,35,1197.08,310.13,91.74,305.39,0.53,-1,-1,-1
206,2,334.15,258.10,78.26,188.61,0.90,-1,-1,-1
206,3,962.65,247.42,250.14,613.09,0.86,-1,-1,-1
206,7,714.31,309.91,114.27,276.14,0.84,-1,-1,-1
206,8,791.55,303.90,112.17,273.66,0.83,-1,-1,-1
206,14,618.29,224.81,66.36,172.87,0.51,-1,-1,-1
206,16,1171.98,308.52,106.14,309.08,0.77,-1,-1,-1
206,10,719.79,239.54,68.13,176.38,0.71,-1,-1,-1
206,41,1212.75,409.57,156.98,384.57,0.41,-1,-1,-1
206,1,644.99,231.61,44.05,120.08,0.18,-1,-1,-1
206,42,742.43,228.70,35.48,97.98,0.28,-1,-1,-1
206,37,592.71,272.03,132.62,320.09,0.83,-1,-1,-1
206,44,549.09,246.06,39.98,104.72,0.82,-1,-1,-1
206,17,468.84,299.60,54.43,106.61,0.79,-1,-1,-1
206,31,696.69,230.35,44.86,112.14,0.72,-1,-1,-1
206,40,1098.02,286.39,108.54,323.06,0.46,-1,-1,-1
206,45,-52.97,252.62,251.52,633.45,0.83,-1,-1,-1
206,35,1196.66,311.46,90.59,301.44,0.56,-1,-1,-1
206,43,720.44,237.22,33.41,91.10,0.55,-1,-1,-1
207,2,335.75,259.40,77.52,186.26,0.89,-1,-1,-1
207,3,960.52,247.31,252.03,620.81,0.86,-1,-1,-1
207,7,714.34,309.82,114.09,276.19,0.83,-1,-1,-1
207,8,791.59,303.13,112.10,273.69,0.82,-1,-1,-1
207,14,619.21,224.63,64.85,167.98,0.52,-1,-1,-1
207,16,1172.66,311.73,105.67,307.26,0.79,-1,-1,-1
207,10,722.32,241.56,65.22,168.42,0.66,-1,-1,-1
207,41,1208.68,416.19,158.27,387.28,0.35,-1,-1,-1
207,1,645.74,230.28,44.52,121.47,0.20,-1,-1,-1
207,42,741.67,228.40,37.04,102.23,0.23,-1,-1,-1
207,37,587.94,273.08,133.82,321.05,0.82,-1,-1,-1
207,44,548.70,246.26,39.94,104.71,0.82,-1,-1,-1
207,17,475.17,298.58,53.90,106.17,0.80,-1,-1,-1
207,31,695.78,230.15,44.97,112.40,0.72,-1,-1,-1
207,40,1094.95,282.59,109.53,326.51,0.55,-1,-1,-1
207,45,-52.65,247.89,254.43,639.16,0.83,-1,-1,-1
207,35,1197.55,313.08,89.77,299.73,0.47,-1,-1,-1
207,43,720.79,237.20,34.91,96.19,0.58,-1,-1,-1
208,2,337.90,259.93,76.94,184.18,0.88,-1,-1,-1
208,3,959.67,247.79,250.97,620.90,0.86,-1,-1,-1
208,7,713.27,309.54,113.96,275.88,0.83,-1,-1,-1
208,8,791.05,302.53,112.04,274.37,0.82,-1,-1,-1
208,14,620.84,225.98,62.66,160.58,0.53,-1,-1,-1
208,16,1172.64,312.91,106.45,309.20,0.80,-1,-1,-1
208,10,721.89,242.35,66.13,169.80,0.67,-1,-1,-1
208,41,1206.52,390.43,171.95,420.01,0.32,-1,-1,-1
208,1,647.23,229.60,43.68,119.15,0.23,-1,-1,-1
208,42,742.19,226.56,38.06,104.87,0.31,-1,-1,-1
208,37,597.48,274.90,129.31,312.05,0.79,-1,-1,-1
208,44,548.52,246.21,39.86,104.34,0.82,-1,-1,-1
208,17,479.97,298.36,53.17,106.22,0.80,-1,-1,-1
208,31,695.05,229.57,44.78,112.17,0.72,-1,-1,-1
208,40,1090.75,282.64,111.22,331.96,0.57,-1,-1,-1
208,45,-45.85,257.55,249.54,625.08,0.84,-1,-1,-1
208,35,1200.97,312.85,89.77,299.66,0.19,-1,-1,-1
208,43,721.77,236.95,34.22,94.48,0.59,-1,-1,-1
209,2,340.97,261.06,76.59,182.10,0.88,-1,-1,-1
209,3,959.50,248.28,249.72,619.91,0.87,-1,-1,-1
209,7,713.12,308.24,114.18,276.86,0.82,-1,-1,-1
209,8,790.74,302.73,111.68,273.96,0.82,-1,-1,-1
209,14,624.54,224.82,64.37,163.38,0.48,-1,-1,-1
209,16,1172.37,313.54,106.35,308.28,0.80,-1,-1,-1
209,10,722.75,241.77,66.11,168.66,0.61,-1,-1,-1
209,41,1206.36,396.20,167.57,407.66,0.36,-1,-1,-1
209,1,647.25,229.07,45.00,122.42,0.22,-1,-1,-1
209,42,744.24,226.71,35.94,99.26,0.10,-1,-1,-1
209,37,587.48,273.71,133.12,317.62,0.81,-1,-1,-1
209,44,548.54,246.65,39.61,103.50,0.81,-1,-1,-1
209,17,484.13,295.87,54.05,108.53,0.78,-1,-1,-1
209,31,694.71,230.20,44.06,110.54,0.72,-1,-1,-1
209,40,1089.84,281.43,109.32,326.97,0.54,-1,-1,-1
209,45,-39.99,267.44,242.57,603.73,0.85,-1,-1,-1
209,35,1202.62,312.81,89.55,298.61,0.17,-1,-1,-1
209,43,722.46,236.77,34.25,94.70,0.62,-1,-1,-1
209,46,575.30,308.20,98.22,284.94,0.67,-1,-1,-1
210,2,343.81,262.30,77.30,181.29,0.88,-1,-1,-1
210,3,958.83,249.74,249.75,622.80,0.87,-1,-1,-1
210,7,715.78,310.15,112.18,273.67,0.79,-1,-1,-1
210,8,791.95,302.98,112.15,273.96,0.83,-1,-1,-1
210,14,626.53,223.94,66.56,167.38,0.59,-1,-1,-1
210,16,1171.36,314.08,105.92,308.01,0.78,-1,-1,-1
210,10,724.39,238.03,69.12,177.09,0.59,-1,-1,-1
210,41,1203.37,404.71,166.09,403.56,0.48,-1,-1,-1
210,1,646.25,228.11,47.57,128.58,0.27,-1,-1,-1
210,42,744.31,224.84,37.37,103.25,0.16,-1,-1,-1
210,37,583.34,276.06,133.69,315.43,0.80,-1,-1,-1
210,44,547.81,245.87,40.09,104.79,0.81,-1,-1,-1
210,17,489.13,293.45,54.40,108.29,0.81,-1,-1,-1
210,31,695.03,232.36,43.45,109.13,0.73,-1,-1,-1
210,40,1085.15,286.09,110.44,329.85,0.48,-1,-1,-1
210,45,-29.86,278.78,234.15,580.04,0.87,-1,-1,-1
210,35,1205.48,314.59,88.44,296.05,0.12,-1,-1,-1
210,43,721.70,236.57,35.67,99.33,0.69,-1,-1,-1
210,46,578.29,311.77,96.91,280.94,0.63,-1,-1,-1
210,47,335.75,256.13,50.14,138.84,0.61,-1,-1,-1
210,48,677.44,308.79,49.27,125.46,0.70,-1,-1,-1
211,2,346.92,261.70,78.52,181.01,0.87,-1,-1,-1
211,3,958.56,250.05,249.47,624.51,0.86,-1,-1,-1
211,7,713.69,309.03,112.53,274.75,0.81,-1,-1,-1
211,8,791.90,303.15,112.53,273.83,0.83,-1,-1,-1
211,14,626.51,223.61,66.37,165.49,0.59,-1,-1,-1
211,16,1170.95,313.80,105.58,307.88,0.78,-1,-1,-1
211,10,724.91,235.15,70.16,180.06,0.60,-1,-1,-1
211,41,1205.62,407.56,156.55,378.72,0.53,-1,-1,-1
211,1,646.51,227.80,49.21,132.91,0.29,-1,-1,-1
211,42,738.41,232.25,46.17,123.81,0.61,-1,-1,-1
211,37,582.51,281.66,132.64,309.88,0.79,-1,-1,-1
211,44,546.97,245.19,40.55,105.99,0.82,-1,-1,-1
211,17,491.60,290.57,55.28,109.07,0.85,-1,-1,-1
211,31,695.04,232.44,43.54,109.70,0.73,-1,-1,-1
211,40,1085.93,287.15,105.78,316.27,0.39,-1,-1,-1
211,45,-23.66,282.14,228.54,562.61,0.87,-1,-1,-1
211,35,1207.04,315.77,87.40,293.35,0.12,-1,-1,-1
211,43,721.05,236.50,36.28,101.59,0.72,-1,-1,-1
211,46,575.81,303.20,99.24,286.84,0.77,-1,-1,-1
211,47,336.24,255.62,48.96,135.54,0.65,-1,-1,-1
211,48,678.41,307.87,49.53,126.04,0.73,-1,-1,-1
212,2,347.86,261.25,79.80,181.04,0.88,-1,-1,-1
212,3,958.05,249.00,250.44,629.09,0.86,-1,-1,-1
212,7,711.34,305.19,114.30,278.91,0.82,-1,-1,-1
212,8,791.53,303.78,112.76,273.34,0.82,-1,-1,-1
212,14,622.38,221.57,75.46,188.50,0.63,-1,-1,-1
212,16,1170.49,313.59,105.55,308.54,0.77,-1,-1,-1
212,10,725.16,234.74,69.60,178.73,0.61,-1,-1,-1
212,41,1205.02,407.33,153.26,369.24,0.52,-1,-1,-1
212,1,647.33,227.41,50.93,137.66,0.24,-1,-1,-1
212,42,735.38,234.77,50.53,132.87,0.51,-1,-1,-1
212,37,581.40,286.65,132.10,304.32,0.78,-1,-1,-1
212,44,546.47,245.44,40.60,106.04,0.83,-1,-1,-1
212,17,494.15,289.71,55.65,107.69,0.85,-1,-1,-1
212,31,694.68,233.20,43.37,109.69,0.73,-1,-1,-1
212,40,1084.24,293.09,103.11,307.36,0.30,-1,-1,-1
212,45,-19.82,286.95,224.91,550.01,0.87,-1,-1,-1
212,35,1210.17,316.44,86.02,289.06,0.13,-1,-1,-1
212,43,720.93,236.58,36.40,102.49,0.72,-1,-1,-1
212,46,577.52,306.29,99.38,286.85,0.70,-1,-1,-1
212,47,335.62,255.05,51.41,142.32,0.62,-1,-1,-1
212,48,679.58,308.01,49.54,125.83,0.72,-1,-1,-1
213,2,347.26,261.06,81.16,181.04,0.87,-1,-1,-1
213,3,959.06,249.64,248.31,624.88,0.86,-1,-1,-1
213,7,709.70,305.32,114.91,279.14,0.83,-1,-1,-1
213,8,791.73,303.98,113.11,272.94,0.82,-1,-1,-1
213,14,622.40,220.56,77.52,193.87,0.66,-1,-1,-1
213,16,1171.30,314.03,104.15,305.07,0.77,-1,-1,-1
213,10,725.32,234.87,69.05,177.71,0.61,-1,-1,-1
213,41,1203.16,401.70,158.84,382.20,0.51,-1,-1,-1
213,1,646.93,226.97,52.60,142.11,0.28,-1,-1,-1
213,42,733.65,235.40,52.71,136.34,0.49,-1,-1,-1
213,37,584.06,286.32,132.38,301.65,0.78,-1,-1,-1
213,44,545.91,245.16,40.66,105.92,0.82,-1,-1,-1
213,17,496.84,288.02,55.68,105.55,0.83,-1,-1,-1
213,31,693.76,232.74,43.66,110.81,0.74,-1,-1,-1
213,40,1079.39,287.06,107.46,318.13,0.40,-1,-1,-1
213,45,-17.06,285.84,223.07,542.50,0.87,-1,-1,-1
213,35,1213.94,310.90,86.67,291.40,0.25,-1,-1,-1
213,43,721.15,236.26,36.18,102.43,0.69,-1,-1,-1
213,46,577.51,297.80,102.94,294.74,0.77,-1,-1,-1
213,47,333.20,255.39,59.90,165.76,0.74,-1,-1,-1
213,48,680.69,308.64,49.19,124.46,0.73,-1,-1,-1
214,2,346.81,259.09,83.32,183.33,0.87,-1,-1,-1
214,3,960.73,251.44,245.63,618.25,0.86,-1,-1,-1
214,7,709.37,307.37,114.48,276.46,0.83,-1,-1,-1
214,8,791.54,304.32,113.36,272.23,0.82,-1,-1,-1
214,14,624.07,220.81,75.77,188.82,0.69,-1,-1,-1
214,16,1171.69,315.84,101.54,298.91,0.76,-1,-1,-1
214,10,725.26,234.73,68.85,177.58,0.64,-1,-1,-1
214,41,1201.51,382.73,167.39,402.15,0.39,-1,-1,-1
214,1,646.50,226.71,52.92,142.25,0.40,-1,-1,-1
214,42,733.62,233.83,50.90,128.23,0.46,-1,-1,-1
214,37,583.31,283.66,134.90,303.94,0.82,-1,-1,-1
214,44,545.16,244.65,40.65,105.42,0.78,-1,-1,-1
214,17,507.08,287.60,54.27,102.83,0.80,-1,-1,-1
214,31,692.36,231.08,44.64,113.85,0.75,-1,-1,-1
214,40,1083.24,283.67,108.37,322.39,0.58,-1,-1,-1
214,45,-16.63,284.53,223.96,542.71,0.88,-1,-1,-1
214,35,1213.26,298.65,100.84,333.19,0.49,-1,-1,-1
214,43,721.12,235.82,36.31,103.07,0.65,-1,-1,-1
214,46,578.58,307.02,100.21,286.98,0.57,-1,-1,-1
214,47,332.08,255.23,63.18,174.78,0.77,-1,-1,-1
214,48,682.06,309.58,48.27,121.55,0.74,-1,-1,-1
215,2,348.18,258.28,83.81,183.33,0.86,-1,-1,-1
215,3,961.22,252.94,243.79,613.88,0.86,-1,-1,-1
215,7,708.75,309.32,113.68,272.82,0.82,-1,-1,-1
215,8,791.15,305.06,113.37,270.91,0.82,-1,-1,-1
215,14,627.99,222.04,71.96,178.15,0.68,-1,-1,-1
215,16,1172.34,321.80,95.25,280.77,0.74,-1,-1,-1
215,10,725.14,235.76,68.33,176.76,0.60,-1,-1,-1
215,41,1191.19,313.10,182.40,443.74,0.58,-1,-1,-1
215,1,646.58,226.77,52.67,140.54,0.42,-1,-1,-1
215,42,731.93,234.26,53.39,132.89,0.45,-1,-1,-1
215,37,581.83,283.61,136.60,304.53,0.83,-1,-1,-1
215,44,544.44,243.83,40.79,105.21,0.74,-1,-1,-1
215,17,514.04,289.02,52.70,100.60,0.82,-1,-1,-1
215,31,692.83,231.47,44.29,113.32,0.73,-1,-1,-1
215,40,1086.63,279.79,107.40,322.18,0.52,-1,-1,-1
215,45,-14.81,281.06,224.50,542.44,0.88,-1,-1,-1
215,35,1209.37,286.43,116.40,381.30,0.54,-1,-1,-1
215,43,720.98,236.08,36.07,102.64,0.58,-1,-1,-1
215,46,591.30,284.79,102.02,290.66,0.70,-1,-1,-1
215,47,329.72,256.93,64.06,176.79,0.78,-1,-1,-1
215,48,682.68,308.80,48.87,122.45,0.71,-1,-1,-1
216,2,349.80,256.68,84.62,184.55,0.86,-1,-1,-1
216,3,961.66,253.21,242.69,611.06,0.86,-1,-1,-1
216,7,708.17,307.85,114.66,273.58,0.82,-1,-1,-1
216,8,790.80,305.69,113.53,270.00,0.81,-1,-1,-1
216,14,629.32,223.11,70.76,174.03,0.67,-1,-1,-1
216,16,1169.25,314.31,100.20,297.58,0.73,-1,-1,-1
216,10,725.35,237.50,67.51,174.67,0.58,-1,-1,-1
216,41,1181.38,284.07,184.80,456.86,0.72,-1,-1,-1
216,1,648.96,227.28,52.08,138.87,0.34,-1,-1,-1
216,42,732.29,237.09,50.07,121.65,0.41,-1,-1,-1
216,37,583.76,288.78,135.93,299.89,0.82,-1,-1,-1
216,44,544.34,244.07,40.25,103.57,0.76,-1,-1,-1
216,17,519.15,290.78,51.80,99.27,0.82,-1,-1,-1
216,31,692.88,230.33,44.23,113.73,0.72,-1,-1,-1
216,40,1086.87,278.93,106.55,321.45,0.49,-1,-1,-1
216,45,-13.98,278.46,223.06,536.69,0.88,-1,-1,-1
216,35,1201.94,280.88,119.23,386.13,0.55,-1,-1,-1
216,43,720.94,236.92,35.65,101.67,0.56,-1,-1,-1
216,46,597.82,280.16,101.83,288.45,0.69,-1,-1,-1
216,47,328.65,255.91,63.63,176.29,0.78,-1,-1,-1
216,48,683.71,309.03,49.24,122.46,0.74,-1,-1,-1
217,2,352.15,256.16,85.27,185.24,0.87,-1,-1,-1
217,3,962.32,255.67,241.45,607.45,0.86,-1,-1,-1
217,7,708.04,307.44,115.36,273.99,0.81,-1,-1,-1
217,8,790.55,306.16,113.53,269.46,0.82,-1,-1,-1
217,14,629.56,224.02,71.32,174.90,0.68,-1,-1,-1
217,10,725.35,237.80,67.52,174.23,0.53,-1,-1,-1
217,41,1176.88,269.66,183.43,458.11,0.56,-1,-1,-1
217,1,651.65,227.89,49.64,132.49,0.25,-1,-1,-1
217,42,732.75,236.40,51.34,122.28,0.40,-1,-1,-1
217,37,582.51,283.08,140.06,306.85,0.83,-1,-1,-1
217,44,543.53,243.92,40.99,105.36,0.72,-1,-1,-1
217,17,525.40,293.04,49.89,96.86,0.76,-1,-1,-1
217,31,693.11,229.49,44.26,114.32,0.70,-1,-1,-1
217,40,1082.75,275.70,111.56,339.06,0.38,-1,-1,-1
217,45,-17.38,272.28,223.45,534.18,0.88,-1,-1,-1
217,35,1187.15,277.28,127.12,408.08,0.77,-1,-1,-1
217,43,721.28,238.09,34.85,99.52,0.55,-1,-1,-1
217,46,584.98,302.96,99.74,282.75,0.57,-1,-1,-1
217,47,327.47,254.55,62.71,174.67,0.81,-1,-1,-1
217,48,685.01,308.36,49.28,121.46,0.74,-1,-1,-1
218,2,356.08,255.83,83.71,181.86,0.87,-1,-1,-1
218,3,961.42,258.88,239.34,602.03,0.86,-1,-1,-1
218,7,709.93,307.82,115.47,272.81,0.81,-1,-1,-1
218,8,792.00,303.85,113.59,269.47,0.82,-1,-1,-1
218,14,627.59,224.21,75.48,185.91,0.69,-1,-1,-1
218,10,724.99,238.47,68.32,176.21,0.52,-1,-1,-1
218,1,656.83,228.37,43.26,115.26,0.27,-1,-1,-1
218,42,732.71,238.51,52.02,121.74,0.36,-1,-1,-1
218,37,581.52,277.38,143.43,312.66,0.83,-1,-1,-1
218,44,543.41,244.45,40.94,105.22,0.69,-1,-1,-1
218,17,529.17,292.21,50.20,98.30,0.81,-1,-1,-1
218,31,693.65,229.13,43.41,112.43,0.69,-1,-1,-1
218,40,1077.41,274.16,119.06,364.17,0.46,-1,-1,-1
218,45,-13.74,273.83,219.93,523.33,0.88,-1,-1,-1
218,35,1170.05,277.47,133.48,424.14,0.81,-1,-1,-1
218,43,721.61,237.70,35.75,101.84,0.56,-1,-1,-1
218,46,579.12,317.00,96.61,274.89,0.65,-1,-1,-1
218,47,328.59,254.49,61.25,171.21,0.82,-1,-1,-1
218,48,685.71,304.54,50.62,123.95,0.70,-1,-1,-1
219,2,359.48,255.45,82.62,179.46,0.87,-1,-1,-1
219,3,960.40,256.39,241.44,607.89,0.87,-1,-1,-1
219,7,710.49,308.81,115.45,271.52,0.80,-1,-1,-1
219,8,791.82,303.32,113.02,268.93,0.83,-1,-1,-1
219,14,626.33,226.19,76.46,188.48,0.56,-1,-1,-1
219,10,723.82,237.28,70.04,180.58,0.43,-1,-1,-1
219,1,657.39,229.68,44.62,119.36,0.35,-1,-1,-1
219,42,730.42,239.74,55.48,128.28,0.38,-1,-1,-1
219,37,580.33,273.35,145.88,316.98,0.83,-1,-1,-1
219,44,534.41,241.60,52.57,135.30,0.69,-1,-1,-1
219,17,531.55,283.74,54.52,107.22,0.77,-1,-1,-1
219,31,693.77,227.75,43.25,112.37,0.66,-1,-1,-1
219,40,1078.74,278.13,126.33,384.54,0.43,-1,-1,-1
219,45,-8.87,278.52,215.37,509.44,0.87,-1,-1,-1
219,35,1146.32,277.18,137.76,429.63,0.81,-1,-1,-1
219,43,721.44,238.06,35.90,101.94,0.52,-1,-1,-1
219,46,577.53,322.58,95.02,270.98,0.70,-1,-1,-1
219,47,330.90,254.70,61.27,170.98,0.82,-1,-1,-1
219,48,685.55,299.57,52.51,128.47,0.62,-1,-1,-1
220,2,362.46,255.94,81.75,177.91,0.87,-1,-1,-1
220,3,959.73,259.12,241.77,610.02,0.87,-1,-1,-1
220,7,710.96,310.66,114.85,269.08,0.81,-1,-1,-1
220,8,792.94,303.31,112.54,268.68,0.83,-1,-1,-1
220,14,623.73,225.59,79.99,197.00,0.52,-1,-1,-1
220,10,722.84,236.88,70.74,182.12,0.54,-1,-1,-1
220,1,658.42,230.30,45.32,121.28,0.25,-1,-1,-1
220,42,727.82,240.14,59.17,135.79,0.34,-1,-1,-1
220,37,580.19,273.95,146.00,316.28,0.83,-1,-1,-1
220,44,537.54,243.43,48.57,125.06,0.15,-1,-1,-1
220,17,532.10,270.55,61.54,121.98,0.72,-1,-1,-1
220,31,693.96,227.42,43.22,112.65,0.64,-1,-1,-1
220,40,1072.38,280.26,128.92,393.13,0.38,-1,-1,-1
220,45,-4.43,281.41,211.25,497.77,0.88,-1,-1,-1
220,35,1140.18,278.37,134.68,416.51,0.78,-1,-1,-1
220,43,721.46,238.79,35.92,101.60,0.37,-1,-1,-1
220,46,577.23,324.49,94.16,269.16,0.72,-1,-1,-1
220,47,333.54,254.43,60.91,168.36,0.82,-1,-1,-1
220,48,686.76,299.65,52.37,127.95,0.76,-1,-1,-1
221,2,364.39,255.90,81.39,177.48,0.88,-1,-1,-1
221,3,959.74,258.35,242.12,611.46,0.87,-1,-1,-1
221,7,711.91,311.49,114.81,268.28,0.82,-1,-1,-1
221,8,791.00,303.24,112.13,269.43,0.82,-1,-1,-1
221,14,624.58,230.09,74.96,183.21,0.52,-1,-1,-1
221,10,722.72,236.52,70.08,179.86,0.60,-1,-1,-1
221,1,660.99,230.83,46.53,124.60,0.43,-1,-1,-1
221,42,725.63,239.91,61.20,140.25,0.23,-1,-1,-1
221,37,581.67,282.05,142.29,306.82,0.82,-1,-1,-1
221,44,539.23,243.80,46.25,118.13,0.34,-1,-1,-1
221,17,536.90,272.11,58.91,116.81,0.79,-1,-1,-1
221,31,694.16,226.50,43.47,113.82,0.59,-1,-1,-1
221,40,1068.83,283.04,125.17,380.58,0.15,-1,-1,-1
221,45,1.90,281.84,209.94,494.81,0.88,-1,-1,-1
221,35,1135.59,281.41,129.72,395.50,0.73,-1,-1,-1
221,43,722.66,239.07,36.56,102.34,0.15,-1,-1,-1
221,46,578.11,322.69,94.77,270.53,0.74,-1,-1,-1
221,47,334.87,254.36,59.43,162.52,0.82,-1,-1,-1
221,48,687.90,296.18,53.83,131.46,0.77,-1,-1,-1
221,16,1192.10,307.13,89.52,268.24,0.57,-1,-1,-1
222,2,367.31,255.30,80.55,176.90,0.88,-1,-1,-1
222,3,961.08,258.25,241.82,610.03,0.85,-1,-1,-1
222,7,712.96,312.33,114.48,267.08,0.81,-1,-1,-1
222,8,790.92,302.63,112.04,270.39,0.82,-1,-1,-1
222,14,621.60,229.34,74.57,181.30,0.51,-1,-1,-1
222,10,722.88,235.72,69.67,178.32,0.59,-1,-1,-1
222,1,664.57,228.50,46.99,126.67,0.45,-1,-1,-1
222,42,725.51,238.00,61.40,140.43,0.31,-1,-1,-1
222,37,580.33,274.80,145.63,313.54,0.82,-1,-1,-1
222,44,541.00,243.77,43.33,110.78,0.53,-1,-1,-1
222,17,540.07,270.42,58.44,115.16,0.81,-1,-1,-1
222,31,693.96,225.14,44.65,117.28,0.62,-1,-1,-1
222,40,1071.77,286.98,119.41,359.81,0.11,-1,-1,-1
222,45,8.79,285.11,205.89,484.03,0.89,-1,-1,-1
222,35,1120.42,284.21,126.70,375.10,0.63,-1,-1,-1
222,43,723.49,238.93,36.55,101.13,0.22,-1,-1,-1
222,46,577.50,319.43,96.21,274.76,0.71,-1,-1,-1
222,47,335.02,254.54,57.64,155.87,0.84,-1,-1,-1
222,48,689.19,290.75,55.03,135.19,0.70,-1,-1,-1
222,16,1183.71,302.20,99.87,298.80,0.58,-1,-1,-1
223,2,370.38,253.19,80.43,178.03,0.88,-1,-1,-1
223,3,963.14,257.25,243.32,611.25,0.84,-1,-1,-1
223,7,711.26,313.55,113.87,264.51,0.81,-1,-1,-1
223,8,792.53,302.40,112.29,271.01,0.83,-1,-1,-1
223,14,620.48,227.96,76.83,187.15,0.47,-1,-1,-1
223,10,723.08,235.93,69.57,177.25,0.65,-1,-1,-1
223,1,666.09,225.25,49.49,134.09,0.60,-1,-1,-1
223,37,576.49,265.99,151.81,327.55,0.83,-1,-1,-1
223,44,541.66,243.07,42.72,109.86,0.68,-1,-1,-1
223,17,544.03,268.96,58.86,114.25,0.75,-1,-1,-1
223,31,694.61,224.76,42.65,112.87,0.68,-1,-1,-1
223,45,15.31,286.17,203.52,480.38,0.89,-1,-1,-1
223,35,1102.41,286.74,132.00,389.79,0.68,-1,-1,-1
223,43,723.61,239.25,36.77,101.00,0.15,-1,-1,-1
223,46,577.57,313.47,98.85,281.92,0.47,-1,-1,-1
223,47,335.69,254.61,57.26,152.81,0.85,-1,-1,-1
223,48,690.87,290.53,54.23,133.62,0.67,-1,-1,-1
223,16,1178.52,302.59,106.99,324.81,0.65,-1,-1,-1
223,53,216.35,263.06,28.96,71.77,0.61,-1,-1,-1
224,2,374.52,252.90,79.25,177.43,0.89,-1,-1,-1
224,3,963.37,252.35,246.48,616.03,0.85,-1,-1,-1
224,7,710.67,314.58,113.67,262.83,0.81,-1,-1,-1
224,8,795.04,302.40,112.65,271.41,0.83,-1,-1,-1
224,14,624.13,228.30,72.04,175.52,0.54,-1,-1,-1
224,10,725.06,235.69,68.21,173.77,0.65,-1,-1,-1
224,1,666.88,223.42,52.45,143.08,0.66,-1,-1,-1
224,37,576.66,259.60,153.58,331.97,0.83,-1,-1,-1
224,44,541.40,242.68,43.02,111.44,0.74,-1,-1,-1
224,17,552.61,272.59,55.22,106.84,0.65,-1,-1,-1
224,31,697.05,225.58,40.94,109.15,0.68,-1,-1,-1
224,45,18.44,285.44,204.41,484.75,0.89,-1,-1,-1
224,35,1088.40,288.46,131.76,388.75,0.65,-1,-1,-1
224,43,724.99,239.49,36.42,99.58,0.12,-1,-1,-1
224,46,577.06,312.47,99.17,282.72,0.56,-1,-1,-1
224,47,336.12,254.40,57.30,150.65,0.87,-1,-1,-1
224,48,692.51,292.38,53.46,132.52,0.77,-1,-1,-1
224,16,1178.12,304.54,104.06,319.75,0.71,-1,-1,-1
224,53,216.33,262.59,29.10,72.09,0.65,-1,-1,-1
225,2,376.81,252.57,78.66,177.62,0.87,-1,-1,-1
225,3,963.54,247.48,249.10,619.06,0.83,-1,-1,-1
225,7,710.79,315.50,113.38,262.22,0.81,-1,-1,-1
225,8,796.06,302.86,112.45,270.89,0.83,-1,-1,-1
225,14,625.37,229.93,69.18,167.97,0.39,-1,-1,-1
225,10,724.85,235.28,69.34,176.65,0.65,-1,-1,-1
225,1,674.48,223.66,64.32,176.09,0.53,-1,-1,-1
225,37,578.34,261.38,150.66,326.07,0.84,-1,-1,-1
225,44,541.10,241.68,43.74,114.06,0.75,-1,-1,-1
225,17,558.02,275.29,52.98,101.79,0.60,-1,-1,-1
225,31,698.86,224.57,39.64,106.41,0.63,-1,-1,-1
225,45,24.32,286.09,202.05,481.53,0.89,-1,-1,-1
225,35,1089.41,300.50,127.07,378.15,0.22,-1,-1,-1
225,46,577.45,309.85,100.38,285.61,0.52,-1,-1,-1
225,47,335.92,253.88,58.00,150.61,0.87,-1,-1,-1
225,48,693.96,297.52,50.83,126.77,0.70,-1,-1,-1
225,16,1178.41,308.88,99.82,306.49,0.76,-1,-1,-1
225,53,216.60,262.22,28.97,71.70,0.62,-1,-1,-1
225,40,1076.36,274.36,122.30,371.97,0.65,-1,-1,-1
226,2,379.27,252.68,78.11,177.05,0.86,-1,-1,-1
226,3,963.89,255.81,244.47,605.78,0.85,-1,-1,-1
226,7,710.57,315.25,113.88,262.32,0.81,-1,-1,-1
226,8,795.61,302.46,112.86,271.58,0.83,-1,-1,-1
226,14,626.41,236.28,67.60,164.68,0.22,-1,-1,-1
226,10,725.60,234.61,69.72,178.32,0.65,-1,-1,-1
226,1,677.31,225.90,66.96,182.82,0.62,-1,-1,-1
226,37,579.41,263.71,149.37,323.17,0.84,-1,-1,-1
226,44,540.90,241.64,43.97,115.26,0.81,-1,-1,-1
226,17,567.43,278.57,50.20,97.16,0.55,-1,-1,-1
226,31,699.21,225.13,40.80,109.71,0.48,-1,-1,-1
226,45,33.68,291.31,197.46,468.37,0.88,-1,-1,-1
226,35,1070.52,290.65,135.42,399.48,0.20,-1,-1,-1
226,46,586.60,274.37,107.94,307.92,0.55,-1,-1,-1
226,47,335.47,253.40,58.89,151.12,0.87,-1,-1,-1
226,48,695.14,297.14,50.06,125.39,0.59,-1,-1,-1
226,16,1173.99,308.48,101.39,309.76,0.78,-1,-1,-1
226,53,216.94,262.14,28.43,70.31,0.58,-1,-1,-1
226,40,1079.11,270.90,116.64,358.05,0.64,-1,-1,-1
227,2,383.13,253.97,76.39,173.35,0.87,-1,-1,-1
227,3,964.76,258.83,241.51,596.61,0.85,-1,-1,-1
227,7,710.68,314.07,114.78,263.87,0.81,-1,-1,-1
227,8,795.03,302.59,113.14,272.05,0.83,-1,-1,-1
227,14,632.14,235.76,61.00,148.01,0.44,-1,-1,-1
227,10,726.05,234.74,69.17,177.47,0.64,-1,-1,-1
227,1,679.96,226.99,67.38,184.19,0.46,-1,-1,-1
227,37,580.33,270.84,147.13,316.94,0.81,-1,-1,-1
227,44,541.77,241.69,42.63,111.70,0.78,-1,-1,-1
227,17,569.17,279.75,54.58,106.38,0.51,-1,-1,-1
227,31,701.63,225.13,38.18,103.16,0.61,-1,-1,-1
227,45,42.50,292.37,196.56,461.72,0.88,-1,-1,-1
227,46,581.64,295.74,103.22,294.33,0.60,-1,-1,-1
227,47,334.80,252.97,59.60,151.51,0.87,-1,-1,-1
227,48,696.80,298.20,48.76,122.25,0.53,-1,-1,-1
227,16,1172.23,309.23,102.14,309.46,0.78,-1,-1,-1
227,53,216.86,261.93,28.40,70.16,0.57,-1,-1,-1
227,40,1082.52,268.96,112.86,347.42,0.62,-1,-1,-1
228,2,386.22,254.69,75.75,171.61,0.87,-1,-1,-1
228,3,964.79,258.49,242.07,596.70,0.86,-1,-1,-1
228,7,711.54,312.72,115.03,264.70,0.80,-1,-1,-1
228,8,793.77,301.79,113.94,272.98,0.84,-1,-1,-1
228,14,635.36,233.48,58.94,143.15,0.39,-1,-1,-1
228,10,725.96,234.79,69.19,178.06,0.65,-1,-1,-1
228,1,681.05,223.23,69.57,191.17,0.43,-1,-1,-1
228,37,577.52,268.93,149.26,321.38,0.81,-1,-1,-1
228,44,542.42,241.88,41.29,108.06,0.80,-1,-1,-1
228,17,577.48,280.25,53.21,105.90,0.65,-1,-1,-1
228,31,701.99,224.02,37.99,103.11,0.52,-1,-1,-1
228,45,51.08,287.74,199.40,466.33,0.90,-1,-1,-1
228,46,579.62,305.69,100.80,287.16,0.67,-1,-1,-1
228,47,334.43,252.55,60.19,151.73,0.87,-1,-1,-1
228,48,697.55,295.64,49.48,124.17,0.45,-1,-1,-1
228,16,1171.03,300.78,104.04,316.06,0.79,-1,-1,-1
228,53,216.91,262.05,28.28,69.81,0.65,-1,-1,-1
228,40,1085.54,267.01,110.54,341.37,0.63,-1,-1,-1
228,54,617.83,230.44,40.04,108.46,0.61,-1,-1,-1
229,2,389.40,254.60,75.58,171.46,0.86,-1,-1,-1
229,3,966.06,260.29,242.05,595.80,0.87,-1,-1,-1
229,7,712.71,311.62,114.95,265.86,0.80,-1,-1,-1
229,8,793.40,300.55,114.78,274.55,0.84,-1,-1,-1
229,14,637.88,230.99,57.21,139.73,0.39,-1,-1,-1
229,10,727.50,235.80,66.95,172.64,0.67,-1,-1,-1
229,1,677.17,222.27,65.58,179.95,0.56,-1,-1,-1
229,37,575.64,261.01,153.72,331.76,0.82,-1,-1,-1
229,44,542.67,242.14,40.72,106.18,0.80,-1,-1,-1
229,17,585.88,280.48,49.56,100.11,0.74,-1,-1,-1
229,31,704.26,225.02,38.15,103.27,0.55,-1,-1,-1
229,45,57.21,281.26,201.37,467.42,0.91,-1,-1,-1
229,46,577.72,306.86,99.91,285.57,0.52,-1,-1,-1
229,47,334.18,252.55,60.68,151.80,0.86,-1,-1,-1
229,48,698.22,294.81,49.61,124.57,0.38,-1,-1,-1
229,16,1172.84,306.50,102.82,310.71,0.79,-1,-1,-1
229,53,215.98,261.51,29.95,74.01,0.64,-1,-1,-1
229,40,1085.11,267.07,111.83,345.99,0.60,-1,-1,-1
229,54,617.45,229.70,41.91,113.61,0.54,-1,-1,-1
229,55,-67.63,312.14,154.88,422.22,0.75,-1,-1,-1
230,2,392.69,255.29,75.12,170.18,0.85,-1,-1,-1
230,3,966.65,258.47,241.92,594.72,0.87,-1,-1,-1
230,7,711.22,308.08,116.44,271.06,0.80,-1,-1,-1
230,8,794.42,300.28,114.68,274.78,0.84,-1,-1,-1
230,14,637.70,233.51,57.62,140.69,0.43,-1,-1,-1
230,10,727.66,235.32,66.76,172.43,0.68,-1,-1,-1
230,1,677.93,219.65,64.84,177.05,0.69,-1,-1,-1
230,37,574.74,255.85,155.57,337.01,0.83,-1,-1,-1
230,44,542.90,242.10,40.60,105.53,0.80,-1,-1,-1
230,17,590.71,277.02,47.69,98.30,0.74,-1,-1,-1
230,31,704.25,226.26,39.12,105.62,0.35,-1,-1,-1
230,45,62.91,279.87,203.69,470.17,0.92,-1,-1,-1
230,46,576.81,309.85,98.46,282.53,0.46,-1,-1,-1
230,47,333.76,252.32,61.47,152.52,0.86,-1,-1,-1
230,48,699.87,296.86,48.58,122.06,0.60,-1,-1,-1
230,16,1174.69,309.32,101.87,307.18,0.79,-1,-1,-1
230,53,216.12,261.45,29.74,73.35,0.62,-1,-1,-1
230,40,1088.37,267.61,107.97,334.59,0.57,-1,-1,-1
230,54,616.87,229.53,42.13,114.28,0.51,-1,-1,-1
230,55,-63.13,312.70,152.59,415.88,0.77,-1,-1,-1
231,2,394.54,257.02,74.56,167.88,0.86,-1,-1,-1
231,3,967.54,259.89,241.22,591.93,0.86,-1,-1,-1
231,7,711.63,309.46,115.08,269.96,0.80,-1,-1,-1
231,8,796.70,300.78,113.79,273.66,0.86,-1,-1,-1
231,14,635.57,232.99,61.97,151.79,0.44,-1,-1,-1
231,10,727.42,234.14,68.26,177.28,0.68,-1,-1,-1
231,1,676.87,218.83,67.17,183.44,0.72,-1,-1,-1
231,37,574.29,255.57,154.78,336.82,0.83,-1,-1,-1
231,44,543.07,241.54,40.81,105.94,0.79,-1,-1,-1
231,17,596.55,277.02,43.08,89.99,0.47,-1,-1,-1
231,31,705.53,226.79,38.17,102.99,0.26,-1,-1,-1
231,45,70.16,280.36,201.80,462.80,0.92,-1,-1,-1
231,46,576.94,310.19,98.10,282.33,0.49,-1,-1,-1
231,47,333.60,252.14,61.97,152.64,0.86,-1,-1,-1
231,48,701.20,297.20,48.08,121.02,0.54,-1,-1,-1
231,16,1175.24,311.55,100.80,302.83,0.79,-1,-1,-1
231,53,217.23,262.01,28.28,69.56,0.26,-1,-1,-1
231,40,1091.70,269.70,104.03,322.71,0.51,-1,-1,-1
231,54,614.98,227.02,45.63,123.82,0.48,-1,-1,-1
231,55,-60.38,309.77,152.97,415.82,0.78,-1,-1,-1
231,56,749.32,316.66,90.14,256.77,0.65,-1,-1,-1
232,2,396.04,256.84,74.88,167.49,0.87,-1,-1,-1
232,3,968.01,260.98,240.50,589.10,0.86,-1,-1,-1
232,7,714.73,311.46,112.93,267.05,0.81,-1,-1,-1
232,8,798.63,300.15,113.44,273.58,0.86,-1,-1,-1
232,14,638.82,233.99,59.13,146.05,0.12,-1,-1,-1
232,10,726.82,232.52,70.82,185.17,0.68,-1,-1,-1
232,1,677.85,219.72,67.90,185.19,0.76,-1,-1,-1
232,37,577.93,263.78,148.08,322.81,0.81,-1,-1,-1
232,44,543.23,241.50,40.85,105.79,0.78,-1,-1,-1
232,17,601.27,270.23,44.36,93.81,0.11,-1,-1,-1
232,31,700.14,225.17,48.30,131.49,0.27,-1,-1,-1
232,45,73.10,279.41,202.14,461.37,0.91,-1,-1,-1
232,46,577.65,314.57,97.74,281.02,0.69,-1,-1,-1
232,47,333.36,252.32,62.33,152.60,0.86,-1,-1,-1
232,48,701.76,296.10,48.47,122.36,0.50,-1,-1,-1
232,16,1171.84,302.51,103.91,312.94,0.79,-1,-1,-1
232,53,216.88,261.85,28.71,70.79,0.18,-1,-1,-1
232,40,1094.91,268.95,100.02,312.78,0.56,-1,-1,-1
232,54,614.19,226.26,45.74,123.99,0.41,-1,-1,-1
232,55,-56.72,309.05,155.14,419.89,0.79,-1,-1,-1
232,56,754.81,317.42,88.43,252.37,0.61,-1,-1,-1
232,57,1160.63,314.82,95.73,290.98,0.60,-1,-1,-1
233,2,397.23,255.95,75.09,167.48,0.88,-1,-1,-1
233,3,959.97,261.83,243.28,589.79,0.85,-1,-1,-1
233,7,715.73,312.33,111.58,266.19,0.81,-1,-1,-1
233,8,799.26,302.07,112.96,273.21,0.84,-1,-1,-1
233,14,639.54,232.70,65.64,162.16,0.58,-1,-1,-1
233,10,727.84,232.47,70.86,186.51,0.67,-1,-1,-1
233,1,680.61,220.33,68.22,186.29,0.74,-1,-1,-1
233,37,578.97,274.07,143.74,313.89,0.81,-1,-1,-1
233,44,544.23,240.29,41.11,106.07,0.78,-1,-1,-1
233,17,606.56,269.03,46.74,99.92,0.29,-1,-1,-1
233,31,699.15,223.90,49.43,134.90,0.14,-1,-1,-1
233,45,73.93,278.35,200.42,457.09,0.90,-1,-1,-1
233,46,579.17,314.70,96.72,278.04,0.71,-1,-1,-1
233,47,333.21,252.04,62.78,152.99,0.86,-1,-1,-1
233,48,702.08,296.57,48.26,121.92,0.55,-1,-1,-1
233,16,1170.06,298.40,105.65,318.75,0.80,-1,-1,-1
233,53,217.10,261.86,28.50,70.24,0.15,-1,-1,-1
233,40,1095.83,270.76,98.79,311.13,0.51,-1,-1,-1
233,54,615.93,225.91,43.36,117.45,0.60,-1,-1,-1
233,55,-53.92,308.25,156.59,421.85,0.80,-1,-1,-1
233,56,756.59,319.23,86.89,248.78,0.59,-1,-1,-1
233,57,1157.45,316.50,95.32,289.86,0.61,-1,-1,-1
233,35,952.23,281.98,134.45,384.47,0.72,-1,-1,-1
234,2,399.30,255.36,74.47,166.82,0.88,-1,-1,-1
234,3,956.31,259.96,246.08,589.19,0.85,-1,-1,-1
234,7,715.22,311.80,111.03,266.48,0.80,-1,-1,-1
234,8,799.06,300.65,113.81,275.09,0.85,-1,-1,-1
234,14,642.44,229.75,69.84,173.38,0.62,-1,-1,-1
234,10,728.03,232.93,71.35,188.43,0.65,-1,-1,-1
234,1,683.59,219.45,68.93,188.83,0.72,-1,-1,-1
234,37,578.47,273.76,141.17,310.44,0.82,-1,-1,-1
234,44,544.88,240.26,41.01,105.56,0.79,-1,-1,-1
234,17,607.02,240.42,61.12,134.05,0.35,-1,-1,-1
234,31,703.69,222.25,48.14,132.04,0.11,-1,-1,-1
234,45,75.20,279.80,196.60,448.86,0.88,-1,-1,-1
234,46,580.70,314.73,96.52,277.21,0.69,-1,-1,-1
234,47,333.03,251.79,63.01,153.18,0.86,-1,-1,-1
234,48,702.99,296.51,48.08,121.69,0.66,-1,-1,-1
234,16,1170.99,297.58,105.39,318.43,0.79,-1,-1,-1
234,40,1096.50,273.90,99.91,314.80,0.52,-1,-1,-1
234,54,616.20,226.81,43.07,116.64,0.56,-1,-1,-1
234,55,-49.89,308.08,159.22,427.06,0.79,-1,-1,-1
234,56,757.67,320.38,85.29,245.36,0.54,-1,-1,-1
234,57,1153.95,318.68,94.62,287.98,0.62,-1,-1,-1
234,58,599.81,270.77,98.38,283.48,0.54,-1,-1,-1
234,35,937.34,279.49,138.12,384.18,0.80,-1,-1,-1
235,2,402.35,255.05,73.97,166.76,0.87,-1,-1,-1
235,3,951.64,257.48,252.21,597.26,0.83,-1,-1,-1
235,7,714.07,312.27,110.40,266.01,0.80,-1,-1,-1
235,8,800.19,299.86,113.87,275.64,0.85,-1,-1,-1
235,14,645.63,229.86,69.70,173.71,0.59,-1,-1,-1
235,10,727.88,233.19,72.17,190.83,0.59,-1,-1,-1
235,1,685.42,220.74,68.95,189.38,0.71,-1,-1,-1
235,37,578.54,271.41,140.84,311.86,0.83,-1,-1,-1
235,44,545.29,240.25,41.17,105.43,0.78,-1,-1,-1
235,17,609.18,228.30,64.97,145.55,0.33,-1,-1,-1
235,31,700.74,223.72,54.28,150.05,0.28,-1,-1,-1
235,45,76.86,281.56,192.69,442.00,0.88,-1,-1,-1
235,46,581.15,314.16,96.50,277.27,0.68,-1,-1,-1
235,47,332.88,251.92,63.13,153.12,0.86,-1,-1,-1
235,48,703.64,294.92,48.62,123.47,0.57,-1,-1,-1
235,16,1172.32,297.02,104.50,315.89,0.79,-1,-1,-1
235,40,1097.40,276.15,97.65,309.50,0.44,-1,-1,-1
235,54,616.16,226.80,44.26,119.89,0.49,-1,-1,-1
235,55,-47.59,307.44,163.31,435.48,0.79,-1,-1,-1
235,56,760.21,319.43,85.79,248.09,0.54,-1,-1,-1
235,57,1151.31,318.72,94.43,287.55,0.62,-1,-1,-1
235,58,623.14,306.74,90.90,260.25,0.16,-1,-1,-1
235,35,922.54,283.17,140.19,379.95,0.78,-1,-1,-1
236,2,405.43,254.95,72.84,165.03,0.89,-1,-1,-1
236,3,961.15,257.91,249.63,589.64,0.85,-1,-1,-1
236,7,713.20,311.50,110.50,266.93,0.81,-1,-1,-1
236,8,802.17,300.54,113.75,275.07,0.85,-1,-1,-1
236,14,647.09,230.74,69.28,172.82,0.62,-1,-1,-1
236,10,728.73,232.75,72.05,190.76,0.59,-1,-1,-1
236,1,686.14,221.77,68.28,188.26,0.64,-1,-1,-1
236,37,578.67,271.53,140.08,311.72,0.83,-1,-1,-1
236,44,545.67,240.46,41.26,105.00,0.76,-1,-1,-1
236,17,614.62,223.09,62.65,142.43,0.24,-1,-1,-1
236,31,701.56,225.61,52.86,146.55,0.28,-1,-1,-1
236,45,79.67,283.75,189.56,438.52,0.88,-1,-1,-1
236,46,580.85,314.07,96.23,276.78,0.64,-1,-1,-1
236,47,332.84,251.93,63.23,152.90,0.86,-1,-1,-1
236,48,704.14,296.03,47.99,121.94,0.70,-1,-1,-1
236,16,1173.18,295.77,104.21,315.27,0.78,-1,-1,-1
236,40,1098.48,279.30,95.12,302.56,0.38,-1,-1,-1
236,54,616.98,226.59,43.18,116.87,0.53,-1,-1,-1
236,55,-41.39,307.36,164.09,435.69,0.79,-1,-1,-1
236,56,760.31,319.60,85.49,248.60,0.56,-1,-1,-1
236,57,1150.83,318.41,93.79,285.93,0.57,-1,-1,-1
236,58,630.61,318.89,88.87,251.99,0.33,-1,-1,-1
236,35,907.80,278.48,145.98,392.98,0.85,-1,-1,-1
237,2,407.90,254.99,72.28,164.24,0.90,-1,-1,-1
237,3,968.53,258.77,246.28,582.11,0.86,-1,-1,-1
237,7,714.52,314.18,109.13,263.92,0.80,-1,-1,-1
237,8,802.73,301.32,113.47,273.17,0.85,-1,-1,-1
237,14,648.37,232.15,68.17,169.91,0.69,-1,-1,-1
237,10,730.26,231.79,71.36,189.60,0.57,-1,-1,-1
237,1,690.13,221.87,65.28,181.10,0.56,-1,-1,-1
237,37,580.46,274.36,137.87,308.74,0.80,-1,-1,-1
237,44,546.12,241.37,41.18,103.94,0.76,-1,-1,-1
237,17,620.73,221.40,63.42,147.01,0.10,-1,-1,-1
237,31,701.82,225.45,52.15,144.43,0.40,-1,-1,-1
237,45,81.51,285.37,186.07,434.19,0.88,-1,-1,-1
237,46,581.55,315.26,96.80,277.97,0.71,-1,-1,-1
237,47,332.76,251.51,63.39,152.92,0.85,-1,-1,-1
237,48,704.12,295.24,47.91,122.00,0.73,-1,-1,-1
237,16,1172.77,294.63,105.48,320.26,0.77,-1,-1,-1
237,40,1100.16,283.36,96.04,304.49,0.35,-1,-1,-1
237,54,617.15,224.21,45.43,122.80,0.57,-1,-1,-1
237,55,-39.91,302.09,166.36,440.00,0.79,-1,-1,-1
237,56,758.55,320.15,84.14,245.85,0.59,-1,-1,-1
237,57,1150.83,318.89,93.56,285.49,0.54,-1,-1,-1
237,58,631.45,325.65,88.36,247.54,0.54,-1,-1,-1
237,35,899.21,277.48,147.02,395.51,0.86,-1,-1,-1
238,2,410.14,254.44,72.12,164.25,0.90,-1,-1,-1
238,3,971.36,260.08,244.84,577.86,0.86,-1,-1,-1
238,7,715.40,313.50,109.16,263.93,0.81,-1,-1,-1
238,8,804.19,299.62,114.64,274.42,0.84,-1,-1,-1
238,14,649.50,230.85,68.90,172.48,0.69,-1,-1,-1
238,10,731.97,231.49,70.91,189.07,0.52,-1,-1,-1
238,1,692.85,221.86,64.93,181.53,0.61,-1,-1,-1
238,37,581.11,276.33,135.75,306.23,0.79,-1,-1,-1
238,44,545.65,240.74,41.63,104.43,0.74,-1,-1,-1
238,17,620.93,217.25,68.46,159.89,0.26,-1,-1,-1
238,31,707.39,224.28,46.86,130.39,0.22,-1,-1,-1
238,45,83.98,287.55,184.10,433.11,0.87,-1,-1,-1
238,46,581.03,311.99,98.22,278.81,0.77,-1,-1,-1
238,47,332.67,250.93,63.95,153.57,0.86,-1,-1,-1
238,48,704.72,294.86,46.74,118.76,0.68,-1,-1,-1
238,16,1171.40,295.46,105.10,318.46,0.78,-1,-1,-1
238,40,1099.74,284.52,97.86,308.47,0.28,-1,-1,-1
238,54,617.04,222.07,46.77,125.97,0.57,-1,-1,-1
238,55,-39.09,301.55,168.26,444.11,0.79,-1,-1,-1
238,56,757.42,319.76,83.64,245.59,0.61,-1,-1,-1
238,57,1152.00,318.99,93.78,286.24,0.57,-1,-1,-1
238,58,631.45,331.40,87.51,241.56,0.65,-1,-1,-1
238,35,890.89,278.21,145.21,392.50,0.84,-1,-1,-1
239,2,411.86,253.09,72.11,164.66,0.90,-1,-1,-1
239,3,971.69,260.90,245.15,576.03,0.86,-1,-1,-1
239,7,715.76,313.90,109.04,263.07,0.81,-1,-1,-1
239,8,805.66,296.34,115.62,275.66,0.85,-1,-1,-1
239,14,650.84,228.95,70.06,175.87,0.71,-1,-1,-1
239,10,733.44,231.32,71.74,191.70,0.51,-1,-1,-1
239,1,693.77,221.92,64.68,181.68,0.60,-1,-1,-1
239,37,579.58,292.43,130.40,294.24,0.78,-1,-1,-1
239,44,545.23,240.34,41.81,104.52,0.74,-1,-1,-1
239,17,623.77,214.21,66.11,155.99,0.34,-1,-1,-1
239,31,710.50,223.71,44.37,123.96,0.22,-1,-1,-1
239,45,85.65,289.04,183.46,435.27,0.87,-1,-1,-1
239,46,581.40,316.45,96.29,273.32,0.73,-1,-1,-1
239,47,332.96,250.64,64.17,153.73,0.85,-1,-1,-1
239,48,705.09,295.73,45.63,115.40,0.61,-1,-1,-1
239,16,1171.46,295.56,105.09,317.91,0.78,-1,-1,-1
239,40,1099.37,285.34,96.22,304.24,0.27,-1,-1,-1
239,54,616.75,219.60,48.69,130.57,0.60,-1,-1,-1
239,55,-35.43,304.21,168.39,444.03,0.79,-1,-1,-1
239,56,756.67,319.98,82.86,244.43,0.58,-1,-1,-1
239,57,1152.76,319.14,92.71,283.03,0.52,-1,-1,-1
239,58,631.24,336.39,86.75,235.60,0.71,-1,-1,-1
239,35,883.71,275.12,143.55,394.12,0.82,-1,-1,-1
240,2,413.89,251.51,72.55,166.62,0.89,-1,-1,-1
240,3,973.93,260.84,245.19,575.24,0.86,-1,-1,-1
240,7,717.08,314.88,108.99,263.37,0.81,-1,-1,-1
240,8,806.01,296.55,114.84,274.17,0.84,-1,-1,-1
240,14,655.27,229.76,69.48,176.36,0.74,-1,-1,-1
240,10,734.38,228.08,75.93,203.01,0.51,-1,-1,-1
240,1,696.62,222.31,63.83,180.85,0.65,-1,-1,-1
240,37,580.19,280.25,127.96,290.71,0.73,-1,-1,-1
240,44,544.97,240.72,41.89,104.90,0.78,-1,-1,-1
240,17,623.28,212.58,66.22,157.50,0.41,-1,-1,-1
240,31,711.19,224.41,43.38,121.57,0.18,-1,-1,-1
240,45,87.23,291.24,181.66,433.61,0.88,-1,-1,-1
240,46,584.45,315.60,97.99,273.78,0.77,-1,-1,-1
240,47,333.09,249.77,64.44,153.93,0.87,-1,-1,-1
240,48,705.73,294.18,46.31,117.22,0.60,-1,-1,-1
240,16,1178.83,307.20,100.94,305.11,0.77,-1,-1,-1
240,40,1097.39,286.84,102.13,321.53,0.23,-1,-1,-1
240,54,616.28,218.51,50.70,135.25,0.66,-1,-1,-1
240,55,-30.45,308.21,164.99,434.00,0.80,-1,-1,-1
240,56,758.60,318.01,84.38,249.92,0.54,-1,-1,-1
240,57,1154.23,320.23,91.35,279.51,0.53,-1,-1,-1
240,58,629.51,341.48,85.09,227.13,0.81,-1,-1,-1
240,35,876.49,272.73,143.06,398.16,0.83,-1,-1,-1
241,2,416.62,250.72,72.26,166.93,0.88,-1,-1,-1
241,3,975.16,261.01,245.15,575.04,0.87,-1,-1,-1
241,7,715.50,313.02,109.56,264.87,0.81,-1,-1,-1
241,8,804.15,298.69,112.96,272.76,0.85,-1,-1,-1
241,14,656.10,231.04,68.63,174.45,0.81,-1,-1,-1
241,10,736.45,226.97,76.39,204.37,0.50,-1,-1,-1
241,1,696.66,222.16,63.60,182.12,0.73,-1,-1,-1
241,37,580.75,285.12,130.69,296.29,0.82,-1,-1,-1
241,44,544.02,239.74,42.41,106.29,0.78,-1,-1,-1
241,31,703.71,223.45,48.63,136.68,0.14,-1,-1,-1
241,45,89.89,292.86,179.19,430.42,0.89,-1,-1,-1
241,46,592.07,285.74,102.99,288.01,0.66,-1,-1,-1
241,47,333.25,249.58,64.61,153.87,0.87,-1,-1,-1
241,48,706.36,292.77,46.51,117.44,0.42,-1,-1,-1
241,16,1182.33,312.15,99.68,301.39,0.77,-1,-1,-1
241,40,1096.29,286.78,105.51,330.99,0.25,-1,-1,-1
241,54,616.12,217.42,51.57,136.98,0.68,-1,-1,-1
241,55,-25.24,311.88,163.29,428.75,0.81,-1,-1,-1
241,56,758.31,316.42,84.70,252.56,0.55,-1,-1,-1
241,57,1155.22,320.95,90.60,278.11,0.53,-1,-1,-1
241,58,627.98,336.65,89.26,234.04,0.60,-1,-1,-1
241,35,865.85,270.62,140.82,399.09,0.84,-1,-1,-1
242,2,419.41,250.75,71.95,167.28,0.88,-1,-1,-1
242,3,976.03,261.22,244.56,573.17,0.87,-1,-1,-1
242,7,715.70,314.01,109.39,264.74,0.79,-1,-1,-1
242,8,803.31,299.28,112.54,275.07,0.84,-1,-1,-1
242,14,656.75,231.15,68.69,175.26,0.79,-1,-1,-1
242,10,735.09,223.55,89.68,240.79,0.51,-1,-1,-1
242,1,695.39,221.87,63.61,184.42,0.81,-1,-1,-1
242,37,579.23,276.13,134.21,305.81,0.82,-1,-1,-1
242,44,543.65,240.77,41.88,105.37,0.79,-1,-1,-1
242,45,93.68,294.47,175.68,424.42,0.88,-1,-1,-1
242,46,586.82,302.28,101.74,282.84,0.42,-1,-1,-1
242,47,333.20,249.42,64.79,153.91,0.87,-1,-1,-1
242,16,1183.97,313.84,98.56,297.81,0.78,-1,-1,-1
242,40,1097.99,289.21,105.53,329.65,0.25,-1,-1,-1
242,54,615.87,217.40,52.90,139.92,0.64,-1,-1,-1
242,55,-17.12,316.27,160.07,417.82,0.81,-1,-1,-1
242,56,752.62,316.82,84.80,251.64,0.63,-1,-1,-1
242,57,1156.85,321.60,89.33,275.01,0.54,-1,-1,-1
242,58,628.46,336.44,90.85,233.92,0.55,-1,-1,-1
242,35,857.72,270.13,137.86,395.07,0.83,-1,-1,-1
243,2,422.61,251.69,70.82,165.17,0.88,-1,-1,-1
243,3,974.18,259.42,247.53,579.96,0.87,-1,-1,-1
243,7,715.47,314.95,109.31,264.98,0.79,-1,-1,-1
243,8,801.36,299.23,111.01,275.39,0.83,-1,-1,-1
243,14,657.71,227.78,69.66,177.72,0.78,-1,-1,-1
243,10,734.14,220.86,94.73,255.32,0.58,-1,-1,-1
243,1,695.43,221.61,62.58,183.89,0.79,-1,-1,-1
243,37,579.27,272.49,135.27,309.06,0.83,-1,-1,-1
243,44,543.39,241.01,41.57,104.95,0.79,-1,-1,-1
243,45,95.90,293.64,174.67,424.75,0.88,-1,-1,-1
243,46,593.77,281.22,99.71,277.03,0.12,-1,-1,-1
243,47,333.08,249.19,64.81,153.78,0.87,-1,-1,-1
243,16,1183.35,313.42,99.01,299.00,0.78,-1,-1,-1
243,40,1096.82,289.07,108.27,337.49,0.23,-1,-1,-1
243,54,615.35,217.15,54.14,142.94,0.66,-1,-1,-1
243,55,-12.59,317.35,159.63,413.34,0.80,-1,-1,-1
243,56,755.89,317.67,84.30,250.91,0.61,-1,-1,-1
243,57,1156.65,322.28,89.25,275.50,0.52,-1,-1,-1
243,58,629.80,342.09,90.19,227.96,0.33,-1,-1,-1
243,35,849.05,272.03,135.84,390.93,0.86,-1,-1,-1
244,2,424.28,250.97,70.40,164.30,0.88,-1,-1,-1
244,3,974.19,258.83,248.89,583.58,0.87,-1,-1,-1
244,7,713.93,313.94,109.56,264.36,0.81,-1,-1,-1
244,8,795.81,294.22,109.91,279.10,0.80,-1,-1,-1
244,14,657.07,223.59,71.27,182.35,0.78,-1,-1,-1
244,10,734.74,220.83,93.52,251.97,0.47,-1,-1,-1
244,1,696.20,220.28,63.16,187.33,0.72,-1,-1,-1
244,37,580.02,280.43,133.67,304.52,0.80,-1,-1,-1
244,44,543.51,240.27,41.75,105.75,0.80,-1,-1,-1
244,45,99.56,293.10,171.58,420.27,0.88,-1,-1,-1
244,46,593.46,272.01,100.99,280.24,0.60,-1,-1,-1
244,47,333.16,249.04,64.79,153.65,0.87,-1,-1,-1
244,16,1183.34,313.97,99.47,300.44,0.80,-1,-1,-1
244,40,1099.37,291.06,107.72,335.19,0.21,-1,-1,-1
244,54,615.73,217.04,55.07,144.92,0.66,-1,-1,-1
244,55,-10.48,315.52,159.34,410.41,0.81,-1,-1,-1
244,56,757.45,317.48,83.89,250.23,0.61,-1,-1,-1
244,57,1156.81,323.03,87.14,270.70,0.45,-1,-1,-1
244,58,630.46,344.70,90.20,223.92,0.53,-1,-1,-1
244,35,836.73,269.85,136.52,393.04,0.88,-1,-1,-1
244,43,738.14,215.11,41.25,113.38,0.54,-1,-1,-1
245,2,426.02,250.38,70.48,164.45,0.88,-1,-1,-1
245,3,974.09,257.86,250.02,586.29,0.87,-1,-1,-1
245,7,712.58,310.15,111.21,266.74,0.82,-1,-1,-1
245,8,798.59,291.03,107.61,277.01,0.55,-1,-1,-1
245,14,657.52,224.29,71.12,181.91,0.83,-1,-1,-1
245,10,735.75,219.71,92.55,249.31,0.45,-1,-1,-1
245,1,697.68,219.42,62.63,187.87,0.74,-1,-1,-1
245,37,580.19,292.98,129.24,293.26,0.80,-1,-1,-1
245,44,543.64,239.40,41.98,106.54,0.80,-1,-1,-1
245,45,101.89,293.46,168.28,414.74,0.88,-1,-1,-1
245,46,594.67,269.30,100.93,279.38,0.63,-1,-1,-1
245,47,332.81,248.64,64.91,153.89,0.86,-1,-1,-1
245,16,1182.59,312.73,100.30,303.66,0.80,-1,-1,-1
245,40,1099.14,290.39,108.52,336.92,0.20,-1,-1,-1
245,54,615.56,217.31,55.57,146.07,0.67,-1,-1,-1
245,55,-5.68,311.49,159.58,409.08,0.84,-1,-1,-1
245,56,759.71,317.10,84.39,250.95,0.51,-1,-1,-1
245,57,1155.35,321.98,86.97,271.64,0.45,-1,-1,-1
245,58,630.09,343.59,91.94,224.29,0.58,-1,-1,-1
245,35,821.12,270.21,139.06,394.05,0.89,-1,-1,-1
245,59,572.27,229.48,41.15,112.34,0.72,-1,-1,-1
245,43,739.07,213.70,41.42,113.90,0.61,-1,-1,-1
246,2,428.86,249.44,70.54,163.60,0.88,-1,-1,-1
246,3,974.65,257.98,249.27,584.43,0.87,-1,-1,-1
246,7,712.19,306.55,113.78,270.72,0.80,-1,-1,-1
246,8,796.50,289.14,109.73,285.17,0.29,-1,-1,-1
246,14,657.91,223.27,71.28,182.53,0.81,-1,-1,-1
246,10,739.46,222.00,86.15,231.55,0.43,-1,-1,-1
246,1,699.58,217.88,61.79,186.48,0.64,-1,-1,-1
246,37,581.27,298.71,128.10,288.44,0.80,-1,-1,-1
246,44,543.74,238.10,42.25,107.45,0.82,-1,-1,-1
246,45,106.48,293.38,162.94,402.75,0.88,-1,-1,-1
246,46,594.42,269.38,100.54,277.34,0.63,-1,-1,-1
246,47,332.80,248.59,64.83,153.60,0.86,-1,-1,-1
246,16,1182.40,310.95,101.59,308.70,0.80,-1,-1,-1
246,40,1101.24,290.99,108.98,338.12,0.22,-1,-1,-1
246,54,615.63,217.01,53.05,138.91,0.69,-1,-1,-1
246,55,-3.75,309.32,156.86,403.20,0.85,-1,-1,-1
246,56,759.71,316.01,85.90,254.35,0.48,-1,-1,-1
246,57,1155.99,321.38,83.76,264.97,0.24,-1,-1,-1
246,58,627.67,340.94,95.43,228.62,0.48,-1,-1,-1
246,35,803.12,271.57,143.43,392.95,0.89,-1,-1,-1
246,59,571.83,229.56,40.99,111.78,0.73,-1,-1,-1
246,43,739.26,213.51,41.05,112.50,0.60,-1,-1,-1
247,2,430.90,250.15,71.43,163.78,0.89,-1,-1,-1
247,3,975.82,259.37,247.33,579.53,0.87,-1,-1,-1
247,7,713.66,303.92,115.57,271.78,0.80,-1,-1,-1
247,14,658.37,223.01,71.12,182.35,0.81,-1,-1,-1
247,10,734.68,220.81,89.82,242.03,0.41,-1,-1,-1
247,1,700.80,217.81,60.88,184.13,0.47,-1,-1,-1
247,37,582.05,300.97,128.35,286.44,0.81,-1,-1,-1
247,44,544.17,237.29,42.24,107.72,0.81,-1,-1,-1
247,45,108.53,289.21,162.26,400.27,0.87,-1,-1,-1
247,46,594.28,268.36,101.85,279.81,0.66,-1,-1,-1
247,47,332.61,248.24,64.85,153.48,0.86,-1,-1,-1
247,16,1183.12,309.26,101.93,310.69,0.80,-1,-1,-1
247,40,1102.80,291.04,108.53,336.50,0.22,-1,-1,-1
247,54,615.56,217.56,50.52,131.86,0.63,-1,-1,-1
247,55,-1.38,308.02,154.22,396.96,0.83,-1,-1,-1
247,57,1146.69,320.62,85.07,269.16,0.43,-1,-1,-1
247,58,625.52,337.17,99.17,233.58,0.45,-1,-1,-1
247,35,790.25,275.64,147.26,385.86,0.88,-1,-1,-1
247,59,571.36,229.73,40.90,111.49,0.72,-1,-1,-1
247,43,740.41,215.33,38.39,104.67,0.51,-1,-1,-1
248,2,432.98,249.56,72.18,162.93,0.88,-1,-1,-1
248,3,975.97,260.94,247.91,579.97,0.86,-1,-1,-1
248,7,714.06,302.30,118.25,276.30,0.74,-1,-1,-1
248,14,659.19,222.69,70.75,182.91,0.80,-1,-1,-1
248,10,732.86,217.59,94.20,254.97,0.44,-1,-1,-1
248,1,702.17,219.61,60.16,182.62,0.50,-1,-1,-1
248,37,580.82,289.27,133.69,297.10,0.83,-1,-1,-1
248,44,544.47,236.44,42.31,108.14,0.82,-1,-1,-1
248,45,108.73,283.65,163.77,402.40,0.86,-1,-1,-1
248,47,332.38,247.63,65.00,153.61,0.86,-1,-1,-1
248,16,1183.85,309.55,101.32,308.07,0.79,-1,-1,-1
248,40,1097.57,287.59,109.19,338.94,0.18,-1,-1,-1
248,54,614.57,217.18,51.02,133.17,0.62,-1,-1,-1
248,55,5.07,306.29,150.30,383.98,0.80,-1,-1,-1
248,57,1145.63,319.86,85.41,270.15,0.40,-1,-1,-1
248,58,622.54,330.11,103.92,241.64,0.12,-1,-1,-1
248,35,776.37,285.30,150.16,373.33,0.89,-1,-1,-1
248,59,571.44,230.21,40.42,110.08,0.71,-1,-1,-1
248,43,739.93,216.51,38.36,104.42,0.34,-1,-1,-1
249,2,433.80,249.04,72.95,162.46,0.88,-1,-1,-1
249,3,975.14,259.68,250.33,585.57,0.87,-1,-1,-1
249,7,709.04,299.49,118.26,277.34,0.75,-1,-1,-1
249,14,659.79,222.43,70.21,183.44,0.78,-1,-1,-1
249,10,730.80,227.52,91.98,249.01,0.38,-1,-1,-1
249,1,702.69,218.91,60.11,183.32,0.52,-1,-1,-1
249,37,579.36,280.88,137.93,305.69,0.83,-1,-1,-1
249,44,544.43,236.24,42.30,108.33,0.83,-1,-1,-1
249,45,109.83,281.19,163.95,401.61,0.85,-1,-1,-1
249,47,332.19,247.18,65.17,153.69,0.86,-1,-1,-1
249,16,1185.29,308.45,102.04,310.30,0.78,-1,-1,-1
249,40,1098.24,286.33,110.92,343.32,0.13,-1,-1,-1
249,54,613.54,215.72,53.09,138.64,0.62,-1,-1,-1
249,55,11.31,303.61,150.89,381.33,0.78,-1,-1,-1
249,57,1146.33,317.89,86.09,272.51,0.34,-1,-1,-1
249,58,621.05,325.99,107.02,246.27,0.27,-1,-1,-1
249,35,770.05,288.96,154.56,369.05,0.87,-1,-1,-1
249,59,571.54,229.37,40.52,110.25,0.72,-1,-1,-1
249,43,740.49,216.88,37.57,101.75,0.36,-1,-1,-1
249,56,765.01,291.16,97.84,283.72,0.52,-1,-1,-1
250,2,434.81,247.79,74.28,163.51,0.86,-1,-1,-1
250,3,974.88,258.81,250.75,586.58,0.87,-1,-1,-1
250,7,710.52,290.36,124.48,293.27,0.66,-1,-1,-1
250,14,660.48,220.54,70.35,185.15,0.81,-1,-1,-1
250,10,734.76,235.69,91.55,246.77,0.25,-1,-1,-1
250,1,702.48,219.60,59.00,180.76,0.51,-1,-1,-1
250,37,580.53,271.33,141.65,313.19,0.85,-1,-1,-1
250,44,544.55,236.35,42.03,107.93,0.82,-1,-1,-1
250,45,113.29,281.05,161.69,396.08,0.86,-1,-1,-1
250,47,332.09,246.89,65.38,153.87,0.85,-1,-1,-1
250,16,1185.11,307.62,102.08,310.64,0.78,-1,-1,-1
250,40,1097.34,285.35,110.81,342.16,0.16,-1,-1,-1
250,54,612.58,214.91,54.01,141.24,0.59,-1,-1,-1
250,55,14.82,299.58,152.44,381.49,0.81,-1,-1,-1
250,57,1139.45,317.84,90.16,284.70,0.19,-1,-1,-1
250,35,766.16,292.59,158.83,367.14,0.82,-1,-1,-1
250,59,571.65,229.32,40.52,110.07,0.72,-1,-1,-1
250,43,740.22,215.64,38.28,103.22,0.49,-1,-1,-1
250,56,753.26,285.59,106.68,305.88,0.52,-1,-1,-1
250,8,810.32,291.13,117.60,305.67,0.63,-1,-1,-1
251,2,435.55,246.38,75.74,164.54,0.87,-1,-1,-1
251,3,974.14,258.55,250.58,586.53,0.87,-1,-1,-1
251,7,705.70,287.79,124.91,295.14,0.33,-1,-1,-1
251,14,661.97,219.80,69.49,183.16,0.82,-1,-1,-1
251,10,731.00,229.19,96.03,259.91,0.47,-1,-1,-1
251,1,703.80,221.40,57.52,176.26,0.38,-1,-1,-1
251,37,580.67,267.54,142.65,315.04,0.85,-1,-1,-1
251,44,544.30,236.64,41.73,107.50,0.80,-1,-1,-1
251,45,114.61,281.29,159.84,392.12,0.85,-1,-1,-1
251,47,332.01,246.46,65.56,153.94,0.86,-1,-1,-1
251,16,1184.83,307.52,101.32,309.26,0.79,-1,-1,-1
251,40,1095.78,284.45,110.45,340.51,0.19,-1,-1,-1
251,54,611.25,213.38,57.12,149.79,0.58,-1,-1,-1
251,55,15.48,297.23,151.73,380.12,0.82,-1,-1,-1
251,57,1146.02,317.86,86.15,273.48,0.37,-1,-1,-1
251,35,744.83,285.12,166.76,375.87,0.84,-1,-1,-1
251,59,571.26,227.79,41.22,112.04,0.64,-1,-1,-1
251,43,739.86,214.62,38.74,104.23,0.48,-1,-1,-1
251,56,743.52,282.79,118.69,325.98,0.38,-1,-1,-1
251,8,816.98,290.95,113.15,293.01,0.81,-1,-1,-1
252,2,435.72,245.25,76.77,165.46,0.88,-1,-1,-1
252,3,974.27,258.60,248.87,582.81,0.87,-1,-1,-1
252,7,703.92,284.00,139.14,331.07,0.66,-1,-1,-1
252,14,662.69,219.87,69.72,183.71,0.81,-1,-1,-1
252,10,729.63,229.90,91.57,248.49,0.23,-1,-1,-1
252,1,704.95,220.83,57.03,174.46,0.25,-1,-1,-1
252,37,577.98,266.05,141.67,314.04,0.85,-1,-1,-1
252,44,544.23,237.80,40.93,105.85,0.78,-1,-1,-1
252,45,117.84,282.97,157.38,386.39,0.85,-1,-1,-1
252,47,331.80,245.98,65.80,154.26,0.86,-1,-1,-1
252,16,1183.54,306.33,101.39,312.27,0.80,-1,-1,-1
252,40,1092.98,282.86,111.86,343.57,0.19,-1,-1,-1
252,54,611.17,213.44,55.54,146.04,0.56,-1,-1,-1
252,55,16.73,298.35,148.65,373.38,0.81,-1,-1,-1
252,57,1143.02,309.47,88.35,283.96,0.28,-1,-1,-1
252,35,726.68,279.02,171.53,382.19,0.82,-1,-1,-1
252,59,571.65,228.49,40.94,110.80,0.67,-1,-1,-1
252,43,739.90,214.78,38.34,102.60,0.52,-1,-1,-1
252,56,743.02,280.03,115.33,313.33,0.11,-1,-1,-1
252,8,822.72,292.68,109.28,283.56,0.83,-1,-1,-1
253,2,437.94,244.46,76.20,164.28,0.87,-1,-1,-1
253,3,974.01,258.21,248.58,582.64,0.87,-1,-1,-1
253,7,700.83,277.41,141.79,343.50,0.27,-1,-1,-1
253,14,663.57,222.07,67.70,179.15,0.82,-1,-1,-1
253,10,736.36,226.42,79.27,215.71,0.18,-1,-1,-1
253,1,708.42,237.97,51.89,158.85,0.13,-1,-1,-1
253,37,577.41,265.35,140.92,313.26,0.85,-1,-1,-1
253,44,544.00,237.62,40.68,105.57,0.78,-1,-1,-1
253,45,121.83,285.54,155.60,381.76,0.86,-1,-1,-1
253,47,331.72,245.57,66.01,154.54,0.86,-1,-1,-1
253,16,1182.38,305.90,101.10,313.89,0.82,-1,-1,-1
253,40,1093.63,283.62,112.74,345.29,0.20,-1,-1,-1
253,54,611.53,212.83,54.09,142.56,0.61,-1,-1,-1
253,55,18.43,299.85,146.43,369.42,0.83,-1,-1,-1
253,57,1134.69,304.16,92.21,298.37,0.33,-1,-1,-1
253,35,711.49,276.17,169.81,379.74,0.85,-1,-1,-1
253,59,571.67,228.37,41.14,110.82,0.63,-1,-1,-1
253,43,738.53,213.70,39.41,105.11,0.60,-1,-1,-1
253,8,821.26,292.93,108.46,281.25,0.88,-1,-1,-1
254,2,439.76,242.73,76.04,163.89,0.88,-1,-1,-1
254,3,974.29,258.05,247.73,581.16,0.87,-1,-1,-1
254,14,665.65,223.50,66.64,176.82,0.81,-1,-1,-1
254,10,747.84,226.06,60.39,164.03,0.50,-1,-1,-1
254,1,707.91,236.72,51.90,160.08,0.10,-1,-1,-1
254,37,579.69,265.73,141.33,314.14,0.86,-1,-1,-1
254,44,544.23,236.35,40.89,106.39,0.79,-1,-1,-1
254,45,127.22,287.48,154.60,379.18,0.86,-1,-1,-1
254,47,331.64,245.43,66.10,154.50,0.86,-1,-1,-1
254,16,1181.19,306.41,100.17,312.45,0.82,-1,-1,-1
254,40,1092.53,282.92,113.12,345.05,0.23,-1,-1,-1
254,54,611.12,211.86,54.96,145.38,0.48,-1,-1,-1
254,55,21.45,298.77,145.03,367.60,0.85,-1,-1,-1
254,57,1138.29,309.80,87.60,284.34,0.25,-1,-1,-1
254,35,697.56,273.88,167.33,378.23,0.87,-1,-1,-1
254,59,571.64,228.31,41.04,110.15,0.51,-1,-1,-1
254,43,737.87,213.09,41.31,110.35,0.53,-1,-1,-1
254,8,818.38,292.94,109.20,282.30,0.87,-1,-1,-1
255,2,440.98,241.34,76.14,163.45,0.87,-1,-1,-1
255,3,974.97,258.37,246.18,577.99,0.88,-1,-1,-1
255,14,667.10,225.70,64.48,172.54,0.80,-1,-1,-1
255,10,751.93,225.43,53.58,145.65,0.55,-1,-1,-1
255,1,703.08,229.03,49.73,154.40,0.14,-1,-1,-1
255,37,581.03,266.27,141.32,314.14,0.85,-1,-1,-1
255,44,544.50,235.32,41.06,107.05,0.79,-1,-1,-1
255,45,129.24,286.89,154.47,378.80,0.86,-1,-1,-1
255,47,331.33,245.14,66.31,154.63,0.86,-1,-1,-1
255,16,1179.81,305.19,100.14,313.82,0.83,-1,-1,-1
255,40,1093.74,284.73,112.69,342.62,0.27,-1,-1,-1
255,54,612.45,213.68,51.54,136.36,0.43,-1,-1,-1
255,55,25.39,296.46,144.32,367.38,0.81,-1,-1,-1
255,57,1137.80,311.29,85.55,278.28,0.31,-1,-1,-1
255,59,571.13,227.64,41.51,111.58,0.45,-1,-1,-1
255,43,737.22,212.35,43.12,115.36,0.51,-1,-1,-1
255,8,815.24,291.95,109.49,279.49,0.87,-1,-1,-1
255,56,753.77,256.09,107.65,297.58,0.55,-1,-1,-1
255,7,695.77,272.13,151.07,373.70,0.87,-1,-1,-1
256,2,443.63,240.33,75.85,162.80,0.88,-1,-1,-1
256,3,974.90,258.53,245.74,577.91,0.88,-1,-1,-1
256,14,670.11,225.57,63.67,171.39,0.79,-1,-1,-1
256,10,752.30,227.26,51.22,139.37,0.54,-1,-1,-1
256,1,704.70,226.50,46.89,145.11,0.14,-1,-1,-1
256,37,578.20,264.73,140.21,313.49,0.85,-1,-1,-1
256,44,544.49,235.97,40.52,105.97,0.77,-1,-1,-1
256,45,131.33,285.71,153.88,376.65,0.85,-1,-1,-1
256,47,331.08,244.75,66.64,154.92,0.86,-1,-1,-1
256,16,1179.26,304.54,100.81,317.36,0.82,-1,-1,-1
256,40,1092.84,284.65,114.01,345.39,0.25,-1,-1,-1
256,54,611.78,216.84,48.12,127.42,0.25,-1,-1,-1
256,55,27.52,294.06,144.24,368.96,0.80,-1,-1,-1
256,57,1127.63,304.56,91.31,297.91,0.42,-1,-1,-1
256,59,571.46,227.92,41.18,110.52,0.41,-1,-1,-1
256,43,737.46,211.53,43.64,116.90,0.51,-1,-1,-1
256,8,813.81,292.23,110.21,277.96,0.86,-1,-1,-1
256,56,758.94,258.46,100.81,281.91,0.59,-1,-1,-1
256,7,688.61,271.81,151.18,379.64,0.86,-1,-1,-1
257,2,446.04,240.00,75.40,161.93,0.89,-1,-1,-1
257,3,974.45,257.03,246.56,580.97,0.88,-1,-1,-1
257,14,671.20,226.81,62.14,169.32,0.73,-1,-1,-1
257,10,751.47,227.44,49.76,134.62,0.54,-1,-1,-1
257,1,704.93,224.61,48.11,148.79,0.16,-1,-1,-1
257,37,574.81,263.42,139.04,315.26,0.84,-1,-1,-1
257,44,544.66,236.68,39.90,104.67,0.78,-1,-1,-1
257,45,133.56,283.74,154.04,377.59,0.85,-1,-1,-1
257,47,331.05,244.63,66.67,154.52,0.87,-1,-1,-1
257,16,1178.67,303.03,101.68,321.48,0.81,-1,-1,-1
257,40,1092.83,284.14,113.90,343.89,0.19,-1,-1,-1
257,54,611.61,216.14,49.88,132.26,0.26,-1,-1,-1
257,55,31.77,296.35,142.00,364.13,0.82,-1,-1,-1
257,57,1124.12,301.45,93.54,306.14,0.35,-1,-1,-1
257,59,571.11,227.31,41.24,110.57,0.46,-1,-1,-1
257,43,737.98,211.68,42.87,114.74,0.51,-1,-1,-1
257,8,811.92,292.05,111.10,277.63,0.87,-1,-1,-1
257,56,760.99,255.78,97.91,276.42,0.59,-1,-1,-1
257,7,681.59,271.02,149.32,378.91,0.85,-1,-1,-1
258,2,448.11,239.51,75.31,161.75,0.89,-1,-1,-1
258,3,974.36,256.02,247.61,584.72,0.87,-1,-1,-1
258,14,672.34,228.59,61.13,167.04,0.67,-1,-1,-1
258,10,751.21,226.94,49.04,131.93,0.36,-1,-1,-1
258,1,699.29,221.84,51.94,158.24,0.31,-1,-1,-1
258,37,571.65,265.31,138.22,318.47,0.82,-1,-1,-1
258,44,544.30,236.45,39.79,104.52,0.79,-1,-1,-1
258,45,135.25,283.84,153.00,375.55,0.85,-1,-1,-1
258,47,331.12,244.35,66.66,154.23,0.87,-1,-1,-1
258,16,1177.99,303.27,100.16,317.64,0.81,-1,-1,-1
258,40,1092.25,283.59,114.71,345.31,0.18,-1,-1,-1
258,54,612.27,214.36,52.52,138.84,0.29,-1,-1,-1
258,55,36.31,298.00,140.80,361.10,0.80,-1,-1,-1
258,57,1122.81,300.38,94.22,309.10,0.32,-1,-1,-1
258,59,570.66,226.82,40.62,108.67,0.37,-1,-1,-1
258,43,738.19,211.26,42.15,112.79,0.50,-1,-1,-1
258,8,811.71,291.84,111.86,276.72,0.86,-1,-1,-1
258,56,758.59,255.77,98.20,279.20,0.63,-1,-1,-1
258,7,672.77,268.68,148.20,380.02,0.84,-1,-1,-1
258,60,753.50,309.03,85.24,266.24,0.70,-1,-1,-1
259,2,451.27,238.21,74.81,161.78,0.89,-1,-1,-1
259,3,974.48,255.22,248.10,587.06,0.87,-1,-1,-1
259,14,679.01,222.62,65.12,176.23,0.45,-1,-1,-1
259,10,753.44,227.13,46.42,124.25,0.38,-1,-1,-1
259,1,704.17,219.95,46.43,138.68,0.12,-1,-1,-1
259,37,568.41,266.03,135.68,319.14,0.82,-1,-1,-1
259,44,543.92,235.96,39.88,104.66,0.81,-1,-1,-1
259,45,137.78,285.50,151.47,372.14,0.86,-1,-1,-1
259,47,331.09,244.45,66.50,153.56,0.86,-1,-1,-1
259,16,1178.58,303.72,98.95,314.46,0.82,-1,-1,-1
259,40,1092.37,284.50,114.81,344.55,0.18,-1,-1,-1
259,54,614.50,215.42,49.58,130.25,0.26,-1,-1,-1
259,55,42.05,297.65,141.04,360.26,0.77,-1,-1,-1
259,57,1125.70,300.84,92.91,305.72,0.34,-1,-1,-1
259,59,570.62,227.23,39.96,106.60,0.41,-1,-1,-1
259,43,737.96,210.78,42.03,112.41,0.52,-1,-1,-1
259,8,811.23,290.47,113.28,278.92,0.86,-1,-1,-1
259,56,755.54,260.45,99.15,282.26,0.52,-1,-1,-1
259,7,660.75,266.08,148.67,379.87,0.84,-1,-1,-1
259,60,754.50,310.31,83.85,261.53,0.75,-1,-1,-1
260,2,453.76,237.40,74.33,161.39,0.88,-1,-1,-1
260,3,975.45,254.74,248.16,588.08,0.87,-1,-1,-1
260,14,683.80,217.75,62.62,166.58,0.51,-1,-1,-1
260,10,753.40,226.25,46.23,123.19,0.43,-1,-1,-1
260,1,704.50,217.94,44.49,129.52,0.27,-1,-1,-1
260,37,568.69,262.22,134.93,323.61,0.81,-1,-1,-1
260,44,543.70,235.54,39.89,104.58,0.82,-1,-1,-1
260,45,141.65,286.63,150.73,369.51,0.85,-1,-1,-1
260,47,330.77,244.05,66.82,153.76,0.86,-1,-1,-1
260,16,1179.16,303.38,98.57,314.00,0.82,-1,-1,-1
260,40,1092.73,284.71,115.88,346.84,0.13,-1,-1,-1
260,54,614.35,214.54,49.72,130.00,0.33,-1,-1,-1
260,55,48.33,298.99,141.67,359.04,0.77,-1,-1,-1
260,57,1123.90,300.46,88.13,287.71,0.13,-1,-1,-1
260,59,570.25,226.86,39.97,106.44,0.41,-1,-1,-1
260,43,737.82,210.70,41.94,111.85,0.50,-1,-1,-1
260,8,811.43,290.86,113.53,277.29,0.86,-1,-1,-1
260,56,758.47,256.42,95.98,273.64,0.51,-1,-1,-1
260,7,646.58,267.36,151.48,378.77,0.85,-1,-1,-1
260,60,747.76,296.32,87.56,272.01,0.73,-1,-1,-1
261,2,456.38,238.19,73.21,160.16,0.88,-1,-1,-1
261,3,977.05,255.08,247.26,586.16,0.87,-1,-1,-1
261,14,690.70,217.64,55.39,144.33,0.15,-1,-1,-1
261,10,754.98,226.32,45.12,119.79,0.43,-1,-1,-1
261,1,704.70,215.72,47.39,136.04,0.42,-1,-1,-1
261,37,568.07,263.49,133.93,325.86,0.79,-1,-1,-1
261,44,544.07,235.92,39.52,103.41,0.81,-1,-1,-1
261,45,145.70,285.60,151.46,370.58,0.87,-1,-1,-1
261,47,330.72,243.74,67.01,153.81,0.86,-1,-1,-1
261,16,1178.83,302.40,99.53,317.74,0.81,-1,-1,-1
261,40,1108.95,294.83,106.18,317.89,0.17,-1,-1,-1
261,54,615.01,213.62,49.61,129.04,0.39,-1,-1,-1
261,55,52.70,298.43,143.88,361.79,0.80,-1,-1,-1
261,57,1129.30,302.97,81.88,265.96,0.11,-1,-1,-1
261,59,570.32,227.89,39.64,105.13,0.44,-1,-1,-1
261,43,738.59,210.92,42.06,112.07,0.37,-1,-1,-1
261,8,812.62,290.31,114.54,277.26,0.86,-1,-1,-1
261,56,757.24,251.76,99.78,284.62,0.59,-1,-1,-1
261,7,637.29,265.75,155.02,377.83,0.83,-1,-1,-1
261,60,743.79,290.65,89.43,275.84,0.70,-1,-1,-1
261,58,644.66,270.27,142.54,335.03,0.63,-1,-1,-1
262,2,458.53,239.01,72.04,158.90,0.87,-1,-1,-1
262,3,977.79,254.29,247.10,585.92,0.87,-1,-1,-1
262,14,682.60,216.13,62.90,163.41,0.56,-1,-1,-1
262,10,755.85,226.13,44.41,117.70,0.46,-1,-1,-1
262,1,710.32,215.41,44.31,125.04,0.20,-1,-1,-1
262,37,567.70,277.01,130.47,321.34,0.78,-1,-1,-1
262,44,543.88,236.01,39.40,102.80,0.82,-1,-1,-1
262,45,153.56,284.58,148.07,362.73,0.86,-1,-1,-1
262,47,330.61,243.37,67.17,153.66,0.86,-1,-1,-1
262,16,1180.25,303.37,98.40,315.34,0.81,-1,-1,-1
262,40,1130.71,302.49,97.44,296.32,0.39,-1,-1,-1
262,54,613.67,211.47,55.03,143.38,0.53,-1,-1,-1
262,55,57.57,298.51,142.56,356.21,0.80,-1,-1,-1
262,57,1128.30,303.22,84.66,273.04,0.15,-1,-1,-1
262,59,569.77,226.59,40.78,108.19,0.52,-1,-1,-1
262,43,739.15,211.96,40.74,108.28,0.29,-1,-1,-1
262,8,812.48,289.53,115.49,277.56,0.86,-1,-1,-1
262,56,754.94,254.20,101.75,292.36,0.58,-1,-1,-1
262,7,625.94,267.15,158.00,372.98,0.85,-1,-1,-1
262,60,738.25,287.30,90.63,276.75,0.75,-1,-1,-1
262,58,641.64,267.23,146.95,344.26,0.15,-1,-1,-1
263,2,460.55,239.10,71.72,159.03,0.87,-1,-1,-1
263,3,977.87,251.95,247.61,587.41,0.87,-1,-1,-1
263,14,682.31,213.34,66.54,171.85,0.68,-1,-1,-1
263,10,758.46,225.53,42.65,113.40,0.42,-1,-1,-1
263,1,714.58,214.69,44.98,126.34,0.24,-1,-1,-1
263,37,567.11,289.13,128.70,320.32,0.75,-1,-1,-1
263,44,543.64,235.38,39.75,103.37,0.82,-1,-1,-1
263,45,161.77,282.64,145.79,357.50,0.89,-1,-1,-1
263,47,330.99,243.16,67.08,153.05,0.86,-1,-1,-1
263,16,1180.93,301.89,96.86,311.70,0.80,-1,-1,-1
263,40,1136.25,303.99,94.69,292.02,0.35,-1,-1,-1
263,54,613.33,211.00,54.70,142.38,0.58,-1,-1,-1
263,55,61.50,296.24,141.90,350.70,0.79,-1,-1,-1
263,57,1123.12,298.29,92.95,298.24,0.13,-1,-1,-1
263,59,569.97,223.15,41.73,111.26,0.50,-1,-1,-1
263,43,738.27,211.59,41.02,108.92,0.31,-1,-1,-1
263,8,811.89,288.52,117.07,279.39,0.86,-1,-1,-1
263,56,755.41,289.42,93.60,269.41,0.52,-1,-1,-1
263,7,616.42,269.43,161.58,369.54,0.85,-1,-1,-1
263,60,733.24,294.77,89.35,269.88,0.76,-1,-1,-1
263,58,630.12,268.81,145.05,339.53,0.18,-1,-1,-1
264,2,461.86,238.13,71.52,159.32,0.88,-1,-1,-1
264,3,978.57,251.12,247.21,586.55,0.87,-1,-1,-1
264,14,680.71,212.79,66.58,171.26,0.72,-1,-1,-1
264,10,758.64,223.36,43.06,114.90,0.41,-1,-1,-1
264,1,707.93,213.71,51.05,143.66,0.54,-1,-1,-1
264,37,576.43,294.11,134.15,329.11,0.82,-1,-1,-1
264,44,543.23,234.68,40.12,103.76,0.82,-1,-1,-1
264,45,168.08,280.07,144.02,354.79,0.88,-1,-1,-1
264,47,330.97,243.15,67.08,152.48,0.86,-1,-1,-1
264,16,1182.52,302.04,95.38,308.58,0.80,-1,-1,-1
264,40,1135.83,302.88,93.22,290.69,0.34,-1,-1,-1
264,54,613.18,212.23,52.36,136.62,0.62,-1,-1,-1
264,55,65.73,295.16,139.52,342.18,0.79,-1,-1,-1
264,57,1127.08,298.32,84.99,271.64,0.12,-1,-1,-1
264,59,569.77,220.85,42.44,113.70,0.47,-1,-1,-1
264,43,738.37,213.26,40.80,108.38,0.23,-1,-1,-1
264,8,811.88,287.65,118.11,280.81,0.86,-1,-1,-1
264,56,754.84,302.96,90.66,261.25,0.51,-1,-1,-1
264,7,606.34,271.30,164.20,367.13,0.82,-1,-1,-1
264,60,735.73,294.19,90.73,270.90,0.75,-1,-1,-1
264,58,619.55,272.92,145.85,339.69,0.30,-1,-1,-1
265,2,464.12,238.43,70.85,158.25,0.88,-1,-1,-1
265,3,979.62,250.83,245.91,583.69,0.87,-1,-1,-1
265,14,678.43,212.43,67.38,174.42,0.79,-1,-1,-1
265,10,756.60,223.69,44.29,118.39,0.39,-1,-1,-1
265,1,709.46,212.40,51.66,145.75,0.54,-1,-1,-1
265,37,578.00,281.79,143.66,348.35,0.76,-1,-1,-1
265,44,542.89,233.91,40.57,104.25,0.82,-1,-1,-1
265,45,173.20,276.58,143.10,354.39,0.88,-1,-1,-1
265,47,330.83,242.94,67.17,152.18,0.85,-1,-1,-1
265,16,1183.20,302.11,94.97,308.05,0.78,-1,-1,-1
265,40,1132.32,301.65,93.52,294.21,0.39,-1,-1,-1
265,54,613.46,211.99,48.98,127.56,0.49,-1,-1,-1
265,55,75.29,297.44,135.49,333.69,0.81,-1,-1,-1
265,57,1106.10,285.04,102.36,324.03,0.14,-1,-1,-1
265,59,569.45,218.83,43.17,116.06,0.45,-1,-1,-1
265,43,741.61,219.25,39.82,106.73,0.13,-1,-1,-1
265,8,810.04,286.64,119.91,284.75,0.86,-1,-1,-1
265,56,755.32,308.28,85.86,247.78,0.21,-1,-1,-1
265,7,600.18,267.86,168.58,368.57,0.82,-1,-1,-1
265,60,737.99,294.42,91.87,271.07,0.76,-1,-1,-1
266,2,466.18,238.53,70.43,157.36,0.89,-1,-1,-1
266,3,980.62,250.17,245.64,582.47,0.87,-1,-1,-1
266,14,677.68,212.91,66.64,173.38,0.84,-1,-1,-1
266,10,754.81,222.64,45.23,120.68,0.38,-1,-1,-1
266,1,709.40,212.70,55.70,157.84,0.20,-1,-1,-1
266,37,567.35,295.32,132.47,327.23,0.27,-1,-1,-1
266,44,542.61,232.53,41.18,105.31,0.82,-1,-1,-1
266,45,177.70,273.85,143.21,356.64,0.88,-1,-1,-1
266,47,330.77,242.66,67.29,152.13,0.86,-1,-1,-1
266,16,1184.81,302.87,96.34,312.65,0.77,-1,-1,-1
266,40,1132.83,300.73,91.95,291.60,0.35,-1,-1,-1
266,54,612.92,213.50,47.37,123.63,0.42,-1,-1,-1
266,55,81.53,294.98,135.24,334.38,0.82,-1,-1,-1
266,57,1098.09,277.85,109.29,342.83,0.14,-1,-1,-1
266,59,569.41,218.03,42.95,115.98,0.49,-1,-1,-1
266,43,740.62,218.27,41.70,112.50,0.16,-1,-1,-1
266,8,808.60,286.33,120.85,286.88,0.86,-1,-1,-1
266,56,748.30,310.81,87.64,249.06,0.66,-1,-1,-1
266,7,588.85,264.58,172.43,371.78,0.84,-1,-1,-1
266,60,728.82,300.53,91.30,265.36,0.76,-1,-1,-1
267,2,467.30,237.64,70.36,157.78,0.89,-1,-1,-1
267,3,981.86,250.90,245.20,580.72,0.88,-1,-1,-1
267,14,678.46,212.91,65.67,171.60,0.85,-1,-1,-1
267,10,753.67,221.52,46.99,124.96,0.36,-1,-1,-1
267,1,705.47,211.80,55.80,158.57,0.51,-1,-1,-1
267,37,559.80,300.07,128.98,324.27,0.30,-1,-1,-1
267,44,542.37,231.19,41.81,106.51,0.83,-1,-1,-1
267,45,179.70,270.76,143.89,359.31,0.87,-1,-1,-1
267,47,330.44,241.80,67.75,152.92,0.85,-1,-1,-1
267,16,1187.07,303.76,96.12,311.46,0.77,-1,-1,-1
267,40,1142.50,305.74,84.50,268.20,0.42,-1,-1,-1
267,54,611.77,213.14,47.05,122.91,0.22,-1,-1,-1
267,55,85.84,289.64,136.07,337.10,0.80,-1,-1,-1
267,57,1094.19,276.95,111.77,347.68,0.13,-1,-1,-1
267,59,569.99,217.17,43.10,116.79,0.43,-1,-1,-1
267,43,744.46,219.55,37.73,102.52,0.14,-1,-1,-1
267,8,808.33,285.90,121.37,288.08,0.86,-1,-1,-1
267,56,750.05,310.77,89.56,253.90,0.54,-1,-1,-1
267,7,577.82,263.11,172.68,371.40,0.82,-1,-1,-1
267,60,725.07,302.45,92.48,264.50,0.77,-1,-1,-1
268,2,469.07,236.74,70.26,158.10,0.88,-1,-1,-1
268,3,982.19,250.58,246.08,582.26,0.87,-1,-1,-1
268,14,679.49,212.92,65.26,170.94,0.87,-1,-1,-1
268,10,757.04,222.28,42.28,111.98,0.53,-1,-1,-1
268,1,706.22,210.85,57.09,162.49,0.57,-1,-1,-1
268,37,557.98,302.43,126.67,324.68,0.28,-1,-1,-1
268,44,542.48,230.60,41.95,106.66,0.82,-1,-1,-1
268,45,183.71,269.79,143.29,359.09,0.87,-1,-1,-1
268,47,330.53,241.17,67.98,153.33,0.85,-1,-1,-1
268,16,1187.03,303.66,95.15,308.12,0.79,-1,-1,-1
268,40,1150.67,306.73,83.80,267.21,0.50,-1,-1,-1
268,54,608.20,215.81,47.05,122.49,0.21,-1,-1,-1
268,55,87.59,284.60,137.13,339.79,0.80,-1,-1,-1
268,57,1092.17,276.04,111.77,343.98,0.15,-1,-1,-1
268,59,570.63,216.84,43.19,117.35,0.60,-1,-1,-1
268,43,747.93,221.15,34.23,94.12,0.10,-1,-1,-1
268,8,807.86,285.38,121.48,288.59,0.86,-1,-1,-1
268,56,744.68,310.67,90.22,252.60,0.65,-1,-1,-1
268,7,566.28,261.29,172.39,375.33,0.84,-1,-1,-1
268,60,721.51,302.88,93.77,262.54,0.80,-1,-1,-1
268,62,1033.88,268.21,16.57,37.51,0.73,-1,-1,-1
268,63,58.66,249.20,30.00,66.33,0.54,-1,-1,-1
269,2,470.88,236.58,70.29,157.84,0.87,-1,-1,-1
269,3,983.27,251.42,245.03,578.95,0.87,-1,-1,-1
269,14,680.16,212.38,65.12,170.92,0.86,-1,-1,-1
269,10,758.06,221.91,43.07,114.17,0.59,-1,-1,-1
269,1,707.68,210.97,56.19,160.13,0.53,-1,-1,-1
269,44,543.37,230.14,42.10,106.64,0.82,-1,-1,-1
269,45,187.40,271.34,141.29,355.61,0.88,-1,-1,-1
269,47,330.81,240.42,68.28,153.80,0.85,-1,-1,-1
269,16,1186.33,301.33,96.31,311.03,0.77,-1,-1,-1
269,40,1153.51,308.15,84.34,269.80,0.50,-1,-1,-1
269,54,606.36,216.50,47.21,122.77,0.33,-1,-1,-1
269,55,90.63,289.27,134.02,332.81,0.83,-1,-1,-1
269,57,1091.16,274.18,112.50,343.15,0.19,-1,-1,-1
269,59,570.98,216.74,43.18,117.61,0.59,-1,-1,-1
269,43,745.24,217.42,35.28,98.16,0.10,-1,-1,-1
269,8,808.89,285.16,119.85,284.38,0.85,-1,-1,-1
269,56,740.72,308.75,91.81,253.90,0.56,-1,-1,-1
269,7,561.66,259.93,171.51,378.84,0.87,-1,-1,-1
269,60,717.89,301.14,96.71,265.14,0.81,-1,-1,-1
269,62,1034.37,268.13,16.47,37.29,0.75,-1,-1,-1
269,63,58.57,248.71,30.81,68.17,0.51,-1,-1,-1
270,2,473.04,236.98,69.56,156.21,0.85,-1,-1,-1
270,3,983.75,248.15,245.40,579.87,0.87,-1,-1,-1
270,14,681.01,214.55,64.10,168.69,0.85,-1,-1,-1
270,10,757.45,220.70,46.17,122.85,0.59,-1,-1,-1
270,1,712.25,209.44,55.77,159.65,0.45,-1,-1,-1
270,44,545.47,233.41,40.07,102.29,0.77,-1,-1,-1
270,45,188.84,273.03,140.52,354.37,0.87,-1,-1,-1
270,47,331.43,239.78,68.49,154.05,0.86,-1,-1,-1
270,16,1185.47,302.07,95.15,307.57,0.79,-1,-1,-1
270,40,1149.11,306.79,88.61,281.18,0.58,-1,-1,-1
270,54,604.38,218.96,45.19,117.13,0.17,-1,-1,-1
270,55,97.14,289.79,133.88,334.53,0.83,-1,-1,-1
270,57,1094.56,274.96,107.85,329.58,0.24,-1,-1,-1
270,59,571.44,217.81,41.96,114.99,0.64,-1,-1,-1
270,8,810.18,286.44,119.03,280.46,0.85,-1,-1,-1
270,56,747.42,308.68,90.77,251.70,0.28,-1,-1,-1
270,7,557.61,258.72,166.98,374.16,0.88,-1,-1,-1
270,60,715.82,297.21,100.24,270.24,0.83,-1,-1,-1
270,62,1034.78,268.06,16.59,37.51,0.75,-1,-1,-1
270,63,58.86,248.28,31.66,70.25,0.62,-1,-1,-1
270,46,605.65,234.76,71.22,186.47,0.53,-1,-1,-1
271,2,474.44,235.34,69.74,157.38,0.85,-1,-1,-1
271,3,983.34,245.57,248.29,586.52,0.86,-1,-1,-1
271,14,682.71,216.50,63.11,166.76,0.86,-1,-1,-1
271,10,755.38,218.91,50.40,134.51,0.60,-1,-1,-1
271,1,715.34,207.86,55.72,159.97,0.48,-1,-1,-1
271,44,545.80,233.89,39.39,100.98,0.77,-1,-1,-1
271,45,190.79,273.54,140.05,354.01,0.87,-1,-1,-1
271,47,331.80,239.30,68.95,154.93,0.85,-1,-1,-1
271,16,1185.24,301.00,92.73,297.36,0.78,-1,-1,-1
271,40,1143.66,304.42,91.83,288.62,0.39,-1,-1,-1
271,54,609.53,216.88,38.83,101.37,0.17,-1,-1,-1
271,55,102.38,289.54,133.25,335.47,0.83,-1,-1,-1
271,57,1091.79,271.73,106.92,326.02,0.15,-1,-1,-1
271,59,572.42,218.70,39.62,108.85,0.70,-1,-1,-1
271,8,811.03,287.13,119.16,278.75,0.85,-1,-1,-1
271,56,748.63,306.02,91.50,254.01,0.22,-1,-1,-1
271,7,548.95,257.22,163.51,370.56,0.86,-1,-1,-1
271,60,715.59,295.59,102.56,271.88,0.84,-1,-1,-1
271,62,1035.23,268.15,16.67,37.65,0.72,-1,-1,-1
271,63,59.06,247.73,32.83,73.13,0.60,-1,-1,-1
271,46,599.37,227.31,84.84,224.79,0.59,-1,-1,-1
272,2,478.23,234.63,68.96,156.45,0.86,-1,-1,-1
272,3,983.77,244.35,249.29,588.44,0.87,-1,-1,-1
272,14,683.84,217.01,62.39,165.55,0.84,-1,-1,-1
272,10,754.59,217.13,53.02,141.57,0.57,-1,-1,-1
272,1,718.00,204.55,58.31,167.20,0.65,-1,-1,-1
272,44,545.40,232.96,39.46,101.66,0.76,-1,-1,-1
272,45,192.85,273.76,138.83,352.10,0.87,-1,-1,-1
272,47,332.88,238.06,68.93,154.66,0.84,-1,-1,-1
272,16,1181.57,296.79,94.96,301.55,0.75,-1,-1,-1
272,40,1136.82,312.56,96.10,298.43,0.16,-1,-1,-1
272,54,611.32,215.82,36.55,95.89,0.16,-1,-1,-1
272,55,107.94,288.00,132.72,335.64,0.84,-1,-1,-1
272,57,1097.06,275.16,108.87,328.84,0.14,-1,-1,-1
272,59,572.09,219.14,39.08,107.79,0.65,-1,-1,-1
272,8,811.48,287.96,119.41,277.27,0.85,-1,-1,-1
272,56,748.64,303.64,92.36,256.44,0.33,-1,-1,-1
272,7,537.02,254.23,163.16,373.17,0.87,-1,-1,-1
272,60,715.81,294.72,104.33,272.80,0.83,-1,-1,-1
272,62,1035.80,268.14,16.50,37.25,0.72,-1,-1,-1
272,63,58.39,246.84,34.24,76.59,0.55,-1,-1,-1
272,46,620.99,230.81,65.01,172.85,0.64,-1,-1,-1
272,37,573.08,262.74,124.05,314.28,0.59,-1,-1,-1
273,2,481.00,233.94,68.42,156.20,0.88,-1,-1,-1
273,3,983.47,243.87,251.83,594.63,0.86,-1,-1,-1
273,14,684.82,217.32,61.91,164.66,0.84,-1,-1,-1
273,10,753.34,215.88,55.05,147.27,0.62,-1,-1,-1
273,1,719.69,204.17,58.19,166.72,0.65,-1,-1,-1
273,44,545.11,232.24,39.28,101.72,0.67,-1,-1,-1
273,45,196.02,275.56,136.86,348.81,0.88,-1,-1,-1
273,47,332.44,238.00,69.12,155.06,0.84,-1,-1,-1
273,16,1180.30,294.52,97.95,309.34,0.76,-1,-1,-1
273,54,611.81,215.40,35.60,93.68,0.19,-1,-1,-1
273,55,112.57,288.17,131.55,333.32,0.85,-1,-1,-1
273,57,1092.82,270.42,114.87,344.41,0.12,-1,-1,-1
273,59,571.86,219.68,39.00,108.14,0.58,-1,-1,-1
273,8,809.88,287.91,120.43,278.85,0.85,-1,-1,-1
273,56,748.62,302.90,92.11,256.00,0.31,-1,-1,-1
273,7,530.17,255.68,160.48,366.68,0.87,-1,-1,-1
273,60,715.94,294.75,105.19,272.04,0.83,-1,-1,-1
273,62,1036.80,267.30,16.24,36.49,0.64,-1,-1,-1
273,63,58.33,246.28,34.39,77.25,0.50,-1,-1,-1
273,46,630.42,233.40,55.95,148.68,0.60,-1,-1,-1
273,37,574.13,262.24,124.40,307.55,0.61,-1,-1,-1
274,2,485.22,233.82,66.97,154.54,0.87,-1,-1,-1
274,3,984.61,246.24,250.98,592.53,0.86,-1,-1,-1
274,14,685.57,217.14,61.77,164.76,0.84,-1,-1,-1
274,10,757.19,218.01,49.75,133.45,0.59,-1,-1,-1
274,1,719.93,205.63,56.81,163.18,0.65,-1,-1,-1
274,44,544.53,230.07,39.88,103.84,0.68,-1,-1,-1
274,45,199.29,278.53,134.37,343.93,0.88,-1,-1,-1
274,47,332.60,237.62,69.28,155.13,0.84,-1,-1,-1
274,16,1180.73,293.56,98.54,308.62,0.75,-1,-1,-1
274,54,611.21,213.78,37.30,98.76,0.21,-1,-1,-1
274,55,118.31,290.63,129.33,329.28,0.84,-1,-1,-1
274,57,1090.39,268.16,117.75,349.73,0.13,-1,-1,-1
274,59,571.42,219.78,40.08,111.70,0.50,-1,-1,-1
274,8,809.79,286.56,121.07,279.90,0.85,-1,-1,-1
274,56,747.13,302.37,92.12,255.72,0.28,-1,-1,-1
274,7,518.03,259.24,158.80,363.81,0.88,-1,-1,-1
274,60,716.03,297.37,105.39,268.74,0.83,-1,-1,-1
274,62,1037.99,266.44,16.23,36.51,0.63,-1,-1,-1
274,63,57.57,245.31,35.64,80.54,0.37,-1,-1,-1
274,46,633.02,233.13,54.23,143.60,0.68,-1,-1,-1
274,37,583.39,264.61,124.35,301.86,0.65,-1,-1,-1
274,58,616.90,326.41,104.94,233.66,0.53,-1,-1,-1
275,2,488.09,232.25,66.04,153.97,0.87,-1,-1,-1
275,3,985.83,247.06,251.17,593.74,0.85,-1,-1,-1
275,14,686.67,217.82,61.39,163.96,0.84,-1,-1,-1
275,10,759.12,218.95,47.42,127.13,0.60,-1,-1,-1
275,1,719.43,207.76,54.31,156.87,0.61,-1,-1,-1
275,44,544.16,229.15,39.64,103.38,0.69,-1,-1,-1
275,45,202.25,279.04,132.12,338.50,0.87,-1,-1,-1
275,47,333.18,237.06,69.55,155.24,0.84,-1,-1,-1
275,16,1180.14,292.89,98.99,306.50,0.74,-1,-1,-1
275,54,611.68,208.94,42.79,112.59,0.53,-1,-1,-1
275,55,121.57,290.35,127.12,326.21,0.83,-1,-1,-1
275,57,1091.23,268.28,119.11,351.33,0.12,-1,-1,-1
275,59,570.84,218.84,40.24,111.94,0.48,-1,-1,-1
275,8,810.72,286.94,121.02,277.45,0.85,-1,-1,-1
275,56,754.06,268.81,93.26,259.24,0.30,-1,-1,-1
275,7,508.99,262.88,157.35,360.44,0.89,-1,-1,-1
275,60,716.14,299.42,106.22,266.80,0.83,-1,-1,-1
275,62,1038.62,265.65,16.37,36.91,0.71,-1,-1,-1
275,63,58.71,244.02,33.16,75.26,0.43,-1,-1,-1
275,46,634.70,233.32,53.34,139.74,0.65,-1,-1,-1
275,37,591.41,268.39,122.95,296.20,0.60,-1,-1,-1
275,58,618.69,338.77,102.07,219.11,0.64,-1,-1,-1
276,2,490.44,230.40,65.68,153.96,0.86,-1,-1,-1
276,3,990.08,246.11,254.26,597.98,0.83,-1,-1,-1
276,14,687.67,218.15,61.06,163.68,0.83,-1,-1,-1
276,10,760.01,220.25,45.86,122.85,0.59,-1,-1,-1
276,1,719.82,209.42,53.14,154.41,0.58,-1,-1,-1
276,44,542.85,228.59,40.88,106.84,0.56,-1,-1,-1
276,45,205.80,278.60,129.84,332.48,0.86,-1,-1,-1
276,47,333.27,236.73,69.60,154.95,0.84,-1,-1,-1
276,16,1178.73,290.97,98.93,303.27,0.72,-1,-1,-1
276,54,609.45,206.23,48.85,128.63,0.51,-1,-1,-1
276,55,125.83,293.59,125.02,323.36,0.84,-1,-1,-1
276,59,571.44,218.96,39.70,109.95,0.39,-1,-1,-1
276,8,811.22,286.50,121.45,276.78,0.85,-1,-1,-1
276,56,757.10,256.97,94.92,264.50,0.40,-1,-1,-1
276,7,501.29,264.56,155.80,355.52,0.90,-1,-1,-1
276,60,715.95,299.62,107.29,265.82,0.84,-1,-1,-1
276,62,1039.20,264.84,16.64,37.58,0.72,-1,-1,-1
276,63,59.56,243.39,30.87,70.12,0.38,-1,-1,-1
276,46,635.38,233.75,53.21,138.18,0.68,-1,-1,-1
276,37,590.25,265.67,121.87,292.59,0.67,-1,-1,-1
276,58,619.94,345.02,101.98,213.09,0.70,-1,-1,-1
277,2,492.99,229.05,65.50,154.56,0.87,-1,-1,-1
277,3,992.62,248.86,256.03,597.87,0.83,-1,-1,-1
277,14,689.48,217.48,60.85,163.28,0.83,-1,-1,-1
277,10,761.08,220.58,44.75,119.66,0.54,-1,-1,-1
277,1,723.55,208.60,51.34,149.33,0.51,-1,-1,-1
277,44,538.61,228.01,46.47,122.33,0.61,-1,-1,-1
277,45,207.64,275.40,129.96,333.19,0.85,-1,-1,-1
277,47,333.67,236.96,69.42,154.13,0.84,-1,-1,-1
277,16,1178.09,289.58,99.53,300.10,0.66,-1,-1,-1
277,54,608.60,203.25,52.50,138.17,0.50,-1,-1,-1
277,55,129.63,295.28,123.31,320.83,0.84,-1,-1,-1
277,59,570.89,220.68,39.30,108.15,0.28,-1,-1,-1
277,8,811.37,286.51,122.16,276.82,0.86,-1,-1,-1
277,56,758.36,252.06,96.66,270.21,0.48,-1,-1,-1
277,7,493.28,267.30,154.31,349.32,0.90,-1,-1,-1
277,60,714.94,298.23,108.73,266.47,0.84,-1,-1,-1
277,62,1040.11,264.49,16.56,37.42,0.71,-1,-1,-1
277,63,60.21,241.71,29.50,66.74,0.39,-1,-1,-1
277,46,636.24,234.88,53.45,137.76,0.72,-1,-1,-1
277,37,587.08,263.05,123.09,298.41,0.75,-1,-1,-1
277,58,620.25,344.16,104.64,215.55,0.66,-1,-1,-1
278,2,494.82,227.72,66.12,157.12,0.85,-1,-1,-1
278,3,987.10,245.14,259.26,606.72,0.83,-1,-1,-1
278,14,690.13,213.62,61.96,166.76,0.82,-1,-1,-1
278,10,762.02,220.13,46.79,124.56,0.52,-1,-1,-1
278,1,725.37,206.97,51.61,150.15,0.48,-1,-1,-1
278,44,534.29,226.49,47.64,125.59,0.52,-1,-1,-1
278,45,211.37,277.78,127.94,327.95,0.85,-1,-1,-1
278,47,335.05,237.57,69.12,152.36,0.85,-1,-1,-1
278,16,1181.73,301.46,81.60,242.77,0.60,-1,-1,-1
278,54,605.12,199.79,56.45,149.16,0.49,-1,-1,-1
278,55,134.55,292.24,122.70,322.43,0.83,-1,-1,-1
278,59,571.92,220.00,40.14,110.03,0.33,-1,-1,-1
278,8,807.90,284.16,124.81,281.95,0.85,-1,-1,-1
278,56,760.03,244.86,96.45,268.06,0.45,-1,-1,-1
278,7,484.37,270.22,153.22,343.89,0.88,-1,-1,-1
278,60,714.18,298.22,110.30,267.08,0.83,-1,-1,-1
278,62,1041.98,264.83,15.82,35.58,0.57,-1,-1,-1
278,63,60.78,241.27,29.86,67.68,0.42,-1,-1,-1
278,46,636.72,236.24,53.39,136.70,0.75,-1,-1,-1
278,37,590.31,274.20,121.88,289.87,0.72,-1,-1,-1
278,58,617.37,339.27,109.28,222.29,0.56,-1,-1,-1
279,2,496.15,225.39,67.18,159.98,0.83,-1,-1,-1
279,3,980.34,239.43,265.96,627.12,0.84,-1,-1,-1
279,14,690.50,211.94,62.36,168.00,0.82,-1,-1,-1
279,10,763.02,219.04,47.91,127.21,0.52,-1,-1,-1
279,1,725.63,206.85,52.31,152.20,0.39,-1,-1,-1
279,44,533.14,225.17,49.05,129.64,0.28,-1,-1,-1
279,45,215.65,276.28,127.11,326.12,0.86,-1,-1,-1
279,47,335.96,237.26,69.63,152.48,0.85,-1,-1,-1
279,54,604.21,197.10,58.72,155.60,0.52,-1,-1,-1
279,55,137.79,290.03,120.74,319.66,0.82,-1,-1,-1
279,59,573.07,220.31,39.57,107.92,0.39,-1,-1,-1
279,8,807.12,282.94,125.92,284.46,0.85,-1,-1,-1
279,56,761.73,243.18,96.04,265.85,0.49,-1,-1,-1
279,7,477.55,271.67,153.58,342.06,0.88,-1,-1,-1
279,60,714.33,298.34,111.59,266.97,0.84,-1,-1,-1
279,62,1043.26,264.78,15.78,35.30,0.58,-1,-1,-1
279,63,62.26,240.96,26.87,60.66,0.30,-1,-1,-1
279,46,635.98,235.32,54.30,139.15,0.73,-1,-1,-1
279,37,592.52,282.02,120.13,281.74,0.68,-1,-1,-1
279,58,621.70,341.50,107.60,218.65,0.63,-1,-1,-1
280,2,498.12,225.24,66.64,160.01,0.81,-1,-1,-1
280,3,980.26,241.12,261.07,619.72,0.83,-1,-1,-1
280,14,692.42,211.91,62.63,168.15,0.82,-1,-1,-1
280,10,764.79,218.08,48.54,128.79,0.55,-1,-1,-1
280,1,727.66,205.75,52.30,151.60,0.30,-1,-1,-1
280,44,533.38,224.93,52.37,139.26,0.36,-1,-1,-1
280,45,219.01,273.06,126.59,324.92,0.87,-1,-1,-1
280,47,336.27,236.66,70.31,153.22,0.85,-1,-1,-1
280,54,603.59,195.93,60.33,160.52,0.61,-1,-1,-1
280,55,142.60,288.44,117.92,312.50,0.79,-1,-1,-1
280,59,575.41,219.78,38.50,104.84,0.56,-1,-1,-1
280,8,808.02,283.95,125.75,282.07,0.85,-1,-1,-1
280,56,761.53,247.96,99.00,276.16,0.54,-1,-1,-1
280,7,474.07,272.20,153.79,340.94,0.88,-1,-1,-1
280,60,714.51,297.15,113.20,267.38,0.84,-1,-1,-1
280,62,1044.47,264.39,15.76,35.34,0.32,-1,-1,-1
280,63,62.73,240.37,27.88,63.11,0.27,-1,-1,-1
280,46,635.98,233.79,53.82,138.64,0.73,-1,-1,-1
280,37,592.91,282.24,121.20,281.19,0.69,-1,-1,-1
280,58,610.96,339.69,112.74,223.56,0.65,-1,-1,-1
280,66,582.77,310.48,114.22,274.57,0.72,-1,-1,-1
280,67,1119.71,255.38,243.64,698.15,0.58,-1,-1,-1
281,2,499.57,224.80,66.23,160.35,0.78,-1,-1,-1
281,3,981.30,243.74,256.27,610.57,0.80,-1,-1,-1
281,14,693.83,209.55,63.86,170.96,0.81,-1,-1,-1
281,10,765.95,218.54,46.75,123.98,0.49,-1,-1,-1
281,1,731.06,204.11,50.52,145.56,0.30,-1,-1,-1
281,44,532.59,224.99,54.26,144.88,0.31,-1,-1,-1
281,45,222.12,270.14,125.94,323.42,0.86,-1,-1,-1
281,47,336.52,236.53,70.06,152.56,0.84,-1,-1,-1
281,54,603.89,196.28,60.74,162.12,0.55,-1,-1,-1
281,55,147.10,284.78,116.19,308.00,0.75,-1,-1,-1
281,59,576.79,219.17,39.01,105.79,0.53,-1,-1,-1
281,8,808.02,284.49,126.12,280.99,0.85,-1,-1,-1
281,56,761.30,249.88,99.31,278.92,0.51,-1,-1,-1
281,7,471.90,272.82,152.52,337.64,0.87,-1,-1,-1
281,60,714.74,296.41,114.38,266.95,0.83,-1,-1,-1
281,62,1045.27,264.74,15.70,35.27,0.38,-1,-1,-1
281,63,64.03,240.27,25.53,57.79,0.31,-1,-1,-1
281,46,636.27,234.25,52.32,135.54,0.61,-1,-1,-1
281,37,588.61,269.42,129.53,298.65,0.79,-1,-1,-1
281,58,622.34,354.84,105.47,208.18,0.15,-1,-1,-1
281,66,607.94,327.18,102.11,243.31,0.32,-1,-1,-1
281,67,1098.28,251.29,244.99,702.17,0.40,-1,-1,-1
282,2,501.08,223.65,68.31,167.09,0.77,-1,-1,-1
282,3,975.15,242.97,258.76,623.87,0.71,-1,-1,-1
282,14,694.56,209.78,63.55,169.41,0.82,-1,-1,-1
282,10,766.52,220.26,43.51,114.64,0.24,-1,-1,-1
282,1,731.44,203.14,51.15,146.77,0.36,-1,-1,-1
282,44,531.36,224.04,59.82,160.98,0.19,-1,-1,-1
282,45,224.39,267.67,125.41,322.94,0.85,-1,-1,-1
282,47,336.42,236.09,70.04,152.61,0.85,-1,-1,-1
282,54,607.53,195.30,62.24,165.67,0.56,-1,-1,-1
282,55,151.11,281.49,116.67,308.58,0.75,-1,-1,-1
282,59,575.83,217.80,41.85,113.15,0.43,-1,-1,-1
282,8,808.35,284.36,126.52,280.74,0.85,-1,-1,-1
282,56,759.61,245.35,96.81,270.38,0.53,-1,-1,-1
282,7,470.22,270.95,151.29,335.90,0.88,-1,-1,-1
282,60,714.78,295.28,115.70,267.78,0.83,-1,-1,-1
282,62,1046.73,265.03,15.67,35.26,0.44,-1,-1,-1
282,63,63.99,239.66,24.03,54.26,0.30,-1,-1,-1
282,46,636.30,229.65,53.16,138.16,0.51,-1,-1,-1
282,37,587.30,264.71,132.46,304.39,0.80,-1,-1,-1
282,58,626.08,355.12,105.00,207.32,0.17,-1,-1,-1
282,67,1043.62,204.80,297.94,851.60,0.54,-1,-1,-1
283,2,502.98,220.80,70.09,173.10,0.76,-1,-1,-1
283,3,970.88,228.04,274.49,668.71,0.60,-1,-1,-1
283,14,694.66,206.78,65.37,172.46,0.84,-1,-1,-1
283,10,766.93,220.34,42.81,112.37,0.22,-1,-1,-1
283,1,731.19,202.72,51.51,147.24,0.50,-1,-1,-1
283,44,532.86,224.15,59.22,160.44,0.23,-1,-1,-1
283,45,225.94,266.42,125.43,323.37,0.83,-1,-1,-1
283,47,336.65,235.38,70.83,153.97,0.85,-1,-1,-1
283,54,609.78,194.77,61.78,164.18,0.54,-1,-1,-1
283,55,155.95,280.92,116.74,306.98,0.77,-1,-1,-1
283,59,574.74,217.03,43.30,116.79,0.44,-1,-1,-1
283,8,808.01,284.25,126.79,281.22,0.85,-1,-1,-1
283,56,754.25,243.36,100.34,278.90,0.56,-1,-1,-1
283,7,471.04,271.21,147.17,328.44,0.88,-1,-1,-1
283,60,711.68,294.56,117.40,270.58,0.81,-1,-1,-1
283,62,1048.41,265.34,15.49,34.73,0.50,-1,-1,-1
283,63,63.52,239.58,23.70,53.30,0.23,-1,-1,-1
283,46,637.79,228.38,53.24,138.96,0.62,-1,-1,-1
283,37,579.14,256.91,133.67,311.18,0.74,-1,-1,-1
283,58,628.39,353.90,104.02,205.46,0.20,-1,-1,-1
283,67,1010.63,188.51,314.93,895.23,0.59,-1,-1,-1
283,66,602.06,302.63,115.45,272.74,0.79,-1,-1,-1
284,2,505.93,219.70,69.72,173.35,0.75,-1,-1,-1
284,3,972.83,236.23,259.29,639.69,0.67,-1,-1,-1
284,14,695.73,204.60,66.71,174.71,0.84,-1,-1,-1
284,10,768.88,213.80,50.68,133.19,0.51,-1,-1,-1
284,1,731.95,202.84,51.48,147.03,0.47,-1,-1,-1
284,45,228.80,264.91,125.79,324.03,0.84,-1,-1,-1
284,47,337.15,235.94,70.75,153.38,0.86,-1,-1,-1
284,54,610.64,195.07,59.85,159.23,0.46,-1,-1,-1
284,55,158.95,279.91,116.30,306.33,0.81,-1,-1,-1
284,59,576.07,217.64,42.02,113.30,0.45,-1,-1,-1
284,8,808.40,283.93,126.77,281.80,0.84,-1,-1,-1
284,56,753.96,243.89,102.99,284.99,0.52,-1,-1,-1
284,7,471.59,271.06,144.45,325.51,0.88,-1,-1,-1
284,60,713.32,292.09,118.07,271.01,0.81,-1,-1,-1
284,62,1049.86,265.53,15.33,34.36,0.59,-1,-1,-1
284,63,64.15,239.91,24.37,54.65,0.19,-1,-1,-1
284,46,638.92,229.20,52.11,136.10,0.64,-1,-1,-1
284,37,580.00,254.17,134.89,315.08,0.81,-1,-1,-1
284,58,620.85,336.93,112.95,222.91,0.48,-1,-1,-1
284,67,1008.45,208.07,325.67,921.18,0.64,-1,-1,-1
285,2,508.58,220.38,69.32,173.66,0.72,-1,-1,-1
285,3,965.35,241.33,259.93,643.95,0.51,-1,-1,-1
285,14,697.83,203.10,66.84,173.97,0.83,-1,-1,-1
285,10,772.09,213.45,53.82,141.64,0.53,-1,-1,-1
285,1,735.34,202.38,50.97,145.11,0.54,-1,-1,-1
285,45,231.03,265.54,126.16,324.30,0.84,-1,-1,-1
285,47,337.16,235.92,70.48,152.86,0.86,-1,-1,-1
285,54,612.75,198.35,57.14,151.96,0.57,-1,-1,-1
285,55,162.14,281.42,115.54,304.11,0.82,-1,-1,-1
285,59,576.01,217.55,41.73,112.71,0.55,-1,-1,-1
285,8,807.79,282.81,126.75,283.23,0.84,-1,-1,-1
285,56,751.70,244.58,106.61,293.31,0.47,-1,-1,-1
285,7,472.54,270.13,141.70,322.56,0.88,-1,-1,-1
285,60,712.95,292.52,118.53,271.50,0.78,-1,-1,-1
285,62,1051.13,265.29,15.22,34.16,0.46,-1,-1,-1
285,63,62.18,239.54,27.92,62.42,0.19,-1,-1,-1
285,46,642.43,230.90,46.43,120.46,0.62,-1,-1,-1
285,37,580.95,251.88,135.93,318.20,0.83,-1,-1,-1
285,58,616.79,328.84,117.89,231.68,0.39,-1,-1,-1
285,67,997.20,225.62,319.57,899.76,0.69,-1,-1,-1
285,16,1196.93,287.25,90.82,269.33,0.55,-1,-1,-1
286,2,513.21,222.20,68.21,172.97,0.60,-1,-1,-1
286,3,967.06,241.90,256.96,637.41,0.20,-1,-1,-1
286,14,698.41,202.05,66.61,172.48,0.84,-1,-1,-1
286,10,771.59,211.32,59.59,156.92,0.56,-1,-1,-1
286,1,737.03,201.59,51.02,145.11,0.55,-1,-1,-1
286,45,235.18,264.88,126.80,324.78,0.85,-1,-1,-1
286,47,337.30,236.10,70.11,152.35,0.85,-1,-1,-1
286,54,614.68,199.91,55.78,148.36,0.58,-1,-1,-1
286,55,164.17,280.30,115.29,303.45,0.80,-1,-1,-1
286,59,575.20,217.28,42.48,114.62,0.45,-1,-1,-1
286,8,806.89,282.39,125.90,283.44,0.84,-1,-1,-1
286,56,757.98,245.25,103.18,283.53,0.49,-1,-1,-1
286,7,473.04,266.90,140.99,324.72,0.88,-1,-1,-1
286,60,716.92,295.05,117.37,267.75,0.79,-1,-1,-1
286,63,61.15,239.69,28.78,64.14,0.37,-1,-1,-1
286,46,641.38,230.08,48.22,125.46,0.63,-1,-1,-1
286,37,581.20,251.53,134.33,315.27,0.82,-1,-1,-1
286,58,616.92,324.55,119.80,235.71,0.28,-1,-1,-1
286,67,978.43,225.75,303.51,851.49,0.68,-1,-1,-1
286,16,1192.06,292.18,98.81,294.30,0.70,-1,-1,-1
287,2,518.77,223.50,64.21,164.07,0.42,-1,-1,-1
287,3,1016.64,251.59,230.78,581.04,0.11,-1,-1,-1
287,14,699.24,201.76,66.05,170.18,0.84,-1,-1,-1
287,10,772.93,211.92,60.78,160.05,0.50,-1,-1,-1
287,1,737.34,201.96,50.30,143.07,0.45,-1,-1,-1
287,45,238.01,266.00,127.07,323.96,0.86,-1,-1,-1
287,47,337.15,236.60,69.85,152.07,0.85,-1,-1,-1
287,54,615.51,200.14,55.39,147.26,0.65,-1,-1,-1
287,55,167.12,283.75,114.19,300.16,0.81,-1,-1,-1
287,59,575.88,217.38,41.81,112.68,0.38,-1,-1,-1
287,8,807.27,283.24,125.98,283.51,0.83,-1,-1,-1
287,56,761.98,243.71,102.12,280.27,0.44,-1,-1,-1
287,7,471.20,262.68,140.46,328.48,0.88,-1,-1,-1
287,60,718.08,295.88,117.57,267.40,0.79,-1,-1,-1
287,63,60.61,239.68,29.30,64.91,0.49,-1,-1,-1
287,46,640.62,229.24,48.70,127.08,0.56,-1,-1,-1
287,37,578.21,250.97,131.77,313.38,0.65,-1,-1,-1
287,58,622.44,338.03,112.14,219.47,0.19,-1,-1,-1
287,67,966.19,234.22,292.84,823.37,0.71,-1,-1,-1
287,16,1192.75,291.33,102.07,305.24,0.67,-1,-1,-1
287,66,599.89,296.58,117.77,273.92,0.80,-1,-1,-1
288,2,523.26,224.15,57.25,147.29,0.34,-1,-1,-1
288,3,1005.24,252.00,237.82,603.54,0.10,-1,-1,-1
288,14,700.22,202.21,65.38,168.04,0.84,-1,-1,-1
288,10,776.40,214.53,57.56,151.64,0.36,-1,-1,-1
288,1,736.23,199.52,52.79,151.04,0.62,-1,-1,-1
288,45,242.29,270.17,125.84,317.91,0.86,-1,-1,-1
288,47,337.94,237.00,69.37,151.35,0.86,-1,-1,-1
288,54,616.07,199.85,56.38,149.84,0.64,-1,-1,-1
288,55,170.96,285.73,114.32,298.37,0.80,-1,-1,-1
288,59,579.54,218.13,38.62,104.30,0.22,-1,-1,-1
288,8,807.57,284.06,126.60,282.86,0.83,-1,-1,-1
288,56,764.86,244.18,102.75,283.80,0.45,-1,-1,-1
288,7,468.73,260.79,138.17,328.72,0.89,-1,-1,-1
288,60,717.94,294.30,118.97,269.62,0.76,-1,-1,-1
288,63,60.70,239.51,29.14,64.23,0.44,-1,-1,-1
288,46,639.98,226.58,50.46,132.62,0.51,-1,-1,-1
288,37,578.28,251.91,130.23,312.80,0.64,-1,-1,-1
288,67,939.53,258.20,292.60,824.63,0.67,-1,-1,-1
288,16,1192.46,292.84,103.61,311.54,0.74,-1,-1,-1
288,66,598.78,297.55,119.25,273.05,0.82,-1,-1,-1
288,40,1159.27,303.01,96.24,295.41,0.50,-1,-1,-1
289,2,526.40,225.09,56.86,146.16,0.31,-1,-1,-1
289,14,701.87,203.49,64.48,166.11,0.84,-1,-1,-1
289,10,776.78,212.92,58.40,153.61,0.38,-1,-1,-1
289,1,736.04,199.49,53.99,155.40,0.62,-1,-1,-1
289,45,247.09,271.54,124.76,312.46,0.85,-1,-1,-1
289,47,338.79,236.72,69.39,151.63,0.87,-1,-1,-1
289,54,615.80,198.49,56.12,150.01,0.51,-1,-1,-1
289,55,173.40,281.94,116.50,302.85,0.79,-1,-1,-1
289,59,582.34,218.42,35.49,95.53,0.26,-1,-1,-1
289,8,805.22,283.30,128.46,286.29,0.81,-1,-1,-1
289,56,764.83,240.50,103.31,287.72,0.30,-1,-1,-1
289,7,467.67,260.47,135.39,328.73,0.90,-1,-1,-1
289,60,718.44,296.04,118.53,268.38,0.78,-1,-1,-1
289,63,60.18,239.42,29.78,65.72,0.29,-1,-1,-1
289,46,642.21,229.79,48.69,128.95,0.53,-1,-1,-1
289,37,581.01,246.87,127.25,310.80,0.44,-1,-1,-1
289,67,905.54,226.88,303.49,851.85,0.65,-1,-1,-1
289,16,1192.25,293.61,102.98,311.69,0.75,-1,-1,-1
289,66,593.82,276.76,129.32,295.54,0.82,-1,-1,-1
289,40,1158.64,299.63,97.81,300.46,0.26,-1,-1,-1
289,57,1080.90,270.41,149.27,428.77,0.67,-1,-1,-1
290,14,703.36,204.68,63.73,164.66,0.86,-1,-1,-1
290,10,778.72,213.46,56.51,148.49,0.38,-1,-1,-1
290,1,736.24,201.56,53.27,154.53,0.58,-1,-1,-1
290,45,253.00,272.45,123.62,307.97,0.85,-1,-1,-1
290,47,339.36,236.14,69.54,152.41,0.87,-1,-1,-1
290,54,617.52,199.50,55.51,149.19,0.39,-1,-1,-1
290,55,176.12,280.24,117.71,304.04,0.79,-1,-1,-1
290,59,582.43,218.22,36.39,98.08,0.30,-1,-1,-1
290,8,801.44,283.56,129.15,286.81,0.77,-1,-1,-1
290,7,467.44,259.82,132.67,327.83,0.90,-1,-1,-1
290,60,718.00,296.43,118.11,267.63,0.80,-1,-1,-1
290,63,61.60,240.31,26.65,58.33,0.14,-1,-1,-1
290,46,644.08,231.72,48.71,129.35,0.54,-1,-1,-1
290,37,584.57,249.29,128.93,314.65,0.82,-1,-1,-1
290,67,890.75,220.47,306.04,856.46,0.61,-1,-1,-1
290,16,1193.62,293.46,101.80,310.32,0.74,-1,-1,-1
290,66,617.92,315.59,109.58,246.52,0.12,-1,-1,-1
290,40,1151.54,295.00,101.40,309.45,0.28,-1,-1,-1
290,44,532.35,222.36,62.67,168.55,0.71,-1,-1,-1
290,3,1024.67,250.96,221.44,568.39,0.77,-1,-1,-1
291,14,704.79,204.12,63.64,165.13,0.87,-1,-1,-1
291,10,779.84,212.59,57.55,150.93,0.36,-1,-1,-1
291,1,740.99,202.94,48.59,141.69,0.53,-1,-1,-1
291,45,258.39,272.31,124.39,306.74,0.85,-1,-1,-1
291,47,340.13,235.53,69.56,152.60,0.86,-1,-1,-1
291,54,618.54,200.02,55.87,150.86,0.49,-1,-1,-1
291,55,178.81,282.65,117.43,301.21,0.81,-1,-1,-1
291,59,582.54,217.80,35.16,94.84,0.49,-1,-1,-1
291,8,796.70,285.36,128.86,284.63,0.71,-1,-1,-1
291,7,467.05,259.25,130.46,327.72,0.90,-1,-1,-1
291,60,717.99,294.37,119.18,270.80,0.78,-1,-1,-1
291,46,648.28,230.49,50.89,134.49,0.56,-1,-1,-1
291,37,586.11,248.06,132.59,321.93,0.83,-1,-1,-1
291,67,875.77,240.11,302.34,849.05,0.61,-1,-1,-1
291,16,1195.77,294.48,98.23,302.60,0.69,-1,-1,-1
291,40,1151.21,297.16,101.05,307.18,0.25,-1,-1,-1
291,68,847.85,226.45,25.13,66.86,0.59,-1,-1,-1
291,44,534.19,220.38,62.75,169.56,0.75,-1,-1,-1
291,3,1027.59,254.65,217.92,563.37,0.82,-1,-1,-1
291,62,1057.11,265.08,16.29,36.69,0.64,-1,-1,-1
292,14,705.43,205.06,62.77,163.77,0.87,-1,-1,-1
292,10,779.88,210.98,60.05,157.90,0.30,-1,-1,-1
292,1,739.09,202.96,51.48,151.43,0.60,-1,-1,-1
292,45,260.15,272.28,125.98,308.44,0.85,-1,-1,-1
292,47,341.38,234.98,69.58,152.85,0.85,-1,-1,-1
292,54,619.05,199.52,58.15,157.94,0.55,-1,-1,-1
292,55,181.82,281.07,118.74,302.53,0.79,-1,-1,-1
292,59,583.52,217.52,34.26,92.70,0.56,-1,-1,-1
292,8,795.50,286.87,128.43,282.56,0.58,-1,-1,-1
292,7,467.65,259.39,128.20,326.30,0.90,-1,-1,-1
292,60,720.19,293.84,120.04,271.47,0.75,-1,-1,-1
292,46,646.14,229.70,52.47,139.23,0.58,-1,-1,-1
292,37,586.09,248.73,134.29,323.63,0.83,-1,-1,-1
292,67,860.69,236.94,301.47,847.13,0.56,-1,-1,-1
292,16,1194.93,297.44,96.35,298.37,0.71,-1,-1,-1
292,40,1149.65,300.67,97.98,298.18,0.28,-1,-1,-1
292,68,846.98,226.23,27.23,72.51,0.48,-1,-1,-1
292,44,537.14,219.17,60.92,164.30,0.75,-1,-1,-1
292,3,1030.83,250.50,214.81,557.38,0.81,-1,-1,-1
292,62,1058.25,264.82,16.21,36.57,0.75,-1,-1,-1
293,14,705.94,206.36,61.62,161.59,0.87,-1,-1,-1
293,10,779.00,210.92,61.75,162.77,0.43,-1,-1,-1
293,1,738.95,203.20,52.32,154.93,0.63,-1,-1,-1
293,45,264.41,270.13,126.84,309.62,0.85,-1,-1,-1
293,47,342.25,234.36,69.79,153.73,0.84,-1,-1,-1
293,54,623.42,205.55,61.61,165.86,0.63,-1,-1,-1
293,55,183.61,275.53,119.47,302.76,0.75,-1,-1,-1
293,59,585.12,217.50,32.85,89.19,0.56,-1,-1,-1
293,8,794.57,288.96,128.13,281.50,0.60,-1,-1,-1
293,7,466.69,260.55,126.37,325.83,0.91,-1,-1,-1
293,60,720.83,292.44,121.10,272.78,0.76,-1,-1,-1
293,46,641.33,227.64,55.05,147.00,0.58,-1,-1,-1
293,37,582.54,248.43,134.46,322.46,0.82,-1,-1,-1
293,67,843.27,249.40,293.98,830.62,0.65,-1,-1,-1
293,16,1199.33,296.46,99.62,308.55,0.72,-1,-1,-1
293,40,1148.97,299.50,97.84,298.13,0.26,-1,-1,-1
293,68,846.39,226.26,29.04,77.50,0.35,-1,-1,-1
293,44,539.97,220.35,59.19,159.27,0.78,-1,-1,-1
293,3,1024.03,247.82,219.74,570.28,0.84,-1,-1,-1
293,62,1059.54,264.58,16.13,36.54,0.75,-1,-1,-1
294,14,706.58,207.33,60.67,160.43,0.86,-1,-1,-1
294,10,780.21,211.77,61.20,161.93,0.42,-1,-1,-1
294,1,739.85,203.48,52.90,157.28,0.65,-1,-1,-1
294,45,268.82,270.94,125.70,305.21,0.85,-1,-1,-1
294,47,343.85,233.96,68.49,151.08,0.80,-1,-1,-1
294,54,628.35,216.79,59.94,159.84,0.63,-1,-1,-1
294,55,185.15,271.36,120.88,304.94,0.82,-1,-1,-1
294,59,586.17,218.31,32.35,88.13,0.34,-1,-1,-1
294,8,783.10,278.34,131.28,289.35,0.47,-1,-1,-1
294,7,465.62,261.11,125.11,327.03,0.90,-1,-1,-1
294,60,722.44,294.06,121.00,270.49,0.76,-1,-1,-1
294,46,645.18,230.20,49.37,132.28,0.16,-1,-1,-1
294,37,585.42,250.16,135.58,321.35,0.83,-1,-1,-1
294,67,831.30,266.87,279.08,791.22,0.75,-1,-1,-1
294,16,1197.05,297.48,97.06,301.47,0.72,-1,-1,-1
294,40,1150.27,303.04,97.68,296.58,0.19,-1,-1,-1
294,44,542.51,220.79,59.38,159.71,0.78,-1,-1,-1
294,3,1022.30,243.14,223.12,580.10,0.86,-1,-1,-1
294,62,1061.29,264.89,16.28,37.01,0.62,-1,-1,-1
295,14,707.72,208.67,59.71,158.86,0.86,-1,-1,-1
295,10,782.11,213.02,61.29,163.00,0.37,-1,-1,-1
295,1,742.53,206.62,51.58,153.96,0.56,-1,-1,-1
295,45,274.73,271.43,124.49,299.05,0.84,-1,-1,-1
295,47,344.86,233.72,67.69,149.22,0.80,-1,-1,-1
295,54,627.46,209.56,60.99,161.51,0.61,-1,-1,-1
295,55,193.32,273.14,119.26,298.61,0.79,-1,-1,-1
295,59,587.02,218.17,31.53,85.82,0.43,-1,-1,-1
295,8,788.31,263.78,143.48,315.90,0.31,-1,-1,-1
295,7,463.90,261.27,123.72,326.44,0.90,-1,-1,-1
295,60,724.58,295.24,120.83,268.02,0.79,-1,-1,-1
295,46,645.49,228.16,47.91,128.06,0.30,-1,-1,-1
295,37,583.55,251.68,135.90,318.92,0.84,-1,-1,-1
295,67,808.37,266.23,273.42,778.82,0.74,-1,-1,-1
295,16,1196.57,298.62,95.39,296.82,0.71,-1,-1,-1
295,40,1150.29,302.14,98.69,298.65,0.22,-1,-1,-1
295,44,545.95,221.18,57.35,153.52,0.76,-1,-1,-1
295,3,1014.44,243.58,227.46,588.81,0.88,-1,-1,-1
295,62,1062.54,266.33,16.31,37.12,0.51,-1,-1,-1
296,14,708.17,210.05,58.96,157.86,0.83,-1,-1,-1
296,10,783.74,213.81,61.90,165.48,0.33,-1,-1,-1
296,1,745.19,208.71,50.00,149.56,0.49,-1,-1,-1
296,45,281.08,273.10,122.91,292.24,0.85,-1,-1,-1
296,47,344.84,233.77,67.13,148.45,0.81,-1,-1,-1
296,54,626.56,206.53,61.77,162.67,0.57,-1,-1,-1
296,55,200.86,277.29,115.97,287.79,0.80,-1,-1,-1
296,59,585.98,218.53,35.22,96.61,0.21,-1,-1,-1
296,8,788.92,253.36,146.63,321.69,0.11,-1,-1,-1
296,7,461.19,261.84,121.96,323.80,0.91,-1,-1,-1
296,60,726.39,295.97,119.72,262.72,0.74,-1,-1,-1
296,46,654.93,233.97,40.21,106.93,0.13,-1,-1,-1
296,37,583.81,250.53,138.00,321.37,0.86,-1,-1,-1
296,67,790.36,271.83,266.60,759.84,0.73,-1,-1,-1
296,16,1197.02,299.42,93.39,290.94,0.75,-1,-1,-1
296,40,1148.50,300.29,98.94,299.93,0.32,-1,-1,-1
296,44,548.47,219.51,58.42,155.20,0.78,-1,-1,-1
296,3,1007.78,245.44,231.70,596.81,0.88,-1,-1,-1
296,62,1063.61,267.09,15.81,35.86,0.59,-1,-1,-1
297,14,708.77,210.93,58.11,156.47,0.82,-1,-1,-1
297,10,784.97,213.45,60.33,161.95,0.10,-1,-1,-1
297,1,742.00,205.57,54.29,162.10,0.55,-1,-1,-1
297,45,286.04,271.93,122.43,289.13,0.87,-1,-1,-1
297,47,344.97,233.89,66.75,148.18,0.82,-1,-1,-1
297,54,623.81,206.85,64.75,169.99,0.43,-1,-1,-1
297,55,203.12,274.25,114.98,282.51,0.83,-1,-1,-1
297,59,587.39,216.74,33.94,93.54,0.15,-1,-1,-1
297,7,460.06,262.22,119.27,317.37,0.90,-1,-1,-1
297,60,725.26,288.34,123.69,270.01,0.17,-1,-1,-1
297,37,584.32,248.45,140.12,324.87,0.86,-1,-1,-1
297,67,762.21,265.02,273.86,781.68,0.73,-1,-1,-1
297,16,1195.56,299.42,93.32,290.78,0.73,-1,-1,-1
297,40,1148.20,301.13,98.04,297.90,0.28,-1,-1,-1
297,44,551.66,220.99,57.59,151.01,0.80,-1,-1,-1
297,3,1005.16,247.41,232.75,595.92,0.87,-1,-1,-1
297,62,1064.70,266.03,16.62,37.77,0.53,-1,-1,-1
298,14,709.32,211.01,57.19,154.25,0.82,-1,-1,-1
298,10,780.89,205.20,75.39,203.22,0.24,-1,-1,-1
298,1,742.41,206.48,52.23,155.52,0.43,-1,-1,-1
298,45,289.19,270.49,122.41,287.82,0.87,-1,-1,-1
298,47,345.10,233.36,67.48,150.20,0.82,-1,-1,-1
298,54,624.70,204.88,67.18,176.58,0.36,-1,-1,-1
298,55,206.66,273.89,113.70,277.82,0.81,-1,-1,-1
298,59,588.12,217.30,32.71,90.57,0.14,-1,-1,-1
298,7,459.61,262.66,117.68,312.50,0.90,-1,-1,-1
298,60,728.61,255.36,135.67,298.39,0.22,-1,-1,-1
298,37,583.22,244.75,141.87,329.40,0.85,-1,-1,-1
298,67,733.72,262.08,277.91,786.63,0.74,-1,-1,-1
298,16,1194.90,300.44,93.01,289.80,0.73,-1,-1,-1
298,40,1148.59,301.82,97.34,296.28,0.32,-1,-1,-1
298,44,553.97,221.77,56.89,147.94,0.80,-1,-1,-1
298,3,1002.51,246.49,234.94,597.94,0.87,-1,-1,-1
298,62,1065.51,265.59,16.94,38.49,0.33,-1,-1,-1
299,14,711.11,210.76,57.34,155.15,0.81,-1,-1,-1
299,1,742.07,206.65,52.03,154.90,0.46,-1,-1,-1
299,45,291.18,270.26,122.60,287.31,0.86,-1,-1,-1
299,47,345.48,232.20,67.98,151.34,0.82,-1,-1,-1
299,54,625.25,202.51,69.07,181.39,0.51,-1,-1,-1
299,55,213.06,275.57,112.92,277.30,0.81,-1,-1,-1
299,59,588.25,218.36,33.38,92.77,0.12,-1,-1,-1
299,7,457.23,260.15,117.25,310.22,0.90,-1,-1,-1
299,37,580.69,246.55,139.89,326.14,0.84,-1,-1,-1
299,67,718.23,258.06,279.58,789.69,0.71,-1,-1,-1
299,16,1194.78,301.31,92.30,287.82,0.72,-1,-1,-1
299,40,1148.88,303.57,96.53,294.15,0.41,-1,-1,-1
299,44,558.11,222.39,55.37,142.31,0.74,-1,-1,-1
299,3,1000.46,245.44,238.01,602.56,0.86,-1,-1,-1
299,62,1066.59,265.27,17.10,38.88,0.46,-1,-1,-1
300,14,712.54,211.65,57.02,155.13,0.73,-1,-1,-1
300,1,737.18,208.41,51.87,155.38,0.13,-1,-1,-1
300,45,291.95,270.15,121.83,285.64,0.87,-1,-1,-1
300,47,344.15,233.74,68.44,152.02,0.79,-1,-1,-1
300,54,627.04,203.74,68.59,180.86,0.42,-1,-1,-1
300,55,215.67,268.53,114.09,281.09,0.68,-1,-1,-1
300,7,455.17,258.17,117.84,310.55,0.90,-1,-1,-1
300,37,578.48,246.82,137.22,323.83,0.82,-1,-1,-1
300,67,706.68,263.93,274.62,775.64,0.69,-1,-1,-1
300,16,1194.46,301.39,92.23,288.20,0.73,-1,-1,-1
300,40,1145.74,301.96,98.16,300.13,0.33,-1,-1,-1
300,44,560.25,221.46,56.62,144.24,0.77,-1,-1,-1
300,3,998.99,243.50,240.20,605.70,0.87,-1,-1,-1
300,62,1067.66,265.16,16.73,38.10,0.66,-1,-1,-1
300,69,690.34,238.01,37.50,88.41,0.54,-1,-1,-1
301,45,291.87,270.78,121.12,283.68,0.86,-1,-1,-1
301,47,342.25,234.04,69.65,155.31,0.77,-1,-1,-1
301,54,627.19,199.14,70.36,186.56,0.55,-1,-1,-1
301,55,218.49,273.71,111.73,276.29,0.73,-1,-1,-1
301,7,454.42,256.93,118.14,309.71,0.91,-1,-1,-1
301,37,578.99,248.45,133.95,318.88,0.82,-1,-1,-1
301,67,684.10,248.13,279.34,790.52,0.68,-1,-1,-1
301,16,1194.08,300.91,92.70,290.20,0.73,-1,-1,-1
301,40,1144.53,302.19,98.71,302.62,0.38,-1,-1,-1
301,44,561.96,221.07,57.33,144.93,0.80,-1,-1,-1
301,3,998.43,244.22,241.14,605.93,0.87,-1,-1,-1
301,62,1069.31,267.90,15.43,35.08,0.69,-1,-1,-1
301,69,688.24,234.14,40.37,95.36,0.32,-1,-1,-1
302,45,293.82,269.94,121.55,285.01,0.87,-1,-1,-1
302,47,339.63,234.45,70.95,158.40,0.75,-1,-1,-1
302,54,628.65,197.22,69.63,185.26,0.66,-1,-1,-1
302,55,224.07,277.74,109.74,272.12,0.80,-1,-1,-1
302,7,453.68,255.98,118.66,309.38,0.90,-1,-1,-1
302,37,577.61,248.42,132.74,320.60,0.82,-1,-1,-1
302,67,662.07,257.86,275.71,778.97,0.67,-1,-1,-1
302,16,1194.13,301.13,92.70,290.83,0.72,-1,-1,-1
302,40,1145.12,304.43,97.22,298.74,0.39,-1,-1,-1
302,44,564.09,220.75,58.32,146.81,0.80,-1,-1,-1
302,3,998.06,244.67,242.03,606.47,0.87,-1,-1,-1
302,62,1070.53,268.14,15.41,34.98,0.71,-1,-1,-1
302,8,811.44,282.88,129.86,288.43,0.76,-1,-1,-1
303,45,296.43,269.02,121.01,286.12,0.87,-1,-1,-1
303,47,339.19,235.03,70.38,157.15,0.76,-1,-1,-1
303,54,628.95,196.37,69.62,187.13,0.60,-1,-1,-1
303,55,229.03,278.44,108.40,269.48,0.81,-1,-1,-1
303,7,452.81,254.81,119.21,309.73,0.90,-1,-1,-1
303,37,577.35,248.70,127.97,312.19,0.76,-1,-1,-1
303,67,644.11,267.13,272.10,768.65,0.69,-1,-1,-1
303,16,1194.06,300.96,92.90,292.45,0.72,-1,-1,-1
303,40,1145.00,305.00,96.99,298.85,0.37,-1,-1,-1
303,44,565.69,220.57,58.72,148.37,0.81,-1,-1,-1
303,3,997.46,244.30,243.19,607.95,0.87,-1,-1,-1
303,62,1071.77,268.03,15.63,35.42,0.66,-1,-1,-1
303,8,814.48,286.79,128.00,287.46,0.83,-1,-1,-1
303,58,582.92,311.58,130.37,266.77,0.69,-1,-1,-1
303,1,749.05,200.71,51.39,151.65,0.64,-1,-1,-1
304,45,298.93,269.85,119.67,285.55,0.87,-1,-1,-1
304,47,337.49,234.95,71.12,158.56,0.76,-1,-1,-1
304,54,628.22,196.76,76.01,206.46,0.18,-1,-1,-1
304,55,233.01,279.19,107.37,268.43,0.82,-1,-1,-1
304,7,451.77,254.43,118.97,308.66,0.90,-1,-1,-1
304,37,574.86,240.96,133.52,329.49,0.72,-1,-1,-1
304,67,625.86,280.07,265.47,749.99,0.66,-1,-1,-1
304,16,1193.59,299.39,94.24,297.63,0.72,-1,-1,-1
304,40,1144.38,303.81,98.00,302.83,0.32,-1,-1,-1
304,44,567.36,220.37,58.93,149.45,0.82,-1,-1,-1
304,3,997.46,245.54,243.61,607.74,0.87,-1,-1,-1
304,62,1072.23,268.32,16.06,36.38,0.55,-1,-1,-1
304,8,816.72,288.30,127.37,291.26,0.85,-1,-1,-1
304,58,575.51,272.91,124.34,263.34,0.62,-1,-1,-1
304,1,750.40,198.93,53.56,156.43,0.49,-1,-1,-1
304,60,741.26,289.54,124.55,282.07,0.53,-1,-1,-1
305,45,301.70,270.19,118.36,285.17,0.86,-1,-1,-1
305,47,336.01,234.21,72.21,161.40,0.75,-1,-1,-1
305,54,626.30,196.81,80.96,222.52,0.25,-1,-1,-1
305,55,235.74,278.87,107.61,270.58,0.83,-1,-1,-1
305,7,450.53,254.51,118.68,307.27,0.88,-1,-1,-1
305,37,579.11,223.92,147.60,366.73,0.40,-1,-1,-1
305,67,592.12,240.59,271.03,758.33,0.63,-1,-1,-1
305,16,1193.64,298.98,94.40,299.18,0.72,-1,-1,-1
305,40,1144.58,304.00,97.99,303.41,0.35,-1,-1,-1
305,44,569.61,220.69,58.48,149.25,0.85,-1,-1,-1
305,3,997.31,245.73,244.46,608.56,0.87,-1,-1,-1
305,62,1072.73,268.49,16.01,36.20,0.63,-1,-1,-1
305,8,817.81,289.47,126.17,291.34,0.85,-1,-1,-1
305,58,579.47,241.84,127.59,278.41,0.44,-1,-1,-1
305,1,753.11,200.43,50.60,146.22,0.60,-1,-1,-1
305,60,737.30,295.23,119.71,277.99,0.70,-1,-1,-1
306,45,303.83,270.78,116.67,283.20,0.86,-1,-1,-1
306,47,336.42,233.81,72.10,161.71,0.75,-1,-1,-1
306,54,625.56,200.51,77.59,214.37,0.33,-1,-1,-1
306,55,238.54,277.22,107.41,271.93,0.82,-1,-1,-1
306,7,448.51,253.32,118.83,307.20,0.88,-1,-1,-1
306,37,583.36,217.23,151.77,377.72,0.25,-1,-1,-1
306,67,569.61,229.30,270.62,749.43,0.68,-1,-1,-1
306,16,1193.52,299.06,94.02,298.50,0.71,-1,-1,-1
306,40,1145.23,304.62,97.53,302.23,0.39,-1,-1,-1
306,44,570.94,220.52,58.18,149.51,0.85,-1,-1,-1
306,3,997.87,247.68,244.13,606.49,0.87,-1,-1,-1
306,62,1073.25,268.32,16.30,36.80,0.56,-1,-1,-1
306,8,817.55,289.36,124.76,290.52,0.84,-1,-1,-1
306,58,585.22,225.56,127.26,279.96,0.24,-1,-1,-1
306,1,755.07,200.14,47.40,135.36,0.66,-1,-1,-1
306,60,736.76,297.35,115.79,273.46,0.79,-1,-1,-1
306,14,713.11,209.79,56.19,153.43,0.77,-1,-1,-1
307,45,305.93,270.89,115.14,281.36,0.86,-1,-1,-1
307,47,336.97,233.28,72.21,162.71,0.73,-1,-1,-1
307,54,628.01,200.07,75.05,207.41,0.21,-1,-1,-1
307,55,241.57,276.20,105.99,270.40,0.82,-1,-1,-1
307,7,447.86,253.23,118.18,305.20,0.87,-1,-1,-1
307,37,580.90,217.27,151.32,377.29,0.10,-1,-1,-1
307,67,553.03,226.92,268.48,736.83,0.73,-1,-1,-1
307,16,1193.79,298.59,93.96,298.78,0.71,-1,-1,-1
307,40,1146.04,305.39,96.71,299.91,0.39,-1,-1,-1
307,44,573.33,220.06,57.71,149.08,0.84,-1,-1,-1
307,3,998.58,249.21,243.02,602.20,0.87,-1,-1,-1
307,62,1074.15,265.96,16.89,38.22,0.44,-1,-1,-1
307,8,819.20,290.22,123.79,289.30,0.82,-1,-1,-1
307,1,756.59,199.50,47.00,132.58,0.67,-1,-1,-1
307,60,735.49,296.76,115.11,273.87,0.76,-1,-1,-1
307,14,713.22,209.39,55.99,153.52,0.81,-1,-1,-1
308,45,307.01,266.07,116.16,287.40,0.86,-1,-1,-1
308,47,337.38,232.62,72.99,164.96,0.73,-1,-1,-1
308,54,635.05,202.49,60.44,166.10,0.54,-1,-1,-1
308,55,245.11,276.31,104.86,270.03,0.83,-1,-1,-1
308,7,448.55,256.86,115.67,296.31,0.88,-1,-1,-1
308,67,534.30,216.98,277.55,761.23,0.70,-1,-1,-1
308,16,1199.12,298.13,98.77,312.29,0.69,-1,-1,-1
308,40,1175.31,299.07,94.69,292.50,0.59,-1,-1,-1
308,44,575.89,218.52,56.43,146.17,0.11,-1,-1,-1
308,3,998.69,249.70,243.03,600.83,0.87,-1,-1,-1
308,62,1074.87,264.34,17.37,39.47,0.59,-1,-1,-1
308,8,822.27,291.26,122.99,288.36,0.83,-1,-1,-1
308,1,756.35,199.29,48.57,136.21,0.61,-1,-1,-1
308,60,735.20,295.62,111.63,267.51,0.82,-1,-1,-1
308,14,713.52,208.82,56.44,155.24,0.82,-1,-1,-1
309,45,309.89,264.58,113.36,282.62,0.85,-1,-1,-1
309,47,336.95,232.24,73.64,166.92,0.69,-1,-1,-1
309,54,637.17,202.93,55.85,153.09,0.55,-1,-1,-1
309,55,247.46,274.67,103.88,270.36,0.84,-1,-1,-1
309,7,446.58,259.50,112.67,288.05,0.88,-1,-1,-1
309,67,522.95,233.11,277.12,760.78,0.69,-1,-1,-1
309,16,1200.76,297.79,100.95,317.40,0.71,-1,-1,-1
309,40,1187.15,296.40,94.56,291.08,0.62,-1,-1,-1
309,3,998.18,249.54,243.90,601.90,0.87,-1,-1,-1
309,62,1075.75,263.55,17.37,39.64,0.59,-1,-1,-1
309,8,822.76,291.19,123.24,288.17,0.82,-1,-1,-1
309,1,756.47,198.72,51.58,144.20,0.60,-1,-1,-1
309,60,732.34,293.37,114.22,274.22,0.82,-1,-1,-1
309,14,713.95,208.84,56.04,154.23,0.83,-1,-1,-1
309,69,689.82,232.89,40.14,94.96,0.54,-1,-1,-1
310,45,314.48,270.45,109.91,275.58,0.83,-1,-1,-1
310,47,337.74,232.89,71.83,162.42,0.69,-1,-1,-1
310,54,637.37,203.54,54.81,149.63,0.72,-1,-1,-1
310,55,251.43,273.83,102.65,270.15,0.81,-1,-1,-1
310,7,445.74,261.45,110.87,283.09,0.87,-1,-1,-1
310,67,505.39,222.05,280.36,770.24,0.69,-1,-1,-1
310,16,1197.68,296.90,100.55,316.22,0.72,-1,-1,-1
310,3,997.54,248.69,245.15,604.05,0.87,-1,-1,-1
310,62,1076.54,263.87,16.94,38.78,0.71,-1,-1,-1
310,8,822.18,290.50,124.15,288.90,0.82,-1,-1,-1
310,1,758.44,201.77,47.26,130.77,0.69,-1,-1,-1
310,60,728.02,292.44,115.31,275.03,0.83,-1,-1,-1
310,14,714.21,208.37,56.09,154.15,0.85,-1,-1,-1
310,69,690.51,233.10,40.24,95.43,0.51,-1,-1,-1
311,45,315.99,267.78,108.35,273.55,0.84,-1,-1,-1
311,47,336.36,232.90,72.37,163.67,0.73,-1,-1,-1
311,54,637.88,204.23,53.15,144.03,0.71,-1,-1,-1
311,55,254.95,274.79,99.06,263.43,0.83,-1,-1,-1
311,7,443.23,261.85,111.80,285.90,0.85,-1,-1,-1
311,67,490.35,217.88,262.69,711.74,0.67,-1,-1,-1
311,16,1195.87,297.23,99.40,313.06,0.70,-1,-1,-1
311,3,997.43,248.85,245.56,604.11,0.87,-1,-1,-1
311,62,1077.21,264.23,16.83,38.57,0.65,-1,-1,-1
311,8,821.81,290.07,124.12,288.55,0.84,-1,-1,-1
311,1,758.05,200.83,48.65,133.99,0.64,-1,-1,-1
311,60,724.43,291.94,116.34,274.32,0.83,-1,-1,-1
311,14,715.22,207.54,56.10,154.37,0.85,-1,-1,-1
311,69,690.92,232.31,40.27,95.94,0.58,-1,-1,-1
312,45,319.78,269.21,106.09,269.33,0.85,-1,-1,-1
312,47,335.72,232.40,72.96,164.69,0.72,-1,-1,-1
312,54,637.69,203.50,55.88,150.83,0.68,-1,-1,-1
312,55,258.67,273.66,96.90,260.06,0.83,-1,-1,-1
312,7,440.92,256.35,114.32,289.74,0.74,-1,-1,-1
312,67,470.33,222.20,270.97,729.49,0.69,-1,-1,-1
312,16,1196.35,297.55,98.70,311.81,0.72,-1,-1,-1
312,3,997.24,248.14,246.59,606.04,0.87,-1,-1,-1
312,62,1078.32,263.86,17.12,39.14,0.54,-1,-1,-1
312,8,821.91,289.82,124.59,289.08,0.82,-1,-1,-1
312,1,757.94,199.85,49.50,136.21,0.62,-1,-1,-1
312,60,725.11,293.66,116.41,272.59,0.83,-1,-1,-1
312,14,716.29,207.07,55.92,154.18,0.85,-1,-1,-1
312,69,690.11,231.50,41.71,100.39,0.54,-1,-1,-1
312,44,582.19,217.40,55.54,146.42,0.67,-1,-1,-1
313,45,321.55,265.87,105.25,268.95,0.82,-1,-1,-1
313,47,336.77,231.22,72.43,164.10,0.73,-1,-1,-1
313,54,636.37,202.86,60.04,162.28,0.73,-1,-1,-1
313,55,261.56,266.36,97.00,262.06,0.82,-1,-1,-1
313,7,436.39,251.81,116.80,292.46,0.62,-1,-1,-1
313,67,448.58,221.25,282.38,752.82,0.67,-1,-1,-1
313,16,1194.32,297.15,97.67,309.56,0.70,-1,-1,-1
313,3,997.40,247.94,246.63,605.45,0.87,-1,-1,-1
313,62,1079.17,263.97,17.68,40.23,0.24,-1,-1,-1
313,8,820.21,288.92,125.22,290.01,0.82,-1,-1,-1
313,1,760.05,199.59,50.02,137.43,0.58,-1,-1,-1
313,60,725.12,293.61,116.94,272.27,0.83,-1,-1,-1
313,14,717.02,206.26,55.81,154.39,0.85,-1,-1,-1
313,69,691.28,231.78,41.55,100.85,0.59,-1,-1,-1
313,44,583.46,213.68,56.85,151.28,0.67,-1,-1,-1
313,37,609.75,281.12,116.72,281.45,0.71,-1,-1,-1
314,45,324.89,264.54,102.73,264.31,0.84,-1,-1,-1
314,47,336.61,229.96,73.26,166.70,0.67,-1,-1,-1
314,54,633.99,200.77,63.60,171.88,0.72,-1,-1,-1
314,55,265.09,266.37,94.71,256.58,0.83,-1,-1,-1
314,7,439.83,246.44,121.54,301.81,0.27,-1,-1,-1
314,67,433.61,218.10,289.53,772.12,0.66,-1,-1,-1
314,16,1195.76,298.00,97.86,310.53,0.67,-1,-1,-1
314,3,996.95,247.03,246.90,605.59,0.87,-1,-1,-1
314,62,1079.96,263.79,18.05,41.01,0.16,-1,-1,-1
314,8,819.29,288.89,125.57,289.53,0.82,-1,-1,-1
314,1,763.31,199.83,49.43,135.47,0.64,-1,-1,-1
314,60,723.79,292.14,118.11,273.54,0.83,-1,-1,-1
314,14,717.40,205.42,56.13,155.82,0.84,-1,-1,-1
314,69,692.73,231.90,40.58,99.24,0.64,-1,-1,-1
314,44,584.14,211.33,59.74,160.46,0.74,-1,-1,-1
314,37,614.87,289.47,111.02,263.85,0.75,-1,-1,-1
315,45,328.06,262.09,102.57,265.86,0.85,-1,-1,-1
315,47,336.13,230.10,74.88,171.92,0.67,-1,-1,-1
315,54,631.60,199.24,65.95,177.58,0.72,-1,-1,-1
315,55,269.01,267.93,93.91,254.58,0.83,-1,-1,-1
315,7,433.50,243.59,129.84,324.58,0.29,-1,-1,-1
315,67,418.62,233.93,281.24,751.51,0.71,-1,-1,-1
315,16,1195.10,298.64,96.52,308.76,0.52,-1,-1,-1
315,3,996.52,248.29,246.32,604.25,0.87,-1,-1,-1
315,62,1080.97,263.66,18.35,41.59,0.16,-1,-1,-1
315,8,818.68,288.88,125.83,288.86,0.82,-1,-1,-1
315,1,763.07,199.90,50.62,138.34,0.67,-1,-1,-1
315,60,723.11,291.45,119.03,274.15,0.83,-1,-1,-1
315,14,717.95,204.83,56.20,156.80,0.84,-1,-1,-1
315,69,693.00,231.47,40.17,98.76,0.60,-1,-1,-1
315,44,585.72,209.16,58.25,157.05,0.75,-1,-1,-1
315,37,626.41,303.35,106.85,250.01,0.64,-1,-1,-1
315,71,563.23,223.70,35.96,107.73,0.69,-1,-1,-1
315,72,233.98,240.10,33.73,79.21,0.57,-1,-1,-1
315,58,596.20,271.25,129.00,281.46,0.69,-1,-1,-1
316,45,329.84,258.70,102.04,265.59,0.80,-1,-1,-1
316,47,337.03,228.78,74.94,173.88,0.70,-1,-1,-1
316,54,631.64,199.63,65.70,176.79,0.73,-1,-1,-1
316,55,271.46,269.22,92.59,252.70,0.84,-1,-1,-1
316,7,412.24,234.22,163.03,414.95,0.18,-1,-1,-1
316,67,396.60,229.06,280.33,756.38,0.73,-1,-1,-1
316,16,1190.41,322.28,105.84,336.41,0.70,-1,-1,-1
316,3,996.29,249.85,245.94,602.48,0.86,-1,-1,-1
316,62,1081.84,263.36,18.40,41.77,0.25,-1,-1,-1
316,8,819.96,287.51,125.46,286.61,0.82,-1,-1,-1
316,1,763.10,200.26,51.29,140.10,0.68,-1,-1,-1
316,60,722.49,290.98,119.70,274.07,0.83,-1,-1,-1
316,14,718.94,204.57,56.06,156.86,0.84,-1,-1,-1
316,69,692.72,229.51,40.54,100.30,0.52,-1,-1,-1
316,44,588.33,208.49,54.66,146.89,0.70,-1,-1,-1
316,37,617.48,289.94,114.88,266.90,0.64,-1,-1,-1
316,71,564.51,224.48,35.39,105.91,0.75,-1,-1,-1
316,72,234.04,240.73,32.86,77.16,0.57,-1,-1,-1
316,58,583.10,273.47,131.08,291.63,0.73,-1,-1,-1
317,45,331.68,260.31,102.48,264.91,0.78,-1,-1,-1
317,47,338.98,228.58,73.49,171.86,0.67,-1,-1,-1
317,54,633.42,199.20,65.55,176.72,0.75,-1,-1,-1
317,55,274.26,267.08,92.19,252.39,0.83,-1,-1,-1
317,67,380.74,235.74,276.06,751.41,0.75,-1,-1,-1
317,16,1182.75,334.95,109.03,342.58,0.79,-1,-1,-1
317,3,994.81,250.61,246.78,604.61,0.86,-1,-1,-1
317,62,1082.85,263.28,18.34,41.61,0.41,-1,-1,-1
317,8,820.99,288.00,126.18,287.36,0.82,-1,-1,-1
317,1,763.03,200.80,52.04,142.21,0.68,-1,-1,-1
317,60,721.34,288.35,121.59,277.11,0.83,-1,-1,-1
317,14,721.18,205.93,55.13,154.64,0.84,-1,-1,-1
317,69,693.51,229.99,39.04,96.99,0.50,-1,-1,-1
317,44,589.83,210.38,51.62,138.38,0.76,-1,-1,-1
317,71,565.49,223.49,35.49,105.94,0.76,-1,-1,-1
317,72,234.16,241.34,33.23,77.96,0.55,-1,-1,-1
317,58,585.06,260.67,136.69,308.33,0.84,-1,-1,-1
317,74,799.10,208.14,47.16,141.72,0.57,-1,-1,-1
318,45,329.02,254.42,103.48,267.67,0.68,-1,-1,-1
318,47,340.77,229.27,70.63,168.02,0.61,-1,-1,-1
318,54,632.40,196.47,67.06,181.02,0.71,-1,-1,-1
318,55,276.31,265.71,92.28,253.76,0.82,-1,-1,-1
318,67,356.96,233.07,273.65,751.28,0.76,-1,-1,-1
318,16,1170.73,335.66,115.33,359.27,0.76,-1,-1,-1
318,3,995.44,252.65,245.76,601.01,0.86,-1,-1,-1
318,62,1084.28,264.21,17.95,40.74,0.40,-1,-1,-1
318,8,820.85,288.56,126.66,287.13,0.82,-1,-1,-1
318,1,762.48,199.28,54.00,148.21,0.68,-1,-1,-1
318,60,721.34,287.57,122.31,277.47,0.83,-1,-1,-1
318,14,722.33,207.00,54.12,152.05,0.85,-1,-1,-1
318,69,692.93,228.48,39.34,97.99,0.48,-1,-1,-1
318,44,590.85,211.61,50.52,135.80,0.74,-1,-1,-1
318,71,566.63,222.83,35.68,106.13,0.76,-1,-1,-1
318,72,234.08,240.92,33.40,78.27,0.57,-1,-1,-1
318,58,587.62,255.49,137.75,314.08,0.85,-1,-1,-1
318,74,800.40,209.27,45.75,137.41,0.46,-1,-1,-1
319,45,323.18,254.41,106.54,269.34,0.45,-1,-1,-1
319,47,342.95,229.50,66.04,159.50,0.63,-1,-1,-1
319,54,631.98,193.86,68.23,185.17,0.68,-1,-1,-1
319,55,277.81,264.25,93.14,256.42,0.73,-1,-1,-1
319,67,345.23,242.21,263.60,729.25,0.81,-1,-1,-1
319,16,1152.77,323.87,128.49,395.70,0.67,-1,-1,-1
319,3,997.29,252.95,243.77,594.04,0.85,-1,-1,-1
319,62,1085.78,264.75,17.79,40.32,0.48,-1,-1,-1
319,8,818.86,288.44,127.01,286.78,0.82,-1,-1,-1
319,1,763.83,199.37,53.24,146.17,0.66,-1,-1,-1
319,60,720.85,286.82,121.88,275.62,0.83,-1,-1,-1
319,14,723.42,206.88,54.12,151.69,0.85,-1,-1,-1
319,69,693.16,228.26,40.18,100.29,0.48,-1,-1,-1
319,44,592.68,212.74,48.54,130.61,0.71,-1,-1,-1
319,71,567.71,222.33,35.76,105.92,0.74,-1,-1,-1
319,72,234.32,240.75,33.32,77.93,0.57,-1,-1,-1
319,58,589.32,253.62,137.52,316.47,0.84,-1,-1,-1
319,74,803.15,209.10,43.85,131.52,0.35,-1,-1,-1
320,45,324.31,245.98,131.78,333.44,0.19,-1,-1,-1
320,47,345.71,230.16,61.57,151.29,0.52,-1,-1,-1
320,54,633.11,192.54,67.36,183.73,0.71,-1,-1,-1
320,55,285.50,259.69,97.00,262.81,0.71,-1,-1,-1
320,67,329.84,241.00,257.76,715.83,0.80,-1,-1,-1
320,16,1188.31,310.52,108.96,335.88,0.69,-1,-1,-1
320,3,998.18,251.53,244.78,593.99,0.85,-1,-1,-1
320,62,1086.64,264.54,17.99,40.86,0.41,-1,-1,-1
320,8,818.60,287.52,127.46,287.56,0.82,-1,-1,-1
320,1,765.73,200.10,52.13,143.09,0.65,-1,-1,-1
320,60,721.25,286.65,122.13,274.89,0.83,-1,-1,-1
320,14,725.08,206.03,54.54,152.31,0.84,-1,-1,-1
320,69,693.53,230.55,38.46,95.65,0.61,-1,-1,-1
320,44,594.17,212.08,48.86,131.73,0.71,-1,-1,-1
320,71,568.33,221.50,36.01,106.07,0.74,-1,-1,-1
320,72,234.76,241.15,31.05,72.50,0.28,-1,-1,-1
320,58,590.84,254.68,136.50,316.24,0.84,-1,-1,-1
320,74,804.25,210.16,43.38,129.89,0.40,-1,-1,-1
321,45,297.29,230.95,177.25,450.04,0.55,-1,-1,-1
321,47,345.16,227.50,59.32,147.11,0.21,-1,-1,-1
321,54,634.83,193.36,64.54,176.45,0.72,-1,-1,-1
321,55,289.00,254.81,106.47,284.42,0.34,-1,-1,-1
321,67,311.83,242.84,257.24,716.79,0.82,-1,-1,-1
321,16,1203.61,303.46,100.85,310.85,0.71,-1,-1,-1
321,3,998.53,248.06,246.96,597.32,0.85,-1,-1,-1
321,62,1087.35,264.20,18.54,42.17,0.17,-1,-1,-1
321,8,818.17,287.53,128.10,287.39,0.82,-1,-1,-1
321,1,767.75,201.67,50.81,138.93,0.62,-1,-1,-1
321,60,721.11,286.40,122.42,274.29,0.82,-1,-1,-1
321,14,726.58,206.00,54.68,152.15,0.84,-1,-1,-1
321,69,695.06,233.41,36.83,91.40,0.73,-1,-1,-1
321,44,595.66,211.98,50.84,136.90,0.76,-1,-1,-1
321,71,568.33,220.31,36.52,107.05,0.76,-1,-1,-1
321,72,234.94,240.84,30.18,70.29,0.27,-1,-1,-1
321,58,591.74,255.01,136.30,316.82,0.85,-1,-1,-1
321,74,805.37,211.74,42.69,127.55,0.34,-1,-1,-1
322,45,278.61,227.51,203.43,520.54,0.55,-1,-1,-1
322,54,635.71,194.76,62.82,171.70,0.70,-1,-1,-1
322,67,293.99,237.21,256.69,714.79,0.81,-1,-1,-1
322,16,1205.75,301.43,101.12,313.32,0.72,-1,-1,-1
322,3,998.26,248.25,246.73,595.83,0.86,-1,-1,-1
322,62,1087.88,264.27,19.09,43.55,0.12,-1,-1,-1
322,8,814.37,286.86,129.97,287.80,0.82,-1,-1,-1
322,1,767.21,200.68,53.33,145.25,0.63,-1,-1,-1
322,60,721.52,286.38,122.17,272.51,0.81,-1,-1,-1
322,14,727.09,205.23,55.20,153.15,0.84,-1,-1,-1
322,69,696.60,235.47,35.69,88.54,0.72,-1,-1,-1
322,44,595.47,212.51,51.54,138.54,0.76,-1,-1,-1
322,71,568.58,221.98,36.23,105.29,0.76,-1,-1,-1
322,72,234.96,240.40,29.66,68.84,0.12,-1,-1,-1
322,58,592.26,255.41,135.42,316.37,0.85,-1,-1,-1
322,74,806.70,213.21,43.05,128.12,0.26,-1,-1,-1
322,75,428.51,255.55,76.45,201.89,0.76,-1,-1,-1
323,45,260.24,224.59,213.52,546.59,0.38,-1,-1,-1
323,54,635.76,193.73,63.47,173.28,0.71,-1,-1,-1
323,67,273.86,225.63,265.39,737.11,0.76,-1,-1,-1
323,16,1207.04,301.79,98.46,304.78,0.72,-1,-1,-1
323,3,1000.30,245.58,248.53,598.39,0.85,-1,-1,-1
323,8,815.07,286.72,131.01,288.00,0.82,-1,-1,-1
323,1,767.59,200.59,54.61,148.34,0.52,-1,-1,-1
323,60,721.31,285.21,124.12,275.91,0.81,-1,-1,-1
323,14,728.02,203.77,55.52,153.81,0.78,-1,-1,-1
323,69,697.77,236.83,35.13,86.97,0.73,-1,-1,-1
323,44,595.44,213.52,51.08,136.47,0.74,-1,-1,-1
323,71,568.38,221.90,36.62,105.57,0.76,-1,-1,-1
323,58,592.33,258.01,133.86,314.68,0.84,-1,-1,-1
323,74,809.39,213.25,38.90,114.67,0.15,-1,-1,-1
323,75,417.40,253.61,91.07,240.80,0.63,-1,-1,-1
323,7,412.61,249.73,117.74,301.53,0.70,-1,-1,-1
323,37,632.02,301.90,109.99,253.90,0.62,-1,-1,-1
324,45,245.78,218.28,224.84,574.36,0.33,-1,-1,-1
324,54,636.02,192.13,62.89,171.62,0.70,-1,-1,-1
324,67,260.41,214.08,273.50,753.34,0.76,-1,-1,-1
324,16,1207.16,302.27,98.42,304.92,0.70,-1,-1,-1
324,3,997.74,244.85,249.82,602.23,0.86,-1,-1,-1
324,8,816.44,286.23,131.70,288.26,0.82,-1,-1,-1
324,1,769.31,200.91,54.69,148.30,0.55,-1,-1,-1
324,60,719.92,281.92,127.17,281.44,0.81,-1,-1,-1
324,14,729.27,204.15,55.03,152.48,0.78,-1,-1,-1
324,69,698.29,237.45,35.09,86.72,0.68,-1,-1,-1
324,44,596.53,213.33,51.86,138.06,0.73,-1,-1,-1
324,71,567.64,221.12,37.33,106.63,0.77,-1,-1,-1
324,58,593.39,260.11,132.43,312.93,0.82,-1,-1,-1
324,74,810.69,213.01,37.19,108.56,0.12,-1,-1,-1
324,7,414.89,254.66,114.36,291.35,0.78,-1,-1,-1
324,37,633.27,304.99,109.35,251.07,0.62,-1,-1,-1
325,45,229.60,227.76,224.05,573.17,0.18,-1,-1,-1
325,54,637.13,192.61,62.53,170.92,0.71,-1,-1,-1
325,67,242.13,209.60,278.29,756.36,0.71,-1,-1,-1
325,16,1204.89,302.73,94.72,293.91,0.73,-1,-1,-1
325,3,996.08,245.94,250.60,605.08,0.87,-1,-1,-1
325,8,813.54,285.89,133.51,288.54,0.81,-1,-1,-1
325,1,770.02,200.16,54.86,148.30,0.53,-1,-1,-1
325,60,719.27,281.55,128.03,282.46,0.80,-1,-1,-1
325,14,731.08,203.10,54.84,152.03,0.78,-1,-1,-1
325,69,698.44,237.30,35.19,86.73,0.71,-1,-1,-1
325,44,597.65,214.45,51.68,136.82,0.74,-1,-1,-1
325,71,567.50,221.32,37.68,106.55,0.77,-1,-1,-1
325,58,593.95,255.50,131.29,314.63,0.83,-1,-1,-1
325,74,810.66,212.05,44.11,127.79,0.18,-1,-1,-1
325,7,414.86,257.64,111.65,279.53,0.86,-1,-1,-1
325,37,636.62,314.33,105.44,239.11,0.31,-1,-1,-1
325,77,74.85,228.11,37.11,74.19,0.66,-1,-1,-1
326,45,215.63,225.77,226.49,578.28,0.12,-1,-1,-1
326,54,639.53,193.44,59.64,163.15,0.74,-1,-1,-1
326,67,226.45,202.94,290.26,782.59,0.68,-1,-1,-1
326,16,1203.65,303.34,93.38,289.04,0.74,-1,-1,-1
326,3,999.41,250.63,246.28,593.31,0.87,-1,-1,-1
326,8,813.42,285.26,134.28,288.72,0.82,-1,-1,-1
326,1,770.33,199.47,54.53,146.95,0.54,-1,-1,-1
326,60,718.53,281.70,128.51,283.16,0.80,-1,-1,-1
326,14,732.57,202.02,54.52,151.36,0.77,-1,-1,-1
326,69,697.92,236.35,35.73,87.73,0.66,-1,-1,-1
326,44,601.37,215.01,50.88,133.85,0.76,-1,-1,-1
326,71,567.62,220.17,38.40,107.60,0.76,-1,-1,-1
326,58,594.79,255.82,130.62,315.19,0.84,-1,-1,-1
326,74,806.34,212.93,46.78,135.01,0.12,-1,-1,-1
326,7,408.69,255.51,114.11,279.92,0.85,-1,-1,-1
326,37,637.24,317.55,104.54,234.55,0.39,-1,-1,-1
326,77,75.45,227.94,35.90,71.67,0.66,-1,-1,-1
326,47,349.83,228.63,56.63,143.61,0.54,-1,-1,-1
327,54,641.49,194.54,57.11,156.01,0.74,-1,-1,-1
327,67,209.69,193.67,300.16,800.11,0.66,-1,-1,-1
327,16,1203.64,304.37,92.44,285.65,0.73,-1,-1,-1
327,3,1001.06,253.01,244.53,587.68,0.86,-1,-1,-1
327,8,813.13,285.47,134.23,288.58,0.82,-1,-1,-1
327,1,770.58,199.05,55.02,148.11,0.30,-1,-1,-1
327,60,720.71,280.73,128.72,284.55,0.81,-1,-1,-1
327,14,734.38,204.57,52.98,146.86,0.74,-1,-1,-1
327,69,698.20,236.06,35.82,87.66,0.75,-1,-1,-1
327,44,603.67,215.21,50.89,133.65,0.74,-1,-1,-1
327,71,568.13,219.39,38.80,107.93,0.76,-1,-1,-1
327,58,594.89,257.74,128.07,312.64,0.82,-1,-1,-1
327,7,398.61,253.40,118.39,283.16,0.84,-1,-1,-1
327,37,637.83,319.74,103.96,231.27,0.42,-1,-1,-1
327,77,74.91,226.87,36.86,73.57,0.68,-1,-1,-1
327,47,348.85,227.05,58.78,151.73,0.57,-1,-1,-1
328,54,642.21,194.88,56.24,153.42,0.74,-1,-1,-1
328,67,203.03,190.88,305.12,805.12,0.67,-1,-1,-1
328,16,1203.52,304.83,92.17,284.36,0.73,-1,-1,-1
328,3,1001.57,253.96,244.17,585.51,0.86,-1,-1,-1
328,8,812.79,285.57,134.35,288.59,0.82,-1,-1,-1
328,1,770.59,198.96,55.27,148.64,0.32,-1,-1,-1
328,60,721.54,280.39,128.63,284.99,0.80,-1,-1,-1
328,14,734.98,205.24,52.65,145.74,0.75,-1,-1,-1
328,69,698.27,236.08,35.89,87.57,0.75,-1,-1,-1
328,44,604.42,215.18,51.16,134.20,0.74,-1,-1,-1
328,71,568.25,219.12,39.11,108.04,0.76,-1,-1,-1
328,58,595.35,257.75,126.71,312.47,0.83,-1,-1,-1
328,7,394.27,252.32,121.63,284.97,0.84,-1,-1,-1
328,37,637.54,319.71,104.54,230.98,0.43,-1,-1,-1
328,77,74.80,226.57,37.04,73.90,0.68,-1,-1,-1
328,47,348.73,226.49,59.19,155.12,0.57,-1,-1,-1
