1,-1,463.0,433.0,73.9,167.6,71.404999
1,-1,807.0,419.0,30.9,70.1,69.017998
1,-1,1474.0,407.0,79.9,181.4,42.995998
1,-1,399.0,429.0,26.0,59.0,31.164000
1,-1,1173.0,410.0,43.6,99.0,30.971001
1,-1,1363.0,394.0,79.9,181.4,29.228001
1,-1,724.0,422.0,73.9,167.6,26.746000
1,-1,850.0,426.0,33.7,76.6,26.521000
1,-1,920.0,226.0,207.4,470.7,25.011000
1,-1,554.0,433.0,73.9,167.6,15.008000
1,-1,1109.0,416.0,33.7,76.6,14.786000
1,-1,407.0,425.0,26.0,59.0,13.667000
1,-1,834.0,411.0,33.7,76.6,12.589000
1,-1,659.0,407.0,87.8,199.3,9.323700
1,-1,311.0,421.0,26.0,59.0,5.762300
2,-1,463.0,433.0,73.9,167.6,56.192001
2,-1,803.0,429.0,26.0,59.0,45.051998
2,-1,1165.0,420.0,40.1,91.0,41.664001
2,-1,1463.0,422.0,73.9,167.6,38.355000
2,-1,840.0,419.0,36.7,83.3,35.057999
2,-1,1349.0,393.0,87.8,199.3,30.665001
2,-1,395.0,425.0,26.0,59.0,28.966000
2,-1,824.0,411.0,33.7,76.6,24.580999
2,-1,920.0,226.0,207.4,470.7,22.900999
2,-1,387.0,429.0,26.0,59.0,22.187000
2,-1,551.0,407.0,87.8,199.3,21.951000
2,-1,659.0,407.0,87.8,199.3,15.716000
2,-1,440.0,161.0,79.9,181.4,13.935000
2,-1,224.0,376.0,135.4,307.3,12.737000
2,-1,1187.0,426.0,33.7,76.6,12.137000
2,-1,714.0,417.0,67.5,153.1,11.572000
2,-1,853.0,402.0,56.7,128.6,8.662500
3,-1,452.0,433.0,73.9,167.6,67.607002
3,-1,792.0,419.0,30.9,70.1,46.519001
3,-1,1461.0,427.0,67.5,153.1,35.251999
3,-1,1159.0,420.0,40.1,91.0,34.562000
3,-1,839.0,421.0,33.7,76.6,28.714001
3,-1,1349.0,407.0,87.8,199.3,28.332001
3,-1,551.0,407.0,87.8,199.3,25.396999
3,-1,924.0,266.0,189.3,429.6,22.194000
3,-1,662.0,407.0,79.9,181.4,19.355000
3,-1,703.0,417.0,67.5,153.1,13.015000
3,-1,382.0,423.0,28.3,64.2,12.855000
3,-1,224.0,376.0,135.4,307.3,11.851000
3,-1,819.0,411.0,33.7,76.6,11.762000
3,-1,530.0,471.0,56.7,128.6,10.206000
3,-1,1187.0,426.0,33.7,76.6,8.180600
4,-1,440.0,433.0,73.9,167.6,75.164001
4,-1,788.0,419.0,30.9,70.1,66.940002
4,-1,375.0,429.0,26.0,59.0,49.290001
4,-1,1449.0,419.0,79.9,181.4,32.582001
4,-1,1349.0,393.0,87.8,199.3,30.410000
4,-1,834.0,419.0,36.7,83.3,27.542999
4,-1,651.0,396.0,94.7,214.8,27.111000
4,-1,538.0,419.0,79.9,181.4,26.158001
4,-1,1153.0,417.0,43.6,99.0,25.875999
4,-1,819.0,416.0,33.7,76.6,24.372000
4,-1,929.0,347.0,159.8,362.7,22.716999
4,-1,844.0,332.0,28.3,64.2,18.580999
4,-1,383.0,425.0,26.0,59.0,17.438000
4,-1,299.0,437.0,26.0,59.0,16.974001
4,-1,1089.0,413.0,36.7,83.3,15.536000
4,-1,428.0,161.0,79.9,181.4,15.241000
4,-1,592.0,407.0,87.8,199.3,4.856100
4,-1,1182.0,429.0,30.9,70.1,4.826200
5,-1,429.0,433.0,73.9,167.6,54.580002
5,-1,636.0,396.0,94.7,214.8,37.213001
5,-1,821.0,434.0,30.9,70.1,31.018999
5,-1,929.0,347.0,159.8,362.7,30.222000
5,-1,1357.0,417.0,67.5,153.1,29.660999
5,-1,1437.0,419.0,79.9,181.4,23.843000
5,-1,839.0,337.0,26.0,59.0,23.226999
5,-1,546.0,465.0,61.5,139.6,21.766001
5,-1,282.0,432.0,28.3,64.2,21.355000
5,-1,772.0,413.0,36.7,83.3,18.290001
5,-1,811.0,424.0,30.9,70.1,16.320999
5,-1,294.0,407.0,87.8,199.3,13.847000
5,-1,607.0,410.0,94.7,214.8,9.076200
5,-1,518.0,465.0,61.5,139.6,7.184200
5,-1,416.0,150.0,87.8,199.3,0.451860
6,-1,429.0,433.0,73.9,167.6,54.563999
6,-1,646.0,407.0,87.8,199.3,38.403999
6,-1,1357.0,417.0,67.5,153.1,31.461000
6,-1,929.0,347.0,159.8,362.7,25.782000
6,-1,1429.0,422.0,73.9,167.6,25.122999
6,-1,287.0,381.0,94.7,214.8,17.535999
6,-1,816.0,434.0,30.9,70.1,15.147000
6,-1,537.0,465.0,61.5,139.6,11.457000
6,-1,183.0,376.0,135.4,307.3,6.003000
6,-1,839.0,341.0,26.0,59.0,5.501800
6,-1,588.0,419.0,79.9,181.4,1.681800
7,-1,418.0,445.0,73.9,167.6,40.064999
7,-1,632.0,407.0,87.8,199.3,38.441002
7,-1,1351.0,407.0,79.9,181.4,30.224001
7,-1,1425.0,419.0,79.9,181.4,28.924999
7,-1,913.0,327.0,175.7,398.6,24.165001
7,-1,266.0,383.0,103.2,234.1,21.514999
7,-1,539.0,480.0,56.7,128.6,14.094000
7,-1,578.0,410.0,94.7,214.8,9.002500
8,-1,418.0,445.0,73.9,167.6,69.484001
8,-1,632.0,407.0,87.8,199.3,52.470001
8,-1,1408.0,415.0,103.2,234.1,40.248001
8,-1,1349.0,407.0,87.8,199.3,34.032001
8,-1,343.0,433.0,26.0,59.0,33.911999
8,-1,813.0,432.0,33.7,76.6,31.548000
8,-1,888.0,258.0,207.4,470.7,27.775000
8,-1,803.0,426.0,33.7,76.6,22.466000
8,-1,770.0,436.0,28.3,64.2,17.267000
8,-1,793.0,421.0,33.7,76.6,16.861000
8,-1,593.0,410.0,94.7,214.8,14.848000
8,-1,539.0,480.0,56.7,128.6,14.573000
8,-1,723.0,441.0,26.0,59.0,12.414000
8,-1,511.0,513.0,40.1,91.0,12.296000
8,-1,731.0,437.0,26.0,59.0,8.948300
8,-1,263.0,433.0,26.0,59.0,6.790200
8,-1,402.0,150.0,87.8,199.3,6.159200
8,-1,826.0,358.0,28.3,64.2,5.009300
8,-1,1134.0,436.0,36.7,83.3,4.621200
9,-1,418.0,433.0,73.9,167.6,63.098999
9,-1,636.0,410.0,94.7,214.8,52.389999
9,-1,1417.0,422.0,73.9,167.6,47.805000
9,-1,1361.0,411.0,73.9,167.6,42.314999
9,-1,343.0,433.0,26.0,59.0,39.634998
9,-1,800.0,419.0,36.7,83.3,37.723999
9,-1,537.0,465.0,61.5,139.6,36.721001
9,-1,867.0,413.0,26.0,59.0,35.592999
9,-1,888.0,258.0,207.4,470.7,29.379999
9,-1,817.0,430.0,36.7,83.3,23.646000
9,-1,824.0,328.0,33.7,76.6,18.657000
9,-1,578.0,410.0,94.7,214.8,18.153000
9,-1,1156.0,437.0,33.7,76.6,17.839001
9,-1,767.0,437.0,26.0,59.0,16.340000
9,-1,509.0,504.0,43.6,99.0,14.231000
9,-1,607.0,396.0,94.7,214.8,13.436000
9,-1,1180.0,423.0,43.6,99.0,13.029000
9,-1,723.0,441.0,26.0,59.0,11.019000
9,-1,735.0,437.0,26.0,59.0,10.156000
9,-1,787.0,421.0,33.7,76.6,8.578800
9,-1,1135.0,437.0,33.7,76.6,5.683000
10,-1,418.0,433.0,73.9,167.6,61.268002
10,-1,619.0,420.0,87.8,199.3,53.382000
10,-1,1412.0,419.0,79.9,181.4,50.526001
10,-1,339.0,437.0,26.0,59.0,44.631001
10,-1,1363.0,407.0,79.9,181.4,39.272999
10,-1,888.0,258.0,207.4,470.7,39.226002
10,-1,537.0,465.0,61.5,139.6,29.028999
10,-1,247.0,397.0,43.6,99.0,25.855000
10,-1,863.0,413.0,26.0,59.0,25.853001
10,-1,795.0,419.0,36.7,83.3,23.426001
10,-1,1147.0,439.0,40.1,91.0,22.834999
10,-1,811.0,438.0,30.9,70.1,22.424999
10,-1,578.0,410.0,94.7,214.8,22.145000
10,-1,764.0,429.0,30.9,70.1,20.004000
10,-1,735.0,437.0,26.0,59.0,17.693001
10,-1,1180.0,423.0,43.6,99.0,13.037000
10,-1,827.0,345.0,26.0,59.0,2.822400
11,-1,619.0,420.0,87.8,199.3,61.304001
11,-1,403.0,431.0,79.9,181.4,56.480999
11,-1,1363.0,407.0,79.9,181.4,33.965000
11,-1,888.0,258.0,207.4,470.7,32.712002
11,-1,331.0,433.0,26.0,59.0,31.892000
11,-1,537.0,465.0,61.5,139.6,31.118000
11,-1,1412.0,419.0,79.9,181.4,23.912001
11,-1,1151.0,436.0,36.7,83.3,21.243999
11,-1,578.0,407.0,87.8,199.3,19.152000
11,-1,763.0,441.0,26.0,59.0,11.481000
11,-1,241.0,398.0,47.8,108.5,7.589100
11,-1,730.0,432.0,28.3,64.2,6.345300
11,-1,1180.0,423.0,43.6,99.0,2.403700
11,-1,811.0,443.0,30.9,70.1,2.182400
12,-1,607.0,410.0,94.7,214.8,61.597000
12,-1,403.0,431.0,79.9,181.4,59.366001
12,-1,527.0,465.0,61.5,139.6,33.754002
12,-1,331.0,433.0,26.0,59.0,33.347000
12,-1,1151.0,436.0,36.7,83.3,33.055000
12,-1,888.0,258.0,207.4,470.7,31.614000
12,-1,1363.0,407.0,79.9,181.4,24.622999
12,-1,575.0,419.0,79.9,181.4,16.882000
12,-1,811.0,438.0,30.9,70.1,14.900000
12,-1,1412.0,419.0,79.9,181.4,13.631000
12,-1,646.0,434.0,87.8,199.3,9.329100
12,-1,403.0,161.0,79.9,181.4,7.452400
12,-1,731.0,437.0,26.0,59.0,4.795800
13,-1,607.0,410.0,94.7,214.8,66.421997
13,-1,406.0,433.0,73.9,167.6,53.674999
13,-1,888.0,258.0,207.4,470.7,33.421001
13,-1,330.0,432.0,28.3,64.2,27.479000
13,-1,527.0,465.0,61.5,139.6,23.497999
13,-1,575.0,419.0,79.9,181.4,22.239000
13,-1,1361.0,399.0,103.2,234.1,21.503000
13,-1,1151.0,436.0,36.7,83.3,20.570999
13,-1,809.0,445.0,28.3,64.2,17.768000
14,-1,607.0,410.0,94.7,214.8,63.511002
14,-1,406.0,433.0,73.9,167.6,46.251999
14,-1,323.0,433.0,26.0,59.0,32.195999
14,-1,888.0,258.0,207.4,470.7,28.941999
14,-1,1361.0,399.0,103.2,234.1,26.434999
14,-1,565.0,407.0,87.8,199.3,22.407000
14,-1,539.0,480.0,56.7,128.6,11.141000
14,-1,244.0,396.0,94.7,214.8,4.216100
15,-1,599.0,399.0,103.2,234.1,70.397003
15,-1,1361.0,399.0,103.2,234.1,40.627998
15,-1,391.0,431.0,79.9,181.4,40.301998
15,-1,315.0,433.0,26.0,59.0,35.777000
15,-1,694.0,416.0,33.7,76.6,28.782000
15,-1,784.0,419.0,36.7,83.3,26.184999
15,-1,856.0,258.0,207.4,470.7,23.914000
15,-1,816.0,329.0,30.9,70.1,22.474001
15,-1,565.0,407.0,87.8,199.3,19.334999
15,-1,1141.0,433.0,40.1,91.0,17.913000
15,-1,715.0,433.0,26.0,59.0,15.785000
15,-1,1122.0,433.0,40.1,91.0,12.532000
15,-1,524.0,407.0,87.8,199.3,7.810700
15,-1,795.0,425.0,36.7,83.3,6.872700
16,-1,583.0,399.0,103.2,234.1,58.974998
16,-1,307.0,433.0,26.0,59.0,53.841999
16,-1,1361.0,399.0,103.2,234.1,51.208000
16,-1,383.0,433.0,73.9,167.6,47.015999
16,-1,218.0,383.0,103.2,234.1,27.239000
16,-1,856.0,258.0,207.4,470.7,25.988001
16,-1,327.0,433.0,26.0,59.0,21.408001
16,-1,777.0,421.0,33.7,76.6,19.733999
16,-1,551.0,407.0,87.8,199.3,16.551001
16,-1,526.0,481.0,52.0,118.0,13.922000
16,-1,792.0,438.0,30.9,70.1,12.606000
16,-1,1054.0,414.0,40.1,91.0,7.388300
16,-1,1134.0,436.0,36.7,83.3,6.120700
17,-1,583.0,399.0,103.2,234.1,66.323997
17,-1,1361.0,399.0,103.2,234.1,51.777000
17,-1,299.0,432.0,28.3,64.2,48.543999
17,-1,383.0,445.0,73.9,167.6,41.629002
17,-1,549.0,410.0,94.7,214.8,19.129000
17,-1,508.0,465.0,61.5,139.6,18.927000
17,-1,864.0,213.0,226.7,514.5,12.941000
17,-1,226.0,380.0,87.8,199.3,12.527000
17,-1,830.0,401.0,28.3,64.2,7.407800
18,-1,578.0,410.0,94.7,214.8,57.194000
18,-1,1361.0,399.0,103.2,234.1,52.923000
18,-1,372.0,445.0,73.9,167.6,36.063000
18,-1,291.0,437.0,26.0,59.0,32.257999
18,-1,245.0,396.0,40.1,91.0,31.417000
18,-1,1128.0,436.0,36.7,83.3,29.641001
18,-1,542.0,433.0,73.9,167.6,13.221000
18,-1,508.0,433.0,73.9,167.6,12.655000
18,-1,864.0,213.0,226.7,514.5,9.819500
19,-1,575.0,419.0,79.9,181.4,61.839001
19,-1,1345.0,400.0,123.4,280.1,48.844002
19,-1,361.0,445.0,73.9,167.6,25.166000
19,-1,859.0,354.0,175.7,398.6,24.247000
19,-1,202.0,383.0,103.2,234.1,20.955000
19,-1,1122.0,436.0,36.7,83.3,20.330000
19,-1,504.0,480.0,56.7,128.6,11.197000
19,-1,542.0,433.0,73.9,167.6,7.236600
19,-1,807.0,353.0,26.0,59.0,2.062600
19,-1,480.0,465.0,61.5,139.6,1.493000
20,-1,551.0,420.0,87.8,199.3,49.903000
20,-1,267.0,445.0,26.0,59.0,48.483002
20,-1,1345.0,400.0,123.4,280.1,37.598000
20,-1,441.0,517.0,43.6,99.0,33.683998
20,-1,170.0,385.0,113.4,257.3,20.860001
20,-1,829.0,248.0,226.7,514.5,20.667999
20,-1,350.0,448.0,67.5,153.1,20.138000
20,-1,299.0,441.0,26.0,59.0,19.520000
20,-1,1085.0,439.0,40.1,91.0,17.770000
20,-1,758.0,433.0,40.1,91.0,15.851000
20,-1,658.0,426.0,33.7,76.6,13.875000
20,-1,480.0,475.0,61.5,139.6,12.722000
20,-1,815.0,421.0,26.0,59.0,9.008800
20,-1,354.0,173.0,79.9,181.4,7.185600
20,-1,1116.0,439.0,40.1,91.0,3.949300
21,-1,549.0,425.0,94.7,214.8,44.074001
21,-1,1345.0,415.0,103.2,234.1,41.587002
21,-1,371.0,561.0,26.0,59.0,29.780001
21,-1,824.0,290.0,207.4,470.7,20.952000
21,-1,186.0,393.0,87.8,199.3,16.042000
21,-1,487.0,489.0,56.7,128.6,15.040000
21,-1,1105.0,442.0,36.7,83.3,13.256000
21,-1,452.0,489.0,56.7,128.6,4.515900
22,-1,1326.0,400.0,123.4,280.1,48.716000
22,-1,535.0,425.0,94.7,214.8,39.439999
22,-1,171.0,396.0,94.7,214.8,29.466999
22,-1,363.0,565.0,26.0,59.0,23.311001
22,-1,824.0,290.0,207.4,470.7,16.593000
22,-1,1078.0,417.0,52.0,118.0,8.997000
22,-1,342.0,173.0,79.9,181.4,4.373500
23,-1,520.0,415.0,103.2,234.1,51.411999
23,-1,1326.0,400.0,123.4,280.1,46.902000
23,-1,190.0,414.0,40.1,91.0,28.627001
23,-1,317.0,443.0,79.9,181.4,28.337999
23,-1,1092.0,448.0,30.9,70.1,23.289000
23,-1,824.0,290.0,207.4,470.7,19.601999
23,-1,433.0,484.0,61.5,139.6,7.932400
24,-1,504.0,431.0,103.2,234.1,62.764000
24,-1,304.0,456.0,73.9,167.6,37.952000
24,-1,1310.0,376.0,135.4,307.3,36.794998
24,-1,167.0,405.0,47.8,108.5,34.029999
24,-1,794.0,248.0,226.7,514.5,27.038000
24,-1,687.0,432.0,28.3,64.2,19.604000
24,-1,926.0,86.0,30.9,70.1,13.710000
24,-1,1065.0,427.0,47.8,108.5,13.360000
24,-1,223.0,453.0,26.0,59.0,11.647000
24,-1,1000.0,442.0,33.7,76.6,0.558410
25,-1,472.0,431.0,103.2,234.1,46.601002
25,-1,281.0,468.0,73.9,167.6,36.793999
25,-1,1305.0,403.0,113.4,257.3,34.110001
25,-1,83.0,385.0,113.4,257.3,18.455999
25,-1,777.0,381.0,175.7,398.6,12.821000
26,-1,456.0,431.0,103.2,234.1,48.558998
26,-1,258.0,468.0,73.9,167.6,34.826000
26,-1,1288.0,400.0,123.4,280.1,33.919998
26,-1,777.0,381.0,175.7,398.6,26.343000
26,-1,109.0,405.0,47.8,108.5,21.527000
26,-1,888.0,86.0,30.9,70.1,8.879400
27,-1,424.0,431.0,103.2,234.1,41.428001
27,-1,224.0,456.0,73.9,167.6,26.365999
27,-1,1281.0,415.0,103.2,234.1,22.414000
27,-1,750.0,381.0,175.7,398.6,20.162001
27,-1,31.0,385.0,113.4,257.3,18.155001
27,-1,563.0,333.0,79.9,181.4,5.629200
28,-1,119.0,457.0,26.0,59.0,63.491001
28,-1,206.0,456.0,79.9,181.4,58.089001
28,-1,546.0,430.0,36.7,83.3,48.278000
28,-1,409.0,431.0,103.2,234.1,47.436001
28,-1,565.0,449.0,28.3,64.2,45.326000
28,-1,1281.0,420.0,87.8,199.3,39.237999
28,-1,627.0,442.0,33.7,76.6,33.199001
28,-1,608.0,430.0,36.7,83.3,32.818001
28,-1,648.0,447.0,36.7,83.3,32.786999
28,-1,723.0,381.0,175.7,398.6,28.986000
28,-1,1228.0,443.0,79.9,181.4,26.851000
28,-1,574.0,445.0,28.3,64.2,20.461000
28,-1,160.0,449.0,28.3,64.2,16.764000
28,-1,925.0,442.0,36.7,83.3,13.472000
28,-1,1000.0,452.0,33.7,76.6,12.950000
28,-1,127.0,453.0,26.0,59.0,12.810000
28,-1,100.0,425.0,36.7,83.3,12.535000
28,-1,1013.0,442.0,47.8,108.5,7.615400
28,-1,367.0,494.0,61.5,139.6,7.255500
28,-1,704.0,411.0,33.7,76.6,7.086100
29,-1,186.0,447.0,87.8,199.3,52.714001
29,-1,538.0,437.0,33.7,76.6,48.730000
29,-1,397.0,420.0,113.4,257.3,46.770000
29,-1,556.0,449.0,28.3,64.2,42.799000
29,-1,1215.0,443.0,79.9,181.4,42.118000
29,-1,91.0,420.0,40.1,91.0,39.766998
29,-1,1266.0,415.0,103.2,234.1,38.040001
29,-1,603.0,430.0,36.7,83.3,35.932999
29,-1,637.0,442.0,36.7,83.3,30.934000
29,-1,723.0,381.0,175.7,398.6,25.427999
29,-1,147.0,445.0,26.0,59.0,24.292999
29,-1,986.0,439.0,40.1,91.0,18.551001
29,-1,590.0,442.0,33.7,76.6,16.853001
29,-1,917.0,447.0,33.7,76.6,14.025000
29,-1,667.0,361.0,26.0,59.0,10.091000
29,-1,528.0,432.0,33.7,76.6,8.911100
29,-1,79.0,414.0,40.1,91.0,3.809500
29,-1,694.0,411.0,33.7,76.6,3.457000
30,-1,1191.0,448.0,67.5,153.1,56.313000
30,-1,159.0,447.0,87.8,199.3,52.771000
30,-1,362.0,420.0,113.4,257.3,47.715000
30,-1,60.0,420.0,40.1,91.0,47.332001
30,-1,1250.0,419.0,123.4,280.1,35.487000
30,-1,696.0,381.0,175.7,398.6,31.733999
30,-1,966.0,433.0,52.0,118.0,13.524000
31,-1,1179.0,445.0,73.9,167.6,47.816002
31,-1,345.0,420.0,113.4,257.3,44.709000
31,-1,145.0,456.0,73.9,167.6,44.092999
31,-1,51.0,449.0,28.3,64.2,42.041000
31,-1,1231.0,419.0,123.4,280.1,40.570000
31,-1,608.0,447.0,36.7,83.3,29.222000
31,-1,168.0,468.0,73.9,167.6,23.198999
31,-1,696.0,381.0,175.7,398.6,20.790001
31,-1,881.0,447.0,33.7,76.6,18.764999
31,-1,527.0,449.0,26.0,59.0,17.209000
31,-1,1204.0,527.0,94.7,214.8,13.772000
31,-1,966.0,441.0,52.0,118.0,13.588000
31,-1,262.0,513.0,52.0,118.0,9.721500
31,-1,569.0,436.0,36.7,83.3,5.468200
31,-1,99.0,453.0,26.0,59.0,4.424000
32,-1,32.0,448.0,30.9,70.1,54.987000
32,-1,1167.0,445.0,73.9,167.6,52.833000
32,-1,1231.0,419.0,123.4,280.1,44.842999
32,-1,133.0,456.0,73.9,167.6,42.076000
32,-1,327.0,420.0,113.4,257.3,41.250000
32,-1,492.0,437.0,33.7,76.6,38.050999
32,-1,592.0,447.0,36.7,83.3,36.708000
32,-1,513.0,453.0,28.3,64.2,31.664000
32,-1,580.0,442.0,36.7,83.3,28.502001
32,-1,558.0,436.0,36.7,83.3,27.368999
32,-1,90.0,449.0,28.3,64.2,24.589001
32,-1,547.0,453.0,26.0,59.0,22.740000
32,-1,1189.0,527.0,94.7,214.8,19.264999
32,-1,246.0,513.0,52.0,118.0,18.115000
32,-1,662.0,383.0,189.3,429.6,17.530001
32,-1,874.0,447.0,36.7,83.3,16.955999
32,-1,937.0,451.0,40.1,91.0,13.958000
32,-1,627.0,365.0,26.0,59.0,9.392600
33,-1,14.0,447.0,33.7,76.6,50.943001
33,-1,1154.0,443.0,79.9,181.4,46.921001
33,-1,500.0,453.0,28.3,64.2,39.576000
33,-1,331.0,440.0,94.7,214.8,39.539001
33,-1,479.0,436.0,36.7,83.3,38.484001
33,-1,71.0,453.0,26.0,59.0,33.049999
33,-1,569.0,447.0,36.7,83.3,32.757000
33,-1,122.0,456.0,73.9,167.6,31.282000
33,-1,1231.0,419.0,123.4,280.1,29.632000
33,-1,4.0,442.0,33.7,76.6,27.051001
33,-1,662.0,383.0,189.3,429.6,25.250999
33,-1,558.0,442.0,36.7,83.3,22.802999
33,-1,586.0,453.0,36.7,83.3,21.087000
33,-1,546.0,436.0,36.7,83.3,19.353001
33,-1,863.0,447.0,36.7,83.3,19.297001
33,-1,227.0,537.0,43.6,99.0,13.163000
33,-1,1186.0,526.0,103.2,234.1,6.666100
33,-1,534.0,453.0,28.3,64.2,6.334800
34,-1,1145.0,456.0,73.9,167.6,39.483002
34,-1,280.0,419.0,123.4,280.1,38.255001
34,-1,4.0,453.0,30.9,70.1,36.402000
34,-1,105.0,447.0,87.8,199.3,36.181000
34,-1,1218.0,420.0,113.4,257.3,35.305000
34,-1,633.0,383.0,189.3,429.6,19.396999
34,-1,-6.0,448.0,30.9,70.1,18.330999
34,-1,855.0,452.0,33.7,76.6,16.216999
34,-1,493.0,453.0,30.9,70.1,12.180000
34,-1,923.0,469.0,26.0,59.0,6.581100
35,-1,1129.0,458.0,67.5,153.1,64.214996
35,-1,282.0,447.0,103.2,234.1,48.931999
35,-1,1218.0,431.0,103.2,234.1,46.172001
35,-1,84.0,440.0,94.7,214.8,37.022999
35,-1,478.0,462.0,28.3,64.2,34.861000
35,-1,839.0,458.0,33.7,76.6,29.597000
35,-1,37.0,457.0,30.9,70.1,28.431999
35,-1,642.0,408.0,175.7,398.6,26.840000
35,-1,554.0,451.0,40.1,91.0,26.556999
35,-1,524.0,447.0,36.7,83.3,21.277000
35,-1,926.0,449.0,52.0,118.0,17.049999
35,-1,508.0,458.0,28.3,64.2,16.132999
35,-1,906.0,457.0,40.1,91.0,14.693000
35,-1,459.0,465.0,26.0,59.0,13.782000
35,-1,250.0,478.0,103.2,234.1,11.381000
35,-1,467.0,469.0,26.0,59.0,11.376000
35,-1,592.0,346.0,36.7,83.3,2.974500
36,-1,1129.0,458.0,67.5,153.1,51.870998
36,-1,257.0,455.0,113.4,257.3,51.738998
36,-1,1218.0,431.0,103.2,234.1,48.081001
36,-1,904.0,471.0,28.3,64.2,38.405998
36,-1,450.0,447.0,33.7,76.6,37.695999
36,-1,474.0,457.0,30.9,70.1,32.106998
36,-1,69.0,440.0,94.7,214.8,31.551001
36,-1,31.0,461.0,26.0,59.0,29.045000
36,-1,548.0,451.0,40.1,91.0,24.351999
36,-1,292.0,438.0,113.4,257.3,22.570000
36,-1,633.0,383.0,189.3,429.6,18.009001
36,-1,43.0,457.0,26.0,59.0,14.287000
36,-1,511.0,445.0,40.1,91.0,11.968000
36,-1,832.0,451.0,40.1,91.0,11.804000
36,-1,918.0,449.0,52.0,118.0,6.569600
36,-1,216.0,550.0,56.7,128.6,5.849200
37,-1,242.0,438.0,123.4,280.1,62.583000
37,-1,1118.0,458.0,67.5,153.1,53.162998
37,-1,1218.0,431.0,103.2,234.1,40.570999
37,-1,69.0,440.0,94.7,214.8,28.184000
37,-1,22.0,431.0,79.9,181.4,19.514999
37,-1,900.0,471.0,28.3,64.2,19.507999
37,-1,633.0,383.0,189.3,429.6,15.623000
37,-1,187.0,465.0,26.0,59.0,14.232000
37,-1,206.0,569.0,52.0,118.0,12.170000
37,-1,549.0,444.0,43.6,99.0,9.664900
37,-1,918.0,449.0,47.8,108.5,6.133700
37,-1,440.0,345.0,79.9,181.4,5.078000
38,-1,223.0,438.0,123.4,280.1,54.368999
38,-1,1111.0,456.0,73.9,167.6,47.813000
38,-1,64.0,461.0,87.8,199.3,34.789001
38,-1,1212.0,419.0,123.4,280.1,30.973000
38,-1,310.0,503.0,61.5,139.6,17.969000
38,-1,542.0,444.0,43.6,99.0,17.530001
38,-1,196.0,551.0,61.5,139.6,6.328600
38,-1,451.0,469.0,26.0,59.0,3.430800
38,-1,829.0,458.0,33.7,76.6,1.318500
39,-1,223.0,438.0,123.4,280.1,59.304001
39,-1,1218.0,415.0,103.2,234.1,46.964001
39,-1,1099.0,456.0,73.9,167.6,42.380001
39,-1,51.0,461.0,87.8,199.3,41.528000
39,-1,455.0,457.0,30.9,70.1,34.520000
39,-1,824.0,458.0,33.7,76.6,30.594000
39,-1,12.0,458.0,28.3,64.2,28.546000
39,-1,891.0,471.0,28.3,64.2,27.073000
39,-1,439.0,465.0,26.0,59.0,26.922001
39,-1,541.0,459.0,36.7,83.3,26.811001
39,-1,171.0,465.0,26.0,59.0,19.521999
39,-1,1880.0,227.0,28.3,64.2,12.569000
39,-1,312.0,506.0,56.7,128.6,11.107000
39,-1,524.0,453.0,36.7,83.3,10.929000
39,-1,189.0,500.0,30.9,70.1,10.088000
39,-1,507.0,452.0,33.7,76.6,9.633100
39,-1,559.0,449.0,26.0,59.0,6.062900
39,-1,615.0,408.0,175.7,398.6,5.248300
40,-1,204.0,438.0,123.4,280.1,57.530998
40,-1,1098.0,458.0,67.5,153.1,38.841999
40,-1,281.0,479.0,73.9,167.6,35.845001
40,-1,529.0,445.0,40.1,91.0,35.734001
40,-1,1205.0,418.0,135.4,307.3,35.473999
40,-1,37.0,447.0,87.8,199.3,31.726000
40,-1,880.0,453.0,36.7,83.3,22.933001
40,-1,450.0,453.0,30.9,70.1,22.829000
40,-1,482.0,458.0,28.3,64.2,15.246000
40,-1,896.0,442.0,47.8,108.5,11.246000
40,-1,431.0,465.0,26.0,59.0,10.531000
40,-1,505.0,445.0,40.1,91.0,6.921600
40,-1,813.0,447.0,33.7,76.6,5.964100
40,-1,585.0,421.0,33.7,76.6,5.873400
41,-1,185.0,438.0,123.4,280.1,52.889000
41,-1,1087.0,448.0,67.5,153.1,36.096001
41,-1,267.0,447.0,87.8,199.3,35.853001
41,-1,24.0,461.0,87.8,199.3,34.713001
41,-1,1205.0,418.0,135.4,307.3,34.603001
41,-1,446.0,448.0,30.9,70.1,33.827000
41,-1,419.0,461.0,26.0,59.0,31.468000
41,-1,496.0,442.0,36.7,83.3,28.656000
41,-1,524.0,453.0,36.7,83.3,27.538000
41,-1,808.0,447.0,33.7,76.6,24.089001
41,-1,476.0,447.0,33.7,76.6,17.024000
41,-1,878.0,462.0,30.9,70.1,16.208000
41,-1,585.0,421.0,33.7,76.6,11.141000
42,-1,183.0,418.0,135.4,307.3,53.977001
42,-1,1205.0,418.0,135.4,307.3,50.800999
42,-1,24.0,461.0,87.8,199.3,37.625999
42,-1,875.0,469.0,26.0,59.0,35.910000
42,-1,441.0,448.0,30.9,70.1,33.727001
42,-1,419.0,461.0,26.0,59.0,32.890999
42,-1,258.0,425.0,94.7,214.8,32.678001
42,-1,471.0,447.0,33.7,76.6,30.128000
42,-1,1076.0,445.0,73.9,167.6,29.924999
42,-1,496.0,442.0,36.7,83.3,24.722000
42,-1,803.0,447.0,33.7,76.6,24.004000
42,-1,518.0,452.0,33.7,76.6,21.496000
42,-1,-5.0,453.0,26.0,59.0,15.014000
42,-1,646.0,353.0,52.0,118.0,5.379400
42,-1,142.0,569.0,52.0,118.0,2.752300
43,-1,1205.0,418.0,135.4,307.3,50.144001
43,-1,162.0,418.0,135.4,307.3,49.820000
43,-1,255.0,456.0,79.9,181.4,42.283001
43,-1,1077.0,448.0,67.5,153.1,41.380001
43,-1,466.0,447.0,33.7,76.6,40.372002
43,-1,35.0,513.0,61.5,139.6,38.134998
43,-1,436.0,448.0,30.9,70.1,35.442001
43,-1,507.0,447.0,36.7,83.3,30.969000
43,-1,800.0,442.0,36.7,83.3,26.128000
43,-1,490.0,442.0,36.7,83.3,24.253000
43,-1,871.0,465.0,26.0,59.0,18.357000
43,-1,411.0,461.0,26.0,59.0,11.022000
43,-1,881.0,434.0,47.8,108.5,7.803300
43,-1,638.0,353.0,52.0,118.0,3.689000
43,-1,535.0,445.0,26.0,59.0,1.573000
44,-1,1205.0,418.0,135.4,307.3,55.778999
44,-1,240.0,447.0,87.8,199.3,46.626999
44,-1,20.0,479.0,73.9,167.6,36.867001
44,-1,1066.0,437.0,67.5,153.1,35.416000
44,-1,864.0,457.0,30.9,70.1,31.658001
44,-1,166.0,438.0,123.4,280.1,30.562000
44,-1,431.0,448.0,30.9,70.1,26.636999
44,-1,795.0,442.0,36.7,83.3,22.393999
44,-1,569.0,419.0,30.9,70.1,20.379999
44,-1,-11.0,454.0,56.7,128.6,17.496000
44,-1,549.0,343.0,33.7,76.6,14.884000
44,-1,461.0,447.0,33.7,76.6,12.861000
44,-1,479.0,442.0,36.7,83.3,12.183000
44,-1,579.0,424.0,30.9,70.1,9.974500
44,-1,496.0,447.0,36.7,83.3,7.604000
44,-1,512.0,453.0,36.7,83.3,7.103400
44,-1,881.0,434.0,47.8,108.5,4.885400
45,-1,1200.0,396.0,159.8,362.7,59.186001
45,-1,226.0,447.0,87.8,199.3,53.800999
45,-1,857.0,458.0,28.3,64.2,31.313999
45,-1,789.0,442.0,36.7,83.3,27.132000
45,-1,135.0,438.0,113.4,257.3,24.554001
45,-1,1055.0,431.0,79.9,181.4,22.754000
45,-1,715.0,449.0,26.0,59.0,21.775000
45,-1,426.0,453.0,28.3,64.2,15.926000
45,-1,501.0,447.0,36.7,83.3,10.119000
45,-1,17.0,513.0,61.5,139.6,8.980300
45,-1,874.0,434.0,47.8,108.5,6.846400
45,-1,399.0,457.0,26.0,59.0,4.713900
46,-1,213.0,447.0,87.8,199.3,54.566002
46,-1,1200.0,396.0,159.8,362.7,50.014000
46,-1,128.0,438.0,123.4,280.1,41.647999
46,-1,423.0,461.0,26.0,59.0,39.770000
46,-1,1043.0,431.0,79.9,181.4,27.306000
46,-1,850.0,453.0,30.9,70.1,26.559000
46,-1,492.0,445.0,40.1,91.0,24.322001
46,-1,784.0,442.0,36.7,83.3,20.670000
46,-1,711.0,449.0,26.0,59.0,18.608999
46,-1,7.0,513.0,61.5,139.6,14.178000
46,-1,517.0,440.0,28.3,64.2,12.459000
46,-1,455.0,457.0,30.9,70.1,11.571000
46,-1,395.0,461.0,26.0,59.0,6.979600
47,-1,213.0,447.0,87.8,199.3,57.948002
47,-1,1200.0,396.0,159.8,362.7,51.969002
47,-1,778.0,442.0,36.7,83.3,42.937000
47,-1,1043.0,419.0,79.9,181.4,36.604000
47,-1,848.0,458.0,28.3,64.2,36.408001
47,-1,118.0,438.0,113.4,257.3,31.511000
47,-1,707.0,449.0,26.0,59.0,28.046000
47,-1,417.0,453.0,28.3,64.2,23.951000
47,-1,488.0,444.0,43.6,99.0,10.580000
47,-1,862.0,433.0,52.0,118.0,8.439800
48,-1,213.0,447.0,87.8,199.3,67.278999
48,-1,99.0,439.0,135.4,307.3,54.632000
48,-1,1212.0,400.0,123.4,280.1,42.897999
48,-1,1031.0,419.0,79.9,181.4,36.962002
48,-1,412.0,453.0,30.9,70.1,27.997999
48,-1,699.0,449.0,26.0,59.0,23.625000
48,-1,482.0,444.0,43.6,99.0,20.165001
48,-1,387.0,461.0,26.0,59.0,19.091999
48,-1,508.0,436.0,28.3,64.2,13.362000
48,-1,839.0,447.0,33.7,76.6,13.072000
48,-1,777.0,447.0,33.7,76.6,6.697300
48,-1,1858.0,192.0,28.3,64.2,3.657100
49,-1,213.0,456.0,73.9,167.6,69.129997
49,-1,1214.0,385.0,146.6,332.7,56.370998
49,-1,695.0,449.0,26.0,59.0,45.966999
49,-1,90.0,457.0,123.4,280.1,35.759998
49,-1,1035.0,448.0,67.5,153.1,35.389999
49,-1,772.0,442.0,36.7,83.3,35.062000
49,-1,839.0,458.0,28.3,64.2,32.471001
49,-1,408.0,458.0,28.3,64.2,31.153000
49,-1,885.0,447.0,36.7,83.3,25.298000
49,-1,479.0,453.0,36.7,83.3,20.583000
49,-1,190.0,468.0,73.9,167.6,7.969700
50,-1,182.0,456.0,79.9,181.4,64.710999
50,-1,1200.0,371.0,159.8,362.7,62.387001
50,-1,687.0,449.0,26.0,59.0,43.584000
50,-1,1025.0,448.0,67.5,153.1,35.278000
50,-1,57.0,418.0,135.4,307.3,34.744999
50,-1,831.0,461.0,26.0,59.0,27.014000
50,-1,880.0,442.0,36.7,83.3,18.049000
50,-1,404.0,453.0,28.3,64.2,13.098000
50,-1,800.0,447.0,36.7,83.3,8.858800
50,-1,213.0,447.0,87.8,199.3,8.546300
50,-1,767.0,442.0,33.7,76.6,7.244600
51,-1,182.0,456.0,79.9,181.4,72.186996
51,-1,1200.0,371.0,159.8,362.7,59.375000
51,-1,683.0,449.0,26.0,59.0,45.535000
51,-1,40.0,430.0,146.6,332.7,42.014999
51,-1,1015.0,448.0,67.5,153.1,35.243999
51,-1,145.0,447.0,87.8,199.3,22.221001
51,-1,761.0,447.0,36.7,83.3,15.593000
51,-1,213.0,445.0,73.9,167.6,12.335000
51,-1,826.0,453.0,28.3,64.2,10.160000
52,-1,169.0,456.0,79.9,181.4,68.615997
52,-1,1200.0,371.0,159.8,362.7,57.165001
52,-1,679.0,449.0,26.0,59.0,50.109001
52,-1,17.0,430.0,146.6,332.7,39.974998
52,-1,393.0,448.0,30.9,70.1,33.348999
52,-1,1015.0,448.0,67.5,153.1,29.024000
52,-1,202.0,445.0,73.9,167.6,23.816999
52,-1,869.0,439.0,40.1,91.0,23.620001
52,-1,755.0,442.0,36.7,83.3,22.320000
52,-1,461.0,445.0,40.1,91.0,20.502001
52,-1,819.0,447.0,33.7,76.6,19.516001
52,-1,789.0,445.0,40.1,91.0,11.213000
52,-1,379.0,461.0,26.0,59.0,4.500500
53,-1,156.0,425.0,94.7,214.8,73.315002
53,-1,1226.0,397.0,135.4,307.3,55.280998
53,-1,675.0,445.0,26.0,59.0,46.209000
53,-1,17.0,430.0,146.6,332.7,42.546001
53,-1,355.0,453.0,26.0,59.0,39.375999
53,-1,384.0,443.0,30.9,70.1,38.720001
53,-1,1006.0,431.0,79.9,181.4,36.099998
53,-1,822.0,434.0,47.8,108.5,35.101002
53,-1,375.0,457.0,26.0,59.0,31.271000
53,-1,445.0,442.0,36.7,83.3,28.261000
53,-1,456.0,447.0,36.7,83.3,24.962999
53,-1,118.0,447.0,87.8,199.3,20.981001
53,-1,415.0,449.0,26.0,59.0,20.028000
53,-1,864.0,437.0,43.6,99.0,19.888000
53,-1,755.0,442.0,36.7,83.3,18.864000
53,-1,783.0,445.0,40.1,91.0,16.483999
53,-1,185.0,440.0,94.7,214.8,14.113000
53,-1,393.0,448.0,30.9,70.1,9.854500
54,-1,159.0,434.0,87.8,199.3,60.844002
54,-1,132.0,447.0,87.8,199.3,58.015999
54,-1,1231.0,400.0,123.4,280.1,55.834999
54,-1,667.0,445.0,26.0,59.0,37.250000
54,-1,997.0,433.0,73.9,167.6,36.213001
54,-1,752.0,433.0,40.1,91.0,34.265999
54,-1,-6.0,430.0,146.6,332.7,30.309000
54,-1,105.0,434.0,87.8,199.3,20.150000
54,-1,186.0,447.0,87.8,199.3,18.469000
54,-1,858.0,437.0,43.6,99.0,15.976000
54,-1,807.0,434.0,47.8,108.5,8.888200
54,-1,440.0,442.0,33.7,76.6,7.830000
54,-1,764.0,167.0,40.1,91.0,7.700500
54,-1,413.0,449.0,28.3,64.2,0.267410
55,-1,132.0,434.0,87.8,199.3,75.039001
55,-1,1210.0,354.0,175.7,398.6,64.625999
55,-1,339.0,449.0,26.0,59.0,46.134998
55,-1,982.0,419.0,79.9,181.4,44.408001
55,-1,169.0,443.0,79.9,181.4,37.709000
55,-1,69.0,425.0,94.7,214.8,35.535999
55,-1,659.0,437.0,26.0,59.0,34.235001
55,-1,359.0,449.0,26.0,59.0,29.379999
55,-1,-31.0,420.0,159.8,362.7,28.695000
55,-1,370.0,438.0,30.9,70.1,26.959999
55,-1,738.0,430.0,36.7,83.3,26.813000
55,-1,422.0,430.0,36.7,83.3,25.341999
55,-1,105.0,447.0,87.8,199.3,23.129000
55,-1,394.0,423.0,43.6,99.0,18.566999
55,-1,851.0,430.0,43.6,99.0,18.054001
55,-1,806.0,447.0,36.7,83.3,14.587000
56,-1,132.0,434.0,87.8,199.3,77.797997
56,-1,1210.0,381.0,175.7,398.6,68.575996
56,-1,335.0,449.0,26.0,59.0,45.521000
56,-1,970.0,407.0,87.8,199.3,41.221001
56,-1,91.0,434.0,87.8,199.3,34.311001
56,-1,652.0,436.0,28.3,64.2,32.130001
56,-1,844.0,427.0,47.8,108.5,29.361000
56,-1,733.0,436.0,36.7,83.3,28.090000
56,-1,351.0,449.0,26.0,59.0,21.764999
56,-1,45.0,503.0,61.5,139.6,18.556000
56,-1,795.0,433.0,40.1,91.0,16.124001
56,-1,365.0,438.0,30.9,70.1,15.741000
56,-1,811.0,430.0,43.6,99.0,13.942000
56,-1,1848.0,177.0,30.9,70.1,7.774700
56,-1,159.0,447.0,87.8,199.3,4.687400
56,-1,504.0,315.0,56.7,128.6,2.982900
57,-1,118.0,434.0,87.8,199.3,80.583000
57,-1,1210.0,381.0,175.7,398.6,59.992001
57,-1,648.0,436.0,28.3,64.2,49.321999
57,-1,327.0,449.0,26.0,59.0,45.667999
57,-1,163.0,448.0,67.5,153.1,43.452999
57,-1,973.0,437.0,67.5,153.1,43.424000
57,-1,727.0,430.0,36.7,83.3,36.500000
57,-1,78.0,434.0,87.8,199.3,34.727001
57,-1,844.0,430.0,43.6,99.0,30.243999
57,-1,351.0,438.0,30.9,70.1,19.813000
57,-1,800.0,420.0,47.8,108.5,18.056000
57,-1,49.0,489.0,67.5,153.1,15.787000
57,-1,383.0,436.0,36.7,83.3,11.667000
58,-1,118.0,434.0,87.8,199.3,74.709000
58,-1,643.0,437.0,26.0,59.0,52.432999
58,-1,1210.0,381.0,175.7,398.6,49.012001
58,-1,963.0,433.0,73.9,167.6,46.530998
58,-1,69.0,425.0,94.7,214.8,38.061001
58,-1,721.0,430.0,36.7,83.3,35.124001
58,-1,837.0,430.0,43.6,99.0,32.661999
58,-1,383.0,457.0,26.0,59.0,17.745001
58,-1,790.0,430.0,43.6,99.0,16.226999
58,-1,163.0,448.0,67.5,153.1,15.537000
58,-1,411.0,430.0,36.7,83.3,13.951000
58,-1,355.0,438.0,30.9,70.1,13.891000
58,-1,323.0,445.0,26.0,59.0,11.159000
58,-1,45.0,503.0,61.5,139.6,11.126000
58,-1,1841.0,175.0,28.3,64.2,5.765300
59,-1,105.0,434.0,87.8,199.3,84.903999
59,-1,957.0,419.0,79.9,181.4,56.839001
59,-1,319.0,449.0,26.0,59.0,47.865002
59,-1,1210.0,381.0,175.7,398.6,46.821999
59,-1,837.0,430.0,43.6,99.0,40.804001
59,-1,145.0,445.0,73.9,167.6,39.437000
59,-1,639.0,436.0,28.3,64.2,37.903000
59,-1,721.0,430.0,36.7,83.3,31.163000
59,-1,339.0,449.0,26.0,59.0,29.731001
59,-1,64.0,434.0,87.8,199.3,27.235001
59,-1,22.0,468.0,79.9,181.4,19.131001
59,-1,471.0,295.0,61.5,139.6,17.573000
59,-1,351.0,438.0,30.9,70.1,11.938000
59,-1,378.0,437.0,33.7,76.6,10.208000
59,-1,405.0,430.0,36.7,83.3,10.050000
59,-1,787.0,440.0,28.3,64.2,3.818500
59,-1,1843.0,177.0,26.0,59.0,3.523100
60,-1,91.0,434.0,87.8,199.3,70.728996
60,-1,952.0,437.0,67.5,153.1,51.716999
60,-1,831.0,430.0,43.6,99.0,48.144001
60,-1,631.0,434.0,30.9,70.1,45.791000
60,-1,1215.0,383.0,189.3,429.6,45.187000
60,-1,708.0,433.0,40.1,91.0,35.291000
60,-1,133.0,445.0,73.9,167.6,34.070000
60,-1,9.0,479.0,73.9,167.6,21.621000
60,-1,51.0,434.0,87.8,199.3,15.597000
60,-1,461.0,304.0,61.5,139.6,9.168100
60,-1,658.0,260.0,33.7,76.6,6.510800
60,-1,778.0,445.0,28.3,64.2,6.295400
60,-1,346.0,438.0,30.9,70.1,5.535400
60,-1,727.0,161.0,40.1,91.0,2.604700
61,-1,69.0,425.0,94.7,214.8,58.653999
61,-1,953.0,446.0,61.5,139.6,46.478001
61,-1,1215.0,383.0,189.3,429.6,40.889000
61,-1,113.0,425.0,94.7,214.8,34.505001
61,-1,631.0,445.0,26.0,59.0,34.245998
61,-1,35.0,503.0,61.5,139.6,26.353001
61,-1,710.0,430.0,36.7,83.3,21.152000
61,-1,829.0,427.0,47.8,108.5,20.024000
62,-1,64.0,447.0,87.8,199.3,67.713997
62,-1,942.0,437.0,67.5,153.1,54.952000
62,-1,631.0,445.0,26.0,59.0,49.108002
62,-1,829.0,427.0,47.8,108.5,46.611000
62,-1,1215.0,383.0,189.3,429.6,41.959000
62,-1,91.0,434.0,87.8,199.3,39.682999
62,-1,710.0,436.0,36.7,83.3,30.336000
62,-1,29.0,489.0,67.5,153.1,14.086000
62,-1,140.0,465.0,61.5,139.6,10.707000
62,-1,452.0,323.0,56.7,128.6,3.959000
63,-1,64.0,447.0,87.8,199.3,82.934998
63,-1,91.0,434.0,87.8,199.3,56.490002
63,-1,1249.0,371.0,159.8,362.7,51.896999
63,-1,627.0,445.0,26.0,59.0,51.675999
63,-1,940.0,433.0,73.9,167.6,45.445999
63,-1,18.0,489.0,67.5,153.1,33.675999
63,-1,829.0,427.0,47.8,108.5,33.666000
63,-1,710.0,437.0,33.7,76.6,32.605999
63,-1,307.0,453.0,26.0,59.0,31.664000
63,-1,336.0,443.0,30.9,70.1,17.367001
63,-1,118.0,447.0,87.8,199.3,7.980100
63,-1,446.0,329.0,52.0,118.0,7.330400
63,-1,1843.0,167.0,30.9,70.1,5.334500
64,-1,64.0,447.0,87.8,199.3,80.938004
64,-1,631.0,445.0,26.0,59.0,59.698002
64,-1,942.0,437.0,67.5,153.1,59.606998
64,-1,91.0,434.0,87.8,199.3,54.418999
64,-1,1244.0,383.0,189.3,429.6,52.123001
64,-1,18.0,489.0,67.5,153.1,29.645000
64,-1,829.0,427.0,47.8,108.5,23.246000
64,-1,336.0,437.0,33.7,76.6,21.912001
64,-1,-14.0,479.0,73.9,167.6,13.930000
64,-1,710.0,436.0,36.7,83.3,13.138000
64,-1,434.0,315.0,56.7,128.6,12.978000
64,-1,718.0,145.0,52.0,118.0,1.850200
64,-1,479.0,329.0,26.0,59.0,-0.392970
65,-1,58.0,456.0,79.9,181.4,74.176003
65,-1,1274.0,371.0,159.8,362.7,44.665001
65,-1,627.0,441.0,26.0,59.0,41.411999
65,-1,829.0,427.0,47.8,108.5,37.389999
65,-1,932.0,431.0,79.9,181.4,34.006001
65,-1,123.0,501.0,47.8,108.5,32.029999
65,-1,7.0,503.0,61.5,139.6,12.477000
65,-1,702.0,433.0,40.1,91.0,7.726800
66,-1,55.0,425.0,94.7,214.8,73.406998
66,-1,627.0,441.0,26.0,59.0,50.132000
66,-1,1273.0,383.0,189.3,429.6,47.910999
66,-1,931.0,437.0,67.5,153.1,43.132000
66,-1,829.0,427.0,47.8,108.5,41.820000
66,-1,111.0,445.0,73.9,167.6,36.986000
66,-1,-14.0,479.0,73.9,167.6,28.476000
66,-1,339.0,440.0,28.3,64.2,12.080000
66,-1,702.0,433.0,40.1,91.0,8.617600
66,-1,330.0,445.0,28.3,64.2,5.950800
66,-1,770.0,430.0,43.6,99.0,5.177500
66,-1,1857.0,158.0,30.9,70.1,2.524000
67,-1,40.0,425.0,94.7,214.8,69.710999
67,-1,931.0,437.0,67.5,153.1,58.754002
67,-1,623.0,441.0,26.0,59.0,53.608002
67,-1,1272.0,353.0,207.4,470.7,50.301998
67,-1,99.0,445.0,73.9,167.6,45.944000
67,-1,830.0,417.0,52.0,118.0,40.377998
67,-1,-3.0,489.0,67.5,153.1,16.115000
67,-1,335.0,445.0,26.0,59.0,15.352000
67,-1,770.0,430.0,43.6,99.0,11.342000
67,-1,466.0,333.0,33.7,76.6,10.275000
67,-1,35.0,389.0,26.0,59.0,4.873600
68,-1,623.0,437.0,26.0,59.0,70.319000
68,-1,40.0,425.0,94.7,214.8,63.817001
68,-1,1272.0,353.0,207.4,470.7,50.664001
68,-1,920.0,419.0,79.9,181.4,41.984001
68,-1,829.0,420.0,47.8,108.5,40.563000
68,-1,99.0,445.0,73.9,167.6,30.983999
68,-1,-13.0,489.0,67.5,153.1,25.089001
68,-1,505.0,367.0,94.7,214.8,6.971400
68,-1,565.0,238.0,61.5,139.6,5.726200
69,-1,37.0,434.0,87.8,199.3,70.879997
69,-1,1283.0,353.0,226.7,514.5,51.189999
69,-1,99.0,433.0,73.9,167.6,51.029999
69,-1,623.0,433.0,26.0,59.0,47.522999
69,-1,921.0,427.0,67.5,153.1,39.393002
69,-1,822.0,420.0,47.8,108.5,33.686001
69,-1,27.0,386.0,30.9,70.1,23.929001
69,-1,-13.0,489.0,67.5,153.1,23.122999
69,-1,1867.0,148.0,30.9,70.1,17.347000
69,-1,770.0,423.0,43.6,99.0,16.726000
69,-1,299.0,441.0,26.0,59.0,15.871000
69,-1,374.0,330.0,43.6,99.0,10.899000
70,-1,37.0,434.0,87.8,199.3,68.415001
70,-1,1283.0,353.0,226.7,514.5,56.116001
70,-1,617.0,427.0,28.3,64.2,55.278999
70,-1,88.0,433.0,73.9,167.6,50.312000
70,-1,917.0,422.0,73.9,167.6,44.763000
70,-1,829.0,420.0,47.8,108.5,31.816999
70,-1,764.0,423.0,43.6,99.0,27.542999
70,-1,699.0,425.0,36.7,83.3,3.363100
70,-1,461.0,323.0,33.7,76.6,2.370700
71,-1,24.0,434.0,87.8,199.3,71.092003
71,-1,1304.0,353.0,207.4,470.7,56.514000
71,-1,617.0,427.0,28.3,64.2,50.849998
71,-1,51.0,420.0,87.8,199.3,48.366001
71,-1,906.0,422.0,73.9,167.6,44.009998
71,-1,829.0,412.0,47.8,108.5,40.729000
71,-1,295.0,441.0,26.0,59.0,32.445999
71,-1,101.0,437.0,67.5,153.1,21.988001
71,-1,764.0,423.0,43.6,99.0,20.785999
71,-1,575.0,229.0,61.5,139.6,11.874000
71,-1,1872.0,136.0,33.7,76.6,10.536000
71,-1,461.0,323.0,33.7,76.6,5.876800
72,-1,617.0,427.0,28.3,64.2,53.018002
72,-1,25.0,425.0,94.7,214.8,46.721001
72,-1,88.0,433.0,73.9,167.6,43.028000
72,-1,1318.0,353.0,226.7,514.5,41.685001
72,-1,829.0,412.0,47.8,108.5,39.866001
72,-1,906.0,422.0,73.9,167.6,38.712002
72,-1,502.0,425.0,52.0,118.0,17.287001
72,-1,1877.0,136.0,33.7,76.6,6.033400
73,-1,617.0,427.0,28.3,64.2,57.639000
73,-1,906.0,422.0,73.9,167.6,45.889000
73,-1,25.0,425.0,94.7,214.8,44.556000
73,-1,1318.0,353.0,226.7,514.5,36.513000
73,-1,91.0,437.0,67.5,153.1,35.756001
73,-1,829.0,412.0,47.8,108.5,32.431999
73,-1,495.0,444.0,43.6,99.0,4.936500
74,-1,617.0,427.0,28.3,64.2,51.625999
74,-1,65.0,445.0,73.9,167.6,46.352001
74,-1,11.0,425.0,94.7,214.8,45.432999
74,-1,906.0,422.0,73.9,167.6,43.716999
74,-1,88.0,433.0,73.9,167.6,36.970001
74,-1,829.0,420.0,47.8,108.5,35.124001
74,-1,1360.0,354.0,189.3,429.6,32.376999
74,-1,480.0,409.0,61.5,139.6,20.198999
74,-1,764.0,420.0,40.1,91.0,12.557000
74,-1,1422.0,543.0,159.8,362.7,3.480200
74,-1,603.0,397.0,36.7,83.3,3.449100
75,-1,613.0,432.0,28.3,64.2,54.801998
75,-1,68.0,480.0,56.7,128.6,48.916000
75,-1,900.0,427.0,67.5,153.1,48.742001
75,-1,829.0,420.0,47.8,108.5,44.062000
75,-1,-4.0,425.0,94.7,214.8,38.133999
75,-1,475.0,406.0,67.5,153.1,30.966999
75,-1,1372.0,371.0,159.8,362.7,27.799000
75,-1,92.0,437.0,61.5,139.6,3.842300
75,-1,636.0,229.0,43.6,99.0,1.996100
76,-1,895.0,422.0,73.9,167.6,53.535000
76,-1,54.0,445.0,73.9,167.6,50.634998
76,-1,822.0,417.0,52.0,118.0,47.455002
76,-1,613.0,432.0,28.3,64.2,44.138000
76,-1,-3.0,434.0,87.8,199.3,43.014000
76,-1,1373.0,352.0,250.0,567.3,38.574001
76,-1,526.0,429.0,30.9,70.1,28.073000
76,-1,488.0,437.0,43.6,99.0,18.910000
76,-1,92.0,437.0,61.5,139.6,9.524800
77,-1,895.0,422.0,73.9,167.6,61.067001
77,-1,822.0,417.0,52.0,118.0,55.382999
77,-1,1373.0,352.0,250.0,567.3,49.325001
77,-1,-18.0,425.0,94.7,214.8,45.990002
77,-1,34.0,431.0,79.9,181.4,44.004002
77,-1,526.0,434.0,30.9,70.1,40.379002
77,-1,608.0,432.0,28.3,64.2,34.271000
77,-1,486.0,445.0,40.1,91.0,12.891000
77,-1,83.0,437.0,61.5,139.6,12.083000
78,-1,883.0,419.0,79.9,181.4,52.587002
78,-1,24.0,420.0,87.8,199.3,52.126999
78,-1,1373.0,352.0,250.0,567.3,47.187000
78,-1,-18.0,425.0,94.7,214.8,46.776001
78,-1,822.0,417.0,52.0,118.0,45.431999
78,-1,611.0,437.0,26.0,59.0,40.445999
78,-1,523.0,426.0,33.7,76.6,35.555000
78,-1,484.0,434.0,47.8,108.5,21.686001
78,-1,83.0,437.0,61.5,139.6,19.681999
78,-1,642.0,250.0,33.7,76.6,17.688000
78,-1,455.0,323.0,33.7,76.6,5.734200
79,-1,607.0,437.0,26.0,59.0,52.903999
79,-1,883.0,419.0,79.9,181.4,48.570999
79,-1,1373.0,352.0,250.0,567.3,46.376999
79,-1,20.0,433.0,73.9,167.6,46.268002
79,-1,523.0,426.0,33.7,76.6,42.471001
79,-1,43.0,445.0,73.9,167.6,37.096001
79,-1,822.0,427.0,47.8,108.5,36.667000
79,-1,85.0,437.0,56.7,128.6,18.267000
79,-1,463.0,399.0,73.9,167.6,16.562000
80,-1,604.0,432.0,28.3,64.2,55.508999
80,-1,22.0,431.0,79.9,181.4,54.792000
80,-1,871.0,419.0,79.9,181.4,47.713001
80,-1,1432.0,353.0,207.4,470.7,44.964001
80,-1,814.0,417.0,52.0,118.0,43.502998
80,-1,-17.0,420.0,87.8,199.3,41.306000
80,-1,454.0,396.0,67.5,153.1,27.278000
80,-1,522.0,429.0,30.9,70.1,21.667000
80,-1,80.0,427.0,67.5,153.1,20.129999
80,-1,742.0,417.0,52.0,118.0,13.761000
80,-1,527.0,461.0,26.0,59.0,11.716000
80,-1,1418.0,529.0,189.3,429.6,1.878400
81,-1,22.0,431.0,79.9,181.4,66.732002
81,-1,871.0,419.0,79.9,181.4,56.397999
81,-1,814.0,417.0,52.0,118.0,51.910999
81,-1,603.0,433.0,26.0,59.0,51.391998
81,-1,-17.0,420.0,87.8,199.3,35.127998
81,-1,1411.0,352.0,250.0,567.3,30.886000
81,-1,70.0,427.0,67.5,153.1,27.635000
81,-1,522.0,434.0,30.9,70.1,27.177999
81,-1,742.0,409.0,52.0,118.0,23.664000
81,-1,460.0,402.0,56.7,128.6,23.475000
81,-1,461.0,323.0,33.7,76.6,0.725920
82,-1,20.0,433.0,73.9,167.6,56.917999
82,-1,814.0,409.0,52.0,118.0,51.113998
82,-1,871.0,419.0,79.9,181.4,49.460999
82,-1,-15.0,431.0,79.9,181.4,46.715000
82,-1,600.0,427.0,28.3,64.2,44.564999
82,-1,1450.0,338.0,270.8,614.6,33.852001
82,-1,454.0,386.0,67.5,153.1,23.077999
82,-1,527.0,453.0,26.0,59.0,21.882999
82,-1,73.0,428.0,61.5,139.6,16.466999
82,-1,450.0,324.0,30.9,70.1,4.324400
83,-1,814.0,409.0,52.0,118.0,65.123001
83,-1,-3.0,407.0,87.8,199.3,54.813999
83,-1,869.0,427.0,67.5,153.1,52.743999
83,-1,1450.0,338.0,270.8,614.6,44.466000
83,-1,599.0,429.0,26.0,59.0,38.283001
83,-1,452.0,399.0,61.5,139.6,24.329000
83,-1,734.0,409.0,52.0,118.0,11.348000
83,-1,455.0,317.0,33.7,76.6,7.486500
83,-1,64.0,428.0,61.5,139.6,6.375500
84,-1,814.0,409.0,52.0,118.0,70.628998
84,-1,858.0,407.0,79.9,181.4,55.143002
84,-1,-3.0,419.0,79.9,181.4,51.542000
84,-1,1450.0,338.0,270.8,614.6,44.159000
84,-1,595.0,423.0,28.3,64.2,35.104000
84,-1,442.0,399.0,61.5,139.6,23.459999
84,-1,450.0,312.0,33.7,76.6,12.054000
84,-1,60.0,432.0,28.3,64.2,7.176400
84,-1,734.0,412.0,47.8,108.5,6.007300
85,-1,-15.0,419.0,79.9,181.4,54.632999
85,-1,859.0,427.0,67.5,153.1,48.366001
85,-1,814.0,409.0,52.0,118.0,46.298000
85,-1,726.0,409.0,52.0,118.0,23.476000
85,-1,438.0,409.0,52.0,118.0,18.427000
85,-1,1492.0,379.0,270.8,614.6,18.186001
85,-1,683.0,417.0,43.6,99.0,9.243600
85,-1,499.0,371.0,61.5,139.6,8.027900
85,-1,20.0,433.0,73.9,167.6,2.566400
86,-1,-15.0,419.0,79.9,181.4,55.349998
86,-1,814.0,409.0,52.0,118.0,54.069000
86,-1,858.0,407.0,79.9,181.4,52.641998
86,-1,508.0,445.0,28.3,64.2,25.278999
86,-1,591.0,419.0,28.3,64.2,20.240999
86,-1,450.0,306.0,36.7,83.3,14.583000
86,-1,730.0,417.0,43.6,99.0,13.694000
86,-1,1526.0,391.0,250.0,567.3,12.163000
86,-1,20.0,422.0,73.9,167.6,7.972000
87,-1,814.0,409.0,52.0,118.0,55.729000
87,-1,859.0,417.0,67.5,153.1,51.467999
87,-1,-15.0,419.0,79.9,181.4,43.608002
87,-1,507.0,438.0,30.9,70.1,22.871000
87,-1,591.0,419.0,28.3,64.2,13.294000
87,-1,445.0,306.0,36.7,83.3,2.345800
88,-1,806.0,409.0,52.0,118.0,55.366001
88,-1,846.0,394.0,79.9,181.4,50.577000
88,-1,591.0,419.0,28.3,64.2,23.625000
88,-1,-14.0,433.0,73.9,167.6,22.732000
88,-1,511.0,449.0,26.0,59.0,13.260000
88,-1,9.0,422.0,73.9,167.6,8.255400
88,-1,461.0,323.0,33.7,76.6,7.871200
89,-1,846.0,407.0,79.9,181.4,53.424000
89,-1,814.0,409.0,52.0,118.0,18.750000
89,-1,-14.0,433.0,73.9,167.6,13.758000
89,-1,1592.0,353.0,207.4,470.7,5.124900
90,-1,814.0,409.0,52.0,118.0,61.880001
90,-1,848.0,427.0,67.5,153.1,54.848000
90,-1,-17.0,407.0,87.8,199.3,17.980000
90,-1,1603.0,352.0,250.0,567.3,16.337999
90,-1,461.0,312.0,33.7,76.6,14.083000
90,-1,591.0,419.0,28.3,64.2,6.895300
90,-1,326.0,421.0,33.7,76.6,3.558500
91,-1,814.0,409.0,52.0,118.0,58.087002
91,-1,848.0,427.0,67.5,153.1,36.682999
91,-1,1617.0,338.0,270.8,614.6,36.011002
91,-1,582.0,383.0,43.6,99.0,17.681999
91,-1,461.0,303.0,40.1,91.0,11.559000
91,-1,1214.0,425.0,52.0,118.0,8.434000
92,-1,846.0,407.0,79.9,181.4,44.558998
92,-1,814.0,409.0,52.0,118.0,40.492001
92,-1,1642.0,352.0,250.0,567.3,34.028999
92,-1,319.0,414.0,40.1,91.0,30.504999
92,-1,427.0,405.0,30.9,70.1,25.124001
92,-1,635.0,237.0,26.0,59.0,18.566000
92,-1,579.0,376.0,47.8,108.5,16.841000
92,-1,491.0,429.0,26.0,59.0,10.500000
93,-1,846.0,407.0,79.9,181.4,41.088001
93,-1,822.0,409.0,52.0,118.0,39.624001
93,-1,1659.0,338.0,270.8,614.6,32.827000
93,-1,467.0,317.0,36.7,83.3,15.013000
93,-1,589.0,383.0,43.6,99.0,10.457000
93,-1,365.0,405.0,30.9,70.1,10.395000
93,-1,1451.0,85.0,26.0,59.0,7.493100
94,-1,822.0,409.0,52.0,118.0,48.312000
94,-1,848.0,417.0,67.5,153.1,37.062000
94,-1,365.0,400.0,30.9,70.1,20.448999
94,-1,434.0,401.0,28.3,64.2,13.286000
94,-1,473.0,312.0,36.7,83.3,10.703000
94,-1,587.0,376.0,47.8,108.5,5.336200
94,-1,461.0,307.0,33.7,76.6,4.571700
94,-1,426.0,410.0,28.3,64.2,4.176100
95,-1,848.0,417.0,67.5,153.1,46.300999
95,-1,726.0,401.0,52.0,118.0,24.934000
95,-1,463.0,321.0,26.0,59.0,20.757999
95,-1,589.0,370.0,43.6,99.0,19.938999
95,-1,309.0,413.0,36.7,83.3,15.616000
95,-1,541.0,410.0,30.9,70.1,13.036000
95,-1,473.0,300.0,36.7,83.3,9.732300
95,-1,326.0,408.0,40.1,91.0,8.656000
95,-1,639.0,227.0,28.3,64.2,7.283700
95,-1,370.0,400.0,30.9,70.1,4.649600
95,-1,499.0,417.0,26.0,59.0,1.866500
96,-1,834.0,394.0,79.9,181.4,28.422001
96,-1,599.0,417.0,26.0,59.0,21.747999
96,-1,726.0,401.0,52.0,118.0,11.322000
96,-1,467.0,295.0,36.7,83.3,11.045000
97,-1,834.0,382.0,79.9,181.4,39.241001
97,-1,543.0,410.0,28.3,64.2,31.922001
97,-1,599.0,413.0,26.0,59.0,26.677000
97,-1,751.0,411.0,33.7,76.6,23.337000
97,-1,723.0,403.0,43.6,99.0,21.031000
97,-1,283.0,413.0,26.0,59.0,10.592000
97,-1,1747.0,85.0,26.0,59.0,5.236700
97,-1,473.0,300.0,36.7,83.3,4.641700
97,-1,371.0,409.0,26.0,59.0,3.762700
98,-1,834.0,382.0,79.9,181.4,38.279999
98,-1,543.0,410.0,28.3,64.2,30.865000
98,-1,599.0,409.0,26.0,59.0,29.145000
98,-1,723.0,403.0,43.6,99.0,29.070000
98,-1,476.0,291.0,33.7,76.6,21.968000
98,-1,741.0,398.0,47.8,108.5,21.257000
98,-1,637.0,216.0,36.7,83.3,8.452600
98,-1,417.0,395.0,30.9,70.1,4.181300
99,-1,827.0,388.0,73.9,167.6,42.214001
99,-1,599.0,409.0,26.0,59.0,30.698000
99,-1,283.0,413.0,26.0,59.0,25.011000
99,-1,734.0,393.0,52.0,118.0,23.301001
99,-1,545.0,400.0,30.9,70.1,20.747000
99,-1,473.0,300.0,36.7,83.3,15.324000
100,-1,822.0,382.0,79.9,181.4,42.484001
100,-1,603.0,405.0,26.0,59.0,32.473999
100,-1,1767.0,65.0,26.0,59.0,24.046000
100,-1,481.0,302.0,33.7,76.6,16.889999
100,-1,745.0,402.0,40.1,91.0,14.980000
100,-1,469.0,300.0,30.9,70.1,8.156200
100,-1,544.0,395.0,33.7,76.6,6.201300
100,-1,1479.0,45.0,26.0,59.0,5.105700
101,-1,822.0,382.0,79.9,181.4,55.272999
101,-1,600.0,401.0,28.3,64.2,25.941000
101,-1,469.0,300.0,30.9,70.1,23.423000
101,-1,754.0,410.0,30.9,70.1,20.049999
101,-1,547.0,409.0,26.0,59.0,17.712000
101,-1,1775.0,65.0,26.0,59.0,12.244000
101,-1,479.0,305.0,30.9,70.1,4.897600
102,-1,827.0,388.0,73.9,167.6,48.248001
102,-1,599.0,405.0,26.0,59.0,39.119999
102,-1,473.0,295.0,36.7,83.3,35.251999
102,-1,398.0,391.0,30.9,70.1,26.898001
102,-1,750.0,405.0,30.9,70.1,25.584000
102,-1,545.0,400.0,30.9,70.1,24.372999
102,-1,462.0,283.0,36.7,83.3,12.610000
102,-1,359.0,401.0,26.0,59.0,11.430000
102,-1,495.0,405.0,26.0,59.0,10.027000
102,-1,1775.0,61.0,26.0,59.0,8.877000
102,-1,413.0,397.0,28.3,64.2,0.525290
103,-1,822.0,382.0,79.9,181.4,54.860001
103,-1,398.0,380.0,33.7,76.6,37.502998
103,-1,372.0,380.0,33.7,76.6,26.402000
103,-1,544.0,390.0,33.7,76.6,25.465000
103,-1,599.0,405.0,26.0,59.0,24.646999
103,-1,752.0,410.0,28.3,64.2,23.330999
103,-1,473.0,289.0,36.7,83.3,18.042999
104,-1,822.0,382.0,79.9,181.4,59.168999
104,-1,750.0,410.0,30.9,70.1,27.951000
104,-1,467.0,283.0,36.7,83.3,22.986000
104,-1,582.0,363.0,43.6,99.0,21.042000
104,-1,359.0,401.0,26.0,59.0,19.915001
104,-1,389.0,391.0,30.9,70.1,18.714001
104,-1,495.0,405.0,26.0,59.0,12.794000
104,-1,545.0,400.0,30.9,70.1,12.527000
104,-1,1484.0,22.0,28.3,64.2,11.873000
104,-1,374.0,386.0,30.9,70.1,5.972900
105,-1,809.0,382.0,79.9,181.4,53.754002
105,-1,393.0,380.0,33.7,76.6,36.596001
105,-1,750.0,410.0,30.9,70.1,36.116001
105,-1,466.0,286.0,33.7,76.6,26.298000
105,-1,595.0,401.0,26.0,59.0,25.531000
105,-1,379.0,386.0,30.9,70.1,25.478001
105,-1,547.0,406.0,28.3,64.2,22.330999
105,-1,355.0,397.0,26.0,59.0,20.127001
105,-1,495.0,405.0,26.0,59.0,18.598000
105,-1,367.0,401.0,26.0,59.0,9.025100
105,-1,712.0,390.0,47.8,108.5,3.635500
105,-1,476.0,291.0,33.7,76.6,2.700900
106,-1,378.0,385.0,33.7,76.6,53.924000
106,-1,809.0,382.0,79.9,181.4,50.943001
106,-1,362.0,385.0,33.7,76.6,35.138000
106,-1,734.0,398.0,47.8,108.5,31.509001
106,-1,1799.0,53.0,26.0,59.0,30.570999
106,-1,466.0,291.0,33.7,76.6,30.285999
106,-1,351.0,401.0,26.0,59.0,30.114000
106,-1,595.0,405.0,26.0,59.0,26.145000
106,-1,393.0,386.0,30.9,70.1,23.268000
106,-1,547.0,406.0,28.3,64.2,17.247000
106,-1,491.0,401.0,26.0,59.0,13.206000
106,-1,271.0,409.0,26.0,59.0,12.897000
106,-1,1488.0,18.0,28.3,64.2,7.330600
107,-1,809.0,382.0,79.9,181.4,52.564999
107,-1,378.0,385.0,33.7,76.6,40.973000
107,-1,347.0,397.0,28.3,64.2,34.736000
107,-1,362.0,385.0,33.7,76.6,28.063000
107,-1,734.0,398.0,47.8,108.5,24.898001
107,-1,545.0,400.0,30.9,70.1,24.492001
107,-1,473.0,295.0,36.7,83.3,19.306999
107,-1,1803.0,49.0,26.0,59.0,18.667000
107,-1,491.0,405.0,26.0,59.0,16.393000
107,-1,591.0,397.0,28.3,64.2,15.802000
107,-1,462.0,283.0,36.7,83.3,15.694000
107,-1,1499.0,21.0,26.0,59.0,15.537000
108,-1,372.0,380.0,33.7,76.6,50.923000
108,-1,809.0,382.0,79.9,181.4,49.050999
108,-1,737.0,397.0,43.6,99.0,32.169998
108,-1,355.0,401.0,26.0,59.0,30.202000
108,-1,1807.0,49.0,26.0,59.0,22.695000
108,-1,582.0,356.0,43.6,99.0,21.032000
108,-1,466.0,291.0,33.7,76.6,18.938000
108,-1,491.0,401.0,26.0,59.0,15.818000
108,-1,549.0,395.0,33.7,76.6,15.541000
108,-1,704.0,390.0,47.8,108.5,12.269000
108,-1,180.0,390.0,33.7,76.6,11.442000
108,-1,1503.0,21.0,26.0,59.0,7.781200
108,-1,269.0,401.0,28.3,64.2,-0.223660
109,-1,809.0,382.0,79.9,181.4,50.290001
109,-1,372.0,380.0,33.7,76.6,50.272999
109,-1,588.0,391.0,30.9,70.1,38.109001
109,-1,550.0,400.0,30.9,70.1,28.757999
109,-1,737.0,397.0,43.6,99.0,27.184000
109,-1,491.0,401.0,26.0,59.0,26.416000
109,-1,347.0,397.0,28.3,64.2,18.570000
109,-1,471.0,297.0,33.7,76.6,18.537001
109,-1,362.0,385.0,33.7,76.6,16.398001
109,-1,1811.0,45.0,26.0,59.0,13.868000
110,-1,587.0,397.0,28.3,64.2,59.740002
110,-1,365.0,386.0,30.9,70.1,49.279999
110,-1,804.0,388.0,73.9,167.6,40.249001
110,-1,734.0,398.0,47.8,108.5,28.414000
110,-1,465.0,301.0,28.3,64.2,25.367001
110,-1,491.0,401.0,26.0,59.0,24.941000
110,-1,1819.0,41.0,26.0,59.0,24.756001
110,-1,585.0,359.0,33.7,76.6,22.222000
110,-1,544.0,395.0,33.7,76.6,20.773001
110,-1,1510.0,9.0,28.3,64.2,17.076000
110,-1,355.0,391.0,30.9,70.1,16.348000
110,-1,374.0,381.0,30.9,70.1,13.142000
110,-1,300.0,390.0,43.6,99.0,12.556000
111,-1,797.0,382.0,79.9,181.4,51.556999
111,-1,362.0,380.0,33.7,76.6,41.165001
111,-1,588.0,391.0,30.9,70.1,36.493999
111,-1,726.0,385.0,52.0,118.0,25.507999
111,-1,474.0,300.0,30.9,70.1,24.594999
111,-1,1222.0,401.0,52.0,118.0,9.279800
111,-1,301.0,396.0,40.1,91.0,6.931400
111,-1,465.0,296.0,30.9,70.1,5.630000
111,-1,352.0,397.0,28.3,64.2,3.953200
112,-1,587.0,397.0,28.3,64.2,53.412998
112,-1,807.0,396.0,67.5,153.1,50.943001
112,-1,726.0,385.0,52.0,118.0,37.950001
112,-1,362.0,380.0,33.7,76.6,32.965000
112,-1,473.0,295.0,36.7,83.3,23.006001
112,-1,300.0,390.0,43.6,99.0,12.458000
112,-1,462.0,283.0,36.7,83.3,11.712000
112,-1,588.0,367.0,30.9,70.1,6.136500
113,-1,797.0,382.0,79.9,181.4,57.716999
113,-1,587.0,397.0,28.3,64.2,46.706001
113,-1,739.0,402.0,40.1,91.0,36.556999
113,-1,360.0,386.0,30.9,70.1,26.879999
113,-1,467.0,283.0,36.7,83.3,26.875999
113,-1,542.0,361.0,52.0,118.0,15.539000
113,-1,491.0,401.0,26.0,59.0,12.968000
114,-1,797.0,382.0,79.9,181.4,61.346001
114,-1,591.0,397.0,28.3,64.2,46.209000
114,-1,734.0,385.0,52.0,118.0,30.187000
114,-1,702.0,385.0,52.0,118.0,24.297001
114,-1,467.0,283.0,36.7,83.3,23.761000
114,-1,301.0,396.0,40.1,91.0,17.667000
114,-1,548.0,390.0,40.1,91.0,16.974001
114,-1,360.0,386.0,30.9,70.1,12.785000
114,-1,491.0,401.0,26.0,59.0,10.539000
114,-1,479.0,289.0,36.7,83.3,1.666000
115,-1,797.0,382.0,79.9,181.4,65.300003
115,-1,474.0,300.0,30.9,70.1,29.084999
115,-1,484.0,310.0,30.9,70.1,27.617001
115,-1,591.0,401.0,28.3,64.2,18.551001
115,-1,750.0,405.0,30.9,70.1,14.517000
115,-1,550.0,376.0,47.8,108.5,8.778300
116,-1,797.0,382.0,79.9,181.4,58.340000
116,-1,754.0,405.0,30.9,70.1,26.882999
116,-1,822.0,394.0,79.9,181.4,13.196000
116,-1,476.0,297.0,33.7,76.6,10.150000
117,-1,807.0,406.0,67.5,153.1,53.116001
117,-1,759.0,405.0,30.9,70.1,19.531000
117,-1,482.0,276.0,43.6,99.0,17.791000
117,-1,569.0,397.0,28.3,64.2,3.293500
118,-1,817.0,406.0,67.5,153.1,48.919998
118,-1,764.0,410.0,30.9,70.1,25.603001
118,-1,488.0,305.0,30.9,70.1,21.201000
118,-1,587.0,437.0,26.0,59.0,18.764000
118,-1,360.0,400.0,30.9,70.1,8.262600
118,-1,606.0,364.0,33.7,76.6,4.678100
119,-1,817.0,406.0,67.5,153.1,57.183998
119,-1,769.0,410.0,30.9,70.1,35.766998
119,-1,498.0,305.0,30.9,70.1,19.705000
119,-1,862.0,393.0,52.0,118.0,16.363001
119,-1,595.0,437.0,26.0,59.0,12.330000
119,-1,612.0,400.0,30.9,70.1,7.053500
120,-1,828.0,406.0,67.5,153.1,70.444000
120,-1,870.0,393.0,52.0,118.0,14.604000
120,-1,505.0,285.0,40.1,91.0,9.735900
120,-1,783.0,410.0,30.9,70.1,5.867700
121,-1,846.0,382.0,79.9,181.4,62.520000
121,-1,887.0,380.0,61.5,139.6,40.514999
121,-1,648.0,401.0,28.3,64.2,33.584999
121,-1,807.0,410.0,30.9,70.1,32.938999
121,-1,535.0,289.0,36.7,83.3,24.412001
121,-1,354.0,403.0,43.6,99.0,23.999001
121,-1,413.0,406.0,28.3,64.2,19.250000
121,-1,599.0,385.0,26.0,59.0,16.093000
121,-1,630.0,432.0,28.3,64.2,10.415000
122,-1,846.0,382.0,79.9,181.4,56.856998
122,-1,896.0,380.0,61.5,139.6,48.445999
122,-1,656.0,401.0,28.3,64.2,35.001999
122,-1,544.0,297.0,33.7,76.6,30.584999
122,-1,812.0,408.0,36.7,83.3,28.347000
122,-1,361.0,397.0,43.6,99.0,24.271999
122,-1,635.0,432.0,28.3,64.2,9.963100
122,-1,421.0,401.0,28.3,64.2,9.666800
123,-1,859.0,396.0,67.5,153.1,71.593002
123,-1,905.0,384.0,56.7,128.6,55.676998
123,-1,821.0,405.0,30.9,70.1,24.379999
123,-1,366.0,390.0,47.8,108.5,23.118999
123,-1,648.0,427.0,28.3,64.2,14.021000
123,-1,427.0,395.0,30.9,70.1,11.919000
123,-1,661.0,397.0,28.3,64.2,6.484900
124,-1,869.0,396.0,67.5,153.1,65.382004
124,-1,914.0,376.0,56.7,128.6,53.338001
124,-1,555.0,296.0,30.9,70.1,35.143002
124,-1,823.0,402.0,36.7,83.3,31.715000
124,-1,758.0,385.0,52.0,118.0,30.601999
124,-1,381.0,402.0,40.1,91.0,29.745001
124,-1,434.0,397.0,28.3,64.2,28.875999
124,-1,651.0,429.0,26.0,59.0,24.382000
124,-1,412.0,395.0,30.9,70.1,15.498000
124,-1,137.0,402.0,56.7,128.6,12.056000
124,-1,665.0,397.0,28.3,64.2,4.244800
124,-1,575.0,401.0,26.0,59.0,3.974400
124,-1,7.0,493.0,26.0,59.0,-0.780500
125,-1,871.0,370.0,79.9,181.4,57.176998
125,-1,915.0,371.0,61.5,139.6,52.660000
125,-1,381.0,390.0,43.6,99.0,38.757000
125,-1,824.0,390.0,43.6,99.0,32.716000
125,-1,766.0,385.0,52.0,118.0,32.695999
125,-1,674.0,392.0,28.3,64.2,25.016001
125,-1,567.0,301.0,26.0,59.0,23.556999
125,-1,417.0,386.0,30.9,70.1,18.614000
125,-1,439.0,392.0,28.3,64.2,15.160000
125,-1,656.0,423.0,28.3,64.2,12.607000
125,-1,17.0,507.0,40.1,91.0,6.772100
126,-1,880.0,386.0,67.5,153.1,65.098999
126,-1,932.0,376.0,56.7,128.6,45.955002
126,-1,-15.0,419.0,79.9,181.4,19.813999
126,-1,845.0,390.0,33.7,76.6,16.712999
126,-1,671.0,425.0,26.0,59.0,11.558000
126,-1,434.0,388.0,28.3,64.2,9.730400
127,-1,883.0,370.0,79.9,181.4,65.717003
127,-1,943.0,371.0,61.5,139.6,48.581001
127,-1,782.0,377.0,52.0,118.0,34.313000
127,-1,439.0,388.0,28.3,64.2,29.063000
127,-1,-17.0,407.0,87.8,199.3,22.563000
127,-1,587.0,297.0,28.3,64.2,22.362000
127,-1,857.0,397.0,28.3,64.2,18.848000
127,-1,456.0,388.0,28.3,64.2,17.225000
127,-1,678.0,419.0,28.3,64.2,16.808001
127,-1,164.0,393.0,56.7,128.6,11.654000
127,-1,595.0,301.0,28.3,64.2,9.409000
127,-1,696.0,388.0,28.3,64.2,5.992700
127,-1,22.0,419.0,79.9,181.4,3.569600
127,-1,647.0,369.0,26.0,59.0,1.395000
128,-1,890.0,386.0,67.5,153.1,58.596001
128,-1,943.0,371.0,61.5,139.6,57.176998
128,-1,-17.0,407.0,87.8,199.3,38.556000
128,-1,447.0,384.0,28.3,64.2,32.818001
128,-1,793.0,383.0,47.8,108.5,30.349001
128,-1,679.0,417.0,26.0,59.0,26.323999
128,-1,865.0,397.0,28.3,64.2,22.104000
128,-1,408.0,390.0,43.6,99.0,18.282000
128,-1,595.0,281.0,33.7,76.6,16.662001
128,-1,615.0,397.0,26.0,59.0,16.264999
128,-1,172.0,393.0,56.7,128.6,10.462000
128,-1,703.0,389.0,26.0,59.0,10.224000
128,-1,465.0,388.0,28.3,64.2,9.322200
129,-1,895.0,370.0,79.9,181.4,54.243999
129,-1,958.0,376.0,56.7,128.6,53.618999
129,-1,-17.0,407.0,87.8,199.3,38.317001
129,-1,864.0,383.0,43.6,99.0,29.693001
129,-1,415.0,390.0,43.6,99.0,26.035999
129,-1,456.0,384.0,28.3,64.2,24.816000
129,-1,604.0,297.0,28.3,64.2,22.687000
129,-1,713.0,388.0,28.3,64.2,20.427000
129,-1,790.0,377.0,52.0,118.0,18.004000
129,-1,687.0,419.0,28.3,64.2,16.104000
129,-1,22.0,419.0,79.9,181.4,14.111000
129,-1,181.0,393.0,56.7,128.6,11.764000
130,-1,908.0,370.0,79.9,181.4,53.971001
130,-1,962.0,371.0,61.5,139.6,43.931999
130,-1,717.0,388.0,28.3,64.2,35.056000
130,-1,421.0,390.0,43.6,99.0,34.896999
130,-1,-3.0,407.0,87.8,199.3,30.386000
130,-1,683.0,376.0,43.6,99.0,28.267000
130,-1,608.0,278.0,36.7,83.3,27.594000
130,-1,465.0,381.0,30.9,70.1,22.146000
130,-1,798.0,377.0,52.0,118.0,22.082001
130,-1,878.0,397.0,28.3,64.2,17.434000
130,-1,184.0,375.0,67.5,153.1,13.993000
130,-1,615.0,393.0,26.0,59.0,8.671400
130,-1,34.0,419.0,79.9,181.4,7.812400
131,-1,917.0,377.0,73.9,167.6,57.973000
131,-1,10.0,393.0,87.8,199.3,43.728001
131,-1,46.0,407.0,79.9,181.4,22.962000
131,-1,704.0,410.0,28.3,64.2,22.327999
131,-1,896.0,392.0,28.3,64.2,21.816999
131,-1,717.0,410.0,28.3,64.2,14.098000
131,-1,122.0,331.0,73.9,167.6,11.124000
131,-1,476.0,369.0,33.7,76.6,9.714700
131,-1,631.0,376.0,30.9,70.1,0.927030
132,-1,11.0,381.0,94.7,214.8,56.639000
132,-1,920.0,370.0,79.9,181.4,48.705002
132,-1,216.0,393.0,56.7,128.6,34.542999
132,-1,990.0,377.0,52.0,118.0,32.866001
132,-1,705.0,341.0,56.7,128.6,28.322001
132,-1,484.0,376.0,30.9,70.1,27.658001
132,-1,900.0,397.0,28.3,64.2,27.558001
132,-1,822.0,376.0,47.8,108.5,26.969000
132,-1,40.0,367.0,94.7,214.8,24.856001
132,-1,448.0,383.0,43.6,99.0,23.374001
132,-1,636.0,356.0,43.6,99.0,15.760000
132,-1,122.0,331.0,73.9,167.6,14.687000
132,-1,743.0,388.0,28.3,64.2,12.453000
132,-1,623.0,350.0,43.6,99.0,9.222600
132,-1,498.0,376.0,30.9,70.1,8.718100
132,-1,547.0,373.0,26.0,59.0,4.058200
133,-1,24.0,393.0,87.8,199.3,53.340000
133,-1,932.0,370.0,79.9,181.4,49.446999
133,-1,993.0,367.0,56.7,128.6,37.889000
133,-1,907.0,386.0,30.9,70.1,33.919998
133,-1,493.0,376.0,30.9,70.1,33.660999
133,-1,225.0,393.0,56.7,128.6,31.080999
133,-1,748.0,384.0,28.3,64.2,28.407000
133,-1,822.0,377.0,52.0,118.0,28.305000
133,-1,726.0,414.0,28.3,64.2,23.552000
133,-1,634.0,359.0,40.1,91.0,21.698999
133,-1,643.0,293.0,26.0,59.0,20.355000
133,-1,55.0,381.0,94.7,214.8,19.087000
133,-1,455.0,383.0,43.6,99.0,15.220000
133,-1,517.0,384.0,28.3,64.2,11.548000
133,-1,354.0,374.0,36.7,83.3,10.038000
133,-1,132.0,344.0,67.5,153.1,6.616100
134,-1,34.0,407.0,79.9,181.4,60.727001
134,-1,942.0,375.0,67.5,153.1,52.738998
134,-1,1000.0,361.0,61.5,139.6,41.089001
134,-1,58.0,394.0,79.9,181.4,37.139999
134,-1,233.0,384.0,56.7,128.6,36.537998
134,-1,752.0,379.0,28.3,64.2,34.637001
134,-1,497.0,369.0,33.7,76.6,27.034000
134,-1,462.0,376.0,43.6,99.0,25.422001
134,-1,916.0,386.0,30.9,70.1,24.797001
134,-1,653.0,276.0,33.7,76.6,21.582001
134,-1,735.0,410.0,28.3,64.2,20.934000
134,-1,830.0,369.0,52.0,118.0,20.649000
134,-1,518.0,369.0,33.7,76.6,15.911000
134,-1,9.0,382.0,79.9,181.4,9.161800
134,-1,641.0,353.0,40.1,91.0,2.088400
135,-1,25.0,367.0,94.7,214.8,59.446999
135,-1,932.0,357.0,79.9,181.4,55.900002
135,-1,759.0,381.0,26.0,59.0,46.042999
135,-1,503.0,372.0,30.9,70.1,37.057999
135,-1,242.0,384.0,56.7,128.6,32.569000
135,-1,71.0,407.0,79.9,181.4,32.209000
135,-1,1004.0,354.0,67.5,153.1,31.115000
135,-1,735.0,406.0,28.3,64.2,29.096001
135,-1,647.0,353.0,40.1,91.0,23.184999
135,-1,745.0,405.0,30.9,70.1,18.180000
135,-1,468.0,377.0,40.1,91.0,16.986000
135,-1,921.0,386.0,30.9,70.1,16.867001
135,-1,659.0,289.0,26.0,59.0,13.653000
135,-1,517.0,372.0,30.9,70.1,12.058000
135,-1,153.0,383.0,47.8,108.5,9.240100
135,-1,665.0,353.0,40.1,91.0,4.176900
135,-1,526.0,376.0,30.9,70.1,3.829400
136,-1,25.0,367.0,94.7,214.8,50.597000
136,-1,945.0,345.0,79.9,181.4,50.147999
136,-1,518.0,359.0,33.7,76.6,43.965000
136,-1,64.0,380.0,87.8,199.3,43.402000
136,-1,737.0,363.0,43.6,99.0,33.563999
136,-1,1019.0,352.0,61.5,139.6,30.655001
136,-1,656.0,343.0,43.6,99.0,23.479000
136,-1,531.0,367.0,30.9,70.1,22.808001
136,-1,765.0,371.0,28.3,64.2,22.191999
136,-1,930.0,381.0,30.9,70.1,20.490999
136,-1,476.0,368.0,47.8,108.5,18.983000
136,-1,253.0,371.0,61.5,139.6,18.459999
136,-1,165.0,383.0,40.1,91.0,13.695000
136,-1,759.0,329.0,26.0,59.0,3.135000
137,-1,952.0,365.0,67.5,153.1,54.507000
137,-1,522.0,362.0,30.9,70.1,48.681999
137,-1,770.0,371.0,28.3,64.2,48.146000
137,-1,37.0,380.0,87.8,199.3,47.707001
137,-1,1025.0,344.0,67.5,153.1,39.785999
137,-1,744.0,363.0,43.6,99.0,32.294998
137,-1,78.0,380.0,87.8,199.3,31.827000
137,-1,671.0,266.0,36.7,83.3,21.594000
137,-1,475.0,370.0,43.6,99.0,15.123000
137,-1,268.0,376.0,56.7,128.6,13.968000
137,-1,383.0,364.0,33.7,76.6,12.306000
137,-1,931.0,371.0,40.1,91.0,10.663000
137,-1,539.0,366.0,28.3,64.2,8.663300
137,-1,167.0,376.0,47.8,108.5,8.549000
137,-1,665.0,346.0,40.1,91.0,8.302200
138,-1,963.0,365.0,67.5,153.1,56.983002
138,-1,37.0,366.0,87.8,199.3,54.522999
138,-1,64.0,380.0,87.8,199.3,46.230999
138,-1,778.0,366.0,28.3,64.2,43.896999
138,-1,749.0,354.0,47.8,108.5,34.172001
138,-1,526.0,362.0,30.9,70.1,33.930000
138,-1,536.0,357.0,30.9,70.1,29.841000
138,-1,1029.0,352.0,61.5,139.6,26.691999
138,-1,552.0,366.0,28.3,64.2,17.278000
138,-1,671.0,340.0,40.1,91.0,13.997000
138,-1,936.0,368.0,36.7,83.3,12.037000
138,-1,488.0,370.0,43.6,99.0,11.178000
138,-1,173.0,376.0,43.6,99.0,10.380000
138,-1,517.0,357.0,30.9,70.1,9.534400
138,-1,262.0,371.0,61.5,139.6,7.348700
139,-1,963.0,365.0,67.5,153.1,69.636002
139,-1,1035.0,344.0,67.5,153.1,47.044998
139,-1,46.0,382.0,79.9,181.4,45.903000
139,-1,779.0,369.0,26.0,59.0,44.436001
139,-1,750.0,356.0,43.6,99.0,39.443001
139,-1,536.0,357.0,30.9,70.1,36.666000
139,-1,71.0,394.0,79.9,181.4,35.759998
139,-1,550.0,357.0,30.9,70.1,30.287001
139,-1,268.0,367.0,56.7,128.6,20.620001
139,-1,678.0,366.0,28.3,64.2,18.283001
139,-1,678.0,265.0,33.7,76.6,13.594000
139,-1,518.0,349.0,33.7,76.6,10.523000
139,-1,942.0,368.0,36.7,83.3,9.480100
139,-1,180.0,376.0,43.6,99.0,8.513700
140,-1,963.0,365.0,67.5,153.1,69.492996
140,-1,783.0,365.0,26.0,59.0,48.928001
140,-1,1038.0,352.0,61.5,139.6,45.882000
140,-1,64.0,380.0,87.8,199.3,41.341999
140,-1,37.0,366.0,87.8,199.3,41.199001
140,-1,541.0,357.0,30.9,70.1,34.078999
140,-1,682.0,261.0,36.7,83.3,28.851000
140,-1,750.0,356.0,43.6,99.0,27.395000
140,-1,134.0,375.0,28.3,64.2,17.222000
140,-1,268.0,367.0,56.7,128.6,16.389999
140,-1,478.0,345.0,52.0,118.0,14.494000
140,-1,670.0,330.0,43.6,99.0,12.033000
140,-1,530.0,362.0,28.3,64.2,10.972000
140,-1,556.0,362.0,28.3,64.2,9.640800
141,-1,972.0,371.0,61.5,139.6,47.428001
141,-1,1048.0,342.0,61.5,139.6,47.083000
141,-1,40.0,352.0,94.7,214.8,45.926998
141,-1,787.0,362.0,28.3,64.2,42.333000
141,-1,69.0,367.0,94.7,214.8,34.862999
141,-1,757.0,356.0,43.6,99.0,34.465000
141,-1,555.0,357.0,30.9,70.1,27.156000
141,-1,491.0,354.0,47.8,108.5,20.497000
141,-1,693.0,267.0,30.9,70.1,19.756001
141,-1,949.0,365.0,40.1,91.0,18.436001
141,-1,689.0,349.0,33.7,76.6,17.816999
141,-1,533.0,349.0,33.7,76.6,17.614000
141,-1,569.0,362.0,28.3,64.2,14.405000
141,-1,277.0,367.0,56.7,128.6,8.598300
141,-1,777.0,390.0,33.7,76.6,4.120800
142,-1,40.0,352.0,94.7,214.8,48.044998
142,-1,972.0,371.0,61.5,139.6,44.316002
142,-1,791.0,362.0,28.3,64.2,39.305000
142,-1,764.0,350.0,43.6,99.0,38.306000
142,-1,1043.0,321.0,79.9,181.4,36.944000
142,-1,78.0,380.0,87.8,199.3,35.680000
142,-1,955.0,365.0,40.1,91.0,29.865999
142,-1,696.0,271.0,28.3,64.2,22.042999
142,-1,683.0,330.0,43.6,99.0,16.035999
142,-1,569.0,362.0,28.3,64.2,15.646000
142,-1,486.0,345.0,52.0,118.0,11.445000
142,-1,550.0,357.0,30.9,70.1,1.205500
143,-1,37.0,366.0,87.8,199.3,51.422001
143,-1,64.0,380.0,87.8,199.3,47.216999
143,-1,973.0,365.0,67.5,153.1,44.488998
143,-1,764.0,356.0,43.6,99.0,38.904999
143,-1,795.0,365.0,26.0,59.0,38.766998
143,-1,1056.0,344.0,67.5,153.1,35.471001
143,-1,563.0,346.0,36.7,83.3,30.604000
143,-1,494.0,345.0,52.0,118.0,20.195000
143,-1,955.0,365.0,40.1,91.0,19.454000
143,-1,693.0,346.0,36.7,83.3,17.048000
143,-1,286.0,367.0,56.7,128.6,10.012000
143,-1,91.0,366.0,87.8,199.3,9.887200
143,-1,544.0,354.0,33.7,76.6,9.671900
144,-1,51.0,380.0,87.8,199.3,59.428001
144,-1,1056.0,344.0,67.5,153.1,42.653000
144,-1,981.0,371.0,61.5,139.6,41.936001
144,-1,799.0,365.0,26.0,59.0,38.837002
144,-1,770.0,356.0,43.6,99.0,36.779999
144,-1,84.0,367.0,94.7,214.8,34.285999
144,-1,696.0,340.0,40.1,91.0,27.657000
144,-1,574.0,362.0,28.3,64.2,27.237000
144,-1,704.0,265.0,33.7,76.6,18.299999
144,-1,295.0,367.0,56.7,128.6,15.569000
144,-1,964.0,369.0,33.7,76.6,14.793000
144,-1,502.0,363.0,43.6,99.0,10.762000
144,-1,24.0,366.0,87.8,199.3,7.801700
145,-1,51.0,380.0,87.8,199.3,53.046001
145,-1,981.0,371.0,61.5,139.6,46.431999
145,-1,1066.0,352.0,61.5,139.6,38.825001
145,-1,799.0,365.0,26.0,59.0,31.452000
145,-1,791.0,397.0,28.3,64.2,29.910999
145,-1,84.0,367.0,94.7,214.8,29.371000
145,-1,710.0,265.0,33.7,76.6,26.972000
145,-1,702.0,362.0,30.9,70.1,17.806000
146,-1,51.0,380.0,87.8,199.3,55.773998
146,-1,774.0,337.0,52.0,118.0,45.443001
146,-1,983.0,365.0,67.5,153.1,40.879002
146,-1,708.0,346.0,40.1,91.0,37.638000
146,-1,1068.0,333.0,79.9,181.4,36.611000
146,-1,809.0,362.0,28.3,64.2,36.111000
146,-1,84.0,367.0,94.7,214.8,31.434000
146,-1,696.0,340.0,40.1,91.0,11.917000
146,-1,307.0,383.0,47.8,108.5,8.104100
146,-1,564.0,362.0,30.9,70.1,7.370500
146,-1,259.0,345.0,26.0,59.0,6.689900
147,-1,51.0,380.0,87.8,199.3,55.299999
147,-1,1077.0,344.0,67.5,153.1,50.881001
147,-1,815.0,369.0,26.0,59.0,49.674999
147,-1,994.0,365.0,67.5,153.1,35.529999
147,-1,78.0,393.0,87.8,199.3,33.848000
147,-1,720.0,271.0,33.7,76.6,31.733999
147,-1,784.0,363.0,43.6,99.0,29.436001
147,-1,715.0,346.0,40.1,91.0,23.362000
147,-1,314.0,383.0,47.8,108.5,9.390700
147,-1,569.0,351.0,36.7,83.3,6.966000
148,-1,58.0,394.0,79.9,181.4,50.223000
148,-1,994.0,365.0,67.5,153.1,49.370998
148,-1,1080.0,321.0,79.9,181.4,40.358002
148,-1,95.0,394.0,79.9,181.4,35.452999
148,-1,783.0,333.0,61.5,139.6,12.630000
148,-1,727.0,248.0,40.1,91.0,9.532700
148,-1,318.0,377.0,52.0,118.0,8.126700
148,-1,715.0,346.0,40.1,91.0,7.827900
149,-1,58.0,394.0,79.9,181.4,59.397999
149,-1,994.0,345.0,79.9,181.4,50.942001
149,-1,95.0,394.0,79.9,181.4,44.006001
149,-1,1087.0,344.0,67.5,153.1,37.255001
149,-1,811.0,405.0,26.0,59.0,36.090000
149,-1,721.0,346.0,40.1,91.0,35.425999
149,-1,827.0,369.0,26.0,59.0,31.207001
149,-1,585.0,359.0,33.7,76.6,12.236000
149,-1,326.0,377.0,52.0,118.0,10.689000
149,-1,615.0,373.0,26.0,59.0,6.659000
150,-1,64.0,380.0,87.8,199.3,61.444000
150,-1,982.0,345.0,79.9,181.4,48.356998
150,-1,1098.0,334.0,67.5,153.1,41.202999
150,-1,830.0,366.0,28.3,64.2,37.647999
150,-1,800.0,361.0,47.8,108.5,33.734001
150,-1,1006.0,333.0,79.9,181.4,24.980000
150,-1,108.0,394.0,79.9,181.4,20.058001
150,-1,727.0,346.0,40.1,91.0,18.094999
150,-1,741.0,271.0,33.7,76.6,14.834000
150,-1,329.0,376.0,47.8,108.5,10.538000
150,-1,622.0,366.0,28.3,64.2,4.434700
151,-1,64.0,380.0,87.8,199.3,52.227001
151,-1,802.0,323.0,61.5,139.6,46.319000
151,-1,1006.0,345.0,79.9,181.4,44.335999
151,-1,105.0,380.0,87.8,199.3,39.581001
151,-1,1099.0,331.0,73.9,167.6,33.664001
151,-1,750.0,362.0,30.9,70.1,27.039000
151,-1,601.0,354.0,33.7,76.6,24.540001
151,-1,518.0,345.0,52.0,118.0,16.358999
151,-1,982.0,333.0,79.9,181.4,12.413000
151,-1,338.0,367.0,56.7,128.6,11.463000
151,-1,894.0,353.0,52.0,118.0,5.176100
152,-1,64.0,380.0,87.8,199.3,49.535999
152,-1,1006.0,345.0,79.9,181.4,45.140999
152,-1,1105.0,321.0,79.9,181.4,44.676998
152,-1,815.0,354.0,47.8,108.5,43.741001
152,-1,105.0,380.0,87.8,199.3,35.132000
152,-1,752.0,271.0,28.3,64.2,33.875000
152,-1,739.0,334.0,40.1,91.0,28.931999
152,-1,982.0,333.0,79.9,181.4,14.984000
152,-1,602.0,357.0,30.9,70.1,10.737000
152,-1,334.0,369.0,52.0,118.0,7.347900
153,-1,1006.0,333.0,79.9,181.4,48.074001
153,-1,1105.0,321.0,79.9,181.4,43.230000
153,-1,751.0,260.0,33.7,76.6,41.105999
153,-1,64.0,380.0,87.8,199.3,40.340000
153,-1,815.0,346.0,47.8,108.5,38.278000
153,-1,105.0,380.0,87.8,199.3,36.398998
153,-1,739.0,334.0,40.1,91.0,31.434000
153,-1,342.0,369.0,52.0,118.0,6.863200
154,-1,809.0,323.0,56.7,128.6,54.639999
154,-1,1006.0,333.0,79.9,181.4,43.006001
154,-1,64.0,380.0,87.8,199.3,41.396000
154,-1,1105.0,321.0,79.9,181.4,40.318001
154,-1,848.0,358.0,28.3,64.2,35.653999
154,-1,105.0,380.0,87.8,199.3,35.160999
154,-1,745.0,328.0,40.1,91.0,25.906000
154,-1,342.0,369.0,52.0,118.0,10.497000
155,-1,847.0,357.0,26.0,59.0,51.762001
155,-1,64.0,366.0,87.8,199.3,44.648998
155,-1,1105.0,321.0,79.9,181.4,43.391998
155,-1,105.0,380.0,87.8,199.3,42.444000
155,-1,1006.0,333.0,79.9,181.4,39.842999
155,-1,756.0,358.0,28.3,64.2,36.820000
155,-1,761.0,262.0,28.3,64.2,26.379000
155,-1,817.0,350.0,43.6,99.0,25.101000
155,-1,347.0,358.0,56.7,128.6,22.427000
155,-1,37.0,353.0,87.8,199.3,12.585000
156,-1,851.0,353.0,26.0,59.0,52.344002
156,-1,58.0,382.0,79.9,181.4,38.757999
156,-1,759.0,348.0,30.9,70.1,36.726002
156,-1,1117.0,308.0,79.9,181.4,35.907001
156,-1,1006.0,333.0,79.9,181.4,33.445000
156,-1,91.0,380.0,87.8,199.3,27.622000
156,-1,824.0,350.0,43.6,99.0,24.604000
156,-1,342.0,361.0,52.0,118.0,22.396000
156,-1,621.0,348.0,30.9,70.1,19.254999
156,-1,767.0,269.0,26.0,59.0,6.359100
156,-1,648.0,349.0,28.3,64.2,5.852300
157,-1,1117.0,321.0,79.9,181.4,43.097000
157,-1,818.0,323.0,56.7,128.6,42.254002
157,-1,64.0,380.0,87.8,199.3,37.354000
157,-1,1015.0,344.0,67.5,153.1,33.651001
157,-1,754.0,348.0,30.9,70.1,29.385000
157,-1,762.0,255.0,33.7,76.6,27.257999
157,-1,37.0,366.0,87.8,199.3,22.997999
157,-1,902.0,337.0,52.0,118.0,22.643999
157,-1,621.0,343.0,33.7,76.6,22.537001
157,-1,648.0,353.0,28.3,64.2,14.150000
157,-1,342.0,361.0,52.0,118.0,11.781000
157,-1,745.0,343.0,30.9,70.1,10.507000
158,-1,1117.0,308.0,79.9,181.4,36.629002
158,-1,994.0,333.0,79.9,181.4,35.533001
158,-1,65.0,388.0,73.9,167.6,33.120998
158,-1,626.0,348.0,30.9,70.1,32.604000
158,-1,822.0,346.0,47.8,108.5,31.163000
158,-1,91.0,380.0,87.8,199.3,25.400000
158,-1,852.0,353.0,28.3,64.2,24.556000
158,-1,745.0,334.0,40.1,91.0,23.305000
158,-1,342.0,361.0,52.0,118.0,20.146999
158,-1,24.0,366.0,87.8,199.3,16.542000
158,-1,903.0,346.0,47.8,108.5,7.809400
159,-1,994.0,333.0,79.9,181.4,51.301998
159,-1,1117.0,308.0,79.9,181.4,34.341000
159,-1,46.0,382.0,79.9,181.4,30.274000
159,-1,822.0,346.0,47.8,108.5,19.402000
159,-1,626.0,353.0,28.3,64.2,19.056000
160,-1,994.0,333.0,79.9,181.4,49.693001
160,-1,1117.0,321.0,79.9,181.4,49.594002
160,-1,822.0,346.0,47.8,108.5,44.837002
160,-1,64.0,380.0,87.8,199.3,39.876999
160,-1,745.0,328.0,40.1,91.0,36.216999
160,-1,25.0,352.0,94.7,214.8,35.403999
160,-1,342.0,369.0,52.0,118.0,34.778999
160,-1,894.0,345.0,52.0,118.0,30.815001
160,-1,630.0,353.0,28.3,64.2,29.431000
160,-1,762.0,255.0,33.7,76.6,25.559000
160,-1,11.0,402.0,40.1,91.0,13.563000
160,-1,603.0,357.0,26.0,59.0,-0.112340
161,-1,994.0,333.0,79.9,181.4,64.309998
161,-1,37.0,380.0,87.8,199.3,46.563000
161,-1,1111.0,320.0,73.9,167.6,43.616001
161,-1,334.0,369.0,52.0,118.0,35.594002
161,-1,814.0,345.0,52.0,118.0,25.289000
161,-1,886.0,345.0,52.0,118.0,21.440001
161,-1,10.0,366.0,87.8,199.3,13.653000
162,-1,982.0,333.0,79.9,181.4,49.933998
162,-1,1111.0,331.0,73.9,167.6,44.865002
162,-1,46.0,394.0,79.9,181.4,39.876999
162,-1,886.0,345.0,52.0,118.0,38.544998
162,-1,10.0,366.0,87.8,199.3,30.337999
162,-1,801.0,323.0,56.7,128.6,28.358999
162,-1,329.0,361.0,61.5,139.6,25.362000
162,-1,839.0,353.0,28.3,64.2,24.103001
162,-1,620.0,334.0,67.5,153.1,23.948999
162,-1,756.0,260.0,33.7,76.6,16.195999
162,-1,739.0,334.0,40.1,91.0,8.369100
163,-1,991.0,361.0,61.5,139.6,47.312000
163,-1,24.0,380.0,87.8,199.3,45.115002
163,-1,1105.0,321.0,79.9,181.4,45.110001
163,-1,-20.0,336.0,103.2,234.1,26.424000
163,-1,878.0,353.0,52.0,118.0,24.391001
163,-1,806.0,345.0,52.0,118.0,20.191999
163,-1,321.0,367.0,56.7,128.6,19.695999
163,-1,730.0,330.0,43.6,99.0,7.904400
163,-1,622.0,342.0,61.5,139.6,2.632900
164,-1,1105.0,321.0,79.9,181.4,54.757000
164,-1,24.0,380.0,87.8,199.3,46.639999
164,-1,969.0,333.0,79.9,181.4,44.842999
164,-1,792.0,323.0,61.5,139.6,41.903000
164,-1,321.0,367.0,56.7,128.6,39.674999
164,-1,-20.0,336.0,103.2,234.1,30.938999
164,-1,878.0,345.0,52.0,118.0,30.159000
164,-1,748.0,266.0,28.3,64.2,26.087000
164,-1,610.0,334.0,67.5,153.1,21.966999
164,-1,743.0,362.0,28.3,64.2,16.834999
164,-1,169.0,371.0,28.3,64.2,11.673000
164,-1,1702.0,318.0,226.7,514.5,9.657100
165,-1,1099.0,331.0,73.9,167.6,53.858002
165,-1,969.0,333.0,79.9,181.4,51.945000
165,-1,-18.0,367.0,94.7,214.8,46.133999
165,-1,312.0,367.0,56.7,128.6,41.977001
165,-1,786.0,313.0,67.5,153.1,39.897999
165,-1,24.0,393.0,87.8,199.3,36.971001
165,-1,870.0,345.0,52.0,118.0,31.149000
165,-1,612.0,342.0,61.5,139.6,26.808001
165,-1,743.0,262.0,28.3,64.2,20.809000
165,-1,735.0,362.0,28.3,64.2,18.056000
165,-1,551.0,369.0,26.0,59.0,15.765000
165,-1,903.0,346.0,47.8,108.5,13.591000
165,-1,1702.0,353.0,226.7,514.5,9.768400
165,-1,160.0,367.0,30.9,70.1,5.846500
166,-1,1088.0,331.0,73.9,167.6,59.152000
166,-1,963.0,354.0,67.5,153.1,58.050999
166,-1,601.0,346.0,47.8,108.5,26.825001
166,-1,-18.0,381.0,94.7,214.8,26.330999
166,-1,303.0,367.0,56.7,128.6,20.933001
166,-1,1642.0,313.0,250.0,567.3,18.448999
166,-1,773.0,323.0,61.5,139.6,17.242001
166,-1,854.0,345.0,52.0,118.0,14.752000
167,-1,952.0,354.0,67.5,153.1,63.682999
167,-1,1088.0,331.0,73.9,167.6,58.042999
167,-1,-17.0,393.0,87.8,199.3,41.534000
167,-1,765.0,313.0,67.5,153.1,32.403000
167,-1,589.0,334.0,67.5,153.1,29.819000
167,-1,854.0,345.0,52.0,118.0,29.195000
167,-1,708.0,334.0,40.1,91.0,23.289000
167,-1,294.0,369.0,52.0,118.0,22.764999
167,-1,1617.0,296.0,270.8,614.6,11.879000
168,-1,942.0,354.0,67.5,153.1,63.383999
168,-1,1080.0,321.0,79.9,181.4,60.473000
168,-1,846.0,345.0,52.0,118.0,43.337002
168,-1,589.0,334.0,67.5,153.1,41.757000
168,-1,713.0,358.0,28.3,64.2,41.049000
168,-1,802.0,353.0,30.9,70.1,29.346001
168,-1,726.0,262.0,28.3,64.2,22.847000
168,-1,286.0,358.0,56.7,128.6,21.077000
168,-1,511.0,369.0,26.0,59.0,17.893999
168,-1,476.0,354.0,47.8,108.5,16.444000
168,-1,1603.0,313.0,250.0,567.3,16.164000
168,-1,697.0,353.0,30.9,70.1,13.865000
168,-1,-15.0,382.0,79.9,181.4,13.210000
168,-1,881.0,339.0,47.8,108.5,9.828200
168,-1,414.0,354.0,33.7,76.6,9.566400
168,-1,766.0,345.0,52.0,118.0,9.070500
168,-1,173.0,370.0,43.6,99.0,8.784800
168,-1,125.0,366.0,28.3,64.2,7.364200
169,-1,1068.0,321.0,79.9,181.4,61.708000
169,-1,932.0,333.0,79.9,181.4,54.803001
169,-1,579.0,334.0,67.5,153.1,46.708000
169,-1,796.0,358.0,28.3,64.2,36.632999
169,-1,837.0,346.0,47.8,108.5,33.409000
169,-1,697.0,353.0,30.9,70.1,30.306000
169,-1,757.0,341.0,56.7,128.6,28.000999
169,-1,1603.0,313.0,250.0,567.3,26.530001
169,-1,235.0,329.0,26.0,59.0,11.708000
169,-1,715.0,261.0,26.0,59.0,10.016000
169,-1,160.0,361.0,47.8,108.5,9.393000
169,-1,469.0,354.0,47.8,108.5,2.827600
170,-1,929.0,342.0,73.9,167.6,59.070999
170,-1,1065.0,331.0,73.9,167.6,55.278999
170,-1,830.0,345.0,52.0,118.0,43.535999
170,-1,1603.0,313.0,250.0,567.3,43.498001
170,-1,568.0,334.0,67.5,153.1,35.259998
170,-1,783.0,353.0,30.9,70.1,29.976999
170,-1,697.0,353.0,30.9,70.1,12.572000
170,-1,723.0,296.0,79.9,181.4,10.418000
170,-1,683.0,353.0,30.9,70.1,6.642700
170,-1,866.0,339.0,47.8,108.5,6.375400
170,-1,153.0,370.0,43.6,99.0,2.931000
171,-1,908.0,333.0,79.9,181.4,68.327003
171,-1,1054.0,331.0,73.9,167.6,52.221001
171,-1,1576.0,296.0,270.8,614.6,45.230999
171,-1,814.0,345.0,52.0,118.0,36.398998
171,-1,735.0,323.0,61.5,139.6,35.737999
171,-1,558.0,334.0,67.5,153.1,32.921001
171,-1,674.0,353.0,28.3,64.2,29.795000
171,-1,475.0,369.0,26.0,59.0,25.004000
171,-1,687.0,361.0,26.0,59.0,19.827000
171,-1,126.0,361.0,52.0,118.0,17.653999
171,-1,414.0,353.0,52.0,118.0,16.796000
171,-1,82.0,366.0,28.3,64.2,12.748000
171,-1,696.0,266.0,28.3,64.2,9.294400
171,-1,438.0,353.0,52.0,118.0,7.663500
171,-1,383.0,354.0,33.7,76.6,6.997200
171,-1,251.0,358.0,56.7,128.6,5.869400
171,-1,43.0,293.0,26.0,59.0,0.657800
172,-1,895.0,333.0,79.9,181.4,64.649002
172,-1,1038.0,312.0,87.8,199.3,56.901001
172,-1,1565.0,313.0,250.0,567.3,49.466999
172,-1,807.0,346.0,47.8,108.5,42.901001
172,-1,467.0,369.0,26.0,59.0,32.959000
172,-1,669.0,358.0,28.3,64.2,32.862000
172,-1,547.0,334.0,67.5,153.1,30.681999
172,-1,724.0,313.0,67.5,153.1,27.327000
172,-1,116.0,368.0,47.8,108.5,26.552999
172,-1,678.0,362.0,28.3,64.2,20.482000
172,-1,688.0,244.0,36.7,83.3,17.827999
172,-1,764.0,309.0,43.6,99.0,7.862700
172,-1,70.0,367.0,30.9,70.1,2.855300
173,-1,1038.0,312.0,87.8,199.3,63.080002
173,-1,895.0,333.0,79.9,181.4,61.087002
173,-1,1565.0,313.0,250.0,567.3,44.269001
173,-1,798.0,345.0,52.0,118.0,38.782001
173,-1,714.0,313.0,67.5,153.1,38.431999
173,-1,683.0,265.0,26.0,59.0,24.319000
173,-1,658.0,349.0,33.7,76.6,21.591999
173,-1,112.0,376.0,43.6,99.0,16.833000
173,-1,459.0,369.0,26.0,59.0,14.308000
173,-1,674.0,357.0,30.9,70.1,12.601000
174,-1,883.0,333.0,79.9,181.4,57.959000
174,-1,1526.0,313.0,250.0,567.3,30.226999
174,-1,1042.0,320.0,73.9,167.6,12.377000
175,-1,1526.0,313.0,250.0,567.3,49.439999
175,-1,1024.0,312.0,87.8,199.3,48.262001
175,-1,883.0,345.0,79.9,181.4,45.314999
175,-1,703.0,313.0,67.5,153.1,41.782001
175,-1,652.0,358.0,28.3,64.2,38.921001
175,-1,527.0,344.0,67.5,153.1,30.462999
175,-1,94.0,376.0,47.8,108.5,19.233999
175,-1,1701.0,296.0,270.8,614.6,10.757000
175,-1,665.0,334.0,40.1,91.0,5.643900
176,-1,883.0,333.0,79.9,181.4,61.233002
176,-1,1024.0,312.0,87.8,199.3,57.410999
176,-1,653.0,349.0,33.7,76.6,40.418999
176,-1,1526.0,313.0,250.0,567.3,38.717999
176,-1,537.0,352.0,61.5,139.6,30.549999
176,-1,703.0,313.0,67.5,153.1,28.997999
176,-1,92.0,376.0,43.6,99.0,27.888000
176,-1,1701.0,296.0,270.8,614.6,23.070999
176,-1,671.0,244.0,36.7,83.3,19.257999
176,-1,382.0,361.0,52.0,118.0,11.197000
177,-1,883.0,333.0,79.9,181.4,56.773998
177,-1,703.0,313.0,67.5,153.1,50.805000
177,-1,1024.0,312.0,87.8,199.3,48.924999
177,-1,655.0,357.0,30.9,70.1,43.938999
177,-1,1492.0,296.0,270.8,614.6,43.433998
177,-1,537.0,352.0,61.5,139.6,29.708000
177,-1,94.0,376.0,47.8,108.5,28.273001
177,-1,1701.0,296.0,270.8,614.6,20.818001
177,-1,450.0,354.0,33.7,76.6,19.399000
177,-1,749.0,302.0,47.8,108.5,11.437000
178,-1,1024.0,312.0,87.8,199.3,59.000999
178,-1,883.0,333.0,79.9,181.4,52.258999
178,-1,1492.0,296.0,270.8,614.6,45.500000
178,-1,86.0,368.0,47.8,108.5,40.816002
178,-1,656.0,362.0,28.3,64.2,35.692001
178,-1,452.0,366.0,28.3,64.2,30.507999
178,-1,703.0,313.0,67.5,153.1,28.775000
178,-1,1701.0,296.0,270.8,614.6,26.341000
178,-1,527.0,344.0,67.5,153.1,18.021000
178,-1,749.0,302.0,47.8,108.5,13.450000
178,-1,473.0,375.0,28.3,64.2,9.319600
178,-1,782.0,345.0,52.0,118.0,0.553300
179,-1,1031.0,308.0,79.9,181.4,47.096001
179,-1,883.0,333.0,79.9,181.4,40.487999
179,-1,1488.0,313.0,250.0,567.3,34.227001
179,-1,702.0,308.0,73.9,167.6,31.284000
179,-1,86.0,368.0,47.8,108.5,28.448000
179,-1,516.0,334.0,67.5,153.1,24.927000
179,-1,446.0,357.0,30.9,70.1,3.701800
179,-1,214.0,369.0,52.0,118.0,3.581000
180,-1,871.0,333.0,79.9,181.4,53.603001
180,-1,1029.0,294.0,94.7,214.8,45.233002
180,-1,702.0,308.0,73.9,167.6,38.366001
180,-1,86.0,361.0,47.8,108.5,37.733002
180,-1,1488.0,313.0,250.0,567.3,37.563999
180,-1,450.0,348.0,30.9,70.1,27.771999
180,-1,516.0,334.0,67.5,153.1,24.573999
180,-1,663.0,357.0,26.0,59.0,24.212999
180,-1,500.0,353.0,28.3,64.2,15.801000
180,-1,473.0,366.0,28.3,64.2,9.956100
180,-1,749.0,295.0,47.8,108.5,9.339300
180,-1,652.0,349.0,28.3,64.2,8.562600
180,-1,215.0,352.0,61.5,139.6,3.262800
181,-1,871.0,333.0,79.9,181.4,70.408997
181,-1,1029.0,294.0,94.7,214.8,51.223999
181,-1,698.0,323.0,61.5,139.6,40.021999
181,-1,1450.0,296.0,270.8,614.6,37.790001
181,-1,79.0,354.0,47.8,108.5,36.477001
181,-1,746.0,333.0,33.7,76.6,35.348000
181,-1,653.0,338.0,33.7,76.6,30.150999
181,-1,451.0,357.0,26.0,59.0,28.537001
181,-1,37.0,353.0,30.9,70.1,19.438999
181,-1,516.0,323.0,67.5,153.1,18.243999
181,-1,207.0,349.0,56.7,128.6,10.713000
181,-1,499.0,349.0,26.0,59.0,8.314400
181,-1,367.0,323.0,61.5,139.6,5.041400
181,-1,839.0,375.0,28.3,64.2,2.997500
181,-1,94.0,361.0,47.8,108.5,2.601700
181,-1,679.0,353.0,26.0,59.0,2.043200
182,-1,871.0,321.0,79.9,181.4,74.728996
182,-1,1029.0,294.0,94.7,214.8,47.648998
182,-1,1450.0,296.0,270.8,614.6,47.141998
182,-1,747.0,341.0,26.0,59.0,43.250999
182,-1,656.0,345.0,28.3,64.2,42.953999
182,-1,79.0,354.0,47.8,108.5,39.856998
182,-1,702.0,329.0,52.0,118.0,38.049999
182,-1,450.0,338.0,30.9,70.1,30.618999
182,-1,822.0,324.0,47.8,108.5,16.591999
182,-1,34.0,353.0,28.3,64.2,14.637000
182,-1,527.0,313.0,67.5,153.1,12.313000
182,-1,774.0,329.0,52.0,118.0,11.434000
182,-1,499.0,341.0,26.0,59.0,8.873000
182,-1,364.0,332.0,56.7,128.6,7.190900
182,-1,851.0,346.0,36.7,83.3,5.923400
183,-1,871.0,321.0,79.9,181.4,73.748001
183,-1,1029.0,294.0,94.7,214.8,48.306999
183,-1,1450.0,296.0,270.8,614.6,48.037998
183,-1,79.0,346.0,47.8,108.5,37.083000
183,-1,747.0,337.0,26.0,59.0,35.240002
183,-1,652.0,340.0,28.3,64.2,33.472000
183,-1,693.0,292.0,67.5,153.1,32.301998
183,-1,450.0,338.0,30.9,70.1,18.320000
183,-1,382.0,332.0,56.7,128.6,12.705000
183,-1,822.0,324.0,47.8,108.5,9.099400
183,-1,527.0,323.0,67.5,153.1,5.650200
183,-1,774.0,329.0,52.0,118.0,2.509100
184,-1,871.0,321.0,79.9,181.4,77.622002
184,-1,1029.0,279.0,94.7,214.8,51.950001
184,-1,79.0,350.0,43.6,99.0,40.665001
184,-1,693.0,292.0,67.5,153.1,40.498001
184,-1,747.0,337.0,26.0,59.0,39.840000
184,-1,1450.0,296.0,270.8,614.6,36.953999
184,-1,655.0,334.0,30.9,70.1,24.021999
184,-1,451.0,349.0,26.0,59.0,22.493999
184,-1,214.0,345.0,52.0,118.0,19.948000
184,-1,32.0,343.0,30.9,70.1,18.855000
184,-1,822.0,324.0,47.8,108.5,17.469999
184,-1,675.0,345.0,26.0,59.0,5.664400
184,-1,844.0,340.0,40.1,91.0,4.417700
184,-1,518.0,314.0,61.5,139.6,3.671600
185,-1,871.0,321.0,79.9,181.4,69.810997
185,-1,1029.0,279.0,94.7,214.8,52.566002
185,-1,79.0,350.0,43.6,99.0,45.880001
185,-1,747.0,337.0,26.0,59.0,41.765999
185,-1,693.0,292.0,67.5,153.1,39.006001
185,-1,656.0,336.0,28.3,64.2,34.011002
185,-1,506.0,313.0,67.5,153.1,29.704000
185,-1,1450.0,313.0,250.0,567.3,28.988001
185,-1,647.0,341.0,26.0,59.0,27.556999
185,-1,207.0,341.0,56.7,128.6,25.849001
185,-1,32.0,343.0,30.9,70.1,20.361000
185,-1,1667.0,283.0,226.7,514.5,20.105000
185,-1,822.0,324.0,47.8,108.5,19.138000
185,-1,450.0,334.0,30.9,70.1,17.076000
185,-1,382.0,329.0,52.0,118.0,16.200001
185,-1,679.0,341.0,26.0,59.0,4.424600
186,-1,869.0,334.0,67.5,153.1,62.841000
186,-1,1029.0,279.0,94.7,214.8,56.675999
186,-1,72.0,339.0,47.8,108.5,52.103001
186,-1,698.0,314.0,61.5,139.6,43.960999
186,-1,652.0,336.0,28.3,64.2,40.689999
186,-1,748.0,332.0,28.3,64.2,40.153999
186,-1,207.0,341.0,56.7,128.6,39.153999
186,-1,506.0,313.0,67.5,153.1,34.525002
186,-1,1450.0,254.0,270.8,614.6,28.895000
186,-1,1680.0,275.0,250.0,567.3,23.117001
186,-1,367.0,314.0,61.5,139.6,17.490999
186,-1,29.0,340.0,28.3,64.2,16.096001
186,-1,678.0,234.0,30.9,70.1,14.148000
186,-1,663.0,345.0,26.0,59.0,12.475000
186,-1,846.0,340.0,36.7,83.3,12.094000
186,-1,931.0,325.0,26.0,59.0,5.699200
186,-1,774.0,321.0,52.0,118.0,3.191900
187,-1,858.0,321.0,79.9,181.4,60.488998
187,-1,1029.0,294.0,94.7,214.8,59.604000
187,-1,746.0,323.0,33.7,76.6,47.256001
187,-1,72.0,339.0,47.8,108.5,39.570999
187,-1,693.0,302.0,67.5,153.1,38.463001
187,-1,207.0,341.0,56.7,128.6,36.588001
187,-1,678.0,234.0,33.7,76.6,28.764999
187,-1,506.0,313.0,67.5,153.1,28.302000
187,-1,663.0,345.0,26.0,59.0,24.792999
187,-1,29.0,340.0,28.3,64.2,23.031000
187,-1,655.0,341.0,26.0,59.0,19.294001
187,-1,1409.0,254.0,270.8,614.6,17.047001
187,-1,883.0,308.0,79.9,181.4,11.903000
187,-1,1680.0,275.0,250.0,567.3,7.509600
187,-1,358.0,337.0,52.0,118.0,6.633600
188,-1,858.0,321.0,79.9,181.4,60.464001
188,-1,1038.0,285.0,87.8,199.3,54.285999
188,-1,72.0,343.0,43.6,99.0,42.638000
188,-1,746.0,323.0,33.7,76.6,39.470001
188,-1,698.0,314.0,61.5,139.6,28.367001
188,-1,206.0,333.0,61.5,139.6,17.073000
188,-1,506.0,313.0,67.5,153.1,13.192000
188,-1,1409.0,254.0,270.8,614.6,12.936000
188,-1,409.0,50.0,103.2,234.1,6.761700
189,-1,858.0,321.0,79.9,181.4,61.751999
189,-1,1038.0,299.0,87.8,199.3,53.203999
189,-1,72.0,350.0,43.6,99.0,42.438999
189,-1,1409.0,296.0,270.8,614.6,41.345001
189,-1,698.0,323.0,61.5,139.6,34.959000
189,-1,746.0,328.0,33.7,76.6,32.032001
189,-1,1617.0,296.0,270.8,614.6,27.474001
189,-1,652.0,340.0,28.3,64.2,26.535000
189,-1,921.0,343.0,30.9,70.1,21.750999
189,-1,205.0,323.0,67.5,153.1,14.095000
190,-1,858.0,321.0,79.9,181.4,63.251999
190,-1,1027.0,288.0,103.2,234.1,54.990002
190,-1,72.0,350.0,43.6,99.0,54.771000
190,-1,1409.0,296.0,270.8,614.6,49.692001
190,-1,746.0,328.0,33.7,76.6,39.070999
190,-1,698.0,323.0,61.5,139.6,38.477001
190,-1,1642.0,313.0,250.0,567.3,34.202999
190,-1,508.0,308.0,73.9,167.6,34.133999
190,-1,656.0,345.0,28.3,64.2,33.861000
190,-1,27.0,338.0,30.9,70.1,31.789000
190,-1,207.0,341.0,56.7,128.6,22.764000
190,-1,766.0,329.0,52.0,118.0,21.649000
190,-1,911.0,330.0,43.6,99.0,21.201000
190,-1,687.0,249.0,28.3,64.2,18.712000
190,-1,665.0,340.0,28.3,64.2,6.866600
191,-1,1044.0,308.0,94.7,214.8,64.365997
191,-1,858.0,321.0,79.9,181.4,59.379002
191,-1,659.0,349.0,26.0,59.0,54.683998
191,-1,1409.0,296.0,270.8,614.6,48.453999
191,-1,1617.0,296.0,270.8,614.6,45.433998
191,-1,698.0,323.0,61.5,139.6,42.426998
191,-1,744.0,323.0,36.7,83.3,40.980999
191,-1,64.0,339.0,47.8,108.5,38.930000
191,-1,508.0,308.0,73.9,167.6,34.025002
191,-1,766.0,329.0,52.0,118.0,31.091000
191,-1,206.0,333.0,61.5,139.6,24.540001
191,-1,910.0,332.0,47.8,108.5,24.497999
191,-1,25.0,345.0,28.3,64.2,21.952999
191,-1,684.0,240.0,33.7,76.6,20.364000
191,-1,651.0,345.0,26.0,59.0,10.123000
192,-1,1044.0,308.0,94.7,214.8,69.226997
192,-1,859.0,344.0,67.5,153.1,50.883999
192,-1,64.0,339.0,47.8,108.5,49.148998
192,-1,1617.0,296.0,270.8,614.6,48.589001
192,-1,746.0,328.0,33.7,76.6,46.431000
192,-1,698.0,323.0,61.5,139.6,42.383999
192,-1,1411.0,313.0,250.0,567.3,40.338001
192,-1,655.0,349.0,26.0,59.0,37.799999
192,-1,910.0,332.0,47.8,108.5,32.929001
192,-1,497.0,308.0,73.9,167.6,30.396000
192,-1,766.0,329.0,52.0,118.0,22.653000
192,-1,688.0,238.0,30.9,70.1,21.745001
192,-1,206.0,333.0,61.5,139.6,20.641001
192,-1,663.0,353.0,26.0,59.0,19.103001
192,-1,25.0,333.0,33.7,76.6,11.337000
192,-1,777.0,108.0,43.6,99.0,9.907900
192,-1,79.0,346.0,47.8,108.5,4.702600
193,-1,1044.0,308.0,94.7,214.8,68.726997
193,-1,1603.0,313.0,250.0,567.3,56.916000
193,-1,661.0,345.0,28.3,64.2,51.625000
193,-1,859.0,334.0,67.5,153.1,45.088001
193,-1,910.0,332.0,47.8,108.5,41.229000
193,-1,497.0,308.0,73.9,167.6,35.272999
193,-1,1409.0,296.0,270.8,614.6,34.084000
193,-1,744.0,323.0,36.7,83.3,32.223999
193,-1,698.0,323.0,61.5,139.6,29.917999
193,-1,64.0,339.0,47.8,108.5,14.959000
193,-1,766.0,329.0,52.0,118.0,12.866000
193,-1,688.0,238.0,30.9,70.1,10.197000
193,-1,784.0,125.0,36.7,83.3,0.802840
194,-1,1044.0,308.0,94.7,214.8,71.694000
194,-1,1603.0,313.0,250.0,567.3,55.924999
194,-1,698.0,323.0,61.5,139.6,42.703999
194,-1,858.0,321.0,79.9,181.4,42.558998
194,-1,661.0,345.0,28.3,64.2,39.754002
194,-1,910.0,339.0,47.8,108.5,39.312000
194,-1,766.0,329.0,52.0,118.0,34.230999
194,-1,691.0,244.0,28.3,64.2,24.047001
194,-1,508.0,314.0,61.5,139.6,23.857000
194,-1,23.0,334.0,30.9,70.1,23.596001
194,-1,744.0,323.0,36.7,83.3,23.587999
194,-1,1373.0,313.0,250.0,567.3,23.240999
194,-1,830.0,329.0,52.0,118.0,20.415001
194,-1,206.0,323.0,61.5,139.6,15.779000
195,-1,1043.0,304.0,103.2,234.1,77.545998
195,-1,661.0,345.0,28.3,64.2,63.007999
195,-1,1603.0,313.0,250.0,567.3,55.082001
195,-1,698.0,323.0,61.5,139.6,45.390999
195,-1,744.0,323.0,36.7,83.3,43.925999
195,-1,858.0,333.0,79.9,181.4,43.588001
195,-1,910.0,332.0,47.8,108.5,38.528000
195,-1,497.0,308.0,73.9,167.6,34.653000
195,-1,766.0,329.0,52.0,118.0,22.657000
195,-1,22.0,329.0,52.0,118.0,6.920900
195,-1,837.0,343.0,43.6,99.0,2.865900
196,-1,1043.0,304.0,103.2,234.1,54.007999
196,-1,1603.0,352.0,250.0,567.3,50.164001
196,-1,858.0,333.0,79.9,181.4,44.051998
196,-1,698.0,323.0,61.5,139.6,32.744999
196,-1,774.0,329.0,52.0,118.0,25.568001
196,-1,699.0,245.0,26.0,59.0,24.888000
196,-1,508.0,314.0,61.5,139.6,19.868999
196,-1,918.0,330.0,43.6,99.0,18.594000
196,-1,667.0,349.0,26.0,59.0,11.368000
196,-1,830.0,329.0,52.0,118.0,5.498200
196,-1,789.0,118.0,40.1,91.0,5.356600
197,-1,1603.0,352.0,250.0,567.3,57.180000
197,-1,1058.0,308.0,94.7,214.8,51.362999
197,-1,869.0,344.0,67.5,153.1,44.679001
197,-1,774.0,329.0,52.0,118.0,38.534000
197,-1,705.0,332.0,56.7,128.6,30.033001
197,-1,669.0,345.0,28.3,64.2,27.834000
197,-1,926.0,358.0,28.3,64.2,25.433001
197,-1,1325.0,338.0,270.8,614.6,19.344999
197,-1,755.0,317.0,36.7,83.3,18.059000
197,-1,661.0,349.0,28.3,64.2,14.378000
197,-1,506.0,313.0,67.5,153.1,11.644000
197,-1,213.0,320.0,73.9,167.6,3.627300
197,-1,830.0,329.0,52.0,118.0,0.653960
198,-1,1059.0,304.0,103.2,234.1,62.792999
198,-1,1576.0,296.0,270.8,614.6,59.882000
198,-1,707.0,323.0,61.5,139.6,39.820999
198,-1,869.0,344.0,67.5,153.1,38.335999
198,-1,930.0,353.0,30.9,70.1,26.410000
198,-1,774.0,337.0,52.0,118.0,21.934000
198,-1,1367.0,296.0,270.8,614.6,20.860001
198,-1,830.0,329.0,52.0,118.0,15.799000
198,-1,709.0,244.0,28.3,64.2,11.108000
198,-1,674.0,345.0,28.3,64.2,10.445000
198,-1,750.0,309.0,43.6,99.0,6.615300
198,-1,225.0,323.0,61.5,139.6,5.361200
198,-1,508.0,308.0,73.9,167.6,1.430200
199,-1,877.0,352.0,61.5,139.6,59.118000
199,-1,1576.0,296.0,270.8,614.6,57.355999
199,-1,1059.0,304.0,103.2,234.1,50.351002
199,-1,707.0,333.0,61.5,139.6,34.716999
199,-1,1325.0,296.0,270.8,614.6,28.697001
199,-1,935.0,353.0,30.9,70.1,17.226000
199,-1,797.0,115.0,43.6,99.0,16.096001
199,-1,675.0,353.0,26.0,59.0,13.556000
199,-1,709.0,249.0,28.3,64.2,9.492300
199,-1,838.0,329.0,52.0,118.0,5.681700
199,-1,226.0,323.0,67.5,153.1,-0.554460
200,-1,877.0,361.0,61.5,139.6,58.445999
200,-1,1073.0,308.0,94.7,214.8,55.298000
200,-1,1576.0,296.0,270.8,614.6,49.492001
200,-1,718.0,337.0,52.0,118.0,47.474998
200,-1,773.0,323.0,61.5,139.6,29.490999
200,-1,675.0,361.0,26.0,59.0,28.591999
200,-1,926.0,337.0,52.0,118.0,26.004000
200,-1,1373.0,352.0,250.0,567.3,24.412001
200,-1,755.0,329.0,36.7,83.3,20.656000
200,-1,711.0,253.0,26.0,59.0,19.481001
200,-1,34.0,345.0,28.3,64.2,12.959000
200,-1,683.0,357.0,26.0,59.0,9.733100
200,-1,838.0,337.0,52.0,118.0,4.250600
200,-1,230.0,345.0,52.0,118.0,4.243900
201,-1,887.0,361.0,61.5,139.6,65.573997
201,-1,1075.0,304.0,103.2,234.1,47.213001
201,-1,1576.0,338.0,270.8,614.6,44.344002
201,-1,948.0,371.0,28.3,64.2,26.473000
201,-1,535.0,376.0,47.8,108.5,23.898001
201,-1,1373.0,313.0,250.0,567.3,13.851000
202,-1,1576.0,338.0,270.8,614.6,53.900002
202,-1,887.0,361.0,61.5,139.6,49.464001
202,-1,1087.0,323.0,94.7,214.8,41.019001
202,-1,817.0,142.0,43.6,99.0,29.009001
202,-1,949.0,372.0,30.9,70.1,21.035999
202,-1,1325.0,296.0,270.8,614.6,20.922001
202,-1,535.0,390.0,43.6,99.0,6.095300
203,-1,890.0,365.0,67.5,153.1,70.650002
203,-1,1091.0,320.0,103.2,234.1,57.823002
203,-1,731.0,358.0,56.7,128.6,49.202999
203,-1,1576.0,338.0,270.8,614.6,47.750000
203,-1,731.0,267.0,30.9,70.1,28.959999
203,-1,792.0,349.0,56.7,128.6,26.202999
203,-1,542.0,369.0,52.0,118.0,25.620001
203,-1,959.0,372.0,30.9,70.1,22.523001
203,-1,1325.0,338.0,270.8,614.6,20.938999
203,-1,102.0,353.0,52.0,118.0,18.922001
203,-1,699.0,377.0,26.0,59.0,18.044001
203,-1,253.0,342.0,61.5,139.6,15.468000
203,-1,776.0,334.0,40.1,91.0,9.778500
204,-1,900.0,365.0,67.5,153.1,73.598999
204,-1,1107.0,336.0,103.2,234.1,56.476002
204,-1,745.0,352.0,61.5,139.6,48.769001
204,-1,1603.0,352.0,250.0,567.3,48.351002
204,-1,968.0,376.0,30.9,70.1,31.333000
204,-1,801.0,349.0,56.7,128.6,29.375000
204,-1,711.0,377.0,26.0,59.0,27.422001
204,-1,110.0,353.0,52.0,118.0,25.605000
204,-1,550.0,377.0,52.0,118.0,23.333000
204,-1,1367.0,338.0,270.8,614.6,22.964001
204,-1,268.0,349.0,56.7,128.6,19.938999
204,-1,745.0,267.0,30.9,70.1,13.475000
204,-1,390.0,361.0,52.0,118.0,9.796300
204,-1,870.0,353.0,52.0,118.0,4.467800
205,-1,915.0,380.0,61.5,139.6,60.495998
205,-1,1617.0,379.0,270.8,614.6,51.766998
205,-1,1116.0,337.0,94.7,214.8,41.466999
205,-1,1367.0,338.0,270.8,614.6,38.025002
205,-1,978.0,381.0,30.9,70.1,37.105999
205,-1,844.0,142.0,43.6,99.0,26.666000
205,-1,557.0,383.0,47.8,108.5,22.910999
206,-1,921.0,375.0,67.5,153.1,59.627998
206,-1,1139.0,336.0,103.2,234.1,56.790001
206,-1,992.0,381.0,30.9,70.1,45.539001
206,-1,1367.0,338.0,270.8,614.6,43.112000
206,-1,1603.0,391.0,250.0,567.3,42.794998
206,-1,755.0,344.0,67.5,153.1,35.233002
206,-1,773.0,267.0,30.9,70.1,24.468000
206,-1,138.0,361.0,47.8,108.5,21.021000
206,-1,827.0,358.0,56.7,128.6,16.361000
206,-1,894.0,353.0,52.0,118.0,14.210000
206,-1,566.0,393.0,52.0,118.0,13.743000
206,-1,735.0,381.0,26.0,59.0,13.010000
206,-1,858.0,148.0,43.6,99.0,4.012500
207,-1,931.0,375.0,67.5,153.1,65.469002
207,-1,1139.0,351.0,103.2,234.1,59.834000
207,-1,773.0,352.0,61.5,139.6,45.889000
207,-1,1367.0,338.0,270.8,614.6,40.575001
207,-1,1617.0,338.0,270.8,614.6,40.205002
207,-1,743.0,381.0,26.0,59.0,33.509998
207,-1,146.0,349.0,56.7,128.6,31.330000
207,-1,991.0,368.0,47.8,108.5,27.111000
207,-1,827.0,331.0,73.9,167.6,27.097000
207,-1,574.0,393.0,52.0,118.0,14.726000
207,-1,752.0,375.0,28.3,64.2,10.396000
207,-1,902.0,361.0,52.0,118.0,9.189300
207,-1,875.0,149.0,40.1,91.0,7.120000
207,-1,559.0,369.0,26.0,59.0,6.371000
207,-1,303.0,349.0,56.7,128.6,4.587700
208,-1,1154.0,336.0,103.2,234.1,69.547997
208,-1,931.0,375.0,67.5,153.1,67.077003
208,-1,1367.0,338.0,270.8,614.6,43.174999
208,-1,1617.0,338.0,270.8,614.6,39.250000
208,-1,999.0,368.0,47.8,108.5,23.167999
208,-1,783.0,358.0,56.7,128.6,18.131001
208,-1,150.0,361.0,52.0,118.0,18.028000
208,-1,838.0,369.0,52.0,118.0,16.444000
208,-1,423.0,361.0,61.5,139.6,13.194000
208,-1,787.0,265.0,33.7,76.6,9.036500
208,-1,835.0,349.0,28.3,64.2,4.777900
209,-1,1154.0,351.0,103.2,234.1,61.182999
209,-1,942.0,375.0,67.5,153.1,53.866001
209,-1,755.0,381.0,26.0,59.0,42.113998
209,-1,1367.0,338.0,270.8,614.6,40.932999
209,-1,846.0,369.0,52.0,118.0,32.574001
209,-1,567.0,369.0,26.0,59.0,28.228001
209,-1,1642.0,391.0,250.0,567.3,27.457001
209,-1,1005.0,376.0,43.6,99.0,24.382999
209,-1,803.0,277.0,26.0,59.0,23.476999
209,-1,158.0,361.0,52.0,118.0,20.341999
209,-1,770.0,331.0,73.9,167.6,18.167999
209,-1,60.0,362.0,28.3,64.2,17.891001
209,-1,910.0,361.0,52.0,118.0,16.073000
209,-1,839.0,349.0,33.7,76.6,12.025000
209,-1,319.0,352.0,61.5,139.6,10.552000
209,-1,582.0,393.0,52.0,118.0,9.609800
210,-1,1170.0,336.0,103.2,234.1,66.982002
210,-1,942.0,375.0,67.5,153.1,60.736000
210,-1,1367.0,338.0,270.8,614.6,45.286999
210,-1,765.0,375.0,28.3,64.2,44.154999
210,-1,792.0,358.0,56.7,128.6,27.011000
210,-1,853.0,358.0,56.7,128.6,26.466999
210,-1,1021.0,381.0,30.9,70.1,25.180000
210,-1,597.0,397.0,36.7,83.3,17.240999
210,-1,1617.0,379.0,270.8,614.6,14.795000
210,-1,69.0,362.0,28.3,64.2,12.574000
210,-1,145.0,308.0,73.9,167.6,10.114000
210,-1,756.0,371.0,28.3,64.2,7.879600
210,-1,887.0,149.0,40.1,91.0,3.099900
210,-1,592.0,351.0,36.7,83.3,1.057400
211,-1,1186.0,336.0,103.2,234.1,60.936001
211,-1,952.0,375.0,67.5,153.1,60.111000
211,-1,774.0,375.0,28.3,64.2,48.867001
211,-1,1373.0,352.0,250.0,567.3,48.087002
211,-1,932.0,361.0,47.8,108.5,35.574001
211,-1,792.0,352.0,61.5,139.6,34.902000
211,-1,858.0,352.0,61.5,139.6,31.299999
211,-1,1642.0,352.0,250.0,567.3,27.978001
211,-1,338.0,358.0,56.7,128.6,27.771000
211,-1,174.0,361.0,52.0,118.0,21.527000
211,-1,1026.0,363.0,43.6,99.0,20.532000
211,-1,139.0,373.0,26.0,59.0,17.620001
211,-1,898.0,135.0,43.6,99.0,16.000999
211,-1,816.0,262.0,30.9,70.1,14.808000
211,-1,563.0,345.0,79.9,181.4,10.016000
212,-1,1373.0,352.0,250.0,567.3,52.417000
212,-1,1183.0,333.0,113.4,257.3,46.145000
212,-1,963.0,365.0,67.5,153.1,44.005001
212,-1,809.0,358.0,56.7,128.6,34.194000
212,-1,182.0,353.0,52.0,118.0,32.623001
212,-1,778.0,367.0,30.9,70.1,28.955000
212,-1,1617.0,338.0,270.8,614.6,27.214001
212,-1,934.0,361.0,52.0,118.0,26.830999
212,-1,861.0,331.0,73.9,167.6,24.853001
212,-1,1030.0,359.0,40.1,91.0,22.747999
212,-1,338.0,358.0,56.7,128.6,20.781000
212,-1,146.0,362.0,30.9,70.1,13.466000
212,-1,598.0,362.0,30.9,70.1,2.720600
212,-1,603.0,396.0,40.1,91.0,1.659000
212,-1,911.0,142.0,43.6,99.0,1.363900
213,-1,957.0,345.0,79.9,181.4,51.495998
213,-1,1202.0,336.0,103.2,234.1,45.470001
213,-1,1367.0,338.0,270.8,614.6,43.846001
213,-1,783.0,375.0,28.3,64.2,34.097000
213,-1,940.0,361.0,47.8,108.5,31.355000
213,-1,811.0,342.0,61.5,139.6,31.261000
213,-1,190.0,353.0,52.0,118.0,27.347000
213,-1,1036.0,365.0,40.1,91.0,26.055000
213,-1,861.0,331.0,73.9,167.6,24.754000
213,-1,577.0,342.0,73.9,167.6,21.360001
213,-1,347.0,358.0,56.7,128.6,16.066000
213,-1,151.0,362.0,28.3,64.2,15.360000
213,-1,1642.0,352.0,250.0,567.3,13.286000
213,-1,446.0,369.0,52.0,118.0,9.899900
214,-1,942.0,353.0,52.0,118.0,52.987000
214,-1,963.0,365.0,67.5,153.1,51.313999
214,-1,1204.0,337.0,94.7,214.8,47.408001
214,-1,1373.0,352.0,250.0,567.3,38.497002
214,-1,357.0,352.0,61.5,139.6,32.487000
214,-1,787.0,381.0,26.0,59.0,32.155998
214,-1,872.0,331.0,73.9,167.6,27.990999
214,-1,818.0,358.0,56.7,128.6,23.837999
214,-1,190.0,353.0,52.0,118.0,22.305000
214,-1,1042.0,365.0,40.1,91.0,22.233000
214,-1,829.0,260.0,33.7,76.6,19.087999
214,-1,608.0,397.0,36.7,83.3,15.734000
214,-1,1227.0,507.0,40.1,91.0,14.299000
214,-1,1617.0,379.0,270.8,614.6,14.260000
214,-1,156.0,366.0,28.3,64.2,9.651400
214,-1,604.0,366.0,28.3,64.2,6.802600
215,-1,973.0,365.0,67.5,153.1,57.073002
215,-1,947.0,361.0,47.8,108.5,51.179001
215,-1,1218.0,336.0,103.2,234.1,41.487000
215,-1,1367.0,338.0,270.8,614.6,31.768999
215,-1,1048.0,365.0,40.1,91.0,27.839001
215,-1,791.0,375.0,28.3,64.2,25.879000
215,-1,364.0,358.0,56.7,128.6,23.920000
215,-1,199.0,349.0,56.7,128.6,23.646999
215,-1,888.0,367.0,56.7,128.6,19.311001
215,-1,820.0,333.0,61.5,139.6,13.617000
215,-1,840.0,253.0,30.9,70.1,12.136000
215,-1,1617.0,379.0,270.8,614.6,11.401000
215,-1,160.0,362.0,28.3,64.2,7.083800
215,-1,454.0,369.0,52.0,118.0,5.904700
215,-1,589.0,344.0,67.5,153.1,4.398100
216,-1,957.0,345.0,79.9,181.4,46.971001
216,-1,585.0,343.0,33.7,76.6,35.757999
216,-1,1367.0,338.0,270.8,614.6,30.976000
216,-1,802.0,372.0,30.9,70.1,30.510000
216,-1,1050.0,368.0,47.8,108.5,29.386000
216,-1,1218.0,333.0,113.4,257.3,28.629000
216,-1,982.0,357.0,79.9,181.4,26.552999
216,-1,207.0,349.0,56.7,128.6,18.986000
216,-1,1659.0,379.0,270.8,614.6,18.253000
216,-1,830.0,361.0,52.0,118.0,9.474500
216,-1,611.0,342.0,73.9,167.6,9.122700
216,-1,171.0,365.0,26.0,59.0,8.090600
216,-1,366.0,333.0,79.9,181.4,4.219600
216,-1,462.0,369.0,52.0,118.0,3.821700
217,-1,983.0,375.0,67.5,153.1,57.363998
217,-1,958.0,361.0,52.0,118.0,47.160999
217,-1,1231.0,324.0,123.4,280.1,37.230000
217,-1,1367.0,338.0,270.8,614.6,35.362999
217,-1,1059.0,370.0,43.6,99.0,27.899000
217,-1,588.0,353.0,30.9,70.1,23.245001
217,-1,807.0,372.0,30.9,70.1,21.275999
217,-1,382.0,358.0,56.7,128.6,19.107000
217,-1,1617.0,338.0,270.8,614.6,15.896000
217,-1,207.0,349.0,56.7,128.6,11.235000
217,-1,611.0,359.0,33.7,76.6,5.234200
217,-1,836.0,358.0,56.7,128.6,4.826000
217,-1,895.0,331.0,73.9,167.6,3.928300
218,-1,983.0,375.0,67.5,153.1,51.446999
218,-1,1367.0,338.0,270.8,614.6,38.666000
218,-1,1231.0,324.0,123.4,280.1,38.553001
218,-1,966.0,361.0,52.0,118.0,30.724001
218,-1,1642.0,391.0,250.0,567.3,26.032000
218,-1,890.0,344.0,67.5,153.1,21.209999
218,-1,1067.0,383.0,40.1,91.0,20.797001
218,-1,612.0,362.0,30.9,70.1,15.742000
218,-1,214.0,361.0,52.0,118.0,15.366000
218,-1,943.0,137.0,40.1,91.0,15.150000
218,-1,859.0,258.0,30.9,70.1,14.382000
218,-1,836.0,367.0,56.7,128.6,14.278000
218,-1,811.0,372.0,30.9,70.1,14.119000
218,-1,470.0,369.0,52.0,118.0,13.252000
218,-1,175.0,369.0,26.0,59.0,10.655000
218,-1,435.0,353.0,26.0,59.0,9.526500
218,-1,385.0,352.0,61.5,139.6,5.116100
218,-1,625.0,402.0,36.7,83.3,4.955500
219,-1,982.0,357.0,79.9,181.4,46.469002
219,-1,1367.0,338.0,270.8,614.6,41.169998
219,-1,1066.0,370.0,43.6,99.0,37.331001
219,-1,1642.0,391.0,250.0,567.3,34.939999
219,-1,1252.0,519.0,40.1,91.0,32.917999
219,-1,1254.0,339.0,87.8,199.3,20.979000
219,-1,958.0,361.0,52.0,118.0,20.082001
219,-1,381.0,344.0,67.5,153.1,17.757999
219,-1,470.0,369.0,52.0,118.0,16.820999
219,-1,625.0,397.0,36.7,83.3,16.618999
219,-1,836.0,358.0,56.7,128.6,14.705000
219,-1,811.0,372.0,30.9,70.1,13.517000
219,-1,857.0,249.0,36.7,83.3,8.481400
220,-1,994.0,375.0,67.5,153.1,50.188999
220,-1,1367.0,338.0,270.8,614.6,41.238998
220,-1,1642.0,391.0,250.0,567.3,36.112000
220,-1,1231.0,343.0,123.4,280.1,30.075001
220,-1,1073.0,371.0,40.1,91.0,25.944000
220,-1,816.0,372.0,30.9,70.1,24.948000
220,-1,966.0,361.0,52.0,118.0,23.393999
220,-1,871.0,281.0,26.0,59.0,22.648001
220,-1,890.0,344.0,67.5,153.1,18.709999
220,-1,207.0,349.0,56.7,128.6,17.264000
220,-1,391.0,358.0,56.7,128.6,11.612000
220,-1,470.0,369.0,52.0,118.0,11.570000
220,-1,611.0,354.0,33.7,76.6,2.915600
221,-1,994.0,375.0,67.5,153.1,48.777000
221,-1,969.0,368.0,47.8,108.5,36.429001
221,-1,1617.0,379.0,270.8,614.6,33.681000
221,-1,1072.0,370.0,43.6,99.0,32.165001
221,-1,1373.0,352.0,250.0,567.3,30.863001
221,-1,1250.0,343.0,123.4,280.1,30.753000
221,-1,870.0,255.0,33.7,76.6,28.971001
221,-1,890.0,344.0,67.5,153.1,20.743999
221,-1,616.0,354.0,33.7,76.6,20.337999
221,-1,470.0,369.0,52.0,118.0,16.690001
221,-1,821.0,372.0,30.9,70.1,13.800000
221,-1,955.0,143.0,40.1,91.0,6.837300
221,-1,216.0,341.0,56.7,128.6,5.401900
222,-1,994.0,375.0,67.5,153.1,43.757000
222,-1,1072.0,368.0,47.8,108.5,40.868000
222,-1,966.0,361.0,52.0,118.0,36.389000
222,-1,1603.0,391.0,250.0,567.3,29.948999
222,-1,617.0,357.0,30.9,70.1,26.879999
222,-1,1373.0,352.0,250.0,567.3,26.636999
222,-1,216.0,341.0,56.7,128.6,25.524000
222,-1,821.0,372.0,30.9,70.1,24.171000
222,-1,890.0,344.0,67.5,153.1,22.382000
222,-1,875.0,253.0,26.0,59.0,12.490000
222,-1,1247.0,335.0,135.4,307.3,12.129000
222,-1,431.0,345.0,26.0,59.0,11.803000
222,-1,391.0,349.0,56.7,128.6,10.285000
222,-1,679.0,361.0,26.0,59.0,8.752600
222,-1,838.0,344.0,67.5,153.1,3.606800
223,-1,994.0,375.0,67.5,153.1,45.025002
223,-1,974.0,361.0,52.0,118.0,37.612000
223,-1,1079.0,371.0,40.1,91.0,27.806000
223,-1,1617.0,379.0,270.8,614.6,23.847000
223,-1,1325.0,338.0,270.8,614.6,19.809999
223,-1,879.0,273.0,26.0,59.0,15.799000
223,-1,611.0,354.0,33.7,76.6,15.404000
223,-1,398.0,361.0,52.0,118.0,13.700000
223,-1,470.0,369.0,52.0,118.0,9.722800
223,-1,1269.0,343.0,123.4,280.1,9.061900
223,-1,222.0,345.0,52.0,118.0,8.953600
224,-1,994.0,375.0,67.5,153.1,43.028000
224,-1,1617.0,338.0,270.8,614.6,30.410000
224,-1,977.0,361.0,47.8,108.5,28.674999
224,-1,1325.0,338.0,270.8,614.6,24.099001
224,-1,1078.0,361.0,52.0,118.0,20.297001
224,-1,1409.0,421.0,270.8,614.6,18.080000
224,-1,963.0,177.0,26.0,59.0,17.315001
224,-1,826.0,367.0,30.9,70.1,16.794001
224,-1,222.0,345.0,52.0,118.0,16.100000
224,-1,838.0,344.0,67.5,153.1,9.051800
224,-1,616.0,349.0,33.7,76.6,8.948500
224,-1,873.0,258.0,30.9,70.1,7.643600
224,-1,630.0,344.0,67.5,153.1,7.528200
225,-1,881.0,255.0,33.7,76.6,46.965000
225,-1,997.0,354.0,73.9,167.6,44.776001
225,-1,1617.0,379.0,270.8,614.6,40.490002
225,-1,977.0,361.0,47.8,108.5,35.612999
225,-1,1325.0,338.0,270.8,614.6,32.280998
225,-1,1088.0,380.0,33.7,76.6,24.173000
225,-1,214.0,345.0,52.0,118.0,14.609000
225,-1,622.0,369.0,52.0,118.0,3.463800
225,-1,470.0,369.0,52.0,118.0,2.264200
226,-1,994.0,375.0,67.5,153.1,46.029999
226,-1,974.0,361.0,52.0,118.0,43.375000
226,-1,881.0,250.0,33.7,76.6,30.819000
226,-1,1617.0,338.0,270.8,614.6,26.466999
226,-1,1092.0,381.0,30.9,70.1,23.916000
226,-1,1367.0,379.0,270.8,614.6,22.238001
226,-1,214.0,345.0,52.0,118.0,17.414000
226,-1,917.0,331.0,73.9,167.6,15.727000
226,-1,838.0,344.0,67.5,153.1,5.961700
226,-1,611.0,354.0,73.9,167.6,0.319520
227,-1,997.0,365.0,73.9,167.6,55.327999
227,-1,886.0,255.0,33.7,76.6,35.230000
227,-1,1576.0,379.0,270.8,614.6,30.240999
227,-1,1097.0,381.0,30.9,70.1,23.478001
227,-1,1325.0,338.0,270.8,614.6,21.961000
227,-1,969.0,133.0,47.8,108.5,16.702000
227,-1,831.0,367.0,30.9,70.1,14.044000
227,-1,622.0,361.0,61.5,139.6,13.810000
227,-1,471.0,352.0,61.5,139.6,2.897300
227,-1,1495.0,469.0,159.8,362.7,0.777270
228,-1,997.0,365.0,73.9,167.6,51.766998
228,-1,1576.0,379.0,270.8,614.6,27.513000
228,-1,1093.0,363.0,43.6,99.0,25.976999
228,-1,886.0,250.0,33.7,76.6,23.589001
228,-1,1325.0,338.0,270.8,614.6,22.499001
228,-1,612.0,353.0,30.9,70.1,14.536000
228,-1,838.0,344.0,67.5,153.1,12.734000
228,-1,972.0,155.0,43.6,99.0,12.202000
228,-1,622.0,371.0,61.5,139.6,10.902000
228,-1,1476.0,441.0,189.3,429.6,6.222300
228,-1,641.0,344.0,67.5,153.1,2.645600
228,-1,108.0,348.0,30.9,70.1,2.480800
228,-1,916.0,272.0,103.2,234.1,-0.181050
229,-1,997.0,365.0,73.9,167.6,54.340000
229,-1,1576.0,379.0,270.8,614.6,38.412998
229,-1,891.0,249.0,36.7,83.3,32.845001
229,-1,1325.0,338.0,270.8,614.6,28.072001
229,-1,840.0,367.0,30.9,70.1,16.818001
229,-1,222.0,345.0,52.0,118.0,16.190001
229,-1,1101.0,381.0,30.9,70.1,13.454000
229,-1,854.0,329.0,52.0,118.0,12.954000
229,-1,851.0,390.0,43.6,99.0,11.653000
229,-1,1495.0,469.0,159.8,362.7,7.989700
230,-1,994.0,345.0,79.9,181.4,47.786999
230,-1,1603.0,391.0,250.0,567.3,32.016998
230,-1,1325.0,338.0,270.8,614.6,24.333000
230,-1,987.0,172.0,30.9,70.1,17.179001
230,-1,848.0,344.0,67.5,153.1,5.879000
230,-1,894.0,241.0,40.1,91.0,5.099600
230,-1,1111.0,381.0,30.9,70.1,1.875000
230,-1,1495.0,469.0,159.8,362.7,0.625290
231,-1,1008.0,365.0,73.9,167.6,44.588001
231,-1,1603.0,391.0,250.0,567.3,44.528000
231,-1,859.0,344.0,67.5,153.1,23.327000
231,-1,1325.0,338.0,270.8,614.6,21.066999
231,-1,233.0,332.0,56.7,128.6,17.079000
231,-1,915.0,352.0,61.5,139.6,15.605000
231,-1,909.0,253.0,28.3,64.2,13.940000
231,-1,1114.0,380.0,33.7,76.6,11.058000
231,-1,848.0,375.0,28.3,64.2,6.570700
231,-1,492.0,354.0,33.7,76.6,1.759900
232,-1,1006.0,345.0,79.9,181.4,41.339001
232,-1,913.0,244.0,36.7,83.3,38.735001
232,-1,1617.0,379.0,270.8,614.6,37.558998
232,-1,1120.0,381.0,30.9,70.1,35.020000
232,-1,1325.0,338.0,270.8,614.6,27.659000
232,-1,238.0,345.0,52.0,118.0,26.396999
232,-1,983.0,377.0,26.0,59.0,22.354000
232,-1,859.0,344.0,67.5,153.1,17.957001
233,-1,1006.0,345.0,79.9,181.4,40.373001
233,-1,983.0,371.0,28.3,64.2,36.931999
233,-1,1617.0,379.0,270.8,614.6,35.379002
233,-1,242.0,332.0,56.7,128.6,34.112000
233,-1,1116.0,365.0,40.1,91.0,26.193001
233,-1,912.0,235.0,40.1,91.0,24.843000
233,-1,1325.0,338.0,270.8,614.6,22.747000
233,-1,869.0,334.0,67.5,153.1,17.679001
233,-1,859.0,377.0,26.0,59.0,17.524000
233,-1,923.0,358.0,56.7,128.6,11.893000
233,-1,487.0,337.0,26.0,59.0,9.774000
233,-1,134.0,340.0,28.3,64.2,3.261600
234,-1,1015.0,354.0,67.5,153.1,41.327000
234,-1,922.0,240.0,33.7,76.6,32.841999
234,-1,1617.0,379.0,270.8,614.6,32.264999
234,-1,868.0,352.0,61.5,139.6,31.379000
234,-1,254.0,329.0,52.0,118.0,24.531000
234,-1,1325.0,338.0,270.8,614.6,22.945999
234,-1,923.0,349.0,56.7,128.6,15.337000
234,-1,143.0,341.0,26.0,59.0,13.671000
234,-1,992.0,371.0,28.3,64.2,13.343000
234,-1,1007.0,165.0,26.0,59.0,13.020000
234,-1,1118.0,361.0,52.0,118.0,7.542500
235,-1,925.0,229.0,40.1,91.0,34.726002
235,-1,1025.0,354.0,67.5,153.1,33.040001
235,-1,896.0,351.0,36.7,83.3,24.205000
235,-1,254.0,337.0,52.0,118.0,23.973000
235,-1,1454.0,489.0,175.7,398.6,21.171000
235,-1,990.0,359.0,33.7,76.6,14.548000
235,-1,932.0,349.0,56.7,128.6,13.399000
235,-1,1135.0,379.0,28.3,64.2,9.707800
236,-1,1020.0,342.0,73.9,167.6,53.660999
236,-1,260.0,323.0,56.7,128.6,35.672001
236,-1,1325.0,296.0,270.8,614.6,32.452999
236,-1,902.0,349.0,33.7,76.6,29.667999
236,-1,931.0,223.0,40.1,91.0,24.743999
236,-1,1617.0,338.0,270.8,614.6,22.871000
236,-1,504.0,318.0,28.3,64.2,21.490000
236,-1,881.0,368.0,47.8,108.5,19.235001
236,-1,874.0,358.0,28.3,64.2,5.020100
236,-1,659.0,380.0,36.7,83.3,4.355600
236,-1,952.0,323.0,67.5,153.1,4.301500
237,-1,1020.0,342.0,73.9,167.6,49.568001
237,-1,262.0,329.0,52.0,118.0,31.188999
237,-1,1325.0,296.0,270.8,614.6,28.927999
237,-1,933.0,229.0,33.7,76.6,26.893999
237,-1,1144.0,367.0,30.9,70.1,23.308001
237,-1,907.0,343.0,33.7,76.6,14.641000
237,-1,878.0,361.0,52.0,118.0,14.458000
237,-1,507.0,321.0,26.0,59.0,9.413800
237,-1,1043.0,321.0,79.9,181.4,7.321200
237,-1,1021.0,142.0,36.7,83.3,7.137900
237,-1,696.0,193.0,56.7,128.6,4.212800
237,-1,659.0,374.0,36.7,83.3,0.696720
238,-1,1019.0,333.0,79.9,181.4,52.846001
238,-1,936.0,227.0,36.7,83.3,31.555000
238,-1,1325.0,296.0,270.8,614.6,29.976000
238,-1,880.0,323.0,67.5,153.1,12.025000
238,-1,633.0,320.0,73.9,167.6,11.941000
238,-1,1043.0,321.0,79.9,181.4,8.886900
238,-1,7.0,321.0,26.0,59.0,6.610000
238,-1,1149.0,362.0,30.9,70.1,1.887600
239,-1,1031.0,333.0,79.9,181.4,45.523998
239,-1,1325.0,296.0,270.8,614.6,39.983002
239,-1,262.0,329.0,52.0,118.0,31.430000
239,-1,1617.0,338.0,270.8,614.6,23.652000
239,-1,937.0,217.0,40.1,91.0,15.459000
239,-1,1146.0,359.0,33.7,76.6,15.295000
239,-1,1023.0,137.0,40.1,91.0,14.435000
239,-1,887.0,333.0,61.5,139.6,13.447000
239,-1,522.0,338.0,30.9,70.1,10.495000
239,-1,868.0,342.0,61.5,139.6,8.263000
239,-1,763.0,337.0,26.0,59.0,6.128400
240,-1,1031.0,333.0,79.9,181.4,45.848000
240,-1,1325.0,296.0,270.8,614.6,36.111000
240,-1,262.0,321.0,52.0,118.0,29.594000
240,-1,887.0,333.0,61.5,139.6,23.627001
240,-1,1617.0,338.0,270.8,614.6,22.468000
240,-1,942.0,221.0,36.7,83.3,17.930000
240,-1,1145.0,357.0,36.7,83.3,16.591000
240,-1,648.0,323.0,36.7,83.3,13.543000
240,-1,1023.0,130.0,40.1,91.0,7.919200
240,-1,970.0,299.0,87.8,199.3,6.345400
241,-1,1043.0,333.0,79.9,181.4,46.467999
241,-1,1325.0,254.0,270.8,614.6,32.680000
241,-1,262.0,321.0,52.0,118.0,30.198999
241,-1,890.0,323.0,67.5,153.1,18.546000
241,-1,512.0,312.0,36.7,83.3,16.344999
241,-1,945.0,209.0,43.6,99.0,16.049999
241,-1,1617.0,338.0,270.8,614.6,15.605000
241,-1,1153.0,353.0,40.1,91.0,12.121000
241,-1,528.0,328.0,33.7,76.6,9.212100
241,-1,633.0,320.0,73.9,167.6,6.618300
241,-1,771.0,333.0,26.0,59.0,5.575700
241,-1,1000.0,294.0,94.7,214.8,4.302600
242,-1,1043.0,333.0,79.9,181.4,47.680000
242,-1,270.0,321.0,52.0,118.0,38.465000
242,-1,1153.0,353.0,40.1,91.0,19.429001
242,-1,947.0,221.0,36.7,83.3,18.372999
242,-1,1325.0,296.0,270.8,614.6,16.987000
242,-1,1000.0,294.0,94.7,214.8,13.407000
242,-1,895.0,308.0,73.9,167.6,13.214000
242,-1,512.0,312.0,36.7,83.3,11.838000
242,-1,633.0,320.0,73.9,167.6,10.705000
242,-1,1617.0,296.0,270.8,614.6,1.089100
243,-1,1043.0,333.0,79.9,181.4,54.845001
243,-1,270.0,321.0,52.0,118.0,34.775002
243,-1,953.0,221.0,36.7,83.3,29.403000
243,-1,1153.0,343.0,43.6,99.0,14.977000
243,-1,895.0,308.0,73.9,167.6,12.427000
243,-1,1617.0,338.0,270.8,614.6,10.666000
243,-1,645.0,308.0,73.9,167.6,10.302000
243,-1,1036.0,130.0,40.1,91.0,6.685700
243,-1,1325.0,296.0,270.8,614.6,6.194800
244,-1,1043.0,321.0,79.9,181.4,50.816002
244,-1,499.0,323.0,61.5,139.6,21.243999
244,-1,1162.0,351.0,36.7,83.3,10.497000
244,-1,900.0,323.0,67.5,153.1,6.744100
244,-1,1048.0,144.0,28.3,64.2,5.876900
244,-1,670.0,353.0,52.0,118.0,4.855700
244,-1,954.0,224.0,33.7,76.6,4.729800
245,-1,1043.0,333.0,79.9,181.4,42.909000
245,-1,955.0,217.0,40.1,91.0,24.079000
245,-1,1160.0,343.0,43.6,99.0,18.375999
245,-1,270.0,324.0,47.8,108.5,15.458000
245,-1,900.0,323.0,67.5,153.1,8.501400
245,-1,1617.0,338.0,270.8,614.6,7.609300
245,-1,1367.0,338.0,270.8,614.6,6.760000
245,-1,670.0,353.0,52.0,118.0,5.532400
246,-1,1055.0,333.0,79.9,181.4,48.087002
246,-1,278.0,324.0,47.8,108.5,33.330002
246,-1,1171.0,340.0,40.1,91.0,21.802000
246,-1,1617.0,338.0,270.8,614.6,20.854000
246,-1,1367.0,338.0,270.8,614.6,18.937000
246,-1,1011.0,349.0,26.0,59.0,14.684000
246,-1,906.0,323.0,61.5,139.6,12.337000
246,-1,964.0,221.0,36.7,83.3,12.168000
246,-1,502.0,337.0,52.0,118.0,9.517400
246,-1,535.0,317.0,36.7,83.3,9.448700
246,-1,675.0,361.0,47.8,108.5,4.940000
247,-1,1055.0,333.0,79.9,181.4,43.605999
247,-1,1617.0,338.0,270.8,614.6,27.250000
247,-1,278.0,313.0,52.0,118.0,27.174999
247,-1,771.0,333.0,26.0,59.0,16.540001
247,-1,502.0,337.0,52.0,118.0,15.636000
247,-1,1171.0,346.0,40.1,91.0,14.206000
247,-1,906.0,308.0,73.9,167.6,12.318000
247,-1,1409.0,421.0,270.8,614.6,9.420200
247,-1,880.0,323.0,67.5,153.1,9.063700
247,-1,675.0,361.0,47.8,108.5,8.802900
247,-1,541.0,306.0,36.7,83.3,2.260000
248,-1,1055.0,321.0,79.9,181.4,48.508999
248,-1,278.0,313.0,52.0,118.0,31.636000
248,-1,1171.0,353.0,40.1,91.0,26.812000
248,-1,1617.0,338.0,270.8,614.6,25.268999
248,-1,906.0,323.0,61.5,139.6,19.598000
248,-1,494.0,337.0,52.0,118.0,14.782000
248,-1,675.0,361.0,47.8,108.5,14.758000
248,-1,1325.0,338.0,270.8,614.6,12.576000
248,-1,541.0,306.0,36.7,83.3,12.000000
248,-1,1409.0,379.0,270.8,614.6,8.222300
248,-1,963.0,313.0,67.5,153.1,3.645700
249,-1,1055.0,321.0,79.9,181.4,52.907001
249,-1,278.0,313.0,52.0,118.0,38.855000
249,-1,1168.0,339.0,47.8,108.5,34.363998
249,-1,1659.0,338.0,270.8,614.6,27.441000
249,-1,911.0,313.0,67.5,153.1,24.010000
249,-1,670.0,361.0,52.0,118.0,21.812000
249,-1,963.0,297.0,73.9,167.6,16.003000
249,-1,771.0,329.0,26.0,59.0,15.363000
249,-1,1325.0,338.0,270.8,614.6,14.583000
249,-1,502.0,329.0,52.0,118.0,13.092000
249,-1,1059.0,157.0,26.0,59.0,4.971000
250,-1,1055.0,321.0,79.9,181.4,52.252998
250,-1,277.0,306.0,56.7,128.6,32.530998
250,-1,775.0,329.0,26.0,59.0,31.867001
250,-1,1178.0,340.0,40.1,91.0,29.948999
250,-1,1325.0,338.0,270.8,614.6,27.469000
250,-1,906.0,323.0,61.5,139.6,23.343000
250,-1,1659.0,338.0,270.8,614.6,22.683001
250,-1,972.0,323.0,61.5,139.6,22.243000
250,-1,1024.0,285.0,87.8,199.3,15.975000
250,-1,682.0,363.0,36.7,83.3,10.313000
250,-1,970.0,210.0,36.7,83.3,6.665600
250,-1,535.0,300.0,36.7,83.3,5.185700
250,-1,1579.0,571.0,28.3,64.2,3.504300
251,-1,1076.0,342.0,61.5,139.6,37.263000
251,-1,1178.0,340.0,40.1,91.0,30.496000
251,-1,286.0,305.0,52.0,118.0,22.782000
251,-1,684.0,359.0,40.1,91.0,15.953000
251,-1,1325.0,338.0,270.8,614.6,15.747000
251,-1,1659.0,421.0,270.8,614.6,14.955000
251,-1,911.0,313.0,67.5,153.1,14.800000
251,-1,972.0,323.0,61.5,139.6,12.372000
251,-1,1530.0,295.0,146.6,332.7,9.086400
251,-1,1057.0,323.0,61.5,139.6,4.496800
251,-1,1067.0,149.0,26.0,59.0,3.978400
251,-1,541.0,295.0,36.7,83.3,0.893950
252,-1,1068.0,321.0,79.9,181.4,41.035999
252,-1,1184.0,334.0,40.1,91.0,30.858000
252,-1,1535.0,273.0,175.7,398.6,28.695000
252,-1,662.0,296.0,79.9,181.4,24.016001
252,-1,979.0,208.0,33.7,76.6,20.740999
252,-1,278.0,305.0,52.0,118.0,18.872000
252,-1,963.0,313.0,67.5,153.1,15.085000
252,-1,1060.0,118.0,40.1,91.0,12.572000
252,-1,1603.0,391.0,250.0,567.3,11.474000
252,-1,1325.0,338.0,270.8,614.6,6.133600
252,-1,535.0,321.0,26.0,59.0,3.572400
253,-1,1068.0,321.0,79.9,181.4,43.964001
253,-1,662.0,296.0,79.9,181.4,25.893999
253,-1,1535.0,266.0,189.3,429.6,24.542000
253,-1,911.0,313.0,67.5,153.1,19.341999
253,-1,1011.0,337.0,26.0,59.0,17.864000
253,-1,286.0,305.0,52.0,118.0,17.799999
253,-1,1184.0,340.0,40.1,91.0,17.066000
253,-1,974.0,204.0,40.1,91.0,10.898000
253,-1,1060.0,118.0,40.1,91.0,9.020800
253,-1,1325.0,296.0,270.8,614.6,8.168200
253,-1,1617.0,296.0,270.8,614.6,5.998600
254,-1,1071.0,323.0,56.7,128.6,48.398998
254,-1,1085.0,342.0,61.5,139.6,36.820000
254,-1,1187.0,330.0,43.6,99.0,30.577000
254,-1,1562.0,273.0,175.7,398.6,29.292999
254,-1,662.0,296.0,79.9,181.4,23.474001
254,-1,980.0,204.0,40.1,91.0,21.152000
254,-1,1325.0,254.0,270.8,614.6,20.915001
254,-1,286.0,313.0,52.0,118.0,18.082001
254,-1,911.0,313.0,67.5,153.1,15.136000
254,-1,1071.0,145.0,26.0,59.0,11.786000
254,-1,1642.0,391.0,250.0,567.3,8.801000
254,-1,973.0,302.0,67.5,153.1,5.050900
255,-1,1088.0,331.0,73.9,167.6,39.889999
255,-1,1066.0,314.0,61.5,139.6,36.000999
255,-1,1190.0,334.0,40.1,91.0,25.274000
255,-1,1367.0,296.0,270.8,614.6,18.638000
255,-1,921.0,313.0,67.5,153.1,16.987000
255,-1,1564.0,266.0,189.3,429.6,14.458000
255,-1,783.0,321.0,26.0,59.0,10.908000
255,-1,987.0,210.0,30.9,70.1,10.020000
255,-1,511.0,337.0,26.0,59.0,7.705000
255,-1,690.0,353.0,40.1,91.0,5.392200
255,-1,690.0,303.0,40.1,91.0,5.091000
256,-1,1087.0,334.0,67.5,153.1,39.480000
256,-1,1196.0,334.0,40.1,91.0,23.863001
256,-1,286.0,313.0,52.0,118.0,23.688000
256,-1,787.0,321.0,26.0,59.0,18.545000
256,-1,1325.0,296.0,270.8,614.6,18.368999
256,-1,929.0,297.0,73.9,167.6,17.589001
256,-1,511.0,337.0,26.0,59.0,17.002001
256,-1,1656.0,480.0,207.4,470.7,15.780000
256,-1,981.0,314.0,61.5,139.6,14.581000
256,-1,985.0,208.0,33.7,76.6,13.832000
256,-1,696.0,303.0,40.1,91.0,13.320000
256,-1,154.0,312.0,33.7,76.6,13.319000
257,-1,1098.0,323.0,67.5,153.1,40.334999
257,-1,1076.0,314.0,61.5,139.6,26.249001
257,-1,1367.0,296.0,270.8,614.6,24.322001
257,-1,1202.0,334.0,40.1,91.0,23.500999
257,-1,690.0,297.0,73.9,167.6,20.597000
257,-1,515.0,341.0,26.0,59.0,19.521000
257,-1,990.0,214.0,33.7,76.6,17.417999
257,-1,1078.0,124.0,30.9,70.1,14.034000
257,-1,286.0,306.0,56.7,128.6,12.950000
257,-1,160.0,315.0,30.9,70.1,12.273000
257,-1,929.0,297.0,73.9,167.6,11.306000
257,-1,791.0,321.0,26.0,59.0,6.977700
257,-1,1667.0,457.0,226.7,514.5,6.927900
257,-1,552.0,295.0,36.7,83.3,2.118400
258,-1,1098.0,323.0,67.5,153.1,41.311001
258,-1,1367.0,296.0,270.8,614.6,23.896999
258,-1,1080.0,315.0,56.7,128.6,14.371000
258,-1,1198.0,321.0,52.0,118.0,12.341000
258,-1,1066.0,283.0,43.6,99.0,4.530200
259,-1,1099.0,320.0,73.9,167.6,49.631001
259,-1,1213.0,338.0,33.7,76.6,29.072001
259,-1,1367.0,296.0,270.8,614.6,21.427999
259,-1,1077.0,313.0,67.5,153.1,21.000999
259,-1,992.0,198.0,40.1,91.0,18.011000
259,-1,1688.0,480.0,207.4,470.7,17.513000
259,-1,286.0,313.0,52.0,118.0,15.255000
259,-1,940.0,297.0,73.9,167.6,13.070000
259,-1,698.0,304.0,61.5,139.6,5.279000
259,-1,1079.0,112.0,40.1,91.0,3.778500
260,-1,1108.0,323.0,67.5,153.1,55.990002
260,-1,170.0,310.0,30.9,70.1,22.941000
260,-1,1367.0,296.0,270.8,614.6,21.059999
260,-1,1089.0,315.0,56.7,128.6,19.711000
260,-1,294.0,313.0,52.0,118.0,18.853001
260,-1,686.0,296.0,79.9,181.4,18.150000
260,-1,1218.0,338.0,33.7,76.6,17.740000
260,-1,998.0,204.0,36.7,83.3,17.677000
260,-1,801.0,315.0,56.7,128.6,17.312000
260,-1,940.0,297.0,73.9,167.6,13.685000
260,-1,997.0,286.0,73.9,167.6,10.135000
260,-1,1709.0,500.0,189.3,429.6,9.053200
260,-1,1058.0,273.0,47.8,108.5,5.373700
261,-1,1118.0,323.0,67.5,153.1,49.240002
261,-1,1098.0,315.0,56.7,128.6,31.500000
261,-1,179.0,309.0,26.0,59.0,26.228001
261,-1,953.0,314.0,61.5,139.6,25.159000
261,-1,1367.0,296.0,270.8,614.6,24.344999
261,-1,1005.0,192.0,40.1,91.0,23.101999
261,-1,302.0,305.0,52.0,118.0,22.344999
261,-1,811.0,317.0,26.0,59.0,20.082001
261,-1,1230.0,338.0,30.9,70.1,8.806000
261,-1,1066.0,276.0,43.6,99.0,7.643500
261,-1,1103.0,137.0,26.0,59.0,5.534500
261,-1,575.0,295.0,36.7,83.3,3.079600
261,-1,997.0,286.0,73.9,167.6,2.254000
261,-1,835.0,318.0,28.3,64.2,-0.390090
262,-1,1117.0,296.0,79.9,181.4,43.422001
262,-1,1367.0,296.0,270.8,614.6,24.113001
262,-1,1005.0,182.0,43.6,99.0,23.992001
262,-1,1227.0,316.0,40.1,91.0,23.481001
262,-1,182.0,310.0,28.3,64.2,16.546000
262,-1,302.0,305.0,52.0,118.0,10.576000
262,-1,1035.0,323.0,28.3,64.2,9.383800
262,-1,1103.0,133.0,26.0,59.0,6.197700
262,-1,952.0,302.0,67.5,153.1,6.059300
262,-1,713.0,297.0,73.9,167.6,4.432900
262,-1,1630.0,544.0,43.6,99.0,0.726620
263,-1,1129.0,323.0,67.5,153.1,46.891998
263,-1,1104.0,304.0,61.5,139.6,23.509001
263,-1,951.0,286.0,73.9,167.6,21.399000
263,-1,1367.0,296.0,270.8,614.6,21.396000
263,-1,1015.0,193.0,36.7,83.3,20.914000
263,-1,1233.0,316.0,40.1,91.0,18.181999
263,-1,818.0,306.0,56.7,128.6,16.535999
263,-1,184.0,300.0,30.9,70.1,15.759000
263,-1,1624.0,522.0,61.5,139.6,13.555000
263,-1,310.0,305.0,52.0,118.0,12.276000
263,-1,980.0,240.0,103.2,234.1,4.023700
264,-1,1133.0,323.0,61.5,139.6,59.833000
264,-1,1115.0,306.0,56.7,128.6,32.346001
264,-1,1239.0,328.0,33.7,76.6,28.799999
264,-1,951.0,286.0,73.9,167.6,27.171000
264,-1,1409.0,296.0,270.8,614.6,24.886999
264,-1,1021.0,193.0,33.7,76.6,22.884001
264,-1,1111.0,125.0,26.0,59.0,18.306000
264,-1,186.0,301.0,28.3,64.2,16.629000
264,-1,818.0,306.0,56.7,128.6,12.563000
264,-1,310.0,305.0,52.0,118.0,5.167900
265,-1,1142.0,323.0,61.5,139.6,52.550999
265,-1,1115.0,306.0,56.7,128.6,33.563999
265,-1,1241.0,323.0,36.7,83.3,26.017000
265,-1,186.0,291.0,33.7,76.6,25.987000
265,-1,951.0,286.0,73.9,167.6,25.145000
265,-1,1409.0,296.0,270.8,614.6,24.535000
265,-1,1017.0,180.0,40.1,91.0,13.445000
265,-1,1115.0,125.0,26.0,59.0,5.711400
265,-1,818.0,306.0,56.7,128.6,0.562400
266,-1,1145.0,297.0,73.9,167.6,49.720001
266,-1,1409.0,296.0,270.8,614.6,32.709000
266,-1,189.0,291.0,30.9,70.1,29.947001
266,-1,1114.0,295.0,61.5,139.6,27.177000
266,-1,963.0,286.0,73.9,167.6,20.469000
266,-1,1023.0,180.0,40.1,91.0,19.184999
266,-1,777.0,286.0,33.7,76.6,15.883000
266,-1,1241.0,302.0,47.8,108.5,13.997000
266,-1,713.0,274.0,73.9,167.6,13.252000
266,-1,1080.0,258.0,47.8,108.5,10.345000
266,-1,312.0,289.0,56.7,128.6,4.460900
267,-1,1149.0,313.0,67.5,153.1,52.327000
267,-1,1124.0,297.0,56.7,128.6,31.945000
267,-1,1119.0,117.0,26.0,59.0,30.177999
267,-1,186.0,286.0,33.7,76.6,26.385000
267,-1,1454.0,489.0,175.7,398.6,24.770000
267,-1,952.0,292.0,67.5,153.1,19.830999
267,-1,783.0,309.0,26.0,59.0,18.613001
267,-1,1026.0,188.0,33.7,76.6,18.016001
267,-1,1079.0,262.0,43.6,99.0,11.464000
267,-1,310.0,289.0,52.0,118.0,10.778000
267,-1,1109.0,324.0,47.8,108.5,8.744300
267,-1,1241.0,302.0,47.8,108.5,6.029900
268,-1,1126.0,297.0,52.0,118.0,48.043999
268,-1,1149.0,313.0,67.5,153.1,45.122002
268,-1,186.0,286.0,33.7,76.6,26.856001
268,-1,312.0,289.0,56.7,128.6,15.619000
268,-1,1411.0,352.0,250.0,567.3,13.493000
268,-1,827.0,301.0,26.0,59.0,11.678000
268,-1,1026.0,169.0,43.6,99.0,7.366300
268,-1,1119.0,117.0,26.0,59.0,5.232900
268,-1,1110.0,313.0,52.0,118.0,5.124200
268,-1,1252.0,316.0,40.1,91.0,4.260500
269,-1,1126.0,297.0,52.0,118.0,43.417000
269,-1,1154.0,284.0,79.9,181.4,36.911999
269,-1,1249.0,323.0,33.7,76.6,22.391001
269,-1,1023.0,174.0,40.1,91.0,15.723000
269,-1,186.0,286.0,33.7,76.6,12.212000
269,-1,1119.0,113.0,26.0,59.0,7.253100
269,-1,1411.0,391.0,250.0,567.3,5.945200
269,-1,1113.0,330.0,43.6,99.0,3.331600
270,-1,1154.0,284.0,79.9,181.4,45.255001
270,-1,1124.0,297.0,56.7,128.6,37.240002
270,-1,1030.0,196.0,30.9,70.1,18.944000
270,-1,1252.0,316.0,40.1,91.0,15.151000
270,-1,974.0,286.0,73.9,167.6,-0.564220
271,-1,1154.0,296.0,79.9,181.4,51.368999
271,-1,1124.0,297.0,56.7,128.6,47.381001
271,-1,186.0,291.0,33.7,76.6,36.390999
271,-1,1026.0,182.0,36.7,83.3,22.671000
271,-1,1255.0,323.0,33.7,76.6,14.751000
271,-1,974.0,286.0,73.9,167.6,14.614000
271,-1,827.0,306.0,56.7,128.6,2.763300
272,-1,1124.0,306.0,56.7,128.6,51.147999
272,-1,1154.0,296.0,79.9,181.4,50.516998
272,-1,1021.0,187.0,36.7,83.3,18.707001
272,-1,1238.0,305.0,52.0,118.0,15.583000
272,-1,686.0,272.0,87.8,199.3,13.331000
272,-1,1080.0,258.0,47.8,108.5,13.128000
272,-1,1114.0,99.0,33.7,76.6,12.123000
273,-1,1149.0,313.0,67.5,153.1,54.337002
273,-1,1124.0,306.0,56.7,128.6,44.960999
273,-1,1021.0,187.0,36.7,83.3,37.297001
273,-1,1241.0,302.0,47.8,108.5,17.443001
273,-1,963.0,286.0,73.9,167.6,8.898300
273,-1,925.0,309.0,40.1,91.0,0.592250
274,-1,1118.0,305.0,52.0,118.0,44.479000
274,-1,1149.0,313.0,67.5,153.1,44.011002
274,-1,1021.0,187.0,36.7,83.3,28.565001
274,-1,1240.0,316.0,43.6,99.0,19.191000
274,-1,1450.0,296.0,270.8,614.6,15.370000
274,-1,918.0,309.0,40.1,91.0,9.266300
274,-1,294.0,305.0,52.0,118.0,2.149200
274,-1,1109.0,99.0,33.7,76.6,-0.194780
275,-1,1149.0,313.0,67.5,153.1,49.944000
275,-1,1115.0,297.0,56.7,128.6,42.241001
275,-1,1015.0,187.0,36.7,83.3,18.799000
275,-1,1240.0,316.0,43.6,99.0,17.554001
275,-1,556.0,283.0,43.6,99.0,17.052000
275,-1,918.0,309.0,40.1,91.0,14.850000
275,-1,1450.0,338.0,270.8,614.6,11.684000
275,-1,295.0,297.0,56.7,128.6,10.967000
275,-1,1072.0,258.0,47.8,108.5,9.872000
275,-1,690.0,274.0,73.9,167.6,8.474500
275,-1,1111.0,117.0,26.0,59.0,7.172400
275,-1,480.0,272.0,40.1,91.0,4.172900
276,-1,1152.0,314.0,61.5,139.6,49.931000
276,-1,1110.0,305.0,52.0,118.0,37.568001
276,-1,1011.0,180.0,40.1,91.0,24.146000
276,-1,906.0,309.0,40.1,91.0,18.969000
276,-1,1450.0,338.0,270.8,614.6,17.041000
276,-1,476.0,279.0,94.7,214.8,13.867000
276,-1,1065.0,258.0,47.8,108.5,13.000000
276,-1,1234.0,316.0,43.6,99.0,11.212000
276,-1,682.0,282.0,67.5,153.1,7.511600
276,-1,278.0,305.0,52.0,118.0,1.529000
277,-1,1139.0,313.0,67.5,153.1,50.862999
277,-1,1106.0,297.0,56.7,128.6,44.511002
277,-1,1227.0,303.0,43.6,99.0,33.993000
277,-1,1004.0,187.0,36.7,83.3,31.912001
277,-1,651.0,265.0,94.7,214.8,21.254999
277,-1,277.0,297.0,56.7,128.6,16.545000
277,-1,456.0,272.0,103.2,234.1,15.839000
277,-1,1097.0,96.0,30.9,70.1,13.645000
277,-1,154.0,302.0,33.7,76.6,10.869000
277,-1,1409.0,379.0,270.8,614.6,8.811600
277,-1,904.0,336.0,28.3,64.2,4.134200
278,-1,1133.0,314.0,61.5,139.6,48.013000
278,-1,1098.0,297.0,56.7,128.6,47.584000
278,-1,1212.0,302.0,47.8,108.5,38.106998
278,-1,1005.0,285.0,40.1,91.0,16.059000
278,-1,992.0,175.0,43.6,99.0,12.048000
278,-1,262.0,305.0,52.0,118.0,9.939100
278,-1,141.0,300.0,30.9,70.1,8.089100
278,-1,440.0,272.0,103.2,234.1,6.584200
278,-1,667.0,286.0,73.9,167.6,6.350600
278,-1,1091.0,113.0,26.0,59.0,4.703400
278,-1,795.0,305.0,26.0,59.0,3.839200
278,-1,234.0,317.0,47.8,108.5,3.237300
278,-1,931.0,292.0,67.5,153.1,0.423790
279,-1,1133.0,314.0,61.5,139.6,62.813000
279,-1,1089.0,297.0,56.7,128.6,51.464001
279,-1,987.0,182.0,36.7,83.3,34.966999
279,-1,1205.0,302.0,47.8,108.5,28.423000
279,-1,254.0,305.0,52.0,118.0,18.926001
279,-1,122.0,285.0,40.1,91.0,14.317000
279,-1,662.0,282.0,67.5,153.1,13.466000
279,-1,992.0,276.0,43.6,99.0,12.577000
279,-1,461.0,265.0,33.7,76.6,9.904800
279,-1,955.0,313.0,26.0,59.0,7.269900
279,-1,1409.0,296.0,270.8,614.6,6.530100
280,-1,1086.0,297.0,52.0,118.0,60.032001
280,-1,1118.0,302.0,67.5,153.1,55.729000
280,-1,1209.0,316.0,40.1,91.0,46.188999
280,-1,985.0,276.0,43.6,99.0,31.754000
280,-1,980.0,174.0,40.1,91.0,27.396999
280,-1,807.0,309.0,26.0,59.0,24.785000
280,-1,246.0,305.0,52.0,118.0,24.570999
280,-1,429.0,272.0,87.8,199.3,16.854000
280,-1,615.0,256.0,103.2,234.1,16.105000
280,-1,917.0,274.0,73.9,167.6,15.742000
280,-1,1409.0,296.0,270.8,614.6,15.661000
280,-1,116.0,285.0,40.1,91.0,15.207000
280,-1,206.0,305.0,52.0,118.0,5.923200
280,-1,1031.0,259.0,79.9,181.4,5.510700
280,-1,1067.0,75.0,40.1,91.0,2.739000
281,-1,1070.0,297.0,52.0,118.0,56.344002
281,-1,1108.0,302.0,67.5,153.1,46.937000
281,-1,1190.0,316.0,40.1,91.0,37.372002
281,-1,962.0,174.0,40.1,91.0,34.154999
281,-1,972.0,276.0,43.6,99.0,30.951000
281,-1,95.0,295.0,36.7,83.3,28.886999
281,-1,622.0,265.0,94.7,214.8,25.415001
281,-1,225.0,297.0,56.7,128.6,24.042999
281,-1,900.0,282.0,67.5,153.1,22.525999
281,-1,1409.0,254.0,270.8,614.6,16.962999
281,-1,763.0,301.0,26.0,59.0,13.894000
281,-1,190.0,305.0,52.0,118.0,8.221400
281,-1,393.0,256.0,103.2,234.1,6.467000
281,-1,788.0,300.0,30.9,70.1,0.832620
282,-1,1057.0,285.0,61.5,139.6,43.977001
282,-1,1108.0,302.0,67.5,153.1,38.729000
282,-1,1180.0,303.0,43.6,99.0,36.823002
282,-1,953.0,295.0,61.5,139.6,28.475000
282,-1,79.0,285.0,40.1,91.0,26.923000
282,-1,214.0,305.0,52.0,118.0,26.312000
282,-1,783.0,305.0,26.0,59.0,25.559999
282,-1,955.0,174.0,40.1,91.0,25.371000
282,-1,895.0,274.0,73.9,167.6,25.107000
282,-1,389.0,265.0,94.7,214.8,18.518999
282,-1,1409.0,254.0,270.8,614.6,17.398001
282,-1,1012.0,256.0,43.6,99.0,8.527600
283,-1,1054.0,289.0,56.7,128.6,55.150002
283,-1,1104.0,304.0,61.5,139.6,44.535000
283,-1,1180.0,296.0,43.6,99.0,36.344002
283,-1,66.0,285.0,40.1,91.0,31.264000
283,-1,890.0,282.0,67.5,153.1,25.858999
283,-1,393.0,272.0,103.2,234.1,17.497000
283,-1,206.0,305.0,52.0,118.0,16.902000
283,-1,1409.0,254.0,270.8,614.6,16.556999
283,-1,945.0,162.0,43.6,99.0,11.550000
283,-1,958.0,269.0,43.6,99.0,10.995000
283,-1,1006.0,251.0,47.8,108.5,6.664000
283,-1,779.0,305.0,26.0,59.0,0.434050
284,-1,1054.0,289.0,56.7,128.6,55.653000
284,-1,1095.0,304.0,61.5,139.6,50.438999
284,-1,1168.0,295.0,47.8,108.5,39.325001
284,-1,883.0,274.0,73.9,167.6,25.809999
284,-1,943.0,167.0,40.1,91.0,22.523001
284,-1,1409.0,254.0,270.8,614.6,21.448000
284,-1,60.0,291.0,40.1,91.0,19.499001
284,-1,771.0,305.0,26.0,59.0,17.931000
284,-1,943.0,295.0,61.5,139.6,17.431000
284,-1,592.0,272.0,87.8,199.3,11.816000
284,-1,389.0,279.0,94.7,214.8,10.831000
284,-1,715.0,293.0,26.0,59.0,9.329300
284,-1,1037.0,84.0,33.7,76.6,8.672600
285,-1,1045.0,289.0,56.7,128.6,52.301998
285,-1,1095.0,304.0,61.5,139.6,49.048000
285,-1,1166.0,296.0,43.6,99.0,34.495998
285,-1,182.0,305.0,52.0,118.0,23.733000
285,-1,1409.0,254.0,270.8,614.6,23.596001
285,-1,872.0,274.0,73.9,167.6,21.035999
285,-1,937.0,167.0,40.1,91.0,19.461000
285,-1,54.0,291.0,40.1,91.0,18.445999
285,-1,940.0,297.0,56.7,128.6,16.171000
285,-1,377.0,272.0,103.2,234.1,15.934000
285,-1,1026.0,68.0,43.6,99.0,13.044000
285,-1,763.0,305.0,26.0,59.0,10.046000
286,-1,1095.0,304.0,61.5,139.6,43.674999
286,-1,1166.0,296.0,43.6,99.0,29.743999
286,-1,1036.0,289.0,56.7,128.6,23.673000
286,-1,1409.0,254.0,270.8,614.6,23.590000
286,-1,931.0,169.0,43.6,99.0,22.801001
286,-1,1026.0,61.0,43.6,99.0,16.198000
286,-1,880.0,282.0,67.5,153.1,15.280000
287,-1,925.0,174.0,40.1,91.0,38.362999
287,-1,1085.0,304.0,61.5,139.6,36.825001
287,-1,1028.0,289.0,56.7,128.6,28.466999
287,-1,1409.0,254.0,270.8,614.6,28.416000
287,-1,1017.0,62.0,40.1,91.0,21.275999
287,-1,361.0,272.0,103.2,234.1,12.375000
287,-1,869.0,282.0,67.5,153.1,5.696300
288,-1,1095.0,295.0,61.5,139.6,44.009998
288,-1,1036.0,289.0,56.7,128.6,31.583000
288,-1,1432.0,449.0,207.4,470.7,26.511000
288,-1,930.0,170.0,36.7,83.3,26.503000
288,-1,1017.0,69.0,40.1,91.0,23.561001
288,-1,1160.0,289.0,43.6,99.0,22.181999
288,-1,345.0,246.0,113.4,257.3,22.000999
288,-1,869.0,282.0,67.5,153.1,21.580000
288,-1,551.0,256.0,103.2,234.1,18.820000
288,-1,164.0,297.0,56.7,128.6,16.004000
288,-1,35.0,291.0,40.1,91.0,13.445000
289,-1,1095.0,295.0,61.5,139.6,40.521000
289,-1,930.0,170.0,36.7,83.3,25.160999
289,-1,1409.0,296.0,270.8,614.6,23.506001
289,-1,1161.0,287.0,47.8,108.5,22.207001
289,-1,1021.0,73.0,33.7,76.6,18.016001
289,-1,1036.0,280.0,56.7,128.6,12.722000
289,-1,992.0,249.0,43.6,99.0,12.385000
289,-1,1659.0,296.0,270.8,614.6,11.719000
289,-1,361.0,272.0,103.2,234.1,4.741600
290,-1,1036.0,280.0,56.7,128.6,58.547001
290,-1,1087.0,292.0,67.5,153.1,55.952000
290,-1,345.0,246.0,113.4,257.3,28.118000
290,-1,1160.0,289.0,43.6,99.0,23.558001
290,-1,25.0,283.0,43.6,99.0,23.496000
290,-1,1409.0,254.0,270.8,614.6,19.612000
290,-1,925.0,161.0,40.1,91.0,18.480000
290,-1,155.0,297.0,56.7,128.6,17.032000
290,-1,859.0,282.0,67.5,153.1,14.828000
290,-1,1012.0,55.0,43.6,99.0,11.075000
290,-1,917.0,240.0,73.9,167.6,4.720700
291,-1,1087.0,282.0,67.5,153.1,51.247002
291,-1,1036.0,280.0,56.7,128.6,45.165001
291,-1,925.0,155.0,40.1,91.0,39.084999
291,-1,1165.0,285.0,40.1,91.0,30.660999
291,-1,158.0,297.0,52.0,118.0,19.632000
291,-1,345.0,256.0,103.2,234.1,19.350000
291,-1,1409.0,254.0,270.8,614.6,9.777700
291,-1,1011.0,56.0,40.1,91.0,8.399000
291,-1,557.0,265.0,47.8,108.5,3.102100
292,-1,1095.0,285.0,61.5,139.6,56.602001
292,-1,155.0,289.0,56.7,128.6,35.412998
292,-1,858.0,276.0,61.5,139.6,34.742001
292,-1,1036.0,271.0,56.7,128.6,33.828999
292,-1,345.0,240.0,103.2,234.1,29.047001
292,-1,1161.0,273.0,47.8,108.5,24.582001
292,-1,925.0,159.0,36.7,83.3,22.243000
292,-1,29.0,285.0,40.1,91.0,18.576000
292,-1,991.0,229.0,47.8,108.5,16.316000
292,-1,123.0,286.0,33.7,76.6,5.044700
292,-1,678.0,271.0,33.7,76.6,3.601200
292,-1,1023.0,44.0,40.1,91.0,1.724900
293,-1,1036.0,262.0,56.7,128.6,53.422001
293,-1,1098.0,271.0,67.5,153.1,46.862000
293,-1,155.0,280.0,56.7,128.6,37.648998
293,-1,123.0,305.0,26.0,59.0,35.346001
293,-1,849.0,263.0,73.9,167.6,33.333000
293,-1,348.0,258.0,87.8,199.3,30.284000
293,-1,1158.0,265.0,52.0,118.0,24.305000
293,-1,925.0,153.0,36.7,83.3,22.409000
293,-1,30.0,286.0,33.7,76.6,18.988001
293,-1,992.0,229.0,43.6,99.0,18.249001
293,-1,1464.0,449.0,207.4,470.7,15.133000
293,-1,679.0,289.0,26.0,59.0,13.790000
293,-1,1018.0,75.0,28.3,64.2,1.881300
293,-1,611.0,276.0,33.7,76.6,0.847870
294,-1,1098.0,271.0,67.5,153.1,61.299999
294,-1,1038.0,265.0,52.0,118.0,43.426998
294,-1,155.0,280.0,56.7,128.6,39.483002
294,-1,123.0,301.0,26.0,59.0,32.393002
294,-1,1166.0,269.0,43.6,99.0,32.145000
294,-1,849.0,252.0,73.9,167.6,32.098999
294,-1,27.0,278.0,36.7,83.3,23.919001
294,-1,342.0,259.0,79.9,181.4,22.114000
294,-1,1012.0,34.0,43.6,99.0,16.941000
294,-1,991.0,221.0,47.8,108.5,16.596001
294,-1,1471.0,445.0,159.8,362.7,15.642000
294,-1,925.0,135.0,43.6,99.0,13.322000
294,-1,520.0,240.0,103.2,234.1,5.824900
295,-1,1098.0,271.0,67.5,153.1,72.349998
295,-1,1036.0,254.0,56.7,128.6,44.223000
295,-1,121.0,297.0,28.3,64.2,35.174000
295,-1,1173.0,278.0,36.7,83.3,30.813999
295,-1,149.0,266.0,61.5,139.6,28.354000
295,-1,1017.0,38.0,40.1,91.0,27.929001
295,-1,849.0,252.0,73.9,167.6,27.087000
295,-1,935.0,145.0,26.0,59.0,24.341000
295,-1,30.0,281.0,33.7,76.6,17.924000
295,-1,790.0,273.0,52.0,118.0,14.355000
295,-1,348.0,245.0,87.8,199.3,13.965000
295,-1,1464.0,417.0,207.4,470.7,12.867000
295,-1,520.0,240.0,103.2,234.1,3.228300
296,-1,1098.0,271.0,67.5,153.1,66.004997
296,-1,1045.0,254.0,56.7,128.6,46.515999
296,-1,849.0,252.0,73.9,167.6,29.452000
296,-1,155.0,271.0,56.7,128.6,28.180000
296,-1,1166.0,269.0,43.6,99.0,25.400999
296,-1,925.0,143.0,40.1,91.0,22.284000
296,-1,23.0,272.0,40.1,91.0,21.964001
296,-1,782.0,265.0,52.0,118.0,20.858999
296,-1,679.0,281.0,26.0,59.0,17.386000
296,-1,992.0,222.0,43.6,99.0,14.552000
296,-1,374.0,241.0,52.0,118.0,13.531000
296,-1,1017.0,38.0,40.1,91.0,12.371000
296,-1,125.0,297.0,28.3,64.2,11.502000
296,-1,699.0,265.0,26.0,59.0,10.160000
296,-1,921.0,251.0,67.5,153.1,5.954400
296,-1,730.0,289.0,43.6,99.0,2.933400
297,-1,1108.0,261.0,67.5,153.1,49.311001
297,-1,1045.0,254.0,56.7,128.6,45.573002
297,-1,155.0,271.0,56.7,128.6,39.776001
297,-1,1168.0,258.0,47.8,108.5,33.917000
297,-1,921.0,251.0,67.5,153.1,24.993000
297,-1,374.0,241.0,52.0,118.0,20.974001
297,-1,925.0,135.0,43.6,99.0,20.525999
297,-1,1464.0,449.0,207.4,470.7,19.280001
297,-1,1023.0,32.0,40.1,91.0,18.667999
297,-1,30.0,276.0,33.7,76.6,17.680000
297,-1,991.0,214.0,47.8,108.5,17.177000
297,-1,838.0,240.0,73.9,167.6,10.240000
297,-1,268.0,198.0,79.9,181.4,8.910400
297,-1,473.0,253.0,28.3,64.2,8.050600
298,-1,1108.0,261.0,67.5,153.1,46.488998
298,-1,1045.0,254.0,56.7,128.6,42.513000
298,-1,936.0,142.0,36.7,83.3,29.436001
298,-1,921.0,251.0,67.5,153.1,25.861000
298,-1,18.0,256.0,43.6,99.0,24.732000
298,-1,1173.0,262.0,43.6,99.0,24.561001
298,-1,849.0,252.0,73.9,167.6,23.306000
298,-1,146.0,271.0,56.7,128.6,23.305000
298,-1,345.0,235.0,94.7,214.8,13.801000
298,-1,473.0,253.0,28.3,64.2,9.873000
298,-1,991.0,214.0,47.8,108.5,8.094000
299,-1,1104.0,276.0,61.5,139.6,52.882000
299,-1,931.0,137.0,40.1,91.0,37.520000
299,-1,1045.0,254.0,56.7,128.6,36.293999
299,-1,1178.0,266.0,40.1,91.0,24.582001
299,-1,862.0,313.0,52.0,118.0,22.503000
299,-1,1021.0,40.0,36.7,83.3,20.771999
299,-1,921.0,251.0,67.5,153.1,17.232000
299,-1,146.0,271.0,56.7,128.6,17.129999
299,-1,17.0,260.0,40.1,91.0,14.428000
299,-1,774.0,265.0,52.0,118.0,11.200000
299,-1,469.0,253.0,30.9,70.1,8.524900
299,-1,1450.0,254.0,270.8,614.6,4.091300
300,-1,1108.0,261.0,67.5,153.1,50.833000
300,-1,1045.0,254.0,56.7,128.6,37.240002
300,-1,1173.0,262.0,43.6,99.0,26.750999
300,-1,933.0,146.0,33.7,76.6,26.106001
300,-1,923.0,262.0,56.7,128.6,24.898001
300,-1,335.0,245.0,87.8,199.3,22.084999
300,-1,146.0,271.0,56.7,128.6,17.461000
300,-1,848.0,251.0,67.5,153.1,15.477000
300,-1,1023.0,32.0,40.1,91.0,14.199000
300,-1,25.0,271.0,33.7,76.6,12.553000
300,-1,766.0,254.0,56.7,128.6,10.254000
300,-1,469.0,248.0,30.9,70.1,4.317300
301,-1,1108.0,261.0,67.5,153.1,46.292999
301,-1,925.0,135.0,43.6,99.0,32.658001
301,-1,1038.0,257.0,61.5,139.6,26.681999
301,-1,853.0,315.0,56.7,128.6,23.721001
301,-1,1168.0,265.0,47.8,108.5,17.945999
301,-1,1012.0,21.0,43.6,99.0,17.478001
301,-1,137.0,271.0,56.7,128.6,10.958000
301,-1,992.0,222.0,43.6,99.0,10.479000
301,-1,335.0,231.0,87.8,199.3,10.135000
301,-1,518.0,241.0,52.0,118.0,8.797200
302,-1,1108.0,261.0,67.5,153.1,50.766998
302,-1,1036.0,254.0,56.7,128.6,43.667999
302,-1,1168.0,258.0,47.8,108.5,34.993000
302,-1,276.0,285.0,40.1,91.0,26.322001
302,-1,504.0,236.0,56.7,128.6,22.441000
302,-1,1017.0,38.0,40.1,91.0,16.339001
302,-1,853.0,306.0,56.7,128.6,15.726000
302,-1,465.0,248.0,30.9,70.1,14.434000
302,-1,918.0,273.0,52.0,118.0,13.092000
302,-1,350.0,233.0,52.0,118.0,12.780000
302,-1,992.0,222.0,43.6,99.0,12.672000
302,-1,137.0,271.0,56.7,128.6,11.958000
302,-1,90.0,288.0,28.3,64.2,11.572000
302,-1,14.0,271.0,33.7,76.6,8.596700
302,-1,925.0,128.0,43.6,99.0,3.418700
303,-1,1108.0,261.0,67.5,153.1,52.841999
303,-1,1036.0,254.0,56.7,128.6,39.055000
303,-1,925.0,137.0,40.1,91.0,36.928001
303,-1,1017.0,32.0,40.1,91.0,34.959999
303,-1,280.0,211.0,123.4,280.1,20.302999
303,-1,1173.0,278.0,36.7,83.3,18.219000
303,-1,992.0,222.0,43.6,99.0,10.686000
303,-1,1450.0,338.0,270.8,614.6,10.519000
303,-1,502.0,241.0,52.0,118.0,10.452000
304,-1,1036.0,254.0,56.7,128.6,47.507000
304,-1,1108.0,261.0,67.5,153.1,43.928001
304,-1,1166.0,262.0,43.6,99.0,32.346001
304,-1,1017.0,32.0,40.1,91.0,20.590000
304,-1,931.0,170.0,28.3,64.2,18.482000
304,-1,494.0,241.0,52.0,118.0,18.084000
304,-1,270.0,265.0,47.8,108.5,17.964001
304,-1,463.0,257.0,26.0,59.0,17.787001
304,-1,129.0,271.0,56.7,128.6,15.573000
304,-1,5.0,260.0,40.1,91.0,13.952000
304,-1,931.0,145.0,26.0,59.0,10.656000
304,-1,710.0,250.0,33.7,76.6,0.448900
305,-1,1036.0,262.0,56.7,128.6,53.855000
305,-1,1104.0,276.0,61.5,139.6,41.842999
305,-1,1161.0,265.0,47.8,108.5,38.262001
305,-1,264.0,289.0,36.7,83.3,34.183998
305,-1,80.0,277.0,30.9,70.1,32.685001
305,-1,111.0,257.0,61.5,139.6,19.882999
305,-1,487.0,236.0,56.7,128.6,18.096001
305,-1,1012.0,28.0,43.6,99.0,17.181000
305,-1,-2.0,260.0,40.1,91.0,15.420000
305,-1,334.0,233.0,52.0,118.0,13.179000
305,-1,927.0,145.0,26.0,59.0,12.990000
305,-1,931.0,173.0,26.0,59.0,11.626000
305,-1,918.0,273.0,52.0,118.0,8.803600
305,-1,460.0,253.0,28.3,64.2,7.906300
305,-1,903.0,237.0,26.0,59.0,4.996000
306,-1,1036.0,262.0,56.7,128.6,57.189999
306,-1,1104.0,276.0,61.5,139.6,51.316002
306,-1,1161.0,258.0,47.8,108.5,45.990002
306,-1,258.0,283.0,36.7,83.3,42.001999
306,-1,72.0,261.0,36.7,83.3,25.839001
306,-1,919.0,142.0,36.7,83.3,23.702999
306,-1,478.0,236.0,56.7,128.6,18.393999
306,-1,815.0,252.0,73.9,167.6,18.247999
306,-1,247.0,289.0,36.7,83.3,16.818001
306,-1,1019.0,65.0,26.0,59.0,16.691999
306,-1,111.0,262.0,56.7,128.6,15.514000
306,-1,985.0,222.0,43.6,99.0,12.310000
306,-1,-8.0,260.0,40.1,91.0,9.116900
307,-1,1028.0,254.0,56.7,128.6,56.799000
307,-1,1104.0,276.0,61.5,139.6,52.567001
307,-1,241.0,283.0,36.7,83.3,42.027000
307,-1,1153.0,258.0,47.8,108.5,39.743999
307,-1,804.0,240.0,73.9,167.6,24.868000
307,-1,1004.0,35.0,36.7,83.3,23.261999
307,-1,913.0,142.0,36.7,83.3,22.575001
307,-1,49.0,261.0,36.7,83.3,22.368999
307,-1,460.0,236.0,56.7,128.6,22.166000
307,-1,102.0,257.0,61.5,139.6,19.684000
307,-1,896.0,257.0,61.5,139.6,16.919001
307,-1,716.0,257.0,61.5,139.6,16.737000
307,-1,972.0,222.0,43.6,99.0,14.211000
307,-1,268.0,235.0,79.9,181.4,5.880100
308,-1,1019.0,254.0,56.7,128.6,51.980000
308,-1,1150.0,257.0,52.0,118.0,46.805000
308,-1,230.0,283.0,36.7,83.3,43.855999
308,-1,1095.0,276.0,61.5,139.6,40.660999
308,-1,469.0,243.0,47.8,108.5,28.122999
308,-1,999.0,25.0,40.1,91.0,23.844000
308,-1,818.0,315.0,56.7,128.6,23.607000
308,-1,915.0,141.0,26.0,59.0,22.624001
308,-1,92.0,257.0,61.5,139.6,19.462999
308,-1,797.0,251.0,67.5,153.1,16.723000
308,-1,44.0,261.0,36.7,83.3,15.095000
308,-1,1450.0,254.0,270.8,614.6,14.862000
308,-1,443.0,249.0,26.0,59.0,14.452000
308,-1,887.0,237.0,26.0,59.0,12.022000
308,-1,969.0,214.0,47.8,108.5,10.997000
308,-1,655.0,273.0,26.0,59.0,10.480000
308,-1,896.0,257.0,61.5,139.6,9.638900
308,-1,291.0,210.0,61.5,139.6,8.143500
308,-1,1701.0,296.0,270.8,614.6,7.152200
308,-1,454.0,236.0,47.8,108.5,5.837000
308,-1,698.0,235.0,79.9,181.4,4.634500
308,-1,243.0,235.0,79.9,181.4,2.393600
309,-1,1019.0,257.0,61.5,139.6,53.421001
309,-1,1095.0,276.0,61.5,139.6,52.209999
309,-1,1146.0,258.0,47.8,108.5,36.575001
309,-1,42.0,275.0,28.3,64.2,29.877001
309,-1,224.0,283.0,36.7,83.3,28.965000
309,-1,443.0,228.0,56.7,128.6,25.541000
309,-1,792.0,240.0,73.9,167.6,20.320999
309,-1,879.0,233.0,26.0,59.0,18.497000
309,-1,911.0,141.0,26.0,59.0,17.447001
309,-1,651.0,273.0,26.0,59.0,17.150000
309,-1,999.0,32.0,40.1,91.0,15.046000
309,-1,962.0,223.0,40.1,91.0,14.929000
309,-1,83.0,257.0,61.5,139.6,14.116000
309,-1,1450.0,254.0,270.8,614.6,12.830000
309,-1,897.0,262.0,56.7,128.6,11.215000
309,-1,707.0,257.0,61.5,139.6,6.134900
309,-1,211.0,286.0,33.7,76.6,3.844800
310,-1,1146.0,265.0,47.8,108.5,46.646000
310,-1,1095.0,276.0,61.5,139.6,46.187000
310,-1,1019.0,257.0,61.5,139.6,44.622002
310,-1,438.0,241.0,52.0,118.0,35.338001
310,-1,213.0,283.0,36.7,83.3,29.039000
310,-1,34.0,279.0,28.3,64.2,26.245001
310,-1,965.0,222.0,43.6,99.0,19.530001
310,-1,73.0,257.0,61.5,139.6,17.740000
310,-1,878.0,236.0,28.3,64.2,16.666000
310,-1,894.0,273.0,52.0,118.0,15.880000
310,-1,992.0,32.0,40.1,91.0,15.822000
310,-1,1450.0,254.0,270.8,614.6,14.835000
310,-1,191.0,291.0,33.7,76.6,11.489000
310,-1,896.0,126.0,47.8,108.5,10.873000
311,-1,27.0,272.0,36.7,83.3,51.209999
311,-1,1146.0,276.0,43.6,99.0,47.526001
311,-1,1010.0,257.0,61.5,139.6,44.976002
311,-1,1095.0,276.0,61.5,139.6,37.964001
311,-1,434.0,236.0,56.7,128.6,33.023998
311,-1,208.0,289.0,36.7,83.3,30.503000
311,-1,962.0,221.0,47.8,108.5,22.718000
311,-1,802.0,314.0,61.5,139.6,19.836000
311,-1,883.0,240.0,73.9,167.6,17.170000
311,-1,73.0,257.0,61.5,139.6,14.986000
311,-1,992.0,62.0,28.3,64.2,14.215000
311,-1,1450.0,254.0,270.8,614.6,13.930000
311,-1,903.0,145.0,26.0,59.0,10.652000
311,-1,674.0,235.0,79.9,181.4,3.879800
311,-1,272.0,219.0,61.5,139.6,3.322000
311,-1,869.0,238.0,30.9,70.1,2.422100
312,-1,1146.0,273.0,47.8,108.5,52.543999
312,-1,1010.0,266.0,61.5,139.6,45.613998
312,-1,25.0,292.0,28.3,64.2,42.632999
312,-1,1095.0,276.0,61.5,139.6,38.801998
312,-1,425.0,245.0,56.7,128.6,24.025000
312,-1,64.0,266.0,61.5,139.6,23.091999
312,-1,1450.0,254.0,270.8,614.6,18.997999
312,-1,903.0,153.0,26.0,59.0,18.759001
312,-1,992.0,40.0,36.7,83.3,17.292000
312,-1,198.0,205.0,146.6,332.7,9.115100
312,-1,888.0,280.0,56.7,128.6,5.471000
313,-1,1095.0,276.0,61.5,139.6,47.520000
313,-1,430.0,249.0,52.0,118.0,29.007000
313,-1,887.0,149.0,40.1,91.0,25.402000
313,-1,1010.0,266.0,61.5,139.6,21.111000
313,-1,1146.0,269.0,43.6,99.0,17.377001
313,-1,1450.0,254.0,270.8,614.6,17.145000
313,-1,781.0,252.0,73.9,167.6,13.344000
313,-1,991.0,23.0,47.8,108.5,11.017000
313,-1,277.0,236.0,56.7,128.6,6.657200
314,-1,1095.0,285.0,61.5,139.6,45.851002
314,-1,430.0,257.0,52.0,118.0,43.055000
314,-1,1010.0,266.0,61.5,139.6,34.817001
314,-1,1146.0,273.0,47.8,108.5,27.549000
314,-1,958.0,225.0,52.0,118.0,25.413000
314,-1,1450.0,254.0,270.8,614.6,18.180000
314,-1,977.0,23.0,47.8,108.5,14.713000
314,-1,781.0,263.0,73.9,167.6,11.710000
314,-1,896.0,159.0,36.7,83.3,4.499600
314,-1,270.0,249.0,52.0,118.0,4.404500
315,-1,1146.0,280.0,47.8,108.5,52.595001
315,-1,425.0,254.0,56.7,128.6,47.373001
315,-1,1010.0,266.0,61.5,139.6,38.862000
315,-1,1095.0,285.0,61.5,139.6,36.797001
315,-1,986.0,44.0,40.1,91.0,23.964001
315,-1,18.0,296.0,30.9,70.1,23.120001
315,-1,894.0,155.0,40.1,91.0,18.443001
315,-1,1506.0,500.0,189.3,429.6,15.080000
315,-1,268.0,236.0,56.7,128.6,14.986000
315,-1,202.0,256.0,103.2,234.1,14.425000
315,-1,64.0,285.0,61.5,139.6,9.201200
315,-1,894.0,289.0,52.0,118.0,5.009200
316,-1,1153.0,280.0,47.8,108.5,51.834000
316,-1,900.0,155.0,40.1,91.0,43.949001
316,-1,1104.0,285.0,61.5,139.6,43.870998
316,-1,1019.0,266.0,61.5,139.6,36.575001
316,-1,425.0,254.0,56.7,128.6,32.169998
316,-1,21.0,305.0,28.3,64.2,31.656000
316,-1,992.0,44.0,40.1,91.0,19.230000
316,-1,64.0,285.0,61.5,139.6,16.332001
316,-1,226.0,272.0,87.8,199.3,15.188000
316,-1,792.0,323.0,61.5,139.6,14.736000
316,-1,1492.0,296.0,270.8,614.6,9.809700
317,-1,1161.0,280.0,47.8,108.5,43.897999
317,-1,1108.0,282.0,67.5,153.1,42.542000
317,-1,425.0,254.0,56.7,128.6,40.917999
317,-1,1019.0,266.0,61.5,139.6,40.430000
317,-1,991.0,23.0,47.8,108.5,28.336000
317,-1,906.0,155.0,40.1,91.0,23.594000
317,-1,1535.0,489.0,175.7,398.6,13.043000
317,-1,974.0,225.0,52.0,118.0,10.031000
317,-1,76.0,289.0,56.7,128.6,9.290300
317,-1,786.0,323.0,67.5,153.1,7.053900
317,-1,723.0,293.0,26.0,59.0,6.755300
317,-1,215.0,279.0,94.7,214.8,0.920470
317,-1,831.0,273.0,26.0,59.0,0.553810
318,-1,1114.0,285.0,61.5,139.6,54.817001
318,-1,1029.0,266.0,61.5,139.6,44.319000
318,-1,1168.0,280.0,47.8,108.5,43.327999
318,-1,906.0,155.0,40.1,91.0,35.429001
318,-1,430.0,257.0,52.0,118.0,33.816002
318,-1,999.0,38.0,40.1,91.0,12.791000
318,-1,977.0,229.0,47.8,108.5,10.243000
318,-1,1492.0,296.0,270.8,614.6,9.447800
318,-1,292.0,229.0,47.8,108.5,2.381600
319,-1,1038.0,266.0,61.5,139.6,44.986000
319,-1,425.0,254.0,56.7,128.6,42.564999
319,-1,1175.0,273.0,47.8,108.5,40.228001
319,-1,1123.0,276.0,61.5,139.6,38.139000
319,-1,1005.0,38.0,40.1,91.0,27.907000
319,-1,977.0,229.0,47.8,108.5,20.738001
319,-1,913.0,153.0,36.7,83.3,19.584999
319,-1,34.0,305.0,28.3,64.2,18.277000
319,-1,731.0,285.0,26.0,59.0,14.696000
319,-1,70.0,271.0,67.5,153.1,10.920000
319,-1,200.0,265.0,94.7,214.8,9.869300
319,-1,783.0,323.0,61.5,139.6,7.349700
319,-1,399.0,254.0,56.7,128.6,6.760200
319,-1,910.0,289.0,52.0,118.0,3.625400
320,-1,1123.0,276.0,61.5,139.6,48.546001
320,-1,35.0,305.0,26.0,59.0,42.460999
320,-1,408.0,254.0,56.7,128.6,41.984001
320,-1,919.0,153.0,36.7,83.3,39.756001
320,-1,1038.0,266.0,61.5,139.6,31.650999
320,-1,1562.0,489.0,175.7,398.6,28.893000
320,-1,1180.0,269.0,43.6,99.0,24.782000
320,-1,1006.0,23.0,47.8,108.5,22.608000
320,-1,425.0,245.0,56.7,128.6,22.020000
320,-1,186.0,256.0,103.2,234.1,18.825001
320,-1,776.0,313.0,67.5,153.1,13.004000
321,-1,1183.0,265.0,47.8,108.5,44.278000
321,-1,1123.0,276.0,61.5,139.6,40.896999
321,-1,1038.0,266.0,61.5,139.6,38.554001
321,-1,414.0,248.0,61.5,139.6,36.646999
321,-1,919.0,148.0,36.7,83.3,31.757000
321,-1,1528.0,449.0,207.4,470.7,26.698999
321,-1,186.0,256.0,103.2,234.1,22.393999
321,-1,83.0,276.0,61.5,139.6,19.521000
321,-1,1011.0,38.0,40.1,91.0,19.339001
321,-1,27.0,283.0,36.7,83.3,12.548000
321,-1,300.0,229.0,47.8,108.5,3.568200
321,-1,658.0,265.0,33.7,76.6,3.269300
321,-1,990.0,217.0,52.0,118.0,1.699800
321,-1,1019.0,17.0,26.0,59.0,1.144200
322,-1,1133.0,276.0,61.5,139.6,47.005001
322,-1,1048.0,257.0,61.5,139.6,46.320999
322,-1,83.0,276.0,61.5,139.6,46.306000
322,-1,1187.0,276.0,43.6,99.0,38.192001
322,-1,417.0,245.0,56.7,128.6,37.712002
322,-1,925.0,142.0,36.7,83.3,31.695999
322,-1,186.0,240.0,103.2,234.1,30.881001
322,-1,1560.0,449.0,207.4,470.7,21.370001
322,-1,32.0,278.0,36.7,83.3,21.225000
322,-1,1019.0,21.0,43.6,99.0,20.232000
322,-1,783.0,380.0,61.5,139.6,16.962000
322,-1,668.0,265.0,33.7,76.6,15.140000
322,-1,991.0,221.0,47.8,108.5,12.221000
322,-1,740.0,267.0,30.9,70.1,11.678000
323,-1,1048.0,257.0,61.5,139.6,55.569000
323,-1,1190.0,265.0,47.8,108.5,46.002998
323,-1,83.0,276.0,61.5,139.6,43.171001
323,-1,414.0,238.0,61.5,139.6,42.533001
323,-1,1133.0,266.0,61.5,139.6,40.556999
323,-1,1017.0,25.0,40.1,91.0,28.209000
323,-1,925.0,142.0,36.7,83.3,25.230000
323,-1,1560.0,449.0,207.4,470.7,22.756001
323,-1,171.0,240.0,103.2,234.1,21.551001
323,-1,886.0,233.0,52.0,118.0,19.780001
323,-1,32.0,289.0,36.7,83.3,18.194000
323,-1,991.0,221.0,47.8,108.5,17.981001
323,-1,679.0,277.0,26.0,59.0,17.042999
324,-1,83.0,276.0,61.5,139.6,50.035000
324,-1,1142.0,266.0,61.5,139.6,44.345001
324,-1,1017.0,25.0,40.1,91.0,39.387001
324,-1,408.0,245.0,56.7,128.6,37.441002
324,-1,1197.0,265.0,47.8,108.5,34.647999
324,-1,1046.0,251.0,67.5,153.1,28.742001
324,-1,925.0,142.0,36.7,83.3,26.069000
324,-1,991.0,221.0,47.8,108.5,24.482000
324,-1,32.0,278.0,36.7,83.3,23.479000
324,-1,886.0,233.0,52.0,118.0,20.287001
324,-1,171.0,240.0,103.2,234.1,16.990999
324,-1,314.0,221.0,47.8,108.5,10.974000
324,-1,747.0,281.0,26.0,59.0,8.304200
324,-1,1562.0,457.0,226.7,514.5,6.708700
325,-1,414.0,238.0,61.5,139.6,48.431000
325,-1,1198.0,257.0,52.0,118.0,44.388000
325,-1,1142.0,266.0,61.5,139.6,40.369999
325,-1,83.0,276.0,61.5,139.6,32.602001
325,-1,1046.0,251.0,67.5,153.1,26.978001
325,-1,32.0,278.0,36.7,83.3,26.518999
325,-1,1014.0,1.0,52.0,118.0,15.616000
325,-1,153.0,211.0,113.4,257.3,13.472000
325,-1,674.0,262.0,30.9,70.1,12.416000
325,-1,388.0,243.0,47.8,108.5,7.472800
325,-1,886.0,233.0,52.0,118.0,5.577300
325,-1,710.0,255.0,36.7,83.3,4.684400
325,-1,985.0,216.0,43.6,99.0,4.418200
325,-1,925.0,126.0,47.8,108.5,4.358000
326,-1,1149.0,261.0,67.5,153.1,43.368999
326,-1,1207.0,269.0,43.6,99.0,43.126999
326,-1,1057.0,257.0,61.5,139.6,42.348000
326,-1,414.0,238.0,61.5,139.6,40.445999
326,-1,92.0,276.0,61.5,139.6,37.511002
326,-1,25.0,276.0,43.6,99.0,35.868999
326,-1,998.0,217.0,52.0,118.0,33.533001
326,-1,1021.0,8.0,47.8,108.5,24.674999
326,-1,390.0,241.0,52.0,118.0,20.132999
326,-1,931.0,143.0,40.1,91.0,18.000999
326,-1,147.0,211.0,123.4,280.1,14.177000
326,-1,314.0,229.0,47.8,108.5,8.581500
326,-1,674.0,262.0,30.9,70.1,5.284900
326,-1,693.0,267.0,30.9,70.1,0.415350
327,-1,1149.0,261.0,67.5,153.1,42.944000
327,-1,80.0,271.0,67.5,153.1,31.663000
327,-1,1057.0,257.0,61.5,139.6,29.613001
327,-1,399.0,245.0,56.7,128.6,28.302000
327,-1,1218.0,283.0,36.7,83.3,27.841999
327,-1,423.0,230.0,67.5,153.1,25.801001
327,-1,153.0,229.0,113.4,257.3,25.346001
327,-1,1026.0,21.0,43.6,99.0,22.708000
327,-1,936.0,148.0,36.7,83.3,19.379999
327,-1,1006.0,221.0,47.8,108.5,15.640000
327,-1,318.0,225.0,52.0,118.0,11.838000
327,-1,1597.0,457.0,226.7,514.5,10.324000
327,-1,29.0,278.0,40.1,91.0,9.625700
328,-1,1161.0,276.0,61.5,139.6,36.175999
328,-1,80.0,271.0,67.5,153.1,27.872000
328,-1,170.0,229.0,113.4,257.3,24.870001
328,-1,1218.0,289.0,36.7,83.3,23.018000
328,-1,423.0,248.0,61.5,139.6,21.270000
328,-1,1006.0,229.0,47.8,108.5,19.344000
328,-1,1057.0,27.0,28.3,64.2,13.410000
328,-1,1022.0,9.0,52.0,118.0,12.863000
328,-1,1066.0,266.0,61.5,139.6,10.811000
328,-1,1597.0,457.0,226.7,514.5,10.658000
328,-1,992.0,222.0,43.6,99.0,6.867700
328,-1,915.0,241.0,26.0,59.0,6.680500
328,-1,684.0,254.0,40.1,91.0,6.211800
