1,1,415,449,129,269,1,-1,-1.000000
1,2,581,443,97,269,1,-1,-1.000000
1,3,1347,415,153,377,1,-1,-1.000000
1,4,1429,423,161,339,1,-1,-1.000000
1,5,621,459,79,193,1,-1,-1.000000
1,10,473,453,103,261,1,-1,-1.000000
1,16,541,459,43,99,1,-1,-1.000000
1,18,1365,429,49,139,1,-1,-1.000000
1,19,1249,443,43,105,1,-1,-1.000000
1,20,1015,431,47,119,1,-1,-1.000000
1,22,975,457,37,79,1,-1,-1.000000
2,1,413,449,131,269,1,-1,-1.000000
2,2,579,443,97,269,1,-1,-1.000000
2,3,1353,413,155,379,1,-1,-1.000000
2,4,1437,421,157,341,1,-1,-1.000000
2,5,621,457,79,195,1,-1,-1.000000
2,10,473,451,103,263,1,-1,-1.000000
2,16,539,459,43,99,1,-1,-1.000000
2,18,1367,427,49,139,1,-1,-1.000000
2,19,1249,443,43,105,1,-1,-1.000000
2,20,1013,431,47,119,1,-1,-1.000000
2,22,975,455,37,81,1,-1,-1.000000
3,1,413,449,133,269,1,-1,-1.000000
3,2,579,443,97,269,1,-1,-1.000000
3,3,1359,413,157,381,1,-1,-1.000000
3,4,1445,421,155,343,1,-1,-1.000000
3,5,621,457,79,195,1,-1,-1.000000
3,10,473,451,103,263,1,-1,-1.000000
3,16,539,459,43,99,1,-1,-1.000000
3,18,1369,427,49,139,1,-1,-1.000000
3,19,1249,443,43,105,1,-1,-1.000000
3,20,1013,431,47,119,1,-1,-1.000000
3,22,975,455,37,81,1,-1,-1.000000
4,1,411,449,137,271,1,-1,-1.000000
4,2,579,443,97,269,1,-1,-1.000000
4,3,1365,413,159,381,1,-1,-1.000000
4,4,1453,421,153,345,1,-1,-1.000000
4,5,621,457,81,195,1,-1,-1.000000
4,10,473,451,103,263,1,-1,-1.000000
4,16,539,459,43,99,1,-1,-1.000000
4,18,1371,427,49,139,1,-1,-1.000000
4,19,1249,443,43,105,1,-1,-1.000000
4,20,1013,431,47,119,1,-1,-1.000000
4,22,977,455,37,81,1,-1,-1.000000
5,1,411,449,139,271,1,-1,-1.000000
5,2,579,443,97,269,1,-1,-1.000000
5,3,1373,413,161,383,1,-1,-1.000000
5,4,1463,421,149,345,1,-1,-1.000000
5,5,623,457,79,197,1,-1,-1.000000
5,10,473,451,103,263,1,-1,-1.000000
5,16,539,459,43,99,1,-1,-1.000000
5,18,1375,427,49,139,1,-1,-1.000000
5,19,1249,443,43,105,1,-1,-1.000000
5,20,1013,431,47,119,1,-1,-1.000000
5,22,977,455,37,81,1,-1,-1.000000
6,1,411,449,141,271,1,-1,-1.000000
6,2,579,443,97,269,1,-1,-1.000000
6,3,1379,413,163,385,1,-1,-1.000000
6,4,1471,421,147,347,1,-1,-1.000000
6,5,623,457,79,197,1,-1,-1.000000
6,10,473,451,103,263,1,-1,-1.000000
6,16,539,459,43,99,1,-1,-1.000000
6,18,1377,427,49,139,1,-1,-1.000000
6,19,1249,443,43,105,1,-1,-1.000000
6,20,1013,431,47,119,1,-1,-1.000000
6,22,979,455,37,81,1,-1,-1.000000
7,1,409,449,145,273,1,-1,-1.000000
7,2,579,443,97,269,1,-1,-1.000000
7,3,1385,413,165,385,1,-1,-1.000000
7,4,1479,421,143,349,1,-1,-1.000000
7,5,623,457,81,197,1,-1,-1.000000
7,10,473,451,105,265,1,-1,-1.000000
7,16,537,459,43,99,1,-1,-1.000000
7,18,1379,427,49,139,1,-1,-1.000000
7,19,1249,443,43,105,1,-1,-1.000000
7,20,1013,431,47,119,1,-1,-1.000000
7,22,979,455,37,81,1,-1,-1.000000
8,1,409,449,147,273,1,-1,-1.000000
8,2,579,443,97,269,1,-1,-1.000000
8,3,1391,413,167,387,1,-1,-1.000000
8,4,1489,421,139,349,1,-1,-1.000000
8,5,623,457,81,199,1,-1,-1.000000
8,10,473,451,105,265,1,-1,-1.000000
8,16,537,459,43,99,1,-1,-1.000000
8,18,1381,427,49,139,1,-1,-1.000000
8,19,1249,443,43,105,1,-1,-1.000000
8,20,1013,431,47,119,1,-1,-1.000000
8,22,981,455,37,81,1,-1,-1.000000
9,1,409,449,149,275,1,-1,-1.000000
9,2,579,443,97,269,1,-1,-1.000000
9,3,1399,413,169,387,1,-1,-1.000000
9,4,1497,421,137,351,1,-1,-1.000000
9,5,625,457,79,199,1,-1,-1.000000
9,10,475,451,103,265,1,-1,-1.000000
9,16,537,459,43,99,1,-1,-1.000000
9,18,1385,427,49,139,1,-1,-1.000000
9,19,1249,443,43,105,1,-1,-1.000000
9,20,1013,431,47,119,1,-1,-1.000000
9,22,981,455,37,81,1,-1,-1.000000
10,1,409,449,149,275,1,-1,-1.000000
10,2,579,443,97,269,1,-1,-1.000000
10,3,1405,413,171,389,1,-1,-1.000000
10,4,1505,421,135,353,1,-1,-1.000000
10,5,625,457,81,199,1,-1,-1.000000
10,10,475,451,103,265,1,-1,-1.000000
10,16,537,459,43,101,1,-1,-1.000000
10,18,1387,427,49,139,1,-1,-1.000000
10,19,1249,443,43,105,1,-1,-1.000000
10,20,1013,431,47,119,1,-1,-1.000000
10,22,981,455,39,81,1,-1,-1.000000
11,1,409,449,149,275,1,-1,-1.000000
11,2,579,443,97,269,1,-1,-1.000000
11,3,1411,413,173,391,1,-1,-1.000000
11,4,1515,421,131,355,1,-1,-1.000000
11,5,625,457,81,199,1,-1,-1.000000
11,10,475,451,103,265,1,-1,-1.000000
11,16,537,459,43,101,1,-1,-1.000000
11,18,1389,427,49,139,1,-1,-1.000000
11,19,1249,443,43,105,1,-1,-1.000000
11,20,1013,433,47,119,1,-1,-1.000000
11,22,983,455,37,81,1,-1,-1.000000
12,1,411,449,147,275,1,-1,-1.000000
12,2,579,443,97,269,1,-1,-1.000000
12,3,1417,413,175,391,1,-1,-1.000000
12,4,1523,419,133,357,1,-1,-1.000000
12,5,625,457,81,201,1,-1,-1.000000
12,10,475,451,103,267,1,-1,-1.000000
12,16,535,459,45,101,1,-1,-1.000000
12,18,1393,427,47,139,1,-1,-1.000000
12,19,1249,443,43,105,1,-1,-1.000000
12,20,1011,433,47,119,1,-1,-1.000000
12,22,983,455,37,81,1,-1,-1.000000
13,1,413,449,143,277,1,-1,-1.000000
13,2,579,443,97,269,1,-1,-1.000000
13,3,1425,413,177,393,1,-1,-1.000000
13,4,1531,419,137,359,1,-1,-1.000000
13,5,627,457,81,201,1,-1,-1.000000
13,10,475,451,105,267,1,-1,-1.000000
13,16,535,459,43,101,1,-1,-1.000000
13,18,1395,427,49,139,1,-1,-1.000000
13,19,1249,443,43,105,1,-1,-1.000000
13,20,1011,433,47,119,1,-1,-1.000000
13,22,985,455,37,81,1,-1,-1.000000
14,1,415,449,141,281,1,-1,-1.000000
14,2,579,443,97,269,1,-1,-1.000000
14,3,1431,413,179,393,1,-1,-1.000000
14,4,1539,419,139,361,1,-1,-1.000000
14,5,627,457,81,201,1,-1,-1.000000
14,10,475,451,105,267,1,-1,-1.000000
14,16,535,459,43,101,1,-1,-1.000000
14,18,1397,427,49,137,1,-1,-1.000000
14,19,1249,443,43,105,1,-1,-1.000000
14,20,1011,433,47,119,1,-1,-1.000000
14,22,985,455,37,81,1,-1,-1.000000
15,1,417,449,139,285,1,-1,-1.000000
15,2,579,441,97,271,1,-1,-1.000000
15,3,1437,413,181,395,1,-1,-1.000000
15,4,1547,419,143,361,1,-1,-1.000000
15,5,627,457,81,203,1,-1,-1.000000
15,10,475,449,105,269,1,-1,-1.000000
15,16,535,459,43,101,1,-1,-1.000000
15,18,1399,427,49,137,1,-1,-1.000000
15,19,1249,443,43,105,1,-1,-1.000000
15,20,1011,433,47,119,1,-1,-1.000000
15,22,987,455,37,81,1,-1,-1.000000
16,1,417,449,139,283,1,-1,-1.000000
16,2,581,441,95,271,1,-1,-1.000000
16,3,1443,413,183,397,1,-1,-1.000000
16,4,1557,419,145,363,1,-1,-1.000000
16,5,627,457,83,203,1,-1,-1.000000
16,10,475,449,105,269,1,-1,-1.000000
16,16,535,459,43,101,1,-1,-1.000000
16,18,1403,427,49,137,1,-1,-1.000000
16,19,1249,443,43,105,1,-1,-1.000000
16,20,1011,433,47,119,1,-1,-1.000000
16,22,987,455,37,81,1,-1,-1.000000
17,1,419,449,137,281,1,-1,-1.000000
17,2,581,441,97,271,1,-1,-1.000000
17,3,1451,413,185,397,1,-1,-1.000000
17,4,1565,417,147,367,1,-1,-1.000000
17,5,629,457,81,203,1,-1,-1.000000
17,10,477,449,103,271,1,-1,-1.000000
17,16,533,459,45,101,1,-1,-1.000000
17,18,1405,427,49,137,1,-1,-1.000000
17,19,1249,443,43,105,1,-1,-1.000000
17,20,1011,433,47,119,1,-1,-1.000000
17,22,989,455,37,81,1,-1,-1.000000
18,1,421,449,137,279,1,-1,-1.000000
18,2,583,441,95,271,1,-1,-1.000000
18,3,1457,413,187,399,1,-1,-1.000000
18,4,1573,417,151,367,1,-1,-1.000000
18,5,629,457,83,205,1,-1,-1.000000
18,10,477,449,103,271,1,-1,-1.000000
18,16,533,459,43,101,1,-1,-1.000000
18,18,1407,427,49,137,1,-1,-1.000000
18,19,1249,443,43,105,1,-1,-1.000000
18,20,1011,433,47,119,1,-1,-1.000000
18,22,989,455,37,81,1,-1,-1.000000
19,1,421,449,137,279,1,-1,-1.000000
19,2,583,441,97,271,1,-1,-1.000000
19,3,1463,413,189,399,1,-1,-1.000000
19,4,1581,417,155,369,1,-1,-1.000000
19,5,629,457,83,205,1,-1,-1.000000
19,10,477,449,105,271,1,-1,-1.000000
19,16,533,459,43,103,1,-1,-1.000000
19,18,1411,427,47,137,1,-1,-1.000000
19,19,1249,443,43,105,1,-1,-1.000000
19,20,1011,433,47,119,1,-1,-1.000000
19,22,989,455,39,81,1,-1,-1.000000
20,1,423,449,137,277,1,-1,-1.000000
20,2,585,441,95,271,1,-1,-1.000000
20,3,1469,413,191,401,1,-1,-1.000000
20,4,1589,417,157,371,1,-1,-1.000000
20,5,631,457,81,205,1,-1,-1.000000
20,10,477,449,105,271,1,-1,-1.000000
20,16,533,459,43,103,1,-1,-1.000000
20,18,1413,427,49,137,1,-1,-1.000000
20,19,1249,443,43,105,1,-1,-1.000000
20,20,1011,433,47,119,1,-1,-1.000000
20,22,991,455,37,81,1,-1,-1.000000
21,1,425,449,135,275,1,-1,-1.000000
21,2,585,441,95,271,1,-1,-1.000000
21,3,1477,413,193,403,1,-1,-1.000000
21,4,1599,417,159,373,1,-1,-1.000000
21,5,631,457,83,205,1,-1,-1.000000
21,10,477,449,105,271,1,-1,-1.000000
21,16,533,459,43,103,1,-1,-1.000000
21,18,1415,427,49,137,1,-1,-1.000000
21,19,1251,443,43,105,1,-1,-1.000000
21,20,1011,435,47,119,1,-1,-1.000000
21,22,991,455,39,81,1,-1,-1.000000
22,1,425,449,135,275,1,-1,-1.000000
22,2,587,441,95,271,1,-1,-1.000000
22,3,1487,411,193,407,1,-1,-1.000000
22,4,1607,415,163,375,1,-1,-1.000000
22,5,631,457,83,207,1,-1,-1.000000
22,10,477,449,105,273,1,-1,-1.000000
22,16,531,459,45,103,1,-1,-1.000000
22,18,1417,427,49,137,1,-1,-1.000000
22,19,1251,443,43,105,1,-1,-1.000000
22,20,1009,435,47,119,1,-1,-1.000000
22,22,993,455,37,81,1,-1,-1.000000
23,1,427,449,135,273,1,-1,-1.000000
23,2,587,441,95,271,1,-1,-1.000000
23,3,1497,409,193,411,1,-1,-1.000000
23,4,1615,415,165,377,1,-1,-1.000000
23,5,631,457,83,207,1,-1,-1.000000
23,10,477,449,105,273,1,-1,-1.000000
23,16,531,459,45,103,1,-1,-1.000000
23,18,1421,427,47,137,1,-1,-1.000000
23,19,1251,443,43,105,1,-1,-1.000000
23,20,1009,435,47,119,1,-1,-1.000000
23,22,993,455,37,81,1,-1,-1.000000
24,1,429,449,133,271,1,-1,-1.000000
24,2,589,439,95,275,1,-1,-1.000000
24,3,1507,407,193,417,1,-1,-1.000000
24,4,1623,415,169,379,1,-1,-1.000000
24,5,633,457,83,207,1,-1,-1.000000
24,10,477,449,105,273,1,-1,-1.000000
24,16,531,459,43,103,1,-1,-1.000000
24,18,1423,427,49,137,1,-1,-1.000000
24,19,1251,443,43,105,1,-1,-1.000000
24,20,1009,435,47,119,1,-1,-1.000000
24,22,995,455,37,81,1,-1,-1.000000
25,1,431,449,133,271,1,-1,-1.000000
25,2,589,439,95,275,1,-1,-1.000000
25,3,1517,405,193,421,1,-1,-1.000000
25,4,1631,415,173,379,1,-1,-1.000000
25,5,633,457,83,209,1,-1,-1.000000
25,10,479,449,105,273,1,-1,-1.000000
25,16,531,459,43,103,1,-1,-1.000000
25,18,1425,427,49,137,1,-1,-1.000000
25,19,1251,443,43,105,1,-1,-1.000000
25,20,1009,435,47,119,1,-1,-1.000000
25,22,995,455,37,81,1,-1,-1.000000
26,1,431,449,135,273,1,-1,-1.000000
26,2,591,439,95,275,1,-1,-1.000000
26,3,1527,405,195,423,1,-1,-1.000000
26,4,1641,415,173,381,1,-1,-1.000000
26,5,633,457,83,209,1,-1,-1.000000
26,10,479,449,105,273,1,-1,-1.000000
26,16,531,459,43,103,1,-1,-1.000000
26,18,1429,427,47,135,1,-1,-1.000000
26,19,1251,443,43,105,1,-1,-1.000000
26,20,1009,435,47,119,1,-1,-1.000000
26,22,997,455,37,81,1,-1,-1.000000
27,1,433,449,135,275,1,-1,-1.000000
27,2,591,439,95,275,1,-1,-1.000000
27,3,1537,403,195,429,1,-1,-1.000000
27,4,1649,413,177,385,1,-1,-1.000000
27,5,633,457,85,209,1,-1,-1.000000
27,10,479,449,105,273,1,-1,-1.000000
27,16,531,459,43,103,1,-1,-1.000000
27,18,1431,427,47,135,1,-1,-1.000000
27,19,1251,443,43,105,1,-1,-1.000000
27,20,1009,435,47,119,1,-1,-1.000000
27,22,997,455,37,81,1,-1,-1.000000
28,1,433,449,139,277,1,-1,-1.000000
28,2,593,439,93,275,1,-1,-1.000000
28,3,1547,401,195,433,1,-1,-1.000000
28,4,1657,413,181,385,1,-1,-1.000000
28,5,635,457,83,209,1,-1,-1.000000
28,10,479,449,105,275,1,-1,-1.000000
28,16,529,459,45,105,1,-1,-1.000000
28,18,1433,427,49,135,1,-1,-1.000000
28,19,1251,443,43,105,1,-1,-1.000000
28,20,1009,435,47,119,1,-1,-1.000000
28,22,997,455,39,81,1,-1,-1.000000
29,1,435,449,139,279,1,-1,-1.000000
29,2,593,439,95,275,1,-1,-1.000000
29,3,1557,399,195,437,1,-1,-1.000000
29,4,1665,413,183,387,1,-1,-1.000000
29,5,635,457,83,211,1,-1,-1.000000
29,10,479,447,105,277,1,-1,-1.000000
29,16,529,459,43,105,1,-1,-1.000000
29,18,1435,427,49,135,1,-1,-1.000000
29,19,1251,443,43,105,1,-1,-1.000000
29,20,1009,435,47,119,1,-1,-1.000000
29,22,999,455,37,81,1,-1,-1.000000
30,1,435,449,141,281,1,-1,-1.000000
30,2,595,439,93,275,1,-1,-1.000000
30,3,1567,397,195,443,1,-1,-1.000000
30,4,1673,413,187,389,1,-1,-1.000000
30,5,635,457,85,211,1,-1,-1.000000
30,10,479,447,107,277,1,-1,-1.000000
30,16,529,459,43,105,1,-1,-1.000000
30,18,1439,427,47,135,1,-1,-1.000000
30,19,1251,443,43,105,1,-1,-1.000000
30,20,1009,435,47,119,1,-1,-1.000000
30,22,999,455,39,81,1,-1,-1.000000
31,1,437,449,143,283,1,-1,-1.000000
31,2,595,439,95,275,1,-1,-1.000000
31,3,1579,397,195,445,1,-1,-1.000000
31,4,1683,413,189,391,1,-1,-1.000000
31,5,635,457,85,211,1,-1,-1.000000
31,10,479,447,107,277,1,-1,-1.000000
31,16,529,459,43,105,1,-1,-1.000000
31,18,1441,427,49,135,1,-1,-1.000000
31,19,1251,443,43,105,1,-1,-1.000000
31,20,1009,437,47,119,1,-1,-1.000000
31,22,1001,455,37,81,1,-1,-1.000000
32,1,437,449,145,285,1,-1,-1.000000
32,2,597,439,93,275,1,-1,-1.000000
32,3,1589,395,195,449,1,-1,-1.000000
32,4,1693,411,183,393,1,-1,-1.000000
32,5,637,457,83,213,1,-1,-1.000000
32,10,479,447,107,277,1,-1,-1.000000
32,16,529,459,43,105,1,-1,-1.000000
32,18,1443,427,49,135,1,-1,-1.000000
32,19,1251,443,43,105,1,-1,-1.000000
32,20,1007,437,47,119,1,-1,-1.000000
32,22,1001,455,39,81,1,-1,-1.000000
33,1,439,449,147,289,1,-1,-1.000000
33,2,597,439,95,277,1,-1,-1.000000
33,3,1599,393,195,455,1,-1,-1.000000
33,4,1705,411,175,395,1,-1,-1.000000
33,5,637,457,85,213,1,-1,-1.000000
33,10,481,447,105,279,1,-1,-1.000000
33,16,527,459,45,105,1,-1,-1.000000
33,18,1447,427,47,135,1,-1,-1.000000
33,19,1251,443,43,105,1,-1,-1.000000
33,20,1007,437,47,119,1,-1,-1.000000
33,22,1003,455,37,81,1,-1,-1.000000
34,1,439,449,145,291,1,-1,-1.000000
34,2,599,437,93,279,1,-1,-1.000000
34,3,1609,391,195,459,1,-1,-1.000000
34,4,1717,411,167,397,1,-1,-1.000000
34,5,637,457,85,213,1,-1,-1.000000
34,10,481,447,105,279,1,-1,-1.000000
34,16,527,459,45,105,1,-1,-1.000000
34,18,1449,427,47,135,1,-1,-1.000000
34,19,1251,443,43,105,1,-1,-1.000000
34,20,1007,437,47,119,1,-1,-1.000000
34,22,1003,455,37,81,1,-1,-1.000000
35,1,439,449,145,293,1,-1,-1.000000
35,2,599,437,93,279,1,-1,-1.000000
35,3,1619,389,195,463,1,-1,-1.000000
35,4,1729,409,161,399,1,-1,-1.000000
35,5,639,457,85,215,1,-1,-1.000000
35,10,481,447,105,279,1,-1,-1.000000
35,16,527,459,43,105,1,-1,-1.000000
35,18,1451,427,49,135,1,-1,-1.000000
35,19,1251,443,43,105,1,-1,-1.000000
35,20,1007,437,47,119,1,-1,-1.000000
35,22,1005,455,37,81,1,-1,-1.000000
36,1,439,449,143,295,1,-1,-1.000000
36,2,601,437,93,279,1,-1,-1.000000
36,3,1629,389,197,467,1,-1,-1.000000
36,4,1741,409,153,401,1,-1,-1.000000
36,5,639,455,85,217,1,-1,-1.000000
36,10,481,447,107,279,1,-1,-1.000000
36,16,527,459,43,105,1,-1,-1.000000
36,18,1453,427,49,135,1,-1,-1.000000
36,19,1251,443,43,105,1,-1,-1.000000
36,20,1007,437,47,119,1,-1,-1.000000
36,22,1005,455,37,81,1,-1,-1.000000
37,1,439,449,143,297,1,-1,-1.000000
37,2,601,437,93,279,1,-1,-1.000000
37,3,1639,387,197,471,1,-1,-1.000000
37,4,1751,409,147,403,1,-1,-1.000000
37,5,641,455,85,217,1,-1,-1.000000
37,10,481,447,107,279,1,-1,-1.000000
37,16,527,459,43,107,1,-1,-1.000000
37,18,1457,427,47,135,1,-1,-1.000000
37,19,1251,443,43,105,1,-1,-1.000000
37,20,1007,437,47,119,1,-1,-1.000000
37,22,1005,455,39,81,1,-1,-1.000000
38,1,439,449,141,299,1,-1,-1.000000
38,2,603,437,93,279,1,-1,-1.000000
38,3,1649,385,197,475,1,-1,-1.000000
38,4,1763,407,141,405,1,-1,-1.000000
38,5,641,455,85,217,1,-1,-1.000000
38,10,481,447,107,281,1,-1,-1.000000
38,16,525,459,45,107,1,-1,-1.000000
38,18,1459,427,47,133,1,-1,-1.000000
38,19,1251,443,43,105,1,-1,-1.000000
38,20,1007,437,47,119,1,-1,-1.000000
38,22,1007,455,37,81,1,-1,-1.000000
39,1,441,449,139,301,1,-1,-1.000000
39,2,603,437,93,279,1,-1,-1.000000
39,3,1659,383,197,481,1,-1,-1.000000
39,4,1775,407,133,407,1,-1,-1.000000
39,5,643,455,85,217,1,-1,-1.000000
39,10,481,447,107,281,1,-1,-1.000000
39,16,525,459,45,107,1,-1,-1.000000
39,18,1461,427,49,133,1,-1,-1.000000
39,19,1251,443,43,105,1,-1,-1.000000
39,20,1007,437,47,119,1,-1,-1.000000
39,22,1007,455,39,81,1,-1,-1.000000
40,1,439,449,141,301,1,-1,-1.000000
40,2,605,437,91,279,1,-1,-1.000000
40,3,1669,381,197,485,1,-1,-1.000000
40,4,1787,407,125,409,1,-1,-1.000000
40,5,643,455,87,217,1,-1,-1.000000
40,10,481,447,107,281,1,-1,-1.000000
40,16,525,459,43,107,1,-1,-1.000000
40,18,1465,427,47,133,1,-1,-1.000000
40,19,1251,443,43,105,1,-1,-1.000000
40,20,1007,437,47,119,1,-1,-1.000000
40,22,1009,455,37,81,1,-1,-1.000000
41,1,439,449,141,303,1,-1,-1.000000
41,2,605,437,93,279,1,-1,-1.000000
41,3,1681,381,197,489,1,-1,-1.000000
41,5,645,455,85,217,1,-1,-1.000000
41,10,483,447,105,281,1,-1,-1.000000
41,16,525,459,43,107,1,-1,-1.000000
41,18,1467,427,47,133,1,-1,-1.000000
41,19,1253,443,43,105,1,-1,-1.000000
41,20,1007,439,47,119,1,-1,-1.000000
41,22,1009,455,39,81,1,-1,-1.000000
42,1,439,449,141,303,1,-1,-1.000000
42,2,607,437,91,279,1,-1,-1.000000
42,3,1695,379,187,491,1,-1,-1.000000
42,5,647,455,85,217,1,-1,-1.000000
42,10,483,447,107,281,1,-1,-1.000000
42,16,525,459,43,107,1,-1,-1.000000
42,18,1469,427,47,133,1,-1,-1.000000
42,19,1253,443,43,105,1,-1,-1.000000
42,20,1005,439,47,119,1,-1,-1.000000
42,22,1011,455,37,81,1,-1,-1.000000
43,1,437,449,143,305,1,-1,-1.000000
43,2,607,435,93,283,1,-1,-1.000000
43,3,1709,379,177,493,1,-1,-1.000000
43,5,647,455,87,217,1,-1,-1.000000
43,10,483,445,107,285,1,-1,-1.000000
43,16,523,459,45,107,1,-1,-1.000000
43,18,1471,427,49,133,1,-1,-1.000000
43,19,1253,443,43,105,1,-1,-1.000000
43,20,1005,439,47,119,1,-1,-1.000000
43,22,1011,455,39,81,1,-1,-1.000000
44,1,437,449,143,305,1,-1,-1.000000
44,2,609,435,91,283,1,-1,-1.000000
44,3,1723,379,167,495,1,-1,-1.000000
44,5,649,455,85,217,1,-1,-1.000000
44,10,483,445,107,285,1,-1,-1.000000
44,16,523,459,45,107,1,-1,-1.000000
44,18,1475,427,47,133,1,-1,-1.000000
44,19,1253,443,43,105,1,-1,-1.000000
44,20,1005,439,47,119,1,-1,-1.000000
44,22,1013,455,37,81,1,-1,-1.000000
45,1,437,449,143,307,1,-1,-1.000000
45,2,609,435,93,283,1,-1,-1.000000
45,3,1737,379,157,495,1,-1,-1.000000
45,5,649,455,87,217,1,-1,-1.000000
45,10,483,445,107,285,1,-1,-1.000000
45,16,523,459,45,107,1,-1,-1.000000
45,18,1477,427,47,133,1,-1,-1.000000
45,19,1253,443,43,105,1,-1,-1.000000
45,20,1005,439,47,119,1,-1,-1.000000
45,22,1013,453,37,83,1,-1,-1.000000
46,1,435,449,145,307,1,-1,-1.000000
46,2,611,435,91,283,1,-1,-1.000000
46,3,1751,379,147,497,1,-1,-1.000000
46,5,651,455,85,217,1,-1,-1.000000
46,10,483,445,107,285,1,-1,-1.000000
46,16,523,459,43,109,1,-1,-1.000000
46,18,1479,427,49,133,1,-1,-1.000000
46,19,1253,443,43,105,1,-1,-1.000000
46,20,1005,439,47,119,1,-1,-1.000000
46,22,1013,453,39,83,1,-1,-1.000000
47,1,435,449,145,309,1,-1,-1.000000
47,2,611,435,91,283,1,-1,-1.000000
47,3,1765,379,137,499,1,-1,-1.000000
47,5,651,455,87,219,1,-1,-1.000000
47,10,483,445,107,285,1,-1,-1.000000
47,16,523,459,43,109,1,-1,-1.000000
47,18,1483,427,47,133,1,-1,-1.000000
47,19,1253,443,43,105,1,-1,-1.000000
47,20,1005,439,47,119,1,-1,-1.000000
47,22,1015,453,37,83,1,-1,-1.000000
48,1,435,449,145,309,1,-1,-1.000000
48,2,613,435,91,283,1,-1,-1.000000
48,3,1779,379,127,499,1,-1,-1.000000
48,5,653,455,87,219,1,-1,-1.000000
48,10,483,445,109,285,1,-1,-1.000000
48,16,523,459,43,109,1,-1,-1.000000
48,18,1485,427,47,133,1,-1,-1.000000
48,19,1253,443,43,105,1,-1,-1.000000
48,20,1005,439,47,119,1,-1,-1.000000
48,22,1015,453,39,83,1,-1,-1.000000
49,1,435,451,147,309,1,-1,-1.000000
49,2,613,435,91,283,1,-1,-1.000000
49,3,1793,379,117,501,1,-1,-1.000000
49,5,655,455,85,219,1,-1,-1.000000
49,10,485,445,107,287,1,-1,-1.000000
49,16,521,459,45,109,1,-1,-1.000000
49,18,1487,427,47,133,1,-1,-1.000000
49,19,1253,443,43,105,1,-1,-1.000000
49,20,1005,439,47,119,1,-1,-1.000000
49,22,1017,453,37,83,1,-1,-1.000000
50,1,435,449,149,311,1,-1,-1.000000
50,2,615,435,91,283,1,-1,-1.000000
50,3,1807,379,107,503,1,-1,-1.000000
50,5,655,455,87,219,1,-1,-1.000000
50,10,485,445,107,287,1,-1,-1.000000
50,16,521,459,45,109,1,-1,-1.000000
50,18,1489,427,49,131,1,-1,-1.000000
50,19,1253,443,43,105,1,-1,-1.000000
50,20,1005,439,47,119,1,-1,-1.000000
50,22,1017,453,39,83,1,-1,-1.000000
51,1,435,449,151,311,1,-1,-1.000000
51,2,615,435,91,283,1,-1,-1.000000
51,5,657,455,87,219,1,-1,-1.000000
51,10,485,445,107,287,1,-1,-1.000000
51,16,521,459,45,109,1,-1,-1.000000
51,18,1493,427,47,131,1,-1,-1.000000
51,19,1253,443,43,105,1,-1,-1.000000
51,20,1005,441,47,119,1,-1,-1.000000
51,22,1019,453,37,83,1,-1,-1.000000
52,1,435,449,153,311,1,-1,-1.000000
52,2,617,435,91,285,1,-1,-1.000000
52,5,657,455,87,219,1,-1,-1.000000
52,10,485,445,107,287,1,-1,-1.000000
52,16,521,459,43,109,1,-1,-1.000000
52,18,1495,427,47,131,1,-1,-1.000000
52,19,1253,443,43,105,1,-1,-1.000000
52,20,1005,441,45,117,1,-1,-1.000000
52,22,1019,453,39,83,1,-1,-1.000000
53,1,435,449,155,311,1,-1,-1.000000
53,2,615,435,93,285,1,-1,-1.000000
53,5,659,453,87,221,1,-1,-1.000000
53,10,485,445,107,287,1,-1,-1.000000
53,16,521,459,43,109,1,-1,-1.000000
53,18,1497,427,47,131,1,-1,-1.000000
53,19,1253,443,43,105,1,-1,-1.000000
53,20,1005,441,45,117,1,-1,-1.000000
53,22,1019,453,39,83,1,-1,-1.000000
54,1,435,449,157,311,1,-1,-1.000000
54,2,615,435,93,285,1,-1,-1.000000
54,5,659,453,87,221,1,-1,-1.000000
54,10,485,445,109,289,1,-1,-1.000000
54,16,519,459,45,109,1,-1,-1.000000
54,18,1501,427,47,131,1,-1,-1.000000
54,19,1253,443,43,105,1,-1,-1.000000
54,20,1005,441,45,115,1,-1,-1.000000
54,22,1021,453,39,83,1,-1,-1.000000
55,1,435,449,159,311,1,-1,-1.000000
55,2,615,435,93,285,1,-1,-1.000000
55,5,661,453,87,221,1,-1,-1.000000
55,10,485,445,109,289,1,-1,-1.000000
55,16,519,459,45,111,1,-1,-1.000000
55,18,1503,427,47,131,1,-1,-1.000000
55,19,1253,443,43,105,1,-1,-1.000000
55,20,1005,441,45,115,1,-1,-1.000000
55,22,1021,453,39,83,1,-1,-1.000000
56,1,435,449,161,311,1,-1,-1.000000
56,2,613,435,95,287,1,-1,-1.000000
56,5,663,453,87,221,1,-1,-1.000000
56,10,487,445,107,289,1,-1,-1.000000
56,16,519,459,45,111,1,-1,-1.000000
56,18,1505,427,47,131,1,-1,-1.000000
56,19,1253,443,43,105,1,-1,-1.000000
56,20,1005,441,45,113,1,-1,-1.000000
56,22,1023,453,37,83,1,-1,-1.000000
57,1,435,449,163,311,1,-1,-1.000000
57,2,613,435,95,287,1,-1,-1.000000
57,5,663,453,87,221,1,-1,-1.000000
57,10,487,443,107,291,1,-1,-1.000000
57,16,519,459,43,111,1,-1,-1.000000
57,18,1507,427,47,131,1,-1,-1.000000
57,19,1253,443,43,105,1,-1,-1.000000
57,20,1005,441,45,113,1,-1,-1.000000
57,22,1023,453,39,83,1,-1,-1.000000
58,1,435,449,165,311,1,-1,-1.000000
58,2,613,435,95,287,1,-1,-1.000000
58,5,665,453,87,221,1,-1,-1.000000
58,10,487,443,107,291,1,-1,-1.000000
58,16,519,459,43,111,1,-1,-1.000000
58,18,1511,427,47,131,1,-1,-1.000000
58,19,1253,443,43,105,1,-1,-1.000000
58,20,1005,441,45,111,1,-1,-1.000000
58,22,1025,453,37,83,1,-1,-1.000000
59,1,435,449,167,311,1,-1,-1.000000
59,2,611,435,97,289,1,-1,-1.000000
59,5,665,453,89,223,1,-1,-1.000000
59,10,487,443,109,293,1,-1,-1.000000
59,16,517,459,45,111,1,-1,-1.000000
59,18,1513,427,47,131,1,-1,-1.000000
59,19,1253,443,43,105,1,-1,-1.000000
59,20,1005,441,45,111,1,-1,-1.000000
59,22,1025,453,39,83,1,-1,-1.000000
60,1,435,449,169,311,1,-1,-1.000000
60,2,611,435,97,289,1,-1,-1.000000
60,5,667,453,87,223,1,-1,-1.000000
60,10,487,443,109,293,1,-1,-1.000000
60,16,517,459,45,111,1,-1,-1.000000
60,18,1515,427,47,131,1,-1,-1.000000
60,19,1253,443,43,105,1,-1,-1.000000
60,20,1005,441,45,109,1,-1,-1.000000
60,22,1027,453,37,83,1,-1,-1.000000
61,1,435,449,171,313,1,-1,-1.000000
61,2,611,435,97,289,1,-1,-1.000000
61,5,667,453,89,223,1,-1,-1.000000
61,10,487,443,109,293,1,-1,-1.000000
61,16,517,459,45,111,1,-1,-1.000000
61,18,1519,427,47,131,1,-1,-1.000000
61,19,1255,443,43,105,1,-1,-1.000000
61,20,1005,441,45,109,1,-1,-1.000000
61,22,1027,453,39,83,1,-1,-1.000000
62,1,437,449,173,313,1,-1,-1.000000
62,2,611,437,97,289,1,-1,-1.000000
62,5,669,453,87,223,1,-1,-1.000000
62,10,487,443,109,293,1,-1,-1.000000
62,16,517,459,45,111,1,-1,-1.000000
62,18,1521,425,47,131,1,-1,-1.000000
62,19,1255,443,43,105,1,-1,-1.000000
62,20,1003,441,45,107,1,-1,-1.000000
62,22,1027,453,39,83,1,-1,-1.000000
63,1,441,449,173,313,1,-1,-1.000000
63,2,609,437,97,289,1,-1,-1.000000
63,5,671,453,87,223,1,-1,-1.000000
63,10,487,443,109,293,1,-1,-1.000000
63,16,517,459,43,111,1,-1,-1.000000
63,18,1525,425,47,131,1,-1,-1.000000
63,19,1255,443,43,105,1,-1,-1.000000
63,20,1003,441,45,107,1,-1,-1.000000
63,22,1029,453,39,83,1,-1,-1.000000
64,1,445,449,173,313,1,-1,-1.000000
64,2,609,437,97,289,1,-1,-1.000000
64,5,671,453,89,223,1,-1,-1.000000
64,10,489,443,107,295,1,-1,-1.000000
64,16,515,459,45,113,1,-1,-1.000000
64,18,1527,425,47,131,1,-1,-1.000000
64,19,1255,443,43,105,1,-1,-1.000000
64,20,1003,441,45,107,1,-1,-1.000000
64,22,1029,453,39,83,1,-1,-1.000000
65,1,449,449,173,313,1,-1,-1.000000
65,2,609,437,95,289,1,-1,-1.000000
65,5,673,453,87,223,1,-1,-1.000000
65,10,489,443,109,295,1,-1,-1.000000
65,16,515,459,45,113,1,-1,-1.000000
65,18,1531,425,47,131,1,-1,-1.000000
65,19,1255,443,43,105,1,-1,-1.000000
65,20,1003,441,45,107,1,-1,-1.000000
65,22,1031,453,39,83,1,-1,-1.000000
66,1,453,449,173,313,1,-1,-1.000000
66,2,609,437,95,289,1,-1,-1.000000
66,5,673,453,89,223,1,-1,-1.000000
66,10,489,443,109,295,1,-1,-1.000000
66,16,515,459,45,113,1,-1,-1.000000
66,18,1533,425,47,131,1,-1,-1.000000
66,19,1255,443,43,105,1,-1,-1.000000
66,20,1003,441,45,107,1,-1,-1.000000
66,22,1031,453,39,83,1,-1,-1.000000
67,1,457,449,173,313,1,-1,-1.000000
67,2,607,437,97,289,1,-1,-1.000000
67,5,675,453,89,223,1,-1,-1.000000
67,10,489,443,109,295,1,-1,-1.000000
67,16,515,459,45,113,1,-1,-1.000000
67,18,1537,425,47,131,1,-1,-1.000000
67,19,1255,443,43,105,1,-1,-1.000000
67,20,1003,441,45,107,1,-1,-1.000000
67,22,1033,453,37,83,1,-1,-1.000000
68,1,461,449,173,313,1,-1,-1.000000
68,2,607,437,95,289,1,-1,-1.000000
68,5,675,453,89,223,1,-1,-1.000000
68,10,489,443,109,295,1,-1,-1.000000
68,16,515,459,43,113,1,-1,-1.000000
68,18,1539,425,47,131,1,-1,-1.000000
68,19,1255,443,43,105,1,-1,-1.000000
68,20,1003,441,45,107,1,-1,-1.000000
68,22,1033,453,39,83,1,-1,-1.000000
69,1,465,449,175,313,1,-1,-1.000000
69,2,607,437,95,289,1,-1,-1.000000
69,5,677,453,89,223,1,-1,-1.000000
69,10,489,443,109,295,1,-1,-1.000000
69,16,515,459,43,113,1,-1,-1.000000
69,18,1543,425,47,131,1,-1,-1.000000
69,19,1255,443,43,105,1,-1,-1.000000
69,20,1003,441,45,107,1,-1,-1.000000
69,22,1035,453,37,83,1,-1,-1.000000
70,1,467,449,173,313,1,-1,-1.000000
70,2,607,439,95,289,1,-1,-1.000000
70,5,679,453,89,225,1,-1,-1.000000
70,10,489,441,109,299,1,-1,-1.000000
70,16,513,459,45,113,1,-1,-1.000000
70,18,1545,425,47,131,1,-1,-1.000000
70,19,1255,443,43,105,1,-1,-1.000000
70,20,1003,441,45,107,1,-1,-1.000000
70,22,1035,453,39,83,1,-1,-1.000000
71,1,469,449,171,313,1,-1,-1.000000
71,2,605,439,97,287,1,-1,-1.000000
71,5,681,451,89,227,1,-1,-1.000000
71,10,489,441,111,299,1,-1,-1.000000
71,16,513,459,45,113,1,-1,-1.000000
71,19,1255,443,43,105,1,-1,-1.000000
71,20,1003,441,45,107,1,-1,-1.000000
71,22,1035,453,39,83,1,-1,-1.000000
72,1,471,449,169,313,1,-1,-1.000000
72,2,605,439,99,287,1,-1,-1.000000
72,5,683,451,89,227,1,-1,-1.000000
72,10,491,441,109,299,1,-1,-1.000000
72,16,513,459,45,113,1,-1,-1.000000
72,19,1255,443,43,105,1,-1,-1.000000
72,20,1003,441,45,105,1,-1,-1.000000
72,22,1037,453,39,83,1,-1,-1.000000
73,1,473,449,167,313,1,-1,-1.000000
73,2,605,439,101,287,1,-1,-1.000000
73,5,685,451,89,227,1,-1,-1.000000
73,10,491,441,109,299,1,-1,-1.000000
73,16,513,459,45,115,1,-1,-1.000000
73,19,1255,443,43,105,1,-1,-1.000000
73,20,1003,441,45,105,1,-1,-1.000000
73,22,1037,453,39,83,1,-1,-1.000000
74,1,475,449,167,315,1,-1,-1.000000
74,2,605,439,103,287,1,-1,-1.000000
74,5,687,451,89,229,1,-1,-1.000000
74,10,491,441,109,299,1,-1,-1.000000
74,16,513,459,43,115,1,-1,-1.000000
74,19,1255,443,43,105,1,-1,-1.000000
74,20,1003,441,45,105,1,-1,-1.000000
74,22,1039,453,39,83,1,-1,-1.000000
75,1,477,449,165,315,1,-1,-1.000000
75,2,605,439,103,287,1,-1,-1.000000
75,5,689,451,89,229,1,-1,-1.000000
75,10,491,441,109,301,1,-1,-1.000000
75,16,511,459,45,115,1,-1,-1.000000
75,19,1255,443,43,105,1,-1,-1.000000
75,20,1003,441,45,105,1,-1,-1.000000
75,22,1039,453,39,83,1,-1,-1.000000
76,1,479,449,163,315,1,-1,-1.000000
76,2,605,439,105,287,1,-1,-1.000000
76,5,691,451,89,229,1,-1,-1.000000
76,10,491,441,109,301,1,-1,-1.000000
76,16,511,459,45,115,1,-1,-1.000000
76,19,1255,443,43,105,1,-1,-1.000000
76,20,1003,441,45,105,1,-1,-1.000000
76,22,1041,453,39,83,1,-1,-1.000000
77,1,481,449,161,315,1,-1,-1.000000
77,2,605,439,107,287,1,-1,-1.000000
77,5,693,451,89,231,1,-1,-1.000000
77,10,491,441,111,301,1,-1,-1.000000
77,16,511,459,45,115,1,-1,-1.000000
77,19,1255,443,43,105,1,-1,-1.000000
77,20,1003,441,45,105,1,-1,-1.000000
77,22,1041,453,39,83,1,-1,-1.000000
78,1,483,449,159,315,1,-1,-1.000000
78,2,605,439,109,287,1,-1,-1.000000
78,5,695,451,91,231,1,-1,-1.000000
78,10,491,441,111,301,1,-1,-1.000000
78,16,511,459,45,115,1,-1,-1.000000
78,19,1255,443,43,105,1,-1,-1.000000
78,20,1003,441,45,105,1,-1,-1.000000
78,22,1043,453,37,83,1,-1,-1.000000
79,1,485,449,159,317,1,-1,-1.000000
79,2,607,439,107,287,1,-1,-1.000000
79,5,697,451,91,231,1,-1,-1.000000
79,10,491,441,111,301,1,-1,-1.000000
79,16,511,459,43,115,1,-1,-1.000000
79,19,1255,443,43,105,1,-1,-1.000000
79,20,1003,441,45,105,1,-1,-1.000000
79,22,1043,453,39,83,1,-1,-1.000000
80,1,487,447,157,321,1,-1,-1.000000
80,2,609,439,105,287,1,-1,-1.000000
80,5,699,451,91,233,1,-1,-1.000000
80,10,493,441,109,303,1,-1,-1.000000
80,16,509,459,45,115,1,-1,-1.000000
80,19,1255,443,43,105,1,-1,-1.000000
80,20,1003,441,45,105,1,-1,-1.000000
80,22,1043,453,39,83,1,-1,-1.000000
81,1,489,447,157,323,1,-1,-1.000000
81,2,611,439,105,289,1,-1,-1.000000
81,5,701,451,91,233,1,-1,-1.000000
81,10,493,441,109,303,1,-1,-1.000000
81,16,509,459,45,115,1,-1,-1.000000
81,19,1257,443,43,105,1,-1,-1.000000
81,20,1003,441,45,105,1,-1,-1.000000
81,22,1045,453,39,83,1,-1,-1.000000
82,1,491,447,157,325,1,-1,-1.000000
82,2,615,439,101,289,1,-1,-1.000000
82,5,703,451,91,233,1,-1,-1.000000
82,10,493,441,109,303,1,-1,-1.000000
82,16,509,459,45,117,1,-1,-1.000000
82,19,1255,443,43,105,1,-1,-1.000000
82,20,1003,441,43,103,1,-1,-1.000000
82,22,1045,453,39,83,1,-1,-1.000000
83,1,493,447,155,327,1,-1,-1.000000
83,2,617,439,99,289,1,-1,-1.000000
83,5,705,451,91,235,1,-1,-1.000000
83,10,493,441,111,303,1,-1,-1.000000
83,15,463,461,41,113,1,-1,-1.000000
83,16,509,459,45,117,1,-1,-1.000000
83,19,1255,443,43,105,1,-1,-1.000000
83,20,1003,441,43,103,1,-1,-1.000000
83,22,1047,453,39,83,1,-1,-1.000000
84,1,495,447,155,329,1,-1,-1.000000
84,2,619,439,99,291,1,-1,-1.000000
84,5,707,451,91,235,1,-1,-1.000000
84,10,493,439,111,305,1,-1,-1.000000
84,15,461,459,41,113,1,-1,-1.000000
84,16,509,459,45,117,1,-1,-1.000000
84,19,1255,443,43,105,1,-1,-1.000000
84,20,1003,441,43,103,1,-1,-1.000000
84,22,1047,453,39,83,1,-1,-1.000000
85,1,499,447,153,331,1,-1,-1.000000
85,2,621,439,97,291,1,-1,-1.000000
85,5,709,451,91,235,1,-1,-1.000000
85,10,493,439,111,307,1,-1,-1.000000
85,15,461,459,41,113,1,-1,-1.000000
85,16,507,459,45,117,1,-1,-1.000000
85,19,1253,443,43,105,1,-1,-1.000000
85,20,1003,441,43,103,1,-1,-1.000000
85,22,1049,453,39,83,1,-1,-1.000000
86,1,501,447,153,333,1,-1,-1.000000
86,2,625,439,95,293,1,-1,-1.000000
86,5,711,449,93,239,1,-1,-1.000000
86,10,493,439,111,307,1,-1,-1.000000
86,15,459,459,43,113,1,-1,-1.000000
86,16,507,459,45,117,1,-1,-1.000000
86,19,1253,443,43,105,1,-1,-1.000000
86,20,1003,441,43,103,1,-1,-1.000000
86,22,1049,453,39,83,1,-1,-1.000000
87,1,503,447,151,335,1,-1,-1.000000
87,2,627,439,93,293,1,-1,-1.000000
87,5,713,449,93,239,1,-1,-1.000000
87,10,493,439,111,307,1,-1,-1.000000
87,15,459,459,41,113,1,-1,-1.000000
87,16,507,459,45,117,1,-1,-1.000000
87,19,1253,443,43,105,1,-1,-1.000000
87,20,1003,441,43,103,1,-1,-1.000000
87,22,1051,453,39,85,1,-1,-1.000000
88,1,505,447,151,337,1,-1,-1.000000
88,2,629,439,91,293,1,-1,-1.000000
88,5,715,449,93,239,1,-1,-1.000000
88,10,495,439,111,307,1,-1,-1.000000
88,15,459,459,41,113,1,-1,-1.000000
88,16,507,459,45,117,1,-1,-1.000000
88,19,1253,443,43,105,1,-1,-1.000000
88,20,1003,443,43,101,1,-1,-1.000000
88,22,1051,451,39,87,1,-1,-1.000000
89,1,507,447,151,339,1,-1,-1.000000
89,2,631,439,91,295,1,-1,-1.000000
89,5,717,449,93,241,1,-1,-1.000000
89,10,495,439,111,307,1,-1,-1.000000
89,15,457,459,43,113,1,-1,-1.000000
89,16,507,459,45,117,1,-1,-1.000000
89,19,1251,443,43,105,1,-1,-1.000000
89,20,1003,443,43,101,1,-1,-1.000000
89,22,1053,451,39,87,1,-1,-1.000000
90,1,511,447,149,341,1,-1,-1.000000
90,2,635,439,87,295,1,-1,-1.000000
90,5,719,449,93,241,1,-1,-1.000000
90,10,495,439,111,307,1,-1,-1.000000
90,15,457,459,41,113,1,-1,-1.000000
90,16,507,461,45,117,1,-1,-1.000000
90,19,1251,443,43,105,1,-1,-1.000000
90,20,1003,443,43,101,1,-1,-1.000000
90,22,1053,451,39,87,1,-1,-1.000000
91,1,509,445,149,343,1,-1,-1.000000
91,2,637,439,85,295,1,-1,-1.000000
91,5,721,449,93,241,1,-1,-1.000000
91,10,495,439,111,309,1,-1,-1.000000
91,15,457,459,41,113,1,-1,-1.000000
91,16,505,459,45,117,1,-1,-1.000000
91,19,1251,443,43,105,1,-1,-1.000000
91,20,1003,443,43,101,1,-1,-1.000000
91,22,1055,451,39,87,1,-1,-1.000000
92,1,509,445,147,343,1,-1,-1.000000
92,2,639,439,85,297,1,-1,-1.000000
92,5,723,449,93,243,1,-1,-1.000000
92,10,495,439,111,309,1,-1,-1.000000
92,15,455,459,43,113,1,-1,-1.000000
92,16,505,459,45,117,1,-1,-1.000000
92,19,1249,443,43,105,1,-1,-1.000000
92,20,1003,443,43,99,1,-1,-1.000000
92,22,1055,451,39,87,1,-1,-1.000000
93,1,507,443,147,345,1,-1,-1.000000
93,2,641,439,83,297,1,-1,-1.000000
93,5,725,449,93,243,1,-1,-1.000000
93,10,495,439,111,309,1,-1,-1.000000
93,15,455,459,41,113,1,-1,-1.000000
93,16,505,459,45,117,1,-1,-1.000000
93,19,1249,443,43,105,1,-1,-1.000000
93,20,1003,443,43,99,1,-1,-1.000000
93,22,1057,451,39,87,1,-1,-1.000000
94,1,507,443,147,347,1,-1,-1.000000
94,2,645,439,81,299,1,-1,-1.000000
94,5,727,449,95,243,1,-1,-1.000000
94,10,495,439,113,309,1,-1,-1.000000
94,15,455,459,41,113,1,-1,-1.000000
94,16,505,459,45,117,1,-1,-1.000000
94,19,1249,443,43,105,1,-1,-1.000000
94,20,1003,443,43,99,1,-1,-1.000000
94,22,1057,451,39,87,1,-1,-1.000000
95,1,503,443,151,347,1,-1,-1.000000
95,2,645,437,81,301,1,-1,-1.000000
95,5,729,449,95,245,1,-1,-1.000000
95,10,495,439,113,309,1,-1,-1.000000
95,15,453,459,43,113,1,-1,-1.000000
95,16,503,459,45,117,1,-1,-1.000000
95,19,1249,443,43,105,1,-1,-1.000000
95,20,1003,443,43,99,1,-1,-1.000000
95,22,1059,451,39,87,1,-1,-1.000000
96,1,501,443,155,347,1,-1,-1.000000
96,2,647,437,81,301,1,-1,-1.000000
96,5,731,449,95,245,1,-1,-1.000000
96,10,497,439,111,311,1,-1,-1.000000
96,15,453,459,41,113,1,-1,-1.000000
96,16,503,459,45,117,1,-1,-1.000000
96,19,1247,443,43,105,1,-1,-1.000000
96,20,1003,443,43,99,1,-1,-1.000000
96,22,1061,451,39,87,1,-1,-1.000000
97,1,499,443,159,347,1,-1,-1.000000
97,2,647,437,83,303,1,-1,-1.000000
97,5,733,449,95,245,1,-1,-1.000000
97,10,497,439,111,311,1,-1,-1.000000
97,15,453,459,41,113,1,-1,-1.000000
97,16,503,459,45,117,1,-1,-1.000000
97,19,1247,443,43,105,1,-1,-1.000000
97,20,1003,443,43,99,1,-1,-1.000000
97,22,1061,451,39,87,1,-1,-1.000000
98,1,497,443,161,347,1,-1,-1.000000
98,2,649,437,83,303,1,-1,-1.000000
98,5,735,449,95,247,1,-1,-1.000000
98,10,497,437,111,313,1,-1,-1.000000
98,15,451,459,43,113,1,-1,-1.000000
98,16,503,459,45,117,1,-1,-1.000000
98,19,1247,443,43,105,1,-1,-1.000000
98,20,1003,443,43,99,1,-1,-1.000000
98,22,1063,451,39,87,1,-1,-1.000000
99,1,495,443,165,347,1,-1,-1.000000
99,2,649,437,85,305,1,-1,-1.000000
99,5,737,449,95,247,1,-1,-1.000000
99,10,497,437,111,313,1,-1,-1.000000
99,15,451,459,41,113,1,-1,-1.000000
99,16,501,459,45,117,1,-1,-1.000000
99,19,1247,443,43,105,1,-1,-1.000000
99,20,1003,443,43,99,1,-1,-1.000000
99,22,1063,451,39,87,1,-1,-1.000000
100,1,493,443,169,349,1,-1,-1.000000
100,2,651,435,85,307,1,-1,-1.000000
100,5,739,449,95,247,1,-1,-1.000000
100,10,497,437,113,313,1,-1,-1.000000
100,15,449,459,43,113,1,-1,-1.000000
100,16,501,459,45,117,1,-1,-1.000000
100,19,1245,443,43,105,1,-1,-1.000000
100,20,1003,443,43,99,1,-1,-1.000000
100,22,1065,451,39,87,1,-1,-1.000000
101,1,493,441,169,351,1,-1,-1.000000
101,2,653,435,85,307,1,-1,-1.000000
101,5,743,449,95,249,1,-1,-1.000000
101,10,497,437,113,315,1,-1,-1.000000
101,15,449,459,43,113,1,-1,-1.000000
101,16,501,459,45,117,1,-1,-1.000000
101,19,1245,443,43,105,1,-1,-1.000000
101,20,1003,443,43,99,1,-1,-1.000000
101,22,1065,451,39,87,1,-1,-1.000000
102,1,493,441,169,351,1,-1,-1.000000
102,2,653,435,87,309,1,-1,-1.000000
102,5,743,447,95,251,1,-1,-1.000000
102,10,497,437,113,315,1,-1,-1.000000
102,15,449,459,43,113,1,-1,-1.000000
102,16,501,459,45,117,1,-1,-1.000000
102,19,1245,443,43,105,1,-1,-1.000000
102,20,1003,443,41,97,1,-1,-1.000000
102,22,1067,451,39,87,1,-1,-1.000000
103,1,495,441,169,351,1,-1,-1.000000
103,2,655,435,87,309,1,-1,-1.000000
103,5,745,447,95,251,1,-1,-1.000000
103,10,497,437,113,315,1,-1,-1.000000
103,15,447,459,43,113,1,-1,-1.000000
103,16,499,459,45,117,1,-1,-1.000000
103,19,1243,443,43,105,1,-1,-1.000000
103,20,1003,443,41,97,1,-1,-1.000000
103,22,1067,451,41,87,1,-1,-1.000000
104,1,495,441,169,351,1,-1,-1.000000
104,2,655,435,89,311,1,-1,-1.000000
104,5,747,447,95,251,1,-1,-1.000000
104,10,499,437,111,315,1,-1,-1.000000
104,15,447,459,43,113,1,-1,-1.000000
104,16,499,459,45,117,1,-1,-1.000000
104,19,1243,443,43,105,1,-1,-1.000000
104,20,1003,443,41,97,1,-1,-1.000000
104,22,1069,451,39,87,1,-1,-1.000000
105,1,495,441,169,351,1,-1,-1.000000
105,2,657,435,89,311,1,-1,-1.000000
105,5,749,447,95,253,1,-1,-1.000000
105,10,499,437,111,315,1,-1,-1.000000
105,15,447,459,43,113,1,-1,-1.000000
105,16,499,459,45,117,1,-1,-1.000000
105,19,1243,443,43,105,1,-1,-1.000000
105,20,1003,443,41,97,1,-1,-1.000000
105,22,1071,451,39,87,1,-1,-1.000000
106,1,497,441,169,351,1,-1,-1.000000
106,2,659,433,89,313,1,-1,-1.000000
106,5,749,447,97,253,1,-1,-1.000000
106,10,499,437,113,317,1,-1,-1.000000
106,15,445,459,43,113,1,-1,-1.000000
106,16,499,459,45,117,1,-1,-1.000000
106,19,1243,443,43,105,1,-1,-1.000000
106,20,1003,443,41,97,1,-1,-1.000000
106,22,1071,451,39,87,1,-1,-1.000000
107,1,497,441,169,351,1,-1,-1.000000
107,2,659,433,91,315,1,-1,-1.000000
107,5,751,447,97,253,1,-1,-1.000000
107,10,499,437,113,317,1,-1,-1.000000
107,15,445,459,43,113,1,-1,-1.000000
107,16,497,459,45,117,1,-1,-1.000000
107,19,1241,443,43,105,1,-1,-1.000000
107,20,1003,443,41,97,1,-1,-1.000000
107,22,1073,451,39,87,1,-1,-1.000000
108,1,497,441,169,351,1,-1,-1.000000
108,2,661,433,91,315,1,-1,-1.000000
108,5,753,447,97,255,1,-1,-1.000000
108,10,499,437,113,317,1,-1,-1.000000
108,15,445,459,43,113,1,-1,-1.000000
108,16,497,459,45,117,1,-1,-1.000000
108,19,1241,443,43,105,1,-1,-1.000000
108,20,1003,443,41,97,1,-1,-1.000000
108,22,1073,451,39,87,1,-1,-1.000000
109,1,499,441,169,353,1,-1,-1.000000
109,2,661,433,93,317,1,-1,-1.000000
109,5,755,447,95,255,1,-1,-1.000000
109,10,499,437,113,317,1,-1,-1.000000
109,15,443,459,43,113,1,-1,-1.000000
109,16,497,459,45,117,1,-1,-1.000000
109,19,1241,443,43,105,1,-1,-1.000000
109,20,1003,443,41,97,1,-1,-1.000000
109,22,1075,451,39,87,1,-1,-1.000000
110,1,501,441,169,355,1,-1,-1.000000
110,2,663,433,93,317,1,-1,-1.000000
110,5,755,447,97,255,1,-1,-1.000000
110,10,499,437,113,317,1,-1,-1.000000
110,15,443,459,43,113,1,-1,-1.000000
110,16,497,459,45,117,1,-1,-1.000000
110,19,1241,443,43,105,1,-1,-1.000000
110,20,1003,443,41,97,1,-1,-1.000000
110,22,1075,451,39,87,1,-1,-1.000000
111,1,505,441,167,357,1,-1,-1.000000
111,2,665,431,93,319,1,-1,-1.000000
111,5,757,447,97,257,1,-1,-1.000000
111,10,501,437,113,319,1,-1,-1.000000
111,15,443,459,43,113,1,-1,-1.000000
111,16,495,459,45,117,1,-1,-1.000000
111,19,1239,443,43,105,1,-1,-1.000000
111,20,1003,443,41,97,1,-1,-1.000000
111,22,1077,451,39,87,1,-1,-1.000000
112,1,507,441,167,359,1,-1,-1.000000
112,2,665,431,95,321,1,-1,-1.000000
112,5,759,447,97,257,1,-1,-1.000000
112,10,503,437,113,319,1,-1,-1.000000
112,15,441,459,43,113,1,-1,-1.000000
112,16,495,459,45,117,1,-1,-1.000000
112,19,1239,443,43,105,1,-1,-1.000000
112,20,1003,443,41,95,1,-1,-1.000000
112,22,1077,451,41,87,1,-1,-1.000000
113,1,511,441,165,361,1,-1,-1.000000
113,2,667,431,95,321,1,-1,-1.000000
113,5,761,447,97,257,1,-1,-1.000000
113,10,505,437,113,321,1,-1,-1.000000
113,15,441,459,43,113,1,-1,-1.000000
113,16,495,459,45,117,1,-1,-1.000000
113,19,1239,443,43,105,1,-1,-1.000000
113,20,1003,443,41,95,1,-1,-1.000000
113,22,1079,451,39,87,1,-1,-1.000000
114,1,513,441,165,363,1,-1,-1.000000
114,2,667,431,97,323,1,-1,-1.000000
114,5,761,445,99,261,1,-1,-1.000000
114,10,507,437,113,321,1,-1,-1.000000
114,15,439,459,45,113,1,-1,-1.000000
114,16,495,459,45,117,1,-1,-1.000000
114,19,1237,443,43,105,1,-1,-1.000000
114,20,1003,443,41,95,1,-1,-1.000000
114,22,1081,451,39,87,1,-1,-1.000000
115,1,517,441,163,365,1,-1,-1.000000
115,2,669,431,97,323,1,-1,-1.000000
115,5,763,445,99,261,1,-1,-1.000000
115,10,509,437,113,323,1,-1,-1.000000
115,15,439,459,43,113,1,-1,-1.000000
115,16,493,459,45,117,1,-1,-1.000000
115,19,1237,443,43,105,1,-1,-1.000000
115,20,1003,445,41,93,1,-1,-1.000000
115,22,1081,451,39,87,1,-1,-1.000000
116,1,521,443,161,365,1,-1,-1.000000
116,2,671,431,97,325,1,-1,-1.000000
116,5,765,445,99,261,1,-1,-1.000000
116,10,511,437,115,323,1,-1,-1.000000
116,15,439,459,43,113,1,-1,-1.000000
116,16,493,459,45,117,1,-1,-1.000000
116,19,1237,443,43,105,1,-1,-1.000000
116,20,1003,445,41,93,1,-1,-1.000000
116,22,1083,451,39,87,1,-1,-1.000000
117,1,517,441,165,367,1,-1,-1.000000
117,2,671,429,97,327,1,-1,-1.000000
117,5,767,445,97,263,1,-1,-1.000000
117,10,513,437,115,325,1,-1,-1.000000
117,15,437,459,45,113,1,-1,-1.000000
117,16,493,459,45,117,1,-1,-1.000000
117,19,1237,443,43,105,1,-1,-1.000000
117,20,1003,445,41,93,1,-1,-1.000000
117,22,1083,451,39,87,1,-1,-1.000000
118,1,515,441,169,367,1,-1,-1.000000
118,2,673,429,97,327,1,-1,-1.000000
118,5,769,445,97,263,1,-1,-1.000000
118,10,515,437,115,325,1,-1,-1.000000
118,15,437,459,45,113,1,-1,-1.000000
118,16,493,459,45,117,1,-1,-1.000000
118,19,1235,443,43,105,1,-1,-1.000000
118,20,1003,445,41,93,1,-1,-1.000000
118,22,1085,451,39,89,1,-1,-1.000000
119,1,513,441,171,367,1,-1,-1.000000
119,2,675,429,95,327,1,-1,-1.000000
119,5,769,445,99,263,1,-1,-1.000000
119,10,517,437,115,327,1,-1,-1.000000
119,15,437,459,43,111,1,-1,-1.000000
119,16,491,459,45,117,1,-1,-1.000000
119,19,1235,443,43,105,1,-1,-1.000000
119,20,1003,445,41,93,1,-1,-1.000000
119,22,1085,451,41,89,1,-1,-1.000000
120,1,509,441,177,367,1,-1,-1.000000
120,2,675,429,97,329,1,-1,-1.000000
120,5,771,445,99,265,1,-1,-1.000000
120,10,519,437,117,327,1,-1,-1.000000
120,15,435,459,45,111,1,-1,-1.000000
120,16,491,459,45,117,1,-1,-1.000000
120,19,1235,443,43,105,1,-1,-1.000000
120,20,1003,445,41,93,1,-1,-1.000000
120,22,1087,451,39,89,1,-1,-1.000000
121,1,507,441,179,367,1,-1,-1.000000
121,2,677,429,95,329,1,-1,-1.000000
121,5,773,445,99,265,1,-1,-1.000000
121,10,521,437,117,329,1,-1,-1.000000
121,15,435,459,45,111,1,-1,-1.000000
121,16,491,459,45,117,1,-1,-1.000000
121,19,1235,445,43,105,1,-1,-1.000000
121,20,1003,445,41,93,1,-1,-1.000000
121,22,1087,451,41,89,1,-1,-1.000000
122,1,505,441,183,369,1,-1,-1.000000
122,2,679,429,95,329,1,-1,-1.000000
122,5,775,445,99,265,1,-1,-1.000000
122,10,523,437,117,329,1,-1,-1.000000
122,15,435,459,43,111,1,-1,-1.000000
122,16,491,459,45,117,1,-1,-1.000000
122,19,1233,445,43,105,1,-1,-1.000000
122,20,1003,445,39,91,1,-1,-1.000000
122,22,1089,451,39,89,1,-1,-1.000000
123,1,505,439,183,371,1,-1,-1.000000
123,2,679,429,95,331,1,-1,-1.000000
123,5,775,445,101,265,1,-1,-1.000000
123,10,525,437,117,331,1,-1,-1.000000
123,15,433,459,45,111,1,-1,-1.000000
123,16,489,459,45,117,1,-1,-1.000000
123,19,1231,445,43,105,1,-1,-1.000000
123,20,1003,445,39,91,1,-1,-1.000000
123,22,1091,451,39,89,1,-1,-1.000000
124,1,505,439,185,373,1,-1,-1.000000
124,2,681,429,95,331,1,-1,-1.000000
124,5,777,445,99,267,1,-1,-1.000000
124,10,527,437,119,331,1,-1,-1.000000
124,15,433,459,45,111,1,-1,-1.000000
124,16,489,459,45,117,1,-1,-1.000000
124,19,1231,445,43,105,1,-1,-1.000000
124,20,1003,445,39,91,1,-1,-1.000000
124,22,1091,451,39,89,1,-1,-1.000000
125,1,507,439,183,375,1,-1,-1.000000
125,2,683,429,93,331,1,-1,-1.000000
125,5,779,445,99,267,1,-1,-1.000000
125,10,529,437,119,333,1,-1,-1.000000
125,15,433,459,43,111,1,-1,-1.000000
125,16,489,459,45,117,1,-1,-1.000000
125,19,1229,445,43,105,1,-1,-1.000000
125,20,1003,445,39,91,1,-1,-1.000000
125,22,1093,451,39,89,1,-1,-1.000000
126,1,507,439,185,375,1,-1,-1.000000
126,2,685,429,93,331,1,-1,-1.000000
126,5,781,443,99,269,1,-1,-1.000000
126,10,533,437,117,333,1,-1,-1.000000
126,15,431,459,45,111,1,-1,-1.000000
126,16,489,459,45,117,1,-1,-1.000000
126,19,1227,445,43,105,1,-1,-1.000000
126,20,1003,445,39,91,1,-1,-1.000000
126,22,1093,451,41,89,1,-1,-1.000000
127,1,507,439,187,377,1,-1,-1.000000
127,2,685,429,93,333,1,-1,-1.000000
127,5,781,443,101,271,1,-1,-1.000000
127,10,535,437,117,335,1,-1,-1.000000
127,15,431,459,45,111,1,-1,-1.000000
127,16,487,459,45,117,1,-1,-1.000000
127,19,1227,445,43,105,1,-1,-1.000000
127,20,1003,445,39,91,1,-1,-1.000000
127,22,1095,451,39,89,1,-1,-1.000000
128,1,509,439,185,379,1,-1,-1.000000
128,2,687,429,93,333,1,-1,-1.000000
128,5,783,443,101,271,1,-1,-1.000000
128,10,537,437,117,335,1,-1,-1.000000
128,15,429,459,45,111,1,-1,-1.000000
128,16,487,459,45,117,1,-1,-1.000000
128,19,1225,445,43,105,1,-1,-1.000000
128,20,1003,445,39,91,1,-1,-1.000000
128,22,1095,451,41,89,1,-1,-1.000000
129,1,509,439,187,381,1,-1,-1.000000
129,2,689,429,91,333,1,-1,-1.000000
129,5,785,443,101,271,1,-1,-1.000000
129,10,539,437,119,337,1,-1,-1.000000
129,15,429,459,45,111,1,-1,-1.000000
129,16,487,459,45,117,1,-1,-1.000000
129,19,1225,445,43,105,1,-1,-1.000000
129,20,1003,445,39,91,1,-1,-1.000000
129,22,1097,451,39,89,1,-1,-1.000000
130,1,509,439,189,381,1,-1,-1.000000
130,2,689,429,93,335,1,-1,-1.000000
130,5,787,443,101,273,1,-1,-1.000000
130,10,541,437,119,337,1,-1,-1.000000
130,15,429,459,45,111,1,-1,-1.000000
130,16,487,459,45,117,1,-1,-1.000000
130,19,1223,445,43,105,1,-1,-1.000000
130,20,1003,445,39,91,1,-1,-1.000000
130,22,1097,451,41,89,1,-1,-1.000000
131,1,511,439,187,383,1,-1,-1.000000
131,2,691,429,91,335,1,-1,-1.000000
131,5,789,443,101,273,1,-1,-1.000000
131,10,543,437,119,339,1,-1,-1.000000
131,15,427,459,45,111,1,-1,-1.000000
131,16,485,459,45,117,1,-1,-1.000000
131,19,1221,445,43,105,1,-1,-1.000000
131,20,1003,445,39,91,1,-1,-1.000000
131,22,1099,451,39,89,1,-1,-1.000000
132,1,511,439,189,385,1,-1,-1.000000
132,2,693,429,91,335,1,-1,-1.000000
132,5,789,443,101,273,1,-1,-1.000000
132,10,545,437,119,339,1,-1,-1.000000
132,15,427,459,45,111,1,-1,-1.000000
132,16,485,459,45,117,1,-1,-1.000000
132,19,1221,445,43,105,1,-1,-1.000000
132,20,1003,445,39,89,1,-1,-1.000000
132,22,1101,451,39,89,1,-1,-1.000000
133,1,513,439,189,387,1,-1,-1.000000
133,2,695,429,91,337,1,-1,-1.000000
133,5,791,443,101,275,1,-1,-1.000000
133,10,547,437,121,341,1,-1,-1.000000
133,15,427,459,45,111,1,-1,-1.000000
133,16,485,459,45,117,1,-1,-1.000000
133,19,1219,445,43,105,1,-1,-1.000000
133,20,1003,445,39,89,1,-1,-1.000000
133,22,1101,451,39,89,1,-1,-1.000000
134,1,511,439,195,393,1,-1,-1.000000
134,2,695,429,93,335,1,-1,-1.000000
134,5,793,443,101,275,1,-1,-1.000000
134,10,549,437,121,341,1,-1,-1.000000
134,15,425,459,45,111,1,-1,-1.000000
134,16,485,459,45,117,1,-1,-1.000000
134,19,1219,445,43,105,1,-1,-1.000000
134,20,1003,445,39,89,1,-1,-1.000000
134,22,1103,451,39,89,1,-1,-1.000000
135,1,511,439,199,399,1,-1,-1.000000
135,2,695,429,97,335,1,-1,-1.000000
135,5,795,443,101,275,1,-1,-1.000000
135,10,551,437,121,343,1,-1,-1.000000
135,15,425,459,45,111,1,-1,-1.000000
135,16,483,459,45,117,1,-1,-1.000000
135,19,1217,445,43,105,1,-1,-1.000000
135,20,1003,445,39,89,1,-1,-1.000000
135,22,1103,451,41,89,1,-1,-1.000000
136,1,511,439,203,405,1,-1,-1.000000
136,2,695,429,101,335,1,-1,-1.000000
136,5,795,443,103,277,1,-1,-1.000000
136,10,553,437,121,343,1,-1,-1.000000
136,15,425,459,45,111,1,-1,-1.000000
136,16,483,459,45,117,1,-1,-1.000000
136,19,1215,445,43,105,1,-1,-1.000000
136,20,1003,445,39,89,1,-1,-1.000000
136,22,1105,451,39,89,1,-1,-1.000000
137,1,511,439,207,411,1,-1,-1.000000
137,2,695,429,103,335,1,-1,-1.000000
137,5,797,443,103,277,1,-1,-1.000000
137,10,555,437,123,345,1,-1,-1.000000
137,15,423,459,47,111,1,-1,-1.000000
137,16,483,459,45,117,1,-1,-1.000000
137,19,1215,445,43,105,1,-1,-1.000000
137,20,1003,445,39,89,1,-1,-1.000000
137,22,1105,451,41,89,1,-1,-1.000000
138,1,511,439,211,417,1,-1,-1.000000
138,2,695,429,107,335,1,-1,-1.000000
138,5,799,441,103,279,1,-1,-1.000000
138,10,557,437,123,345,1,-1,-1.000000
138,15,423,459,45,111,1,-1,-1.000000
138,16,483,459,45,117,1,-1,-1.000000
138,19,1213,445,43,105,1,-1,-1.000000
138,20,1003,445,39,89,1,-1,-1.000000
138,22,1107,451,39,89,1,-1,-1.000000
139,1,511,439,215,423,1,-1,-1.000000
139,2,695,429,111,335,1,-1,-1.000000
139,5,801,441,101,281,1,-1,-1.000000
139,10,559,437,123,347,1,-1,-1.000000
139,15,423,459,45,111,1,-1,-1.000000
139,16,481,459,45,117,1,-1,-1.000000
139,19,1211,445,43,105,1,-1,-1.000000
139,20,1003,445,39,89,1,-1,-1.000000
139,22,1107,451,41,89,1,-1,-1.000000
140,1,513,439,209,421,1,-1,-1.000000
140,2,695,429,115,335,1,-1,-1.000000
140,5,801,441,103,281,1,-1,-1.000000
140,10,561,437,123,347,1,-1,-1.000000
140,15,421,459,47,111,1,-1,-1.000000
140,16,481,459,45,117,1,-1,-1.000000
140,19,1211,445,43,105,1,-1,-1.000000
140,20,1003,445,39,89,1,-1,-1.000000
140,22,1109,451,39,89,1,-1,-1.000000
141,1,515,439,203,421,1,-1,-1.000000
141,2,695,429,117,335,1,-1,-1.000000
141,5,803,441,103,281,1,-1,-1.000000
141,10,565,437,123,349,1,-1,-1.000000
141,14,845,439,103,241,1,-1,-1.000000
141,15,421,459,45,111,1,-1,-1.000000
141,16,481,459,45,117,1,-1,-1.000000
141,19,1209,445,43,105,1,-1,-1.000000
141,20,1003,447,39,87,1,-1,-1.000000
141,22,1111,451,39,89,1,-1,-1.000000
142,1,517,439,197,421,1,-1,-1.000000
142,2,695,429,121,335,1,-1,-1.000000
142,5,805,441,103,281,1,-1,-1.000000
142,10,567,437,123,351,1,-1,-1.000000
142,14,847,437,103,243,1,-1,-1.000000
142,15,419,459,47,111,1,-1,-1.000000
142,16,481,459,45,117,1,-1,-1.000000
142,19,1209,445,43,105,1,-1,-1.000000
142,20,1001,447,39,85,1,-1,-1.000000
142,22,1111,451,41,89,1,-1,-1.000000
143,1,521,439,189,421,1,-1,-1.000000
143,2,695,429,125,335,1,-1,-1.000000
143,5,807,441,103,283,1,-1,-1.000000
143,10,569,437,123,351,1,-1,-1.000000
143,14,849,437,103,243,1,-1,-1.000000
143,15,419,459,47,111,1,-1,-1.000000
143,16,479,459,45,117,1,-1,-1.000000
143,19,1207,445,43,105,1,-1,-1.000000
143,20,1001,447,39,85,1,-1,-1.000000
143,22,1113,451,39,89,1,-1,-1.000000
144,1,519,437,189,427,1,-1,-1.000000
144,2,695,429,129,335,1,-1,-1.000000
144,5,807,441,105,283,1,-1,-1.000000
144,10,571,437,123,353,1,-1,-1.000000
144,14,851,437,105,243,1,-1,-1.000000
144,15,419,459,45,111,1,-1,-1.000000
144,16,479,459,45,117,1,-1,-1.000000
144,19,1205,445,43,105,1,-1,-1.000000
144,20,1001,447,39,85,1,-1,-1.000000
144,22,1113,451,41,89,1,-1,-1.000000
145,1,517,435,189,435,1,-1,-1.000000
145,2,695,427,129,337,1,-1,-1.000000
145,5,809,441,105,283,1,-1,-1.000000
145,10,573,437,123,353,1,-1,-1.000000
145,14,853,437,105,245,1,-1,-1.000000
145,15,417,459,47,111,1,-1,-1.000000
145,16,479,459,45,117,1,-1,-1.000000
145,19,1205,445,43,105,1,-1,-1.000000
145,20,1001,447,39,85,1,-1,-1.000000
145,22,1115,451,39,89,1,-1,-1.000000
146,1,515,433,189,443,1,-1,-1.000000
146,2,697,427,129,337,1,-1,-1.000000
146,5,811,441,105,285,1,-1,-1.000000
146,10,575,437,125,355,1,-1,-1.000000
146,14,855,437,107,245,1,-1,-1.000000
146,15,417,459,47,111,1,-1,-1.000000
146,16,479,459,45,117,1,-1,-1.000000
146,19,1203,445,43,105,1,-1,-1.000000
146,20,1001,447,39,85,1,-1,-1.000000
146,22,1115,451,41,89,1,-1,-1.000000
147,1,513,433,189,449,1,-1,-1.000000
147,2,699,427,129,339,1,-1,-1.000000
147,5,813,441,103,285,1,-1,-1.000000
147,10,577,437,125,355,1,-1,-1.000000
147,14,857,437,107,245,1,-1,-1.000000
147,15,417,459,45,111,1,-1,-1.000000
147,16,477,459,45,117,1,-1,-1.000000
147,19,1203,445,43,105,1,-1,-1.000000
147,20,1001,447,39,85,1,-1,-1.000000
147,22,1117,451,39,89,1,-1,-1.000000
148,1,507,431,195,453,1,-1,-1.000000
148,2,701,427,129,339,1,-1,-1.000000
148,5,815,441,103,285,1,-1,-1.000000
148,10,579,437,125,357,1,-1,-1.000000
148,14,859,437,107,247,1,-1,-1.000000
148,15,415,459,47,111,1,-1,-1.000000
148,16,477,459,45,117,1,-1,-1.000000
148,19,1201,445,43,105,1,-1,-1.000000
148,20,1001,447,39,85,1,-1,-1.000000
148,22,1117,451,41,89,1,-1,-1.000000
149,1,503,429,199,459,1,-1,-1.000000
149,2,703,427,129,341,1,-1,-1.000000
149,5,815,441,105,287,1,-1,-1.000000
149,10,581,437,125,357,1,-1,-1.000000
149,14,861,437,109,247,1,-1,-1.000000
149,15,415,459,47,111,1,-1,-1.000000
149,16,477,459,45,117,1,-1,-1.000000
149,19,1199,445,43,105,1,-1,-1.000000
149,20,1001,447,37,85,1,-1,-1.000000
149,22,1119,451,41,91,1,-1,-1.000000
150,1,497,427,205,465,1,-1,-1.000000
150,2,705,427,129,341,1,-1,-1.000000
150,5,817,439,105,289,1,-1,-1.000000
150,10,583,437,127,359,1,-1,-1.000000
150,14,863,437,109,247,1,-1,-1.000000
150,15,415,459,45,111,1,-1,-1.000000
150,16,477,459,45,117,1,-1,-1.000000
150,17,499,455,41,109,1,-1,-1.000000
150,19,1199,445,43,105,1,-1,-1.000000
150,20,1001,447,37,85,1,-1,-1.000000
150,22,1121,451,39,91,1,-1,-1.000000
151,1,493,427,211,469,1,-1,-1.000000
151,2,707,427,127,343,1,-1,-1.000000
151,5,819,439,105,289,1,-1,-1.000000
151,10,585,437,127,359,1,-1,-1.000000
151,14,867,437,109,249,1,-1,-1.000000
151,15,413,459,47,111,1,-1,-1.000000
151,16,475,459,45,117,1,-1,-1.000000
151,17,499,453,41,109,1,-1,-1.000000
151,19,1197,445,43,105,1,-1,-1.000000
151,20,1001,447,37,85,1,-1,-1.000000
151,22,1121,451,41,91,1,-1,-1.000000
152,1,489,425,213,469,1,-1,-1.000000
152,2,709,427,127,343,1,-1,-1.000000
152,5,821,439,105,291,1,-1,-1.000000
152,10,587,437,127,361,1,-1,-1.000000
152,14,869,437,109,249,1,-1,-1.000000
152,15,413,459,47,111,1,-1,-1.000000
152,16,475,459,45,117,1,-1,-1.000000
152,17,499,453,41,109,1,-1,-1.000000
152,19,1197,445,43,105,1,-1,-1.000000
152,20,1001,447,37,83,1,-1,-1.000000
152,22,1123,451,39,91,1,-1,-1.000000
153,1,485,425,215,467,1,-1,-1.000000
153,2,711,427,127,345,1,-1,-1.000000
153,5,821,439,107,291,1,-1,-1.000000
153,10,589,437,127,361,1,-1,-1.000000
153,14,871,437,111,249,1,-1,-1.000000
153,15,413,459,47,111,1,-1,-1.000000
153,16,475,459,45,117,1,-1,-1.000000
153,17,499,453,41,109,1,-1,-1.000000
153,19,1195,445,43,105,1,-1,-1.000000
153,20,999,447,39,83,1,-1,-1.000000
153,22,1123,451,41,91,1,-1,-1.000000
154,1,481,423,217,469,1,-1,-1.000000
154,2,713,427,127,345,1,-1,-1.000000
154,5,823,439,105,291,1,-1,-1.000000
154,10,591,437,129,363,1,-1,-1.000000
154,14,875,437,109,251,1,-1,-1.000000
154,15,413,459,45,111,1,-1,-1.000000
154,16,475,459,45,117,1,-1,-1.000000
154,17,499,453,41,109,1,-1,-1.000000
154,19,1193,445,43,105,1,-1,-1.000000
154,20,999,447,39,83,1,-1,-1.000000
154,22,1125,451,39,91,1,-1,-1.000000
155,1,477,423,221,467,1,-1,-1.000000
155,2,715,427,127,347,1,-1,-1.000000
155,5,825,439,105,293,1,-1,-1.000000
155,10,593,437,129,363,1,-1,-1.000000
155,14,877,437,111,251,1,-1,-1.000000
155,15,413,459,45,111,1,-1,-1.000000
155,16,473,459,45,117,1,-1,-1.000000
155,17,499,453,41,109,1,-1,-1.000000
155,19,1193,445,43,105,1,-1,-1.000000
155,20,999,447,39,83,1,-1,-1.000000
155,22,1125,451,41,91,1,-1,-1.000000
156,1,473,421,223,467,1,-1,-1.000000
156,2,717,427,127,347,1,-1,-1.000000
156,5,827,439,105,293,1,-1,-1.000000
156,10,597,437,127,365,1,-1,-1.000000
156,14,881,437,111,253,1,-1,-1.000000
156,15,413,459,45,111,1,-1,-1.000000
156,16,473,459,45,117,1,-1,-1.000000
156,17,499,453,41,109,1,-1,-1.000000
156,19,1191,445,43,105,1,-1,-1.000000
156,20,999,447,37,83,1,-1,-1.000000
156,22,1127,451,39,91,1,-1,-1.000000
157,1,469,421,225,467,1,-1,-1.000000
157,2,719,427,127,349,1,-1,-1.000000
157,5,827,439,107,293,1,-1,-1.000000
157,10,599,437,127,365,1,-1,-1.000000
157,14,883,437,111,253,1,-1,-1.000000
157,15,413,459,45,111,1,-1,-1.000000
157,16,473,459,45,117,1,-1,-1.000000
157,17,501,453,41,109,1,-1,-1.000000
157,19,1189,445,43,105,1,-1,-1.000000
157,20,999,447,37,83,1,-1,-1.000000
157,22,1127,451,41,91,1,-1,-1.000000
158,1,465,419,227,467,1,-1,-1.000000
158,2,721,427,127,349,1,-1,-1.000000
158,5,829,439,107,295,1,-1,-1.000000
158,10,601,437,127,367,1,-1,-1.000000
158,14,885,437,113,253,1,-1,-1.000000
158,15,413,459,45,111,1,-1,-1.000000
158,16,473,459,45,117,1,-1,-1.000000
158,17,501,453,41,109,1,-1,-1.000000
158,19,1189,445,43,105,1,-1,-1.000000
158,20,999,447,37,83,1,-1,-1.000000
158,22,1129,451,41,91,1,-1,-1.000000
159,1,463,419,229,467,1,-1,-1.000000
159,2,723,427,127,351,1,-1,-1.000000
159,5,831,439,107,295,1,-1,-1.000000
159,10,603,437,129,367,1,-1,-1.000000
159,14,889,437,111,255,1,-1,-1.000000
159,15,413,459,45,111,1,-1,-1.000000
159,16,471,459,45,117,1,-1,-1.000000
159,17,501,453,41,109,1,-1,-1.000000
159,19,1187,445,43,105,1,-1,-1.000000
159,20,999,447,37,83,1,-1,-1.000000
159,22,1131,451,39,91,1,-1,-1.000000
160,1,463,419,233,467,1,-1,-1.000000
160,2,725,427,127,351,1,-1,-1.000000
160,5,833,439,107,295,1,-1,-1.000000
160,10,605,437,129,369,1,-1,-1.000000
160,14,891,437,113,255,1,-1,-1.000000
160,15,413,459,45,111,1,-1,-1.000000
160,16,471,459,45,117,1,-1,-1.000000
160,17,501,453,41,109,1,-1,-1.000000
160,19,1187,445,43,105,1,-1,-1.000000
160,20,999,447,37,83,1,-1,-1.000000
160,22,1131,451,41,91,1,-1,-1.000000
161,1,465,419,235,467,1,-1,-1.000000
161,2,727,427,127,353,1,-1,-1.000000
161,5,835,439,107,297,1,-1,-1.000000
161,10,607,437,129,369,1,-1,-1.000000
161,14,895,437,113,257,1,-1,-1.000000
161,15,413,459,45,111,1,-1,-1.000000
161,16,471,459,45,117,1,-1,-1.000000
161,17,501,453,41,109,1,-1,-1.000000
161,19,1185,445,43,105,1,-1,-1.000000
161,20,999,447,37,83,1,-1,-1.000000
161,22,1133,451,39,91,1,-1,-1.000000
162,1,467,419,239,469,1,-1,-1.000000
162,2,729,427,127,353,1,-1,-1.000000
162,5,837,439,107,297,1,-1,-1.000000
162,10,609,437,129,371,1,-1,-1.000000
162,14,897,435,113,259,1,-1,-1.000000
162,15,413,459,45,111,1,-1,-1.000000
162,16,471,459,45,117,1,-1,-1.000000
162,17,501,453,41,109,1,-1,-1.000000
162,19,1183,445,43,105,1,-1,-1.000000
162,20,999,447,37,81,1,-1,-1.000000
162,22,1133,451,41,91,1,-1,-1.000000
163,1,469,419,241,469,1,-1,-1.000000
163,2,731,427,127,355,1,-1,-1.000000
163,5,841,439,107,297,1,-1,-1.000000
163,10,611,437,131,371,1,-1,-1.000000
163,14,901,435,113,259,1,-1,-1.000000
163,15,413,459,45,111,1,-1,-1.000000
163,16,469,459,45,117,1,-1,-1.000000
163,17,501,453,41,109,1,-1,-1.000000
163,19,1183,445,43,105,1,-1,-1.000000
163,20,999,447,35,81,1,-1,-1.000000
163,22,1135,451,39,91,1,-1,-1.000000
164,1,469,419,245,471,1,-1,-1.000000
164,2,733,427,127,355,1,-1,-1.000000
164,5,843,439,109,297,1,-1,-1.000000
164,10,613,437,131,373,1,-1,-1.000000
164,14,903,435,115,261,1,-1,-1.000000
164,15,413,459,45,111,1,-1,-1.000000
164,16,469,459,45,117,1,-1,-1.000000
164,17,503,453,41,109,1,-1,-1.000000
164,19,1181,445,43,105,1,-1,-1.000000
164,20,999,447,35,81,1,-1,-1.000000
164,22,1135,451,41,91,1,-1,-1.000000
165,1,471,419,249,471,1,-1,-1.000000
165,2,735,429,127,355,1,-1,-1.000000
165,5,847,439,107,299,1,-1,-1.000000
165,10,615,437,131,373,1,-1,-1.000000
165,14,907,435,113,261,1,-1,-1.000000
165,15,413,459,45,111,1,-1,-1.000000
165,16,469,459,45,117,1,-1,-1.000000
165,17,503,453,41,109,1,-1,-1.000000
165,19,1181,445,43,105,1,-1,-1.000000
165,20,997,447,37,81,1,-1,-1.000000
165,22,1137,451,41,91,1,-1,-1.000000
166,1,473,419,251,473,1,-1,-1.000000
166,2,737,429,127,355,1,-1,-1.000000
166,5,851,439,107,299,1,-1,-1.000000
166,10,617,437,131,375,1,-1,-1.000000
166,14,909,435,115,261,1,-1,-1.000000
166,15,413,459,45,111,1,-1,-1.000000
166,16,469,459,45,117,1,-1,-1.000000
166,17,503,453,41,109,1,-1,-1.000000
166,19,1179,445,43,105,1,-1,-1.000000
166,20,997,447,37,81,1,-1,-1.000000
166,22,1137,451,41,91,1,-1,-1.000000
167,1,475,419,255,473,1,-1,-1.000000
167,2,739,429,127,357,1,-1,-1.000000
167,5,853,439,109,299,1,-1,-1.000000
167,10,619,437,133,375,1,-1,-1.000000
167,14,913,435,115,263,1,-1,-1.000000
167,15,413,459,45,111,1,-1,-1.000000
167,16,467,459,45,117,1,-1,-1.000000
167,17,503,453,41,109,1,-1,-1.000000
167,19,1177,445,43,105,1,-1,-1.000000
167,20,997,447,37,81,1,-1,-1.000000
167,22,1139,451,41,91,1,-1,-1.000000
168,1,475,419,259,473,1,-1,-1.000000
168,2,741,429,127,357,1,-1,-1.000000
168,5,857,439,109,301,1,-1,-1.000000
168,10,621,437,133,377,1,-1,-1.000000
168,14,915,435,115,263,1,-1,-1.000000
168,15,413,459,45,111,1,-1,-1.000000
168,16,467,459,45,117,1,-1,-1.000000
168,17,503,453,41,109,1,-1,-1.000000
168,19,1177,445,43,105,1,-1,-1.000000
168,20,997,447,37,81,1,-1,-1.000000
168,22,1141,451,39,91,1,-1,-1.000000
169,1,477,419,261,475,1,-1,-1.000000
169,2,743,429,129,359,1,-1,-1.000000
169,5,861,439,107,301,1,-1,-1.000000
169,10,623,437,133,377,1,-1,-1.000000
169,14,919,435,115,263,1,-1,-1.000000
169,15,413,459,45,111,1,-1,-1.000000
169,16,467,459,45,117,1,-1,-1.000000
169,17,503,453,41,109,1,-1,-1.000000
169,19,1175,445,43,105,1,-1,-1.000000
169,20,997,447,37,81,1,-1,-1.000000
169,22,1141,451,41,91,1,-1,-1.000000
170,1,479,419,265,475,1,-1,-1.000000
170,2,745,429,129,361,1,-1,-1.000000
170,5,863,439,109,301,1,-1,-1.000000
170,10,625,437,133,379,1,-1,-1.000000
170,14,921,433,117,267,1,-1,-1.000000
170,15,413,459,45,111,1,-1,-1.000000
170,16,467,459,45,117,1,-1,-1.000000
170,17,505,453,41,109,1,-1,-1.000000
170,19,1173,445,43,105,1,-1,-1.000000
170,20,997,447,35,81,1,-1,-1.000000
170,22,1143,451,39,91,1,-1,-1.000000
171,1,481,419,267,477,1,-1,-1.000000
171,2,747,429,129,361,1,-1,-1.000000
171,5,867,439,109,303,1,-1,-1.000000
171,10,629,439,133,379,1,-1,-1.000000
171,14,925,433,117,267,1,-1,-1.000000
171,15,413,459,45,111,1,-1,-1.000000
171,16,465,459,45,117,1,-1,-1.000000
171,17,505,453,41,109,1,-1,-1.000000
171,19,1173,445,43,105,1,-1,-1.000000
171,20,997,447,35,81,1,-1,-1.000000
171,22,1143,451,41,91,1,-1,-1.000000
172,1,481,419,271,477,1,-1,-1.000000
172,2,749,429,129,363,1,-1,-1.000000
172,5,871,439,107,303,1,-1,-1.000000
172,10,629,437,135,381,1,-1,-1.000000
172,14,927,433,117,267,1,-1,-1.000000
172,15,413,459,45,111,1,-1,-1.000000
172,16,465,459,45,117,1,-1,-1.000000
172,17,505,453,41,109,1,-1,-1.000000
172,19,1171,445,43,105,1,-1,-1.000000
172,20,997,447,35,79,1,-1,-1.000000
172,22,1145,451,39,91,1,-1,-1.000000
173,1,483,419,275,479,1,-1,-1.000000
173,2,751,431,129,361,1,-1,-1.000000
173,5,873,439,109,303,1,-1,-1.000000
173,10,631,437,135,381,1,-1,-1.000000
173,14,931,433,117,269,1,-1,-1.000000
173,15,413,459,45,111,1,-1,-1.000000
173,16,465,459,45,117,1,-1,-1.000000
173,17,505,453,41,109,1,-1,-1.000000
173,19,1171,445,43,105,1,-1,-1.000000
173,20,997,447,35,79,1,-1,-1.000000
173,22,1145,451,41,91,1,-1,-1.000000
174,1,485,419,277,479,1,-1,-1.000000
174,2,753,431,129,363,1,-1,-1.000000
174,5,877,439,109,305,1,-1,-1.000000
174,10,633,437,135,383,1,-1,-1.000000
174,14,933,433,119,269,1,-1,-1.000000
174,15,413,459,45,111,1,-1,-1.000000
174,16,465,459,45,117,1,-1,-1.000000
174,17,505,453,41,109,1,-1,-1.000000
174,19,1169,445,43,105,1,-1,-1.000000
174,20,997,447,35,79,1,-1,-1.000000
174,22,1147,451,41,91,1,-1,-1.000000
175,1,487,419,281,481,1,-1,-1.000000
175,2,755,431,129,363,1,-1,-1.000000
175,5,881,439,109,305,1,-1,-1.000000
175,10,635,437,135,383,1,-1,-1.000000
175,14,937,433,117,269,1,-1,-1.000000
175,15,413,459,45,111,1,-1,-1.000000
175,16,463,459,45,117,1,-1,-1.000000
175,17,505,453,41,109,1,-1,-1.000000
175,19,1167,445,43,105,1,-1,-1.000000
175,20,997,447,35,79,1,-1,-1.000000
175,22,1147,451,41,91,1,-1,-1.000000
176,1,491,419,275,481,1,-1,-1.000000
176,2,757,431,129,365,1,-1,-1.000000
176,5,883,439,109,305,1,-1,-1.000000
176,10,637,437,135,385,1,-1,-1.000000
176,14,939,433,119,271,1,-1,-1.000000
176,15,413,459,45,111,1,-1,-1.000000
176,16,463,459,45,117,1,-1,-1.000000
176,17,505,453,41,109,1,-1,-1.000000
176,19,1167,445,43,105,1,-1,-1.000000
176,20,997,449,35,77,1,-1,-1.000000
176,22,1149,451,41,91,1,-1,-1.000000
177,1,495,419,271,483,1,-1,-1.000000
177,2,759,431,129,365,1,-1,-1.000000
177,5,887,439,109,307,1,-1,-1.000000
177,10,639,437,135,385,1,-1,-1.000000
177,14,943,433,119,271,1,-1,-1.000000
177,15,413,459,45,111,1,-1,-1.000000
177,16,463,459,45,117,1,-1,-1.000000
177,17,507,453,41,109,1,-1,-1.000000
177,19,1165,445,43,105,1,-1,-1.000000
177,20,995,449,35,77,1,-1,-1.000000
177,22,1151,451,39,91,1,-1,-1.000000
178,1,501,421,265,483,1,-1,-1.000000
178,2,761,431,129,367,1,-1,-1.000000
178,5,891,439,109,307,1,-1,-1.000000
178,10,639,437,137,385,1,-1,-1.000000
178,14,945,431,119,273,1,-1,-1.000000
178,15,413,459,45,111,1,-1,-1.000000
178,16,463,459,45,117,1,-1,-1.000000
178,17,507,453,41,109,1,-1,-1.000000
178,19,1165,445,43,105,1,-1,-1.000000
178,20,995,449,35,77,1,-1,-1.000000
178,22,1151,451,41,91,1,-1,-1.000000
179,1,505,421,259,485,1,-1,-1.000000
179,2,763,431,129,367,1,-1,-1.000000
179,5,893,439,111,307,1,-1,-1.000000
179,10,641,437,137,387,1,-1,-1.000000
179,14,949,431,119,275,1,-1,-1.000000
179,15,413,459,45,111,1,-1,-1.000000
179,16,461,459,45,117,1,-1,-1.000000
179,17,507,453,41,109,1,-1,-1.000000
179,19,1163,445,43,105,1,-1,-1.000000
179,20,995,449,35,77,1,-1,-1.000000
179,22,1153,451,39,91,1,-1,-1.000000
180,1,509,421,255,487,1,-1,-1.000000
180,2,765,431,129,369,1,-1,-1.000000
180,5,897,439,109,309,1,-1,-1.000000
180,10,643,437,137,387,1,-1,-1.000000
180,14,951,431,121,275,1,-1,-1.000000
180,15,413,459,45,111,1,-1,-1.000000
180,16,461,459,45,117,1,-1,-1.000000
180,17,507,453,41,109,1,-1,-1.000000
180,19,1161,445,43,105,1,-1,-1.000000
180,20,995,449,35,77,1,-1,-1.000000
180,22,1153,451,41,93,1,-1,-1.000000
181,1,515,423,249,487,1,-1,-1.000000
181,2,769,433,129,369,1,-1,-1.000000
181,5,901,439,109,309,1,-1,-1.000000
181,10,645,437,137,389,1,-1,-1.000000
181,11,561,449,71,165,1,-1,-1.000000
181,14,955,431,121,275,1,-1,-1.000000
181,15,413,459,45,111,1,-1,-1.000000
181,16,461,459,45,117,1,-1,-1.000000
181,17,507,453,41,109,1,-1,-1.000000
181,19,1161,445,43,105,1,-1,-1.000000
181,20,995,449,35,77,1,-1,-1.000000
181,22,1155,451,41,93,1,-1,-1.000000
182,1,519,421,247,491,1,-1,-1.000000
182,2,771,431,129,371,1,-1,-1.000000
182,5,903,439,111,309,1,-1,-1.000000
182,10,647,435,137,391,1,-1,-1.000000
182,11,561,449,71,165,1,-1,-1.000000
182,14,957,431,121,277,1,-1,-1.000000
182,15,413,459,45,111,1,-1,-1.000000
182,16,461,459,45,117,1,-1,-1.000000
182,17,507,453,41,109,1,-1,-1.000000
182,19,1159,445,43,105,1,-1,-1.000000
182,20,995,449,35,75,1,-1,-1.000000
182,22,1155,451,41,93,1,-1,-1.000000
183,1,523,421,247,495,1,-1,-1.000000
183,2,773,431,129,371,1,-1,-1.000000
183,5,907,439,109,311,1,-1,-1.000000
183,10,649,435,137,391,1,-1,-1.000000
183,11,561,449,71,165,1,-1,-1.000000
183,14,961,431,121,277,1,-1,-1.000000
183,15,413,459,45,111,1,-1,-1.000000
183,16,459,459,45,117,1,-1,-1.000000
183,17,507,453,41,109,1,-1,-1.000000
183,19,1159,445,43,105,1,-1,-1.000000
183,20,995,449,35,75,1,-1,-1.000000
183,22,1157,451,41,93,1,-1,-1.000000
184,1,529,421,243,499,1,-1,-1.000000
184,2,777,431,127,371,1,-1,-1.000000
184,5,909,439,111,311,1,-1,-1.000000
184,10,651,435,137,393,1,-1,-1.000000
184,11,563,449,71,165,1,-1,-1.000000
184,14,963,431,123,277,1,-1,-1.000000
184,15,413,459,45,111,1,-1,-1.000000
184,16,459,459,45,117,1,-1,-1.000000
184,17,509,453,41,109,1,-1,-1.000000
184,19,1157,445,43,105,1,-1,-1.000000
184,20,995,449,33,75,1,-1,-1.000000
184,22,1157,451,41,93,1,-1,-1.000000
185,1,533,419,243,503,1,-1,-1.000000
185,2,779,431,129,371,1,-1,-1.000000
185,5,913,439,111,311,1,-1,-1.000000
185,10,651,435,139,393,1,-1,-1.000000
185,11,563,449,71,165,1,-1,-1.000000
185,14,967,431,121,279,1,-1,-1.000000
185,15,413,459,45,111,1,-1,-1.000000
185,16,459,459,45,117,1,-1,-1.000000
185,17,509,453,41,109,1,-1,-1.000000
185,19,1155,445,43,105,1,-1,-1.000000
185,20,995,449,33,75,1,-1,-1.000000
185,22,1159,451,41,93,1,-1,-1.000000
186,1,539,419,239,507,1,-1,-1.000000
186,2,781,429,129,373,1,-1,-1.000000
186,5,917,439,111,313,1,-1,-1.000000
186,10,653,435,139,395,1,-1,-1.000000
186,11,565,449,71,167,1,-1,-1.000000
186,14,969,431,123,279,1,-1,-1.000000
186,15,413,459,45,111,1,-1,-1.000000
186,16,459,459,45,117,1,-1,-1.000000
186,17,509,453,41,109,1,-1,-1.000000
186,19,1155,445,43,105,1,-1,-1.000000
186,20,995,449,33,75,1,-1,-1.000000
186,22,1161,451,39,93,1,-1,-1.000000
187,1,543,419,239,511,1,-1,-1.000000
187,2,785,429,127,375,1,-1,-1.000000
187,5,919,439,111,313,1,-1,-1.000000
187,10,655,435,139,395,1,-1,-1.000000
187,11,565,449,71,167,1,-1,-1.000000
187,14,973,429,123,281,1,-1,-1.000000
187,15,413,459,45,111,1,-1,-1.000000
187,16,457,459,45,117,1,-1,-1.000000
187,17,509,453,41,109,1,-1,-1.000000
187,19,1153,445,43,105,1,-1,-1.000000
187,20,995,449,33,75,1,-1,-1.000000
187,22,1161,451,41,93,1,-1,-1.000000
188,1,547,417,239,515,1,-1,-1.000000
188,2,787,429,127,375,1,-1,-1.000000
188,5,923,439,111,313,1,-1,-1.000000
188,10,657,435,139,395,1,-1,-1.000000
188,11,565,449,71,167,1,-1,-1.000000
188,14,975,429,123,283,1,-1,-1.000000
188,15,413,459,45,111,1,-1,-1.000000
188,16,457,459,45,117,1,-1,-1.000000
188,17,509,453,41,109,1,-1,-1.000000
188,19,1151,445,43,105,1,-1,-1.000000
188,20,993,449,35,75,1,-1,-1.000000
188,22,1163,451,41,93,1,-1,-1.000000
189,1,553,417,235,519,1,-1,-1.000000
189,2,789,429,129,375,1,-1,-1.000000
189,5,927,439,111,315,1,-1,-1.000000
189,10,659,435,139,397,1,-1,-1.000000
189,11,567,449,71,167,1,-1,-1.000000
189,14,979,429,123,283,1,-1,-1.000000
189,15,413,459,45,111,1,-1,-1.000000
189,16,457,459,45,117,1,-1,-1.000000
189,17,509,453,41,109,1,-1,-1.000000
189,19,1151,445,43,105,1,-1,-1.000000
189,20,993,449,35,75,1,-1,-1.000000
189,22,1163,451,41,93,1,-1,-1.000000
190,1,557,417,235,523,1,-1,-1.000000
190,2,793,427,127,377,1,-1,-1.000000
190,5,929,439,113,315,1,-1,-1.000000
190,10,661,435,139,397,1,-1,-1.000000
190,11,567,449,71,169,1,-1,-1.000000
190,14,981,429,125,283,1,-1,-1.000000
190,15,413,459,45,111,1,-1,-1.000000
190,16,457,459,45,117,1,-1,-1.000000
190,17,511,453,41,109,1,-1,-1.000000
190,19,1149,445,43,105,1,-1,-1.000000
190,20,993,449,35,75,1,-1,-1.000000
190,22,1165,451,41,93,1,-1,-1.000000
191,1,563,415,231,527,1,-1,-1.000000
191,2,795,427,127,377,1,-1,-1.000000
191,5,933,439,111,315,1,-1,-1.000000
191,10,663,435,139,399,1,-1,-1.000000
191,11,569,449,71,169,1,-1,-1.000000
191,14,985,429,125,285,1,-1,-1.000000
191,15,413,459,45,111,1,-1,-1.000000
191,16,455,459,45,117,1,-1,-1.000000
191,17,509,453,41,109,1,-1,-1.000000
191,19,1149,445,43,105,1,-1,-1.000000
191,20,993,449,33,75,1,-1,-1.000000
191,22,1165,451,41,93,1,-1,-1.000000
192,1,567,415,231,531,1,-1,-1.000000
192,2,797,427,127,377,1,-1,-1.000000
192,5,937,439,111,317,1,-1,-1.000000
192,10,663,433,141,401,1,-1,-1.000000
192,11,569,449,71,169,1,-1,-1.000000
192,14,987,429,125,285,1,-1,-1.000000
192,15,413,459,45,111,1,-1,-1.000000
192,16,455,459,45,117,1,-1,-1.000000
192,17,509,453,41,109,1,-1,-1.000000
192,19,1147,445,43,105,1,-1,-1.000000
192,20,993,449,33,73,1,-1,-1.000000
192,22,1167,451,41,93,1,-1,-1.000000
193,1,573,415,229,535,1,-1,-1.000000
193,2,801,427,127,379,1,-1,-1.000000
193,5,939,439,113,317,1,-1,-1.000000
193,10,665,433,141,401,1,-1,-1.000000
193,11,571,449,71,169,1,-1,-1.000000
193,14,991,429,125,285,1,-1,-1.000000
193,15,413,459,45,111,1,-1,-1.000000
193,16,455,459,45,117,1,-1,-1.000000
193,17,509,453,41,109,1,-1,-1.000000
193,19,1145,445,43,105,1,-1,-1.000000
193,20,993,449,33,73,1,-1,-1.000000
193,22,1167,451,41,93,1,-1,-1.000000
194,1,577,413,227,537,1,-1,-1.000000
194,2,803,425,127,381,1,-1,-1.000000
194,5,943,439,111,317,1,-1,-1.000000
194,10,667,433,141,403,1,-1,-1.000000
194,11,571,449,71,169,1,-1,-1.000000
194,14,993,429,127,287,1,-1,-1.000000
194,15,413,459,45,111,1,-1,-1.000000
194,16,453,459,45,117,1,-1,-1.000000
194,17,509,453,41,109,1,-1,-1.000000
194,19,1145,445,43,105,1,-1,-1.000000
194,20,993,449,33,73,1,-1,-1.000000
194,22,1169,451,41,93,1,-1,-1.000000
195,1,583,413,225,539,1,-1,-1.000000
195,2,807,425,127,381,1,-1,-1.000000
195,5,947,439,111,319,1,-1,-1.000000
195,10,669,433,141,403,1,-1,-1.000000
195,11,571,449,71,171,1,-1,-1.000000
195,14,997,427,125,289,1,-1,-1.000000
195,15,413,459,45,111,1,-1,-1.000000
195,16,453,459,45,117,1,-1,-1.000000
195,17,509,453,41,109,1,-1,-1.000000
195,19,1143,445,43,105,1,-1,-1.000000
195,20,993,449,33,73,1,-1,-1.000000
195,22,1171,451,39,93,1,-1,-1.000000
196,1,589,413,223,539,1,-1,-1.000000
196,2,811,425,127,381,1,-1,-1.000000
196,5,949,439,113,319,1,-1,-1.000000
196,10,671,433,141,405,1,-1,-1.000000
196,11,573,449,71,171,1,-1,-1.000000
196,14,999,427,127,289,1,-1,-1.000000
196,15,413,459,45,111,1,-1,-1.000000
196,16,453,459,45,117,1,-1,-1.000000
196,17,509,453,41,109,1,-1,-1.000000
196,19,1143,445,43,105,1,-1,-1.000000
196,20,993,449,33,73,1,-1,-1.000000
196,22,1171,451,41,93,1,-1,-1.000000
197,1,595,413,219,541,1,-1,-1.000000
197,2,813,425,127,381,1,-1,-1.000000
197,5,953,439,113,319,1,-1,-1.000000
197,10,673,433,141,405,1,-1,-1.000000
197,11,573,449,71,171,1,-1,-1.000000
197,14,1003,427,127,291,1,-1,-1.000000
197,15,413,459,45,111,1,-1,-1.000000
197,16,451,459,45,117,1,-1,-1.000000
197,17,509,453,41,109,1,-1,-1.000000
197,19,1141,445,43,105,1,-1,-1.000000
197,20,993,449,33,73,1,-1,-1.000000
197,22,1173,451,41,93,1,-1,-1.000000
198,1,599,411,219,543,1,-1,-1.000000
198,2,817,425,127,381,1,-1,-1.000000
198,5,957,439,111,321,1,-1,-1.000000
198,10,673,433,143,405,1,-1,-1.000000
198,11,575,449,71,171,1,-1,-1.000000
198,14,1005,427,127,291,1,-1,-1.000000
198,15,413,459,45,111,1,-1,-1.000000
198,16,451,459,45,117,1,-1,-1.000000
198,17,509,453,41,109,1,-1,-1.000000
198,19,1139,445,43,105,1,-1,-1.000000
198,20,993,449,31,73,1,-1,-1.000000
198,22,1173,451,41,93,1,-1,-1.000000
199,1,605,411,217,545,1,-1,-1.000000
199,2,821,425,127,381,1,-1,-1.000000
199,5,959,439,113,321,1,-1,-1.000000
199,10,675,433,143,407,1,-1,-1.000000
199,11,575,449,71,173,1,-1,-1.000000
199,14,1009,427,127,291,1,-1,-1.000000
199,15,413,459,45,111,1,-1,-1.000000
199,16,451,459,45,117,1,-1,-1.000000
199,17,509,453,41,109,1,-1,-1.000000
199,19,1139,445,43,105,1,-1,-1.000000
199,20,993,449,31,73,1,-1,-1.000000
199,22,1175,451,41,93,1,-1,-1.000000
200,1,611,411,213,545,1,-1,-1.000000
200,2,823,425,129,381,1,-1,-1.000000
200,5,963,439,113,321,1,-1,-1.000000
200,10,677,433,143,407,1,-1,-1.000000
200,11,577,449,71,173,1,-1,-1.000000
200,14,1011,427,129,293,1,-1,-1.000000
200,15,413,459,45,111,1,-1,-1.000000
200,16,451,459,45,117,1,-1,-1.000000
200,17,509,453,41,109,1,-1,-1.000000
200,19,1137,445,43,105,1,-1,-1.000000
200,20,991,449,33,73,1,-1,-1.000000
200,22,1175,451,41,93,1,-1,-1.000000
201,1,617,411,211,547,1,-1,-1.000000
201,2,827,423,127,383,1,-1,-1.000000
201,5,967,439,113,323,1,-1,-1.000000
201,10,679,433,143,409,1,-1,-1.000000
201,11,577,449,71,173,1,-1,-1.000000
201,14,1015,427,129,293,1,-1,-1.000000
201,15,413,459,45,111,1,-1,-1.000000
201,16,449,459,45,117,1,-1,-1.000000
201,17,509,453,41,109,1,-1,-1.000000
201,20,991,449,33,73,1,-1,-1.000000
201,22,1177,451,41,93,1,-1,-1.000000
202,1,623,411,209,549,1,-1,-1.000000
202,2,831,423,127,383,1,-1,-1.000000
202,5,971,437,115,325,1,-1,-1.000000
202,10,681,431,143,411,1,-1,-1.000000
202,11,577,449,71,173,1,-1,-1.000000
202,14,1017,427,129,293,1,-1,-1.000000
202,15,413,459,45,111,1,-1,-1.000000
202,16,449,459,45,117,1,-1,-1.000000
202,17,509,453,41,109,1,-1,-1.000000
202,20,991,449,33,71,1,-1,-1.000000
202,22,1177,451,41,93,1,-1,-1.000000
203,1,625,409,209,551,1,-1,-1.000000
203,2,833,423,129,383,1,-1,-1.000000
203,5,977,437,115,325,1,-1,-1.000000
203,10,683,431,143,411,1,-1,-1.000000
203,11,579,449,71,173,1,-1,-1.000000
203,14,1021,425,129,297,1,-1,-1.000000
203,15,413,459,45,111,1,-1,-1.000000
203,16,447,459,45,117,1,-1,-1.000000
203,17,509,453,41,109,1,-1,-1.000000
203,20,991,449,33,71,1,-1,-1.000000
203,22,1179,451,41,93,1,-1,-1.000000
204,1,629,409,207,553,1,-1,-1.000000
204,2,837,423,129,383,1,-1,-1.000000
204,5,981,437,117,327,1,-1,-1.000000
204,10,685,431,143,413,1,-1,-1.000000
204,11,579,449,71,175,1,-1,-1.000000
204,14,1023,425,131,297,1,-1,-1.000000
204,15,413,459,45,111,1,-1,-1.000000
204,16,447,459,45,117,1,-1,-1.000000
204,17,509,453,41,109,1,-1,-1.000000
204,20,991,449,33,71,1,-1,-1.000000
204,22,1181,451,41,93,1,-1,-1.000000
205,1,633,409,205,555,1,-1,-1.000000
205,2,841,423,127,383,1,-1,-1.000000
205,5,987,437,117,327,1,-1,-1.000000
205,10,685,431,145,413,1,-1,-1.000000
205,11,581,449,71,175,1,-1,-1.000000
205,14,1027,425,129,297,1,-1,-1.000000
205,15,413,459,45,111,1,-1,-1.000000
205,16,447,459,45,117,1,-1,-1.000000
205,17,509,453,41,109,1,-1,-1.000000
205,20,991,449,31,71,1,-1,-1.000000
205,22,1181,451,41,93,1,-1,-1.000000
206,1,637,409,203,557,1,-1,-1.000000
206,2,843,423,129,383,1,-1,-1.000000
206,5,993,437,117,329,1,-1,-1.000000
206,10,687,431,145,415,1,-1,-1.000000
206,11,581,449,71,175,1,-1,-1.000000
206,14,1029,425,131,299,1,-1,-1.000000
206,15,413,459,45,111,1,-1,-1.000000
206,16,445,459,45,117,1,-1,-1.000000
206,17,509,453,41,109,1,-1,-1.000000
206,20,991,449,31,71,1,-1,-1.000000
206,22,1183,451,41,93,1,-1,-1.000000
207,1,639,409,203,559,1,-1,-1.000000
207,2,847,423,129,383,1,-1,-1.000000
207,5,997,437,119,329,1,-1,-1.000000
207,10,689,431,145,415,1,-1,-1.000000
207,11,583,449,71,175,1,-1,-1.000000
207,14,1033,425,131,299,1,-1,-1.000000
207,15,413,459,45,111,1,-1,-1.000000
207,16,445,459,45,117,1,-1,-1.000000
207,17,509,453,41,109,1,-1,-1.000000
207,20,991,449,31,71,1,-1,-1.000000
207,22,1183,451,41,93,1,-1,-1.000000
208,1,643,409,201,561,1,-1,-1.000000
208,2,851,421,127,385,1,-1,-1.000000
208,5,1003,437,119,331,1,-1,-1.000000
208,10,691,431,145,415,1,-1,-1.000000
208,11,583,449,71,177,1,-1,-1.000000
208,14,1035,425,131,299,1,-1,-1.000000
208,15,413,459,45,111,1,-1,-1.000000
208,16,445,459,45,117,1,-1,-1.000000
208,17,509,453,41,109,1,-1,-1.000000
208,20,991,449,31,71,1,-1,-1.000000
208,22,1185,451,41,93,1,-1,-1.000000
209,1,647,409,201,563,1,-1,-1.000000
209,2,853,421,129,385,1,-1,-1.000000
209,5,1007,437,121,331,1,-1,-1.000000
209,10,693,431,145,417,1,-1,-1.000000
209,11,583,449,71,177,1,-1,-1.000000
209,14,1039,425,131,301,1,-1,-1.000000
209,15,413,459,45,111,1,-1,-1.000000
209,16,443,459,45,117,1,-1,-1.000000
209,17,509,453,41,109,1,-1,-1.000000
209,20,991,449,31,71,1,-1,-1.000000
209,22,1185,451,41,93,1,-1,-1.000000
210,1,651,409,199,565,1,-1,-1.000000
210,2,857,421,129,385,1,-1,-1.000000
210,5,1013,435,121,335,1,-1,-1.000000
210,10,695,431,145,417,1,-1,-1.000000
210,11,585,449,71,177,1,-1,-1.000000
210,14,1041,425,133,301,1,-1,-1.000000
210,15,413,459,45,111,1,-1,-1.000000
210,16,443,459,45,117,1,-1,-1.000000
210,17,509,453,41,109,1,-1,-1.000000
210,20,991,449,31,71,1,-1,-1.000000
210,22,1187,451,41,93,1,-1,-1.000000
211,1,653,409,199,567,1,-1,-1.000000
211,2,861,421,129,385,1,-1,-1.000000
211,5,1019,435,121,335,1,-1,-1.000000
211,10,697,431,147,419,1,-1,-1.000000
211,11,585,449,71,177,1,-1,-1.000000
211,14,1045,425,133,303,1,-1,-1.000000
211,15,413,459,45,111,1,-1,-1.000000
211,16,443,459,45,117,1,-1,-1.000000
211,17,509,453,41,109,1,-1,-1.000000
211,22,1189,451,41,95,1,-1,-1.000000
211,25,479,453,37,109,1,-1,-1.000000
212,1,657,409,197,569,1,-1,-1.000000
212,2,863,421,129,385,1,-1,-1.000000
212,5,1023,435,123,337,1,-1,-1.000000
212,10,697,429,149,421,1,-1,-1.000000
212,11,587,449,71,177,1,-1,-1.000000
212,14,1049,423,133,305,1,-1,-1.000000
212,15,413,459,45,111,1,-1,-1.000000
212,16,441,459,45,117,1,-1,-1.000000
212,17,509,453,41,109,1,-1,-1.000000
212,22,1191,449,41,97,1,-1,-1.000000
212,25,477,453,37,109,1,-1,-1.000000
213,1,661,409,195,571,1,-1,-1.000000
213,2,867,421,129,385,1,-1,-1.000000
213,5,1029,435,123,337,1,-1,-1.000000
213,10,699,429,149,421,1,-1,-1.000000
213,11,587,449,71,179,1,-1,-1.000000
213,14,1053,423,135,305,1,-1,-1.000000
213,15,413,459,45,111,1,-1,-1.000000
213,16,441,459,45,117,1,-1,-1.000000
213,17,509,453,41,109,1,-1,-1.000000
213,22,1193,449,41,97,1,-1,-1.000000
213,25,477,453,37,109,1,-1,-1.000000
214,1,665,409,193,573,1,-1,-1.000000
214,2,871,421,129,385,1,-1,-1.000000
214,5,1033,435,125,339,1,-1,-1.000000
214,10,701,429,149,423,1,-1,-1.000000
214,11,589,449,71,179,1,-1,-1.000000
214,14,1059,423,135,307,1,-1,-1.000000
214,15,413,459,45,111,1,-1,-1.000000
214,16,441,459,45,117,1,-1,-1.000000
214,17,509,453,41,109,1,-1,-1.000000
214,22,1195,449,41,97,1,-1,-1.000000
214,25,477,453,37,109,1,-1,-1.000000
215,1,669,409,193,575,1,-1,-1.000000
215,2,875,421,129,387,1,-1,-1.000000
215,5,1039,435,125,339,1,-1,-1.000000
215,10,703,429,149,423,1,-1,-1.000000
215,11,589,449,71,179,1,-1,-1.000000
215,14,1063,423,135,307,1,-1,-1.000000
215,15,413,459,45,111,1,-1,-1.000000
215,16,439,459,45,117,1,-1,-1.000000
215,17,509,453,41,109,1,-1,-1.000000
215,22,1197,449,41,97,1,-1,-1.000000
215,25,477,453,37,109,1,-1,-1.000000
216,1,671,409,197,575,1,-1,-1.000000
216,2,877,419,129,389,1,-1,-1.000000
216,5,1045,435,125,341,1,-1,-1.000000
216,10,705,429,149,425,1,-1,-1.000000
216,11,589,449,71,179,1,-1,-1.000000
216,14,1069,423,135,309,1,-1,-1.000000
216,15,413,459,45,111,1,-1,-1.000000
216,16,439,459,45,117,1,-1,-1.000000
216,17,509,453,41,109,1,-1,-1.000000
216,22,1199,449,41,97,1,-1,-1.000000
216,25,475,453,37,109,1,-1,-1.000000
217,1,673,409,201,575,1,-1,-1.000000
217,2,879,419,129,391,1,-1,-1.000000
217,5,1049,435,127,341,1,-1,-1.000000
217,10,707,429,149,425,1,-1,-1.000000
217,11,591,449,71,181,1,-1,-1.000000
217,14,1073,423,137,309,1,-1,-1.000000
217,15,413,459,45,111,1,-1,-1.000000
217,16,439,459,45,117,1,-1,-1.000000
217,17,509,453,41,109,1,-1,-1.000000
217,22,1201,449,41,97,1,-1,-1.000000
217,25,475,453,37,109,1,-1,-1.000000
218,1,675,409,205,575,1,-1,-1.000000
218,2,883,419,129,393,1,-1,-1.000000
218,5,1055,435,127,341,1,-1,-1.000000
218,10,707,429,151,425,1,-1,-1.000000
218,11,591,449,71,181,1,-1,-1.000000
218,14,1079,423,137,309,1,-1,-1.000000
218,15,413,459,45,111,1,-1,-1.000000
218,16,437,459,45,117,1,-1,-1.000000
218,17,509,453,41,109,1,-1,-1.000000
218,22,1203,449,41,97,1,-1,-1.000000
218,25,475,453,37,109,1,-1,-1.000000
219,1,677,409,209,575,1,-1,-1.000000
219,2,885,419,129,393,1,-1,-1.000000
219,5,1059,433,129,345,1,-1,-1.000000
219,10,709,429,151,427,1,-1,-1.000000
219,11,593,449,71,181,1,-1,-1.000000
219,14,1083,423,137,311,1,-1,-1.000000
219,15,413,459,45,111,1,-1,-1.000000
219,16,437,459,45,117,1,-1,-1.000000
219,17,509,453,41,109,1,-1,-1.000000
219,22,1205,449,41,97,1,-1,-1.000000
219,25,475,453,37,109,1,-1,-1.000000
219,26,1033,441,57,101,1,-1,-1.000000
220,1,679,409,221,575,1,-1,-1.000000
220,2,887,419,129,395,1,-1,-1.000000
220,5,1065,433,129,345,1,-1,-1.000000
220,10,711,429,151,427,1,-1,-1.000000
220,11,593,449,71,181,1,-1,-1.000000
220,14,1089,423,137,311,1,-1,-1.000000
220,15,413,459,45,111,1,-1,-1.000000
220,16,437,459,45,117,1,-1,-1.000000
220,17,509,453,41,109,1,-1,-1.000000
220,22,1207,449,41,97,1,-1,-1.000000
220,25,475,453,37,109,1,-1,-1.000000
220,26,1033,441,57,101,1,-1,-1.000000
221,1,681,409,235,575,1,-1,-1.000000
221,2,891,419,129,397,1,-1,-1.000000
221,5,1071,433,129,347,1,-1,-1.000000
221,10,713,429,151,429,1,-1,-1.000000
221,11,595,449,71,183,1,-1,-1.000000
221,14,1093,423,139,313,1,-1,-1.000000
221,15,413,459,45,111,1,-1,-1.000000
221,16,435,459,45,117,1,-1,-1.000000
221,17,509,453,41,109,1,-1,-1.000000
221,22,1209,449,41,97,1,-1,-1.000000
221,25,473,453,37,109,1,-1,-1.000000
221,26,1035,441,57,101,1,-1,-1.000000
222,1,683,409,247,575,1,-1,-1.000000
222,2,893,419,129,399,1,-1,-1.000000
222,5,1075,433,131,347,1,-1,-1.000000
222,10,715,427,151,431,1,-1,-1.000000
222,11,595,447,71,185,1,-1,-1.000000
222,14,1099,423,137,313,1,-1,-1.000000
222,15,413,459,45,111,1,-1,-1.000000
222,16,435,459,45,117,1,-1,-1.000000
222,17,509,453,41,109,1,-1,-1.000000
222,22,1211,449,41,97,1,-1,-1.000000
222,25,473,453,37,109,1,-1,-1.000000
222,26,1037,441,57,101,1,-1,-1.000000
223,1,685,409,261,575,1,-1,-1.000000
223,2,895,419,129,399,1,-1,-1.000000
223,5,1081,433,131,349,1,-1,-1.000000
223,10,717,427,151,431,1,-1,-1.000000
223,11,597,447,71,185,1,-1,-1.000000
223,14,1103,423,139,315,1,-1,-1.000000
223,15,413,459,45,111,1,-1,-1.000000
223,16,433,459,47,117,1,-1,-1.000000
223,17,509,453,41,109,1,-1,-1.000000
223,22,1213,449,41,97,1,-1,-1.000000
223,25,473,453,37,109,1,-1,-1.000000
223,26,1039,441,57,101,1,-1,-1.000000
224,1,687,409,275,577,1,-1,-1.000000
224,2,899,419,129,401,1,-1,-1.000000
224,5,1085,433,133,349,1,-1,-1.000000
224,10,719,427,151,433,1,-1,-1.000000
224,11,599,447,71,185,1,-1,-1.000000
224,14,1109,423,139,315,1,-1,-1.000000
224,15,413,459,45,111,1,-1,-1.000000
224,16,433,459,45,117,1,-1,-1.000000
224,17,509,453,41,109,1,-1,-1.000000
224,22,1215,449,41,97,1,-1,-1.000000
224,25,473,453,37,109,1,-1,-1.000000
224,26,1041,441,55,101,1,-1,-1.000000
225,1,689,409,287,577,1,-1,-1.000000
225,2,901,419,129,403,1,-1,-1.000000
225,5,1091,433,133,351,1,-1,-1.000000
225,10,719,427,153,433,1,-1,-1.000000
225,11,601,447,71,185,1,-1,-1.000000
225,14,1113,423,141,315,1,-1,-1.000000
225,15,413,459,45,111,1,-1,-1.000000
225,16,433,459,45,117,1,-1,-1.000000
225,17,509,453,41,109,1,-1,-1.000000
225,22,1217,449,41,97,1,-1,-1.000000
225,25,471,453,39,109,1,-1,-1.000000
225,26,1041,441,57,101,1,-1,-1.000000
226,1,691,409,301,577,1,-1,-1.000000
226,2,903,419,129,403,1,-1,-1.000000
226,5,1097,433,133,351,1,-1,-1.000000
226,10,721,427,153,435,1,-1,-1.000000
226,11,603,447,71,185,1,-1,-1.000000
226,14,1119,423,139,317,1,-1,-1.000000
226,15,413,459,45,111,1,-1,-1.000000
226,16,431,459,47,117,1,-1,-1.000000
226,17,509,453,41,109,1,-1,-1.000000
226,22,1219,449,41,97,1,-1,-1.000000
226,25,471,453,37,109,1,-1,-1.000000
226,26,1043,441,57,101,1,-1,-1.000000
227,1,693,409,313,577,1,-1,-1.000000
227,2,907,419,129,405,1,-1,-1.000000
227,5,1101,431,135,355,1,-1,-1.000000
227,10,723,427,153,435,1,-1,-1.000000
227,11,603,447,71,185,1,-1,-1.000000
227,14,1123,423,141,317,1,-1,-1.000000
227,15,413,459,45,111,1,-1,-1.000000
227,16,431,459,45,117,1,-1,-1.000000
227,17,507,453,41,109,1,-1,-1.000000
227,22,1221,449,41,97,1,-1,-1.000000
227,25,471,453,37,109,1,-1,-1.000000
227,26,1045,441,57,101,1,-1,-1.000000
228,1,695,409,327,577,1,-1,-1.000000
228,2,909,419,129,407,1,-1,-1.000000
228,5,1107,431,135,355,1,-1,-1.000000
228,10,725,427,153,435,1,-1,-1.000000
228,11,605,447,71,187,1,-1,-1.000000
228,14,1129,423,141,319,1,-1,-1.000000
228,15,413,459,45,111,1,-1,-1.000000
228,16,431,459,45,117,1,-1,-1.000000
228,17,507,453,41,109,1,-1,-1.000000
228,22,1223,449,41,97,1,-1,-1.000000
228,25,471,453,37,109,1,-1,-1.000000
228,26,1047,441,57,101,1,-1,-1.000000
229,1,699,409,339,579,1,-1,-1.000000
229,2,911,419,129,409,1,-1,-1.000000
229,5,1111,431,137,357,1,-1,-1.000000
229,10,727,427,153,437,1,-1,-1.000000
229,11,607,447,71,187,1,-1,-1.000000
229,14,1133,423,141,319,1,-1,-1.000000
229,15,413,459,45,111,1,-1,-1.000000
229,16,429,459,47,117,1,-1,-1.000000
229,17,507,453,41,109,1,-1,-1.000000
229,22,1225,449,41,97,1,-1,-1.000000
229,25,471,453,37,109,1,-1,-1.000000
229,26,1049,441,55,101,1,-1,-1.000000
230,1,703,407,333,581,1,-1,-1.000000
230,2,915,419,129,409,1,-1,-1.000000
230,5,1117,431,137,357,1,-1,-1.000000
230,10,729,427,153,437,1,-1,-1.000000
230,11,609,447,71,187,1,-1,-1.000000
230,14,1139,423,141,319,1,-1,-1.000000
230,15,413,459,45,111,1,-1,-1.000000
230,16,429,459,45,117,1,-1,-1.000000
230,17,507,453,41,109,1,-1,-1.000000
230,22,1227,447,41,99,1,-1,-1.000000
230,25,469,453,39,109,1,-1,-1.000000
230,26,1051,441,55,101,1,-1,-1.000000
231,1,707,407,329,581,1,-1,-1.000000
231,2,917,419,129,411,1,-1,-1.000000
231,5,1123,431,139,359,1,-1,-1.000000
231,10,731,427,153,439,1,-1,-1.000000
231,11,611,447,71,187,1,-1,-1.000000
231,14,1143,423,143,321,1,-1,-1.000000
231,15,413,459,45,111,1,-1,-1.000000
231,16,429,459,45,117,1,-1,-1.000000
231,17,507,453,41,109,1,-1,-1.000000
231,22,1229,447,41,99,1,-1,-1.000000
231,25,469,453,37,109,1,-1,-1.000000
231,26,1051,441,57,101,1,-1,-1.000000
232,1,711,405,325,583,1,-1,-1.000000
232,2,919,419,129,413,1,-1,-1.000000
232,5,1127,431,141,359,1,-1,-1.000000
232,10,731,425,155,441,1,-1,-1.000000
232,11,611,447,73,187,1,-1,-1.000000
232,14,1149,423,143,321,1,-1,-1.000000
232,15,413,459,45,111,1,-1,-1.000000
232,16,427,459,47,117,1,-1,-1.000000
232,17,507,453,41,109,1,-1,-1.000000
232,22,1231,447,41,99,1,-1,-1.000000
232,25,469,453,37,109,1,-1,-1.000000
232,26,1053,441,57,101,1,-1,-1.000000
233,1,717,405,319,583,1,-1,-1.000000
233,2,923,419,129,413,1,-1,-1.000000
233,5,1133,431,141,359,1,-1,-1.000000
233,10,733,425,155,441,1,-1,-1.000000
233,11,613,447,71,187,1,-1,-1.000000
233,14,1153,423,143,323,1,-1,-1.000000
233,15,413,459,45,111,1,-1,-1.000000
233,16,427,459,45,117,1,-1,-1.000000
233,17,507,453,41,109,1,-1,-1.000000
233,22,1233,447,41,99,1,-1,-1.000000
233,25,469,453,37,109,1,-1,-1.000000
233,26,1055,441,55,101,1,-1,-1.000000
234,1,725,405,311,583,1,-1,-1.000000
234,2,925,419,129,415,1,-1,-1.000000
234,5,1137,431,143,361,1,-1,-1.000000
234,10,735,425,155,443,1,-1,-1.000000
234,11,615,447,71,187,1,-1,-1.000000
234,14,1159,423,143,323,1,-1,-1.000000
234,15,413,459,45,111,1,-1,-1.000000
234,16,427,459,45,117,1,-1,-1.000000
234,17,507,453,41,109,1,-1,-1.000000
234,22,1235,447,41,99,1,-1,-1.000000
234,25,469,453,37,109,1,-1,-1.000000
234,26,1057,441,55,101,1,-1,-1.000000
235,1,735,405,301,583,1,-1,-1.000000
235,2,927,419,129,417,1,-1,-1.000000
235,5,1143,431,143,361,1,-1,-1.000000
235,10,737,425,155,443,1,-1,-1.000000
235,11,617,447,71,189,1,-1,-1.000000
235,14,1163,423,145,325,1,-1,-1.000000
235,15,413,459,45,111,1,-1,-1.000000
235,16,425,459,47,117,1,-1,-1.000000
235,17,507,453,41,109,1,-1,-1.000000
235,22,1239,447,41,99,1,-1,-1.000000
235,25,467,453,39,109,1,-1,-1.000000
235,26,1059,441,55,101,1,-1,-1.000000
236,1,745,405,293,583,1,-1,-1.000000
236,2,931,419,129,419,1,-1,-1.000000
236,5,1149,429,143,365,1,-1,-1.000000
236,10,739,425,155,445,1,-1,-1.000000
236,11,619,447,71,189,1,-1,-1.000000
236,14,1169,423,145,325,1,-1,-1.000000
236,15,413,459,45,111,1,-1,-1.000000
236,16,425,459,45,117,1,-1,-1.000000
236,17,507,453,41,109,1,-1,-1.000000
236,22,1241,447,41,99,1,-1,-1.000000
236,25,467,453,37,109,1,-1,-1.000000
236,26,1061,441,55,101,1,-1,-1.000000
237,1,753,403,287,589,1,-1,-1.000000
237,2,931,417,131,421,1,-1,-1.000000
237,5,1153,429,145,365,1,-1,-1.000000
237,10,741,425,155,445,1,-1,-1.000000
237,11,619,447,73,189,1,-1,-1.000000
237,14,1173,423,145,325,1,-1,-1.000000
237,15,413,459,45,111,1,-1,-1.000000
237,16,425,459,45,117,1,-1,-1.000000
237,17,507,453,41,109,1,-1,-1.000000
237,22,1243,447,41,99,1,-1,-1.000000
237,25,467,453,37,109,1,-1,-1.000000
237,26,1061,441,57,101,1,-1,-1.000000
238,1,763,403,281,593,1,-1,-1.000000
238,2,933,417,131,421,1,-1,-1.000000
238,5,1159,429,145,367,1,-1,-1.000000
238,10,741,425,157,445,1,-1,-1.000000
238,11,621,447,73,189,1,-1,-1.000000
238,14,1177,423,147,327,1,-1,-1.000000
238,15,413,459,45,111,1,-1,-1.000000
238,16,423,459,47,117,1,-1,-1.000000
238,17,507,453,41,109,1,-1,-1.000000
238,22,1245,447,41,99,1,-1,-1.000000
238,25,467,453,37,109,1,-1,-1.000000
238,26,1063,441,55,101,1,-1,-1.000000
239,1,771,401,275,599,1,-1,-1.000000
239,2,935,417,131,423,1,-1,-1.000000
239,5,1163,429,147,367,1,-1,-1.000000
239,10,743,425,157,447,1,-1,-1.000000
239,11,623,447,71,189,1,-1,-1.000000
239,14,1183,423,147,327,1,-1,-1.000000
239,15,413,459,45,111,1,-1,-1.000000
239,16,423,459,45,117,1,-1,-1.000000
239,17,507,453,41,109,1,-1,-1.000000
239,22,1247,447,41,99,1,-1,-1.000000
239,25,465,453,39,109,1,-1,-1.000000
239,26,1065,441,55,101,1,-1,-1.000000
240,1,781,401,269,603,1,-1,-1.000000
240,2,937,417,131,423,1,-1,-1.000000
240,5,1169,429,147,369,1,-1,-1.000000
240,10,745,425,157,447,1,-1,-1.000000
240,11,625,447,71,189,1,-1,-1.000000
240,14,1187,423,147,329,1,-1,-1.000000
240,15,413,459,45,111,1,-1,-1.000000
240,16,423,459,45,117,1,-1,-1.000000
240,17,507,453,41,109,1,-1,-1.000000
240,22,1249,447,41,99,1,-1,-1.000000
240,25,465,453,39,109,1,-1,-1.000000
240,26,1067,441,55,101,1,-1,-1.000000
241,1,791,401,263,607,1,-1,-1.000000
241,2,937,417,135,425,1,-1,-1.000000
241,5,1175,429,147,369,1,-1,-1.000000
241,10,747,425,157,449,1,-1,-1.000000
241,11,627,447,71,191,1,-1,-1.000000
241,14,1193,423,147,329,1,-1,-1.000000
241,15,413,459,45,111,1,-1,-1.000000
241,16,421,459,47,117,1,-1,-1.000000
241,17,507,453,41,109,1,-1,-1.000000
241,22,1251,447,41,99,1,-1,-1.000000
241,25,465,453,37,109,1,-1,-1.000000
241,26,1069,441,55,101,1,-1,-1.000000
242,1,799,399,257,613,1,-1,-1.000000
242,2,939,417,135,425,1,-1,-1.000000
242,5,1179,429,149,371,1,-1,-1.000000
242,10,749,423,157,451,1,-1,-1.000000
242,11,627,445,73,193,1,-1,-1.000000
242,14,1197,423,149,331,1,-1,-1.000000
242,15,413,459,45,111,1,-1,-1.000000
242,16,421,459,45,117,1,-1,-1.000000
242,17,507,453,41,109,1,-1,-1.000000
242,22,1253,447,41,99,1,-1,-1.000000
242,25,465,453,37,109,1,-1,-1.000000
242,26,1071,441,53,101,1,-1,-1.000000
243,1,809,399,251,617,1,-1,-1.000000
243,2,941,415,135,427,1,-1,-1.000000
243,5,1185,429,149,371,1,-1,-1.000000
243,10,751,423,157,451,1,-1,-1.000000
243,11,629,445,73,193,1,-1,-1.000000
243,14,1203,423,149,331,1,-1,-1.000000
243,15,413,459,45,111,1,-1,-1.000000
243,16,419,459,47,117,1,-1,-1.000000
243,17,507,453,41,109,1,-1,-1.000000
243,22,1255,447,41,99,1,-1,-1.000000
243,25,465,453,37,109,1,-1,-1.000000
243,26,1071,441,55,101,1,-1,-1.000000
244,1,819,399,245,621,1,-1,-1.000000
244,2,943,415,135,429,1,-1,-1.000000
244,5,1189,427,151,375,1,-1,-1.000000
244,10,753,423,157,453,1,-1,-1.000000
244,11,631,445,71,193,1,-1,-1.000000
244,14,1207,423,149,331,1,-1,-1.000000
244,15,413,459,45,111,1,-1,-1.000000
244,16,419,459,47,117,1,-1,-1.000000
244,17,507,453,41,109,1,-1,-1.000000
244,22,1257,447,41,99,1,-1,-1.000000
244,25,463,453,39,109,1,-1,-1.000000
244,26,1073,441,55,101,1,-1,-1.000000
245,1,827,397,239,627,1,-1,-1.000000
245,2,945,415,135,429,1,-1,-1.000000
245,5,1195,427,151,375,1,-1,-1.000000
245,10,753,423,159,453,1,-1,-1.000000
245,11,633,445,71,193,1,-1,-1.000000
245,14,1213,423,149,333,1,-1,-1.000000
245,15,413,459,45,111,1,-1,-1.000000
245,16,419,459,45,117,1,-1,-1.000000
245,17,507,453,41,109,1,-1,-1.000000
245,22,1259,447,41,99,1,-1,-1.000000
245,25,463,453,39,109,1,-1,-1.000000
245,26,1075,441,55,101,1,-1,-1.000000
246,1,837,397,233,631,1,-1,-1.000000
246,2,945,415,139,431,1,-1,-1.000000
246,5,1201,427,151,377,1,-1,-1.000000
246,10,755,423,159,455,1,-1,-1.000000
246,11,635,445,71,193,1,-1,-1.000000
246,14,1217,423,151,333,1,-1,-1.000000
246,15,413,459,45,111,1,-1,-1.000000
246,16,417,459,47,117,1,-1,-1.000000
246,17,507,453,41,109,1,-1,-1.000000
246,22,1261,447,41,99,1,-1,-1.000000
246,25,463,453,37,109,1,-1,-1.000000
246,26,1077,441,55,101,1,-1,-1.000000
247,1,847,397,227,635,1,-1,-1.000000
247,2,947,415,139,431,1,-1,-1.000000
247,5,1205,427,153,377,1,-1,-1.000000
247,10,757,423,159,455,1,-1,-1.000000
247,11,635,445,73,193,1,-1,-1.000000
247,14,1223,423,149,335,1,-1,-1.000000
247,15,413,459,45,111,1,-1,-1.000000
247,16,417,459,47,117,1,-1,-1.000000
247,17,507,453,41,109,1,-1,-1.000000
247,22,1263,447,41,99,1,-1,-1.000000
247,25,463,453,37,109,1,-1,-1.000000
247,26,1079,443,53,99,1,-1,-1.000000
248,1,855,395,221,641,1,-1,-1.000000
248,2,949,415,139,431,1,-1,-1.000000
248,5,1211,427,153,377,1,-1,-1.000000
248,10,759,423,159,455,1,-1,-1.000000
248,11,637,445,73,195,1,-1,-1.000000
248,14,1227,423,151,335,1,-1,-1.000000
248,15,413,459,45,111,1,-1,-1.000000
248,16,417,459,45,117,1,-1,-1.000000
248,17,507,453,41,109,1,-1,-1.000000
248,22,1265,445,41,101,1,-1,-1.000000
248,25,461,453,39,109,1,-1,-1.000000
248,26,1081,443,53,99,1,-1,-1.000000
249,1,865,395,215,645,1,-1,-1.000000
249,2,951,415,139,433,1,-1,-1.000000
249,5,1215,427,155,379,1,-1,-1.000000
249,10,761,423,159,457,1,-1,-1.000000
249,11,639,445,73,195,1,-1,-1.000000
249,14,1233,423,151,335,1,-1,-1.000000
249,15,413,459,45,111,1,-1,-1.000000
249,16,415,459,47,117,1,-1,-1.000000
249,17,507,453,41,109,1,-1,-1.000000
249,22,1267,445,41,101,1,-1,-1.000000
249,25,461,453,39,109,1,-1,-1.000000
249,26,1081,443,55,99,1,-1,-1.000000
250,1,875,395,209,649,1,-1,-1.000000
250,2,953,413,139,435,1,-1,-1.000000
250,5,1221,427,155,379,1,-1,-1.000000
250,10,763,423,159,457,1,-1,-1.000000
250,11,641,445,71,195,1,-1,-1.000000
250,14,1237,423,153,337,1,-1,-1.000000
250,15,413,459,45,111,1,-1,-1.000000
250,16,415,459,47,117,1,-1,-1.000000
250,17,507,453,41,109,1,-1,-1.000000
250,22,1269,445,41,101,1,-1,-1.000000
250,25,461,453,39,109,1,-1,-1.000000
250,26,1083,443,55,99,1,-1,-1.000000
251,1,877,393,215,649,1,-1,-1.000000
251,2,953,413,143,437,1,-1,-1.000000
251,5,1227,427,155,381,1,-1,-1.000000
251,10,765,423,161,459,1,-1,-1.000000
251,11,643,445,71,195,1,-1,-1.000000
251,14,1243,423,151,337,1,-1,-1.000000
251,15,413,459,45,111,1,-1,-1.000000
251,16,415,459,45,117,1,-1,-1.000000
251,17,507,453,41,109,1,-1,-1.000000
251,22,1271,445,41,101,1,-1,-1.000000
251,25,461,453,37,109,1,-1,-1.000000
251,26,1085,443,53,99,1,-1,-1.000000
252,1,881,393,219,649,1,-1,-1.000000
252,2,955,413,143,437,1,-1,-1.000000
252,5,1231,427,157,381,1,-1,-1.000000
252,10,765,421,163,461,1,-1,-1.000000
252,11,643,445,73,195,1,-1,-1.000000
252,14,1247,423,153,339,1,-1,-1.000000
252,15,413,459,45,111,1,-1,-1.000000
252,16,413,459,47,117,1,-1,-1.000000
252,17,507,453,41,109,1,-1,-1.000000
252,22,1273,445,41,101,1,-1,-1.000000
252,25,461,453,37,109,1,-1,-1.000000
252,26,1087,443,53,99,1,-1,-1.000000
253,1,885,393,225,649,1,-1,-1.000000
253,2,957,413,143,439,1,-1,-1.000000
253,5,1237,425,157,385,1,-1,-1.000000
253,10,767,421,163,463,1,-1,-1.000000
253,11,645,445,73,195,1,-1,-1.000000
253,14,1253,423,153,339,1,-1,-1.000000
253,15,413,459,45,111,1,-1,-1.000000
253,16,413,459,45,117,1,-1,-1.000000
253,17,507,453,41,109,1,-1,-1.000000
253,22,1275,445,41,101,1,-1,-1.000000
253,25,459,453,39,109,1,-1,-1.000000
253,26,1089,443,53,99,1,-1,-1.000000
254,1,889,393,229,649,1,-1,-1.000000
254,2,959,413,143,439,1,-1,-1.000000
254,5,1241,425,159,385,1,-1,-1.000000
254,10,769,421,163,463,1,-1,-1.000000
254,11,647,445,73,195,1,-1,-1.000000
254,14,1257,423,153,341,1,-1,-1.000000
254,15,413,459,45,111,1,-1,-1.000000
254,16,413,459,45,117,1,-1,-1.000000
254,17,507,453,41,109,1,-1,-1.000000
254,22,1277,445,41,101,1,-1,-1.000000
254,25,459,453,39,109,1,-1,-1.000000
254,26,1091,443,53,99,1,-1,-1.000000
255,1,891,393,235,649,1,-1,-1.000000
255,2,961,413,143,439,1,-1,-1.000000
255,5,1247,425,159,387,1,-1,-1.000000
255,7,1831,403,89,381,1,-1,-1.000000
255,10,771,421,165,465,1,-1,-1.000000
255,11,649,445,73,197,1,-1,-1.000000
255,14,1263,423,153,341,1,-1,-1.000000
255,15,413,459,45,111,1,-1,-1.000000
255,16,411,459,47,117,1,-1,-1.000000
255,17,507,453,41,109,1,-1,-1.000000
255,22,1279,445,41,101,1,-1,-1.000000
255,25,459,453,39,109,1,-1,-1.000000
255,26,1091,443,55,99,1,-1,-1.000000
256,1,895,393,241,649,1,-1,-1.000000
256,2,961,413,147,441,1,-1,-1.000000
256,5,1253,425,159,387,1,-1,-1.000000
256,7,1821,403,95,377,1,-1,-1.000000
256,10,773,421,165,465,1,-1,-1.000000
256,11,651,445,71,197,1,-1,-1.000000
256,14,1267,423,155,341,1,-1,-1.000000
256,15,413,459,45,111,1,-1,-1.000000
256,16,411,459,45,117,1,-1,-1.000000
256,17,507,453,41,109,1,-1,-1.000000
256,22,1281,445,41,101,1,-1,-1.000000
256,25,459,453,37,109,1,-1,-1.000000
256,26,1093,443,53,99,1,-1,-1.000000
257,1,899,393,245,649,1,-1,-1.000000
257,2,963,411,147,443,1,-1,-1.000000
257,5,1257,425,161,389,1,-1,-1.000000
257,7,1811,403,101,375,1,-1,-1.000000
257,10,775,419,165,469,1,-1,-1.000000
257,11,651,445,73,197,1,-1,-1.000000
257,14,1273,423,155,343,1,-1,-1.000000
257,15,413,459,45,111,1,-1,-1.000000
257,16,411,459,45,117,1,-1,-1.000000
257,17,507,453,41,109,1,-1,-1.000000
257,22,1283,445,41,101,1,-1,-1.000000
257,25,459,453,37,109,1,-1,-1.000000
257,26,1095,443,53,99,1,-1,-1.000000
258,1,903,393,249,649,1,-1,-1.000000
258,2,965,411,147,445,1,-1,-1.000000
258,5,1263,425,161,389,1,-1,-1.000000
258,7,1801,403,107,373,1,-1,-1.000000
258,10,775,419,167,469,1,-1,-1.000000
258,11,653,445,73,197,1,-1,-1.000000
258,14,1277,423,155,343,1,-1,-1.000000
258,15,413,459,45,111,1,-1,-1.000000
258,16,409,459,47,117,1,-1,-1.000000
258,17,507,453,41,109,1,-1,-1.000000
258,22,1285,445,41,101,1,-1,-1.000000
258,25,457,453,39,109,1,-1,-1.000000
258,26,1097,443,53,99,1,-1,-1.000000
259,1,907,393,255,649,1,-1,-1.000000
259,2,967,411,147,445,1,-1,-1.000000
259,5,1267,425,163,391,1,-1,-1.000000
259,7,1791,403,113,371,1,-1,-1.000000
259,10,777,419,169,471,1,-1,-1.000000
259,11,655,445,73,197,1,-1,-1.000000
259,14,1283,423,155,345,1,-1,-1.000000
259,15,413,459,45,111,1,-1,-1.000000
259,16,409,459,45,117,1,-1,-1.000000
259,17,507,453,41,109,1,-1,-1.000000
259,22,1289,445,41,101,1,-1,-1.000000
259,25,457,453,39,109,1,-1,-1.000000
259,26,1099,443,53,99,1,-1,-1.000000
260,1,909,393,261,649,1,-1,-1.000000
260,2,969,411,147,445,1,-1,-1.000000
260,5,1273,425,163,391,1,-1,-1.000000
260,7,1781,403,121,369,1,-1,-1.000000
260,10,779,419,169,471,1,-1,-1.000000
260,11,657,445,73,197,1,-1,-1.000000
260,14,1287,423,157,345,1,-1,-1.000000
260,15,413,459,45,111,1,-1,-1.000000
260,16,409,459,45,117,1,-1,-1.000000
260,17,507,453,41,109,1,-1,-1.000000
260,22,1291,445,41,101,1,-1,-1.000000
260,25,457,453,39,109,1,-1,-1.000000
260,26,1101,443,53,101,1,-1,-1.000000
261,1,913,393,265,649,1,-1,-1.000000
261,2,969,411,151,447,1,-1,-1.000000
261,5,1279,425,165,393,1,-1,-1.000000
261,7,1767,403,121,367,1,-1,-1.000000
261,10,781,419,169,473,1,-1,-1.000000
261,11,659,445,73,199,1,-1,-1.000000
261,14,1293,423,157,347,1,-1,-1.000000
261,15,413,459,45,111,1,-1,-1.000000
261,16,407,459,47,117,1,-1,-1.000000
261,17,507,453,41,109,1,-1,-1.000000
261,22,1293,445,41,101,1,-1,-1.000000
261,25,457,453,37,109,1,-1,-1.000000
261,26,1101,443,53,101,1,-1,-1.000000
262,1,917,393,271,649,1,-1,-1.000000
262,2,971,411,151,447,1,-1,-1.000000
262,5,1285,425,167,395,1,-1,-1.000000
262,7,1753,403,121,367,1,-1,-1.000000
262,10,783,417,171,477,1,-1,-1.000000
262,11,661,443,73,201,1,-1,-1.000000
262,14,1299,421,157,349,1,-1,-1.000000
262,15,413,459,45,111,1,-1,-1.000000
262,16,407,459,45,117,1,-1,-1.000000
262,17,507,453,41,109,1,-1,-1.000000
262,22,1295,445,41,101,1,-1,-1.000000
262,25,455,453,39,109,1,-1,-1.000000
262,26,1103,443,53,101,1,-1,-1.000000
263,1,921,393,275,649,1,-1,-1.000000
263,2,973,411,151,449,1,-1,-1.000000
263,5,1293,425,169,397,1,-1,-1.000000
263,7,1739,405,123,363,1,-1,-1.000000
263,10,785,417,171,477,1,-1,-1.000000
263,11,663,443,73,201,1,-1,-1.000000
263,14,1305,421,159,351,1,-1,-1.000000
263,15,413,459,45,111,1,-1,-1.000000
263,16,405,459,47,117,1,-1,-1.000000
263,17,507,453,41,109,1,-1,-1.000000
263,22,1297,445,41,101,1,-1,-1.000000
263,25,455,453,39,109,1,-1,-1.000000
263,26,1105,443,53,101,1,-1,-1.000000
264,1,925,393,281,649,1,-1,-1.000000
264,2,975,409,151,451,1,-1,-1.000000
264,5,1301,425,171,399,1,-1,-1.000000
264,7,1727,405,121,363,1,-1,-1.000000
264,10,787,417,171,479,1,-1,-1.000000
264,11,667,443,73,201,1,-1,-1.000000
264,14,1311,421,161,353,1,-1,-1.000000
264,15,413,459,45,111,1,-1,-1.000000
264,16,405,459,47,117,1,-1,-1.000000
264,17,505,453,41,109,1,-1,-1.000000
264,22,1299,445,41,101,1,-1,-1.000000
264,25,455,453,39,109,1,-1,-1.000000
264,26,1107,443,53,101,1,-1,-1.000000
265,1,927,393,279,647,1,-1,-1.000000
265,2,977,409,151,451,1,-1,-1.000000
265,5,1309,425,173,401,1,-1,-1.000000
265,7,1713,407,123,359,1,-1,-1.000000
265,10,787,417,173,479,1,-1,-1.000000
265,11,669,443,73,201,1,-1,-1.000000
265,14,1319,421,161,353,1,-1,-1.000000
265,15,413,461,45,109,1,-1,-1.000000
265,16,405,459,45,117,1,-1,-1.000000
265,17,505,453,41,109,1,-1,-1.000000
265,22,1301,445,41,101,1,-1,-1.000000
265,25,455,453,39,109,1,-1,-1.000000
265,26,1109,443,51,101,1,-1,-1.000000
266,1,931,393,277,647,1,-1,-1.000000
266,2,977,409,155,453,1,-1,-1.000000
266,5,1317,425,175,403,1,-1,-1.000000
266,7,1699,407,123,359,1,-1,-1.000000
266,10,789,417,175,481,1,-1,-1.000000
266,11,671,443,73,201,1,-1,-1.000000
266,14,1325,421,161,355,1,-1,-1.000000
266,15,413,461,45,109,1,-1,-1.000000
266,16,403,459,47,117,1,-1,-1.000000
266,17,505,453,41,109,1,-1,-1.000000
266,22,1303,443,41,103,1,-1,-1.000000
266,25,455,453,37,109,1,-1,-1.000000
266,26,1109,443,53,101,1,-1,-1.000000
267,1,933,393,277,647,1,-1,-1.000000
267,2,979,409,155,453,1,-1,-1.000000
267,5,1325,425,177,405,1,-1,-1.000000
267,7,1687,407,121,357,1,-1,-1.000000
267,10,791,415,175,483,1,-1,-1.000000
267,11,675,443,73,201,1,-1,-1.000000
267,14,1331,421,163,357,1,-1,-1.000000
267,15,413,461,45,109,1,-1,-1.000000
267,16,403,459,47,117,1,-1,-1.000000
267,17,505,453,41,109,1,-1,-1.000000
267,22,1305,443,41,103,1,-1,-1.000000
267,25,453,453,39,109,1,-1,-1.000000
267,26,1111,443,53,101,1,-1,-1.000000
268,1,937,393,273,647,1,-1,-1.000000
268,2,981,409,155,455,1,-1,-1.000000
268,5,1333,425,179,407,1,-1,-1.000000
268,7,1673,409,123,355,1,-1,-1.000000
268,10,793,415,175,485,1,-1,-1.000000
268,11,677,443,73,201,1,-1,-1.000000
268,14,1339,421,163,359,1,-1,-1.000000
268,15,413,461,45,109,1,-1,-1.000000
268,16,403,459,45,117,1,-1,-1.000000
268,17,505,453,41,109,1,-1,-1.000000
268,22,1307,443,41,103,1,-1,-1.000000
268,25,453,453,39,109,1,-1,-1.000000
268,26,1113,443,53,101,1,-1,-1.000000
269,1,939,393,273,647,1,-1,-1.000000
269,2,983,409,155,455,1,-1,-1.000000
269,5,1339,425,183,409,1,-1,-1.000000
269,7,1659,409,123,353,1,-1,-1.000000
269,10,795,415,175,485,1,-1,-1.000000
269,11,679,443,73,203,1,-1,-1.000000
269,14,1345,421,165,359,1,-1,-1.000000
269,15,413,461,45,109,1,-1,-1.000000
269,16,401,459,47,117,1,-1,-1.000000
269,17,505,453,41,109,1,-1,-1.000000
269,22,1309,443,41,103,1,-1,-1.000000
269,25,453,453,39,109,1,-1,-1.000000
269,26,1115,443,53,101,1,-1,-1.000000
270,1,943,393,271,647,1,-1,-1.000000
270,2,985,409,157,457,1,-1,-1.000000
270,5,1347,425,185,411,1,-1,-1.000000
270,7,1647,411,123,351,1,-1,-1.000000
270,10,797,415,177,487,1,-1,-1.000000
270,11,683,443,73,203,1,-1,-1.000000
270,14,1351,421,167,361,1,-1,-1.000000
270,15,413,461,45,109,1,-1,-1.000000
270,16,401,459,47,117,1,-1,-1.000000
270,17,505,453,41,109,1,-1,-1.000000
270,22,1311,443,41,103,1,-1,-1.000000
270,25,453,453,39,109,1,-1,-1.000000
270,26,1117,443,51,101,1,-1,-1.000000
271,1,945,395,271,645,1,-1,-1.000000
271,2,985,409,157,457,1,-1,-1.000000
271,5,1355,425,187,413,1,-1,-1.000000
271,7,1635,411,123,349,1,-1,-1.000000
271,10,799,415,177,489,1,-1,-1.000000
271,11,685,443,73,203,1,-1,-1.000000
271,14,1359,419,165,365,1,-1,-1.000000
271,15,413,461,45,109,1,-1,-1.000000
271,16,401,459,45,117,1,-1,-1.000000
271,17,505,453,41,109,1,-1,-1.000000
271,22,1313,443,41,103,1,-1,-1.000000
271,25,451,453,39,109,1,-1,-1.000000
271,26,1119,443,51,101,1,-1,-1.000000
272,1,949,395,267,643,1,-1,-1.000000
272,2,987,409,157,457,1,-1,-1.000000
272,5,1363,425,187,415,1,-1,-1.000000
272,7,1625,411,123,347,1,-1,-1.000000
272,10,799,413,179,491,1,-1,-1.000000
272,11,687,443,73,203,1,-1,-1.000000
272,14,1365,419,167,367,1,-1,-1.000000
272,15,413,461,45,109,1,-1,-1.000000
272,16,399,459,47,117,1,-1,-1.000000
272,17,505,453,41,109,1,-1,-1.000000
272,22,1315,443,41,103,1,-1,-1.000000
272,25,451,453,39,109,1,-1,-1.000000
272,26,1119,443,53,101,1,-1,-1.000000
273,1,951,395,267,643,1,-1,-1.000000
273,2,989,409,157,457,1,-1,-1.000000
273,5,1371,425,189,417,1,-1,-1.000000
273,7,1615,411,123,347,1,-1,-1.000000
273,10,801,413,181,493,1,-1,-1.000000
273,11,691,443,73,203,1,-1,-1.000000
273,14,1371,419,169,367,1,-1,-1.000000
273,15,413,461,45,109,1,-1,-1.000000
273,16,399,459,47,117,1,-1,-1.000000
273,17,505,453,41,109,1,-1,-1.000000
273,22,1317,443,41,103,1,-1,-1.000000
273,25,451,453,39,109,1,-1,-1.000000
273,26,1121,443,53,101,1,-1,-1.000000
274,1,955,395,265,643,1,-1,-1.000000
274,2,991,409,157,457,1,-1,-1.000000
274,5,1379,425,191,419,1,-1,-1.000000
274,7,1605,413,123,343,1,-1,-1.000000
274,10,803,413,181,493,1,-1,-1.000000
274,11,693,443,73,203,1,-1,-1.000000
274,14,1379,419,169,369,1,-1,-1.000000
274,15,413,461,45,109,1,-1,-1.000000
274,16,399,459,45,117,1,-1,-1.000000
274,17,505,453,41,109,1,-1,-1.000000
274,22,1319,443,41,103,1,-1,-1.000000
274,25,451,453,39,109,1,-1,-1.000000
274,26,1123,445,51,99,1,-1,-1.000000
275,1,957,395,263,643,1,-1,-1.000000
275,2,993,409,157,457,1,-1,-1.000000
275,5,1387,425,193,421,1,-1,-1.000000
275,7,1595,413,123,343,1,-1,-1.000000
275,10,805,413,181,495,1,-1,-1.000000
275,11,697,443,73,203,1,-1,-1.000000
275,14,1385,419,171,371,1,-1,-1.000000
275,15,413,461,45,109,1,-1,-1.000000
275,16,397,459,47,117,1,-1,-1.000000
275,17,505,453,41,109,1,-1,-1.000000
275,22,1321,443,41,103,1,-1,-1.000000
275,25,451,453,39,109,1,-1,-1.000000
275,26,1125,445,51,99,1,-1,-1.000000
276,1,961,395,261,643,1,-1,-1.000000
276,2,995,409,155,457,1,-1,-1.000000
276,5,1395,425,195,425,1,-1,-1.000000
276,7,1583,413,125,341,1,-1,-1.000000
276,10,807,413,181,495,1,-1,-1.000000
276,11,699,443,73,205,1,-1,-1.000000
276,14,1391,419,171,373,1,-1,-1.000000
276,15,413,461,45,109,1,-1,-1.000000
276,16,397,459,47,117,1,-1,-1.000000
276,17,505,453,41,109,1,-1,-1.000000
276,22,1323,443,41,103,1,-1,-1.000000
276,25,449,453,39,109,1,-1,-1.000000
276,26,1127,445,51,99,1,-1,-1.000000
277,1,963,395,261,643,1,-1,-1.000000
277,2,997,409,155,457,1,-1,-1.000000
277,5,1401,425,199,427,1,-1,-1.000000
277,7,1573,415,125,337,1,-1,-1.000000
277,10,809,411,183,499,1,-1,-1.000000
277,11,701,443,73,205,1,-1,-1.000000
277,14,1399,419,171,373,1,-1,-1.000000
277,15,413,461,45,109,1,-1,-1.000000
277,16,397,459,45,117,1,-1,-1.000000
277,17,505,453,41,109,1,-1,-1.000000
277,22,1325,443,41,103,1,-1,-1.000000
277,25,449,453,39,109,1,-1,-1.000000
277,26,1129,445,51,99,1,-1,-1.000000
278,1,967,397,259,641,1,-1,-1.000000
278,2,999,409,155,457,1,-1,-1.000000
278,5,1409,425,201,429,1,-1,-1.000000
278,7,1563,415,125,337,1,-1,-1.000000
278,10,809,411,185,499,1,-1,-1.000000
278,11,705,441,73,207,1,-1,-1.000000
278,14,1405,419,173,375,1,-1,-1.000000
278,15,413,461,45,109,1,-1,-1.000000
278,16,395,459,47,117,1,-1,-1.000000
278,17,505,453,41,109,1,-1,-1.000000
278,22,1327,443,41,103,1,-1,-1.000000
278,25,449,453,39,109,1,-1,-1.000000
278,26,1129,445,53,99,1,-1,-1.000000
279,1,967,395,259,643,1,-1,-1.000000
279,2,1001,411,155,457,1,-1,-1.000000
279,5,1417,425,203,431,1,-1,-1.000000
279,7,1553,415,125,335,1,-1,-1.000000
279,10,811,411,185,501,1,-1,-1.000000
279,11,707,441,73,207,1,-1,-1.000000
279,14,1411,419,175,377,1,-1,-1.000000
279,15,413,461,45,109,1,-1,-1.000000
279,16,395,459,47,117,1,-1,-1.000000
279,17,505,453,41,109,1,-1,-1.000000
279,22,1329,443,41,103,1,-1,-1.000000
279,25,449,453,39,109,1,-1,-1.000000
279,26,1131,445,51,99,1,-1,-1.000000
280,1,969,395,259,643,1,-1,-1.000000
280,2,1003,411,155,457,1,-1,-1.000000
280,5,1425,425,205,433,1,-1,-1.000000
280,7,1543,417,125,333,1,-1,-1.000000
280,10,813,411,185,501,1,-1,-1.000000
280,11,709,441,73,207,1,-1,-1.000000
280,14,1419,419,175,379,1,-1,-1.000000
280,15,413,461,45,109,1,-1,-1.000000
280,16,395,459,45,117,1,-1,-1.000000
280,17,505,453,41,109,1,-1,-1.000000
280,22,1331,443,41,103,1,-1,-1.000000
280,25,449,455,39,107,1,-1,-1.000000
280,26,1133,445,51,99,1,-1,-1.000000
281,1,971,395,257,643,1,-1,-1.000000
281,2,1005,411,155,457,1,-1,-1.000000
281,5,1433,425,207,435,1,-1,-1.000000
281,7,1531,417,127,331,1,-1,-1.000000
281,10,815,411,187,503,1,-1,-1.000000
281,11,713,441,73,207,1,-1,-1.000000
281,14,1425,417,175,381,1,-1,-1.000000
281,15,413,461,45,109,1,-1,-1.000000
281,16,393,459,47,117,1,-1,-1.000000
281,17,505,453,41,109,1,-1,-1.000000
281,22,1333,443,41,103,1,-1,-1.000000
281,25,447,453,39,107,1,-1,-1.000000
281,26,1135,445,51,99,1,-1,-1.000000
282,1,973,395,257,645,1,-1,-1.000000
282,2,1007,411,153,457,1,-1,-1.000000
282,5,1441,425,207,437,1,-1,-1.000000
282,7,1521,417,127,329,1,-1,-1.000000
282,10,817,409,187,507,1,-1,-1.000000
282,11,715,441,73,207,1,-1,-1.000000
282,14,1431,417,177,383,1,-1,-1.000000
282,15,413,461,45,109,1,-1,-1.000000
282,16,393,459,47,117,1,-1,-1.000000
282,17,505,453,41,109,1,-1,-1.000000
282,22,1335,443,41,103,1,-1,-1.000000
282,25,447,453,39,107,1,-1,-1.000000
282,26,1137,445,51,99,1,-1,-1.000000
283,1,973,395,257,645,1,-1,-1.000000
283,2,1009,411,153,457,1,-1,-1.000000
283,5,1449,425,209,439,1,-1,-1.000000
283,7,1511,417,127,327,1,-1,-1.000000
283,10,819,409,187,507,1,-1,-1.000000
283,11,717,441,73,209,1,-1,-1.000000
283,14,1437,417,177,383,1,-1,-1.000000
283,15,413,461,45,109,1,-1,-1.000000
283,16,391,459,47,117,1,-1,-1.000000
283,17,505,453,41,109,1,-1,-1.000000
283,22,1339,443,41,105,1,-1,-1.000000
283,25,447,453,39,107,1,-1,-1.000000
283,26,1139,445,49,99,1,-1,-1.000000
284,1,975,395,257,645,1,-1,-1.000000
284,2,1011,411,153,457,1,-1,-1.000000
284,5,1455,425,213,441,1,-1,-1.000000
284,7,1501,417,127,325,1,-1,-1.000000
284,10,821,409,189,509,1,-1,-1.000000
284,11,721,441,73,209,1,-1,-1.000000
284,14,1443,417,179,385,1,-1,-1.000000
284,15,413,461,45,109,1,-1,-1.000000
284,16,391,459,47,117,1,-1,-1.000000
284,17,505,453,41,109,1,-1,-1.000000
284,22,1341,441,41,107,1,-1,-1.000000
284,25,447,453,39,107,1,-1,-1.000000
284,26,1139,445,51,99,1,-1,-1.000000
285,1,977,395,257,645,1,-1,-1.000000
285,2,1013,411,153,457,1,-1,-1.000000
285,5,1463,425,215,443,1,-1,-1.000000
285,7,1491,417,127,323,1,-1,-1.000000
285,10,821,409,191,509,1,-1,-1.000000
285,11,723,441,73,209,1,-1,-1.000000
285,14,1449,417,181,387,1,-1,-1.000000
285,15,413,461,45,109,1,-1,-1.000000
285,16,391,459,47,117,1,-1,-1.000000
285,17,505,453,41,109,1,-1,-1.000000
285,22,1343,441,41,107,1,-1,-1.000000
285,25,445,453,39,107,1,-1,-1.000000
285,26,1141,445,51,99,1,-1,-1.000000
286,1,979,395,255,647,1,-1,-1.000000
286,2,1015,411,153,457,1,-1,-1.000000
286,5,1471,425,217,445,1,-1,-1.000000
286,7,1481,417,127,321,1,-1,-1.000000
286,10,823,409,191,511,1,-1,-1.000000
286,11,727,441,73,209,1,-1,-1.000000
286,14,1457,415,179,389,1,-1,-1.000000
286,15,413,461,45,109,1,-1,-1.000000
286,16,389,459,47,117,1,-1,-1.000000
286,17,505,453,41,109,1,-1,-1.000000
286,22,1345,441,41,107,1,-1,-1.000000
286,25,445,453,39,107,1,-1,-1.000000
286,26,1143,445,51,99,1,-1,-1.000000
287,1,979,395,257,647,1,-1,-1.000000
287,2,1017,413,153,457,1,-1,-1.000000
287,5,1479,425,219,447,1,-1,-1.000000
287,7,1471,417,127,319,1,-1,-1.000000
287,10,825,407,191,513,1,-1,-1.000000
287,11,729,441,73,209,1,-1,-1.000000
287,14,1463,415,181,391,1,-1,-1.000000
287,15,413,461,45,109,1,-1,-1.000000
287,16,389,459,47,117,1,-1,-1.000000
287,17,505,453,41,109,1,-1,-1.000000
287,22,1347,441,41,107,1,-1,-1.000000
287,25,445,453,39,107,1,-1,-1.000000
287,26,1145,445,51,99,1,-1,-1.000000
288,1,981,395,255,647,1,-1,-1.000000
288,2,1017,411,153,459,1,-1,-1.000000
288,5,1487,425,221,449,1,-1,-1.000000
288,7,1461,417,127,317,1,-1,-1.000000
288,10,827,407,193,515,1,-1,-1.000000
288,11,731,441,73,209,1,-1,-1.000000
288,14,1469,415,183,393,1,-1,-1.000000
288,15,413,461,45,109,1,-1,-1.000000
288,16,389,459,47,117,1,-1,-1.000000
288,17,505,453,41,109,1,-1,-1.000000
288,22,1351,441,41,107,1,-1,-1.000000
288,25,445,453,39,107,1,-1,-1.000000
288,26,1147,445,49,99,1,-1,-1.000000
289,1,983,395,255,647,1,-1,-1.000000
289,2,1019,411,153,459,1,-1,-1.000000
289,5,1495,425,223,451,1,-1,-1.000000
289,7,1451,417,127,315,1,-1,-1.000000
289,10,829,407,193,515,1,-1,-1.000000
289,11,735,441,73,209,1,-1,-1.000000
289,14,1475,415,183,393,1,-1,-1.000000
289,15,413,461,45,109,1,-1,-1.000000
289,16,387,459,47,117,1,-1,-1.000000
289,17,505,453,41,109,1,-1,-1.000000
289,22,1353,441,41,107,1,-1,-1.000000
289,25,445,453,37,107,1,-1,-1.000000
289,26,1149,445,49,99,1,-1,-1.000000
290,1,985,395,255,649,1,-1,-1.000000
290,2,1021,411,153,459,1,-1,-1.000000
290,5,1503,425,225,453,1,-1,-1.000000
290,7,1441,419,127,313,1,-1,-1.000000
290,10,831,407,193,517,1,-1,-1.000000
290,11,737,441,73,211,1,-1,-1.000000
290,14,1481,415,185,395,1,-1,-1.000000
290,15,413,461,45,109,1,-1,-1.000000
290,16,387,459,47,117,1,-1,-1.000000
290,17,505,453,41,109,1,-1,-1.000000
290,22,1355,441,41,107,1,-1,-1.000000
290,25,443,453,39,107,1,-1,-1.000000
290,26,1149,445,51,99,1,-1,-1.000000
291,1,987,395,253,649,1,-1,-1.000000
291,2,1021,411,153,461,1,-1,-1.000000
291,5,1511,427,227,455,1,-1,-1.000000
291,7,1433,419,127,311,1,-1,-1.000000
291,10,833,407,195,519,1,-1,-1.000000
291,11,739,441,73,211,1,-1,-1.000000
291,14,1489,415,185,397,1,-1,-1.000000
291,15,413,461,45,109,1,-1,-1.000000
291,16,387,459,47,117,1,-1,-1.000000
291,17,505,453,41,109,1,-1,-1.000000
291,22,1357,441,41,107,1,-1,-1.000000
291,25,443,453,39,107,1,-1,-1.000000
291,26,1151,445,51,99,1,-1,-1.000000
292,1,989,395,253,649,1,-1,-1.000000
292,2,1023,411,153,461,1,-1,-1.000000
292,5,1519,425,227,457,1,-1,-1.000000
292,7,1425,419,127,309,1,-1,-1.000000
292,10,833,407,195,519,1,-1,-1.000000
292,11,743,441,73,211,1,-1,-1.000000
292,14,1495,413,185,399,1,-1,-1.000000
292,15,413,461,45,109,1,-1,-1.000000
292,16,385,459,47,117,1,-1,-1.000000
292,17,505,453,41,109,1,-1,-1.000000
292,22,1359,441,43,107,1,-1,-1.000000
292,25,443,453,39,107,1,-1,-1.000000
292,26,1153,445,49,99,1,-1,-1.000000
293,1,991,395,253,649,1,-1,-1.000000
293,2,1025,411,153,461,1,-1,-1.000000
293,5,1527,425,229,459,1,-1,-1.000000
293,7,1417,419,129,307,1,-1,-1.000000
293,10,833,407,195,519,1,-1,-1.000000
293,11,745,441,73,211,1,-1,-1.000000
293,14,1503,413,185,401,1,-1,-1.000000
293,15,413,461,45,109,1,-1,-1.000000
293,16,385,459,47,117,1,-1,-1.000000
293,17,505,453,41,109,1,-1,-1.000000
293,22,1363,441,41,107,1,-1,-1.000000
293,25,443,453,37,107,1,-1,-1.000000
293,26,1155,445,49,99,1,-1,-1.000000
294,1,993,395,251,649,1,-1,-1.000000
294,2,1027,411,153,461,1,-1,-1.000000
294,5,1537,425,227,461,1,-1,-1.000000
294,7,1411,419,127,305,1,-1,-1.000000
294,10,835,407,193,519,1,-1,-1.000000
294,11,747,441,73,211,1,-1,-1.000000
294,14,1511,413,183,403,1,-1,-1.000000
294,15,413,461,45,109,1,-1,-1.000000
294,16,385,459,47,117,1,-1,-1.000000
294,17,505,453,41,109,1,-1,-1.000000
294,22,1365,441,41,107,1,-1,-1.000000
294,25,441,453,39,107,1,-1,-1.000000
294,26,1157,445,49,99,1,-1,-1.000000
295,1,995,395,249,649,1,-1,-1.000000
295,2,1027,411,153,463,1,-1,-1.000000
295,5,1545,423,229,465,1,-1,-1.000000
295,7,1403,419,127,305,1,-1,-1.000000
295,10,835,407,193,519,1,-1,-1.000000
295,11,751,439,73,213,1,-1,-1.000000
295,14,1519,413,183,403,1,-1,-1.000000
295,15,413,461,45,109,1,-1,-1.000000
295,16,383,459,47,117,1,-1,-1.000000
295,17,505,453,41,109,1,-1,-1.000000
295,22,1367,441,41,107,1,-1,-1.000000
295,25,441,453,39,107,1,-1,-1.000000
295,26,1159,445,49,99,1,-1,-1.000000
296,1,997,395,249,649,1,-1,-1.000000
296,2,1029,411,153,463,1,-1,-1.000000
296,5,1553,423,229,467,1,-1,-1.000000
296,7,1395,419,129,303,1,-1,-1.000000
296,10,837,407,193,519,1,-1,-1.000000
296,11,753,439,73,213,1,-1,-1.000000
296,14,1527,413,181,405,1,-1,-1.000000
296,15,413,461,45,109,1,-1,-1.000000
296,16,383,459,47,117,1,-1,-1.000000
296,17,505,453,41,109,1,-1,-1.000000
296,22,1369,441,43,107,1,-1,-1.000000
296,25,441,453,39,107,1,-1,-1.000000
296,26,1159,445,51,99,1,-1,-1.000000
297,1,997,395,253,643,1,-1,-1.000000
297,2,1031,411,153,463,1,-1,-1.000000
297,5,1563,423,229,469,1,-1,-1.000000
297,7,1387,419,129,301,1,-1,-1.000000
297,10,837,407,193,519,1,-1,-1.000000
297,11,755,439,73,215,1,-1,-1.000000
297,14,1535,411,181,409,1,-1,-1.000000
297,15,413,461,45,109,1,-1,-1.000000
297,16,383,459,47,117,1,-1,-1.000000
297,17,505,453,41,109,1,-1,-1.000000
297,22,1373,441,41,107,1,-1,-1.000000
297,25,441,451,37,109,1,-1,-1.000000
297,26,1161,445,49,99,1,-1,-1.000000
298,1,999,395,257,639,1,-1,-1.000000
298,2,1033,411,151,463,1,-1,-1.000000
298,5,1571,421,229,471,1,-1,-1.000000
298,7,1381,419,127,299,1,-1,-1.000000
298,10,839,407,191,521,1,-1,-1.000000
298,11,759,439,73,215,1,-1,-1.000000
298,14,1543,411,179,409,1,-1,-1.000000
298,15,413,461,45,109,1,-1,-1.000000
298,16,381,459,47,117,1,-1,-1.000000
298,17,505,453,41,109,1,-1,-1.000000
298,22,1375,441,41,107,1,-1,-1.000000
298,25,441,451,37,109,1,-1,-1.000000
298,26,1163,445,49,99,1,-1,-1.000000
299,1,1001,395,259,633,1,-1,-1.000000
299,2,1033,411,153,465,1,-1,-1.000000
299,5,1579,421,231,473,1,-1,-1.000000
299,7,1373,419,129,297,1,-1,-1.000000
299,10,839,407,191,521,1,-1,-1.000000
299,11,761,439,73,215,1,-1,-1.000000
299,14,1549,411,181,411,1,-1,-1.000000
299,15,413,461,45,109,1,-1,-1.000000
299,16,381,459,47,117,1,-1,-1.000000
299,17,505,453,41,109,1,-1,-1.000000
299,22,1377,441,41,107,1,-1,-1.000000
299,25,439,451,39,109,1,-1,-1.000000
299,26,1165,445,49,99,1,-1,-1.000000
300,1,1003,395,263,629,1,-1,-1.000000
300,2,1035,411,153,465,1,-1,-1.000000
300,5,1589,421,229,475,1,-1,-1.000000
300,7,1365,421,129,295,1,-1,-1.000000
300,10,841,407,189,521,1,-1,-1.000000
300,11,765,439,73,215,1,-1,-1.000000
300,14,1557,411,181,413,1,-1,-1.000000
300,15,413,461,45,109,1,-1,-1.000000
300,16,381,461,47,115,1,-1,-1.000000
300,17,505,453,41,109,1,-1,-1.000000
300,22,1379,441,41,107,1,-1,-1.000000
300,25,439,451,39,109,1,-1,-1.000000
300,26,1167,445,49,99,1,-1,-1.000000
301,1,1005,395,259,627,1,-1,-1.000000
301,2,1037,411,153,465,1,-1,-1.000000
301,5,1597,421,231,477,1,-1,-1.000000
301,7,1357,421,129,293,1,-1,-1.000000
301,10,841,409,191,519,1,-1,-1.000000
301,11,767,439,73,215,1,-1,-1.000000
301,14,1565,411,179,415,1,-1,-1.000000
301,15,413,461,45,109,1,-1,-1.000000
301,16,379,459,47,115,1,-1,-1.000000
301,17,503,453,41,109,1,-1,-1.000000
301,22,1381,441,43,107,1,-1,-1.000000
301,25,439,451,37,109,1,-1,-1.000000
301,26,1169,447,49,99,1,-1,-1.000000
