1,1,212,204,20,57,0,-3,16.340000
1,2,223,181,36,104,1,-1,9.021200
1,3,293,151,61,174,1,0,5.193600
1,4,452,208,27,68,1,3,11.280000
1,5,255,219,13,30,0,-3,28.283001
1,6,280,219,11,30,0,-1,28.653000
2,1,212,204,20,57,0,-3,16.056000
2,2,223,181,36,104,1,-1,8.937300
2,3,293,151,61,174,1,0,5.167800
2,4,452,208,27,68,1,3,11.158000
2,5,255,219,13,30,0,-3,27.452000
2,6,280,219,11,30,0,-1,27.811001
3,1,212,204,20,57,0,-3,16.271999
3,2,223,179,38,108,1,-1,8.705700
3,3,293,151,64,180,1,0,4.907100
3,4,452,210,25,66,1,3,11.379000
3,5,257,221,11,28,0,-3,28.153999
3,6,282,217,11,32,0,-1,28.612000
4,1,210,206,24,57,0,-3,15.649000
4,2,221,179,38,108,1,-1,8.843700
4,3,295,149,66,182,1,0,4.966300
4,4,450,212,27,66,1,3,11.133000
4,5,257,219,13,32,0,-2,26.410999
4,6,282,221,11,28,0,-1,30.191000
5,1,217,210,17,53,0,-3,17.202999
5,2,221,183,40,106,1,-1,8.987100
5,3,299,147,66,188,1,0,4.931300
5,4,448,212,29,66,1,3,11.902000
5,5,257,223,11,26,0,-3,35.540001
5,6,282,223,11,28,0,-1,31.600000
6,2,219,181,40,112,1,-1,8.738000
6,3,304,140,65,195,1,0,5.083200
6,4,450,210,27,70,1,3,11.920000
6,5,259,223,13,32,0,-3,27.892000
6,6,280,223,13,28,0,-2,36.848999
6,7,295,219,17,34,0,-1,32.379002
7,2,217,178,42,118,1,-1,8.380800
7,3,304,139,70,202,1,0,4.853500
7,4,448,211,29,70,1,3,11.816000
7,5,259,222,13,32,0,-3,30.256001
7,6,282,220,15,32,0,-2,35.256001
7,7,295,218,17,36,0,-1,31.113001
8,2,217,182,40,112,1,-1,8.717500
8,3,306,137,80,208,1,0,4.710500
8,4,448,216,29,65,1,3,11.937000
8,5,259,224,13,32,0,-2,27.202999
8,6,285,222,10,28,0,-2,41.992001
8,7,297,220,17,36,0,0,27.987000
9,2,217,181,42,116,1,-1,8.464200
9,3,312,135,93,216,1,0,4.562000
9,4,450,214,25,69,1,3,11.642000
9,5,261,223,11,32,0,-3,30.354000
9,6,287,219,10,36,0,-1,30.950001
9,7,297,217,17,38,0,0,31.267000
10,2,215,179,46,120,1,-1,8.600800
10,3,312,138,98,223,1,0,4.349600
10,4,450,212,29,70,1,3,12.613000
10,5,261,229,13,30,0,-3,27.705000
10,6,285,223,12,30,0,-2,42.768002
10,7,301,219,13,40,0,0,28.372999
10,8,308,221,15,36,0,0,32.228001
11,2,216,179,44,125,1,-1,7.952400
11,3,321,136,89,233,1,0,4.142600
11,4,451,215,27,67,1,3,12.557000
11,5,263,227,11,32,0,-3,27.190001
11,6,289,225,10,32,0,-1,31.058001
11,7,304,221,12,38,0,0,27.846001
12,2,221,178,43,128,1,-1,7.852900
12,3,333,131,85,240,1,0,4.157900
12,4,456,216,28,69,1,3,11.811000
12,5,264,226,13,35,0,-2,25.228001
12,7,301,223,17,39,0,0,24.424999
13,2,225,180,37,131,1,-1,7.357500
13,3,350,122,73,251,1,0,4.154900
13,4,461,217,26,68,1,3,11.738000
13,5,265,226,14,35,0,-2,24.951000
13,7,307,226,15,38,0,0,22.030001
13,9,333,227,14,37,0,0,22.194000
14,2,219,176,47,136,1,-1,7.184200
14,3,356,113,85,264,1,0,4.071200
14,4,459,216,27,68,1,3,11.785000
14,5,266,226,13,34,0,-2,24.558001
14,7,307,225,17,37,0,0,22.775000
14,9,334,227,17,35,0,0,23.002001
15,2,222,175,43,137,1,-1,7.486400
15,3,358,111,94,277,1,0,3.934100
15,4,458,219,29,68,1,3,11.688000
15,5,267,228,12,33,0,-2,26.371000
15,7,309,226,15,39,0,0,22.222000
15,9,335,229,16,35,0,0,23.461000
16,2,222,177,46,135,1,-1,7.403300
16,3,373,105,90,288,1,0,3.867400
16,4,458,220,29,65,1,3,11.875000
16,5,267,228,14,33,0,-2,24.273001
16,7,310,225,17,40,0,0,20.777000
16,9,335,228,17,36,0,0,21.844000
17,2,220,172,46,141,1,-1,7.281500
17,3,378,102,98,305,1,0,3.640500
17,4,462,219,24,66,1,3,11.625000
17,5,267,231,12,29,0,-2,24.216999
17,7,312,223,15,41,0,0,20.732000
17,9,337,226,15,36,0,0,22.714001
18,2,219,173,48,143,1,-1,7.101100
18,3,393,94,95,329,1,0,3.473400
18,5,267,228,12,32,0,-2,23.922001
18,7,313,222,17,40,0,0,22.267000
18,9,338,227,16,35,0,0,22.427000
19,2,217,171,50,149,1,-1,6.811900
19,3,402,86,104,348,1,0,3.369800
19,5,270,227,11,32,0,-2,24.497000
19,7,313,223,19,41,0,0,20.143000
19,9,340,226,14,38,0,0,20.267000
20,2,215,170,49,148,1,-1,6.971400
20,3,411,73,109,363,1,0,3.389900
20,5,271,222,11,37,0,-2,24.033001
20,7,317,222,16,40,0,0,21.481001
20,9,340,226,14,36,0,0,21.620001
21,2,215,169,49,154,1,-1,6.724500
21,3,434,59,108,386,1,0,3.363400
21,5,271,223,13,36,0,-2,24.438999
21,7,316,223,18,38,0,0,22.742001
21,9,341,225,16,37,0,0,21.969999
22,2,208,163,57,164,1,-1,6.552700
22,3,455,47,122,403,1,0,3.384200
22,5,268,222,14,38,0,-2,23.305000
22,7,315,221,19,43,0,0,20.136999
22,9,341,223,15,41,0,0,20.247999
23,2,201,160,60,166,1,-1,6.584800
23,3,466,26,158,432,1,0,3.338300
23,5,267,226,12,34,0,-2,21.938999
23,7,316,219,18,42,0,0,21.395000
23,9,343,225,12,37,0,0,20.705999
24,2,197,152,60,175,1,-1,6.525200
24,3,476,23,163,446,1,0,3.293600
24,5,267,225,13,32,0,-2,23.695000
24,7,316,220,18,42,0,0,19.753000
24,9,338,223,18,41,0,0,18.540001
25,2,190,149,66,185,1,-1,6.275100
25,3,483,18,156,454,1,0,3.378900
25,5,269,226,13,33,0,-2,22.245001
25,7,316,217,20,47,0,0,18.792000
25,9,338,223,17,41,0,0,18.878000
25,10,459,214,31,67,1,2,12.344000
26,2,192,152,60,191,1,-1,5.918300
26,5,267,226,14,33,0,-2,21.667999
26,7,318,219,19,43,0,0,19.694000
26,9,340,220,17,41,0,0,20.504999
26,10,462,212,30,70,1,2,12.006000
27,2,186,149,65,197,1,-1,5.863800
27,5,267,226,13,34,0,-2,20.243999
27,7,318,219,17,43,0,0,19.211000
27,9,341,225,16,37,0,0,19.327999
27,10,464,215,24,68,1,2,11.745000
28,2,180,143,71,208,1,-1,5.786600
28,5,265,221,15,38,0,-2,21.895000
28,7,318,221,17,43,0,0,18.691000
28,9,341,221,14,43,0,0,18.796000
28,10,461,215,29,67,1,2,12.273000
29,2,172,139,76,216,1,-1,5.692600
29,5,268,222,12,35,0,-2,22.454000
29,7,318,217,18,45,0,0,19.080000
29,9,338,220,17,42,0,0,19.171000
29,10,464,214,26,68,1,2,12.011000
30,2,160,127,85,233,1,-1,5.619200
30,5,264,220,17,39,0,-2,19.632000
30,7,319,219,19,45,0,0,17.152000
30,9,341,221,16,43,0,0,17.239000
30,10,465,212,28,70,1,2,11.820000
31,2,161,122,84,238,1,-1,5.666500
31,5,267,221,14,38,0,-2,19.621000
31,7,320,216,18,45,0,0,18.750000
31,9,342,221,17,41,0,0,18.302000
31,10,466,214,24,67,1,2,12.092000
32,2,156,115,85,248,1,-1,5.631400
32,5,267,221,14,36,0,-2,20.224001
32,7,319,217,18,47,0,0,16.716999
32,9,340,219,17,43,0,0,17.768000
32,10,466,211,26,70,1,2,11.966000
33,2,146,114,87,265,1,-1,5.387100
33,5,265,221,15,36,0,-2,21.143999
33,7,320,217,17,45,0,0,18.353001
33,9,341,220,16,44,0,0,17.440001
33,10,464,211,29,70,1,2,12.292000
34,2,134,110,92,279,1,-1,5.258000
34,5,265,223,14,36,0,-2,19.695000
34,7,321,217,17,47,0,0,17.340000
34,9,342,221,16,44,0,0,16.981001
34,10,469,214,24,67,1,2,12.360000
35,2,118,102,107,304,1,-1,5.021200
35,5,265,221,15,38,0,-2,19.955999
35,7,324,216,14,48,0,0,17.554001
35,9,342,219,17,45,0,0,17.650999
35,10,467,211,27,72,1,2,12.074000
36,2,113,92,106,325,1,-1,4.970800
36,5,265,222,15,38,0,-2,19.723000
36,7,321,217,17,48,0,0,17.424000
36,9,340,221,20,45,0,0,17.077000
36,10,467,216,30,68,1,2,12.110000
36,11,200,201,30,80,1,-2,12.122000
36,12,231,215,17,47,0,-3,18.334000
37,2,97,74,108,351,1,-1,4.972000
37,5,265,220,15,40,0,-2,20.278999
37,7,318,217,20,48,0,0,17.862000
37,9,341,219,19,46,0,0,17.985001
37,10,469,211,28,71,1,2,12.781000
37,11,197,197,29,84,1,-2,12.358000
37,12,233,215,15,47,0,-3,18.827999
38,2,76,58,122,372,1,-1,4.980400
38,5,267,220,12,40,0,-2,20.362000
38,7,321,216,17,48,0,0,18.441999
38,9,342,221,21,44,0,0,18.066999
38,10,469,212,28,71,1,2,12.640000
38,11,197,198,32,85,1,-2,12.064000
38,12,230,216,17,46,0,-3,18.896999
39,2,51,43,145,402,1,-1,4.899500
39,5,264,221,16,39,0,-2,20.726000
39,7,319,216,21,49,0,0,18.259001
39,9,342,220,18,46,0,0,17.893999
39,10,467,210,30,72,1,2,13.060000
39,11,194,197,35,84,1,-2,12.618000
39,12,231,216,17,46,0,-3,19.224001
40,2,27,30,151,450,1,-1,4.671200
40,5,263,222,15,37,0,-2,21.514999
40,7,320,214,18,51,0,0,18.379999
40,9,342,219,18,47,0,0,18.023001
40,10,470,211,22,70,1,2,13.418000
40,11,190,197,34,84,1,-2,12.697000
40,12,230,214,17,46,0,-3,20.524000
41,2,4,9,159,471,1,-1,4.758800
41,5,264,221,15,40,0,-2,19.732000
41,7,319,210,22,55,0,0,18.017000
41,9,342,217,19,48,0,0,18.128000
41,10,467,210,28,68,1,3,13.983000
41,11,190,197,34,87,1,-2,12.080000
41,12,228,215,22,46,0,-3,19.485001
42,5,264,221,15,39,0,-2,19.278000
42,7,323,214,17,50,0,0,17.684999
42,9,343,215,18,51,0,0,16.945000
42,10,469,211,28,68,1,2,13.393000
42,11,187,195,37,89,1,-2,11.812000
42,12,229,212,19,47,0,-3,19.584999
43,5,265,219,16,38,0,-2,22.400000
43,7,321,214,21,51,0,0,18.099001
43,9,344,215,21,50,0,0,18.224001
43,10,471,210,28,68,1,3,14.158000
43,11,186,193,37,90,1,-2,12.396000
43,12,229,212,18,50,0,-3,18.951000
44,5,263,220,16,39,0,-2,21.622999
44,7,324,214,18,50,0,0,19.051001
44,9,346,214,18,52,0,0,18.188999
44,10,469,210,25,68,1,3,14.372000
44,11,186,194,33,89,1,-2,12.604000
44,12,226,210,20,49,0,-3,21.318001
45,5,264,217,12,40,0,-2,20.849001
45,7,321,212,22,52,0,0,17.599001
45,9,347,212,19,52,0,0,17.702000
45,10,470,208,28,71,1,2,13.466000
45,11,178,189,41,95,1,-2,12.004000
45,12,228,211,19,49,0,-3,18.933001
46,5,264,217,12,40,0,-2,20.327000
46,7,323,209,20,54,0,0,17.683001
46,9,347,213,21,50,0,0,17.785000
46,10,471,207,30,71,1,2,13.542000
46,11,179,190,40,98,1,-2,11.359000
46,12,229,212,19,46,0,-3,19.552999
47,5,263,214,16,43,0,-2,20.707001
47,7,325,208,19,54,0,0,18.424000
47,9,348,212,17,52,0,0,17.652000
47,10,473,205,26,73,1,2,13.738000
47,11,175,186,38,101,1,-2,11.647000
47,12,229,212,19,45,0,-3,20.483000
48,5,260,214,21,43,0,-2,21.462999
48,7,327,206,17,57,0,0,18.534000
48,9,348,212,22,51,0,0,18.636000
48,10,473,203,28,71,1,3,15.033000
48,11,175,187,40,101,1,-2,11.742000
48,12,226,209,22,49,0,-3,20.598000
49,5,263,214,15,43,0,-2,23.788000
49,7,323,207,24,58,0,0,19.084000
49,9,349,211,21,53,0,0,19.688999
49,10,473,205,30,73,1,3,14.812000
49,11,173,187,39,103,1,-2,11.999000
49,12,229,212,19,46,0,-4,22.743999
50,5,262,214,16,43,0,-2,23.283001
50,7,324,209,23,55,0,0,19.318001
50,9,353,208,18,56,0,0,19.429001
50,10,477,202,27,72,1,3,15.836000
50,11,172,184,39,104,1,-2,12.281000
50,12,229,211,18,47,0,-3,22.294001
51,5,263,215,15,42,0,-3,25.493999
51,7,327,207,19,58,0,0,20.141001
51,9,349,210,22,55,0,0,20.239000
51,10,478,205,25,71,1,3,16.007000
51,11,164,180,47,110,1,-2,12.442000
51,12,226,211,22,47,0,-4,24.296000
52,5,260,216,16,41,0,-3,27.791000
52,7,327,209,19,56,0,0,21.441999
52,9,349,211,22,53,0,0,22.205000
52,10,477,205,26,71,1,3,16.735001
52,11,166,183,41,109,1,-2,12.536000
52,12,226,211,20,49,0,-4,24.462000
53,5,262,216,14,40,0,-3,26.700001
53,7,326,206,22,58,0,0,20.875000
53,9,352,211,22,54,0,0,20.415001
53,10,477,206,26,70,1,3,16.153999
53,11,164,187,41,102,1,-3,12.772000
53,12,229,206,17,51,0,-4,25.427000
54,5,261,211,17,47,0,-2,23.341999
54,7,325,205,25,62,1,0,18.561001
54,9,352,207,24,57,0,0,20.034000
54,10,477,203,28,72,1,3,15.985000
54,11,154,182,51,116,1,-2,11.462000
54,12,227,207,22,53,0,-3,21.766001
55,5,257,212,23,45,0,-2,23.434000
55,7,323,202,29,66,1,0,17.882000
55,9,350,206,28,62,1,0,17.955000
55,10,479,202,28,74,1,3,15.584000
55,11,147,176,51,121,1,-2,11.544000
55,12,225,208,21,51,0,-3,21.839001
55,13,276,217,15,36,0,-2,27.148001
55,14,291,215,19,38,0,-2,27.288000
55,15,306,217,15,36,0,-1,27.393999
56,5,259,212,19,45,0,-3,23.961000
56,7,325,204,29,64,1,0,18.188999
56,9,348,208,30,60,1,0,18.256001
56,10,475,204,32,72,1,3,15.817000
56,11,143,174,55,125,1,-2,11.454000
56,12,225,208,24,53,0,-3,21.059000
56,13,274,215,17,36,0,-3,30.388000
56,14,289,212,21,39,0,-2,30.568001
56,15,304,217,17,36,0,-1,28.132000
57,5,257,212,21,47,0,-2,22.586000
57,7,325,204,29,66,1,0,17.559000
57,9,352,206,28,62,1,0,18.370001
57,10,479,202,30,74,1,3,15.928000
57,11,136,172,60,129,1,-2,11.356000
57,12,225,206,24,53,0,-3,22.395000
57,13,276,212,17,39,0,-3,30.476999
57,14,291,215,19,38,0,-2,28.103001
57,15,304,217,17,36,0,-1,28.208000
58,5,259,215,21,44,0,-2,23.076000
58,7,325,204,32,64,1,0,18.636999
58,9,350,208,32,60,1,0,18.716999
58,10,479,202,30,74,1,3,16.219999
58,11,138,170,55,131,1,-2,11.499000
58,12,225,206,24,55,0,-3,21.563999
58,13,276,215,17,36,0,-3,31.382000
58,14,291,212,19,43,0,-1,26.672001
58,15,306,217,15,36,0,-1,29.009001
59,5,259,217,21,44,0,-2,23.490999
59,7,323,204,34,68,1,0,18.174000
59,9,352,212,30,60,1,0,18.267000
59,10,482,206,29,74,1,3,15.972000
59,11,128,166,65,142,1,-2,11.147000
59,12,225,210,24,53,0,-3,21.896999
59,13,276,219,17,34,0,-3,32.181999
59,14,291,217,19,40,0,-2,27.271000
59,15,304,219,17,38,0,-1,27.395000
60,5,259,217,17,44,0,-3,24.337000
60,7,327,202,30,70,1,0,18.660000
60,9,354,210,30,62,1,0,18.754999
60,10,484,206,27,74,1,3,16.326000
60,11,126,168,59,140,1,-2,11.318000
60,12,225,210,24,53,0,-4,22.638000
60,13,278,219,15,34,0,-3,33.962002
60,14,295,217,19,40,0,-1,28.518999
60,15,306,221,17,36,0,-1,28.629000
61,5,259,217,19,48,0,-2,22.930000
61,7,327,204,30,70,1,0,18.745001
61,9,358,210,27,64,1,0,18.853001
61,10,486,206,27,76,1,3,16.427000
61,11,119,168,66,146,1,-2,11.052000
61,12,225,210,24,55,0,-4,22.666000
61,13,276,219,21,36,0,-3,33.958000
61,14,295,217,19,42,0,-2,28.551001
61,15,308,221,15,38,0,-1,28.680000
62,5,259,217,21,48,0,-2,21.844000
62,7,327,202,32,74,1,0,17.490999
62,9,357,208,33,68,1,0,17.591999
62,10,486,204,27,78,1,3,16.091999
62,11,117,164,66,152,1,-2,10.844000
62,12,227,210,22,55,0,-3,21.594999
62,13,278,219,17,36,0,-3,31.099001
62,14,295,217,19,42,0,-1,26.673000
62,15,308,223,17,36,0,-1,26.802999
63,5,258,219,23,46,0,-2,21.353001
63,7,326,204,34,74,1,0,16.726999
63,9,360,210,32,68,1,0,16.834999
63,10,489,210,28,75,1,2,15.337000
63,11,108,162,72,156,1,-2,10.717000
63,12,224,212,26,53,0,-3,21.087000
63,13,277,219,17,38,0,-2,27.524000
63,14,296,221,19,38,0,-1,25.857000
63,15,309,223,15,34,0,-1,27.938999
64,5,258,219,23,49,0,-2,21.167999
64,7,330,208,30,74,1,0,16.431999
64,9,362,212,32,68,1,0,17.059000
64,10,485,210,34,75,1,3,15.947000
64,11,97,157,81,164,1,-2,10.818000
64,12,226,210,24,58,0,-3,20.936001
64,13,279,223,19,36,0,-2,28.073999
64,14,294,221,23,42,0,-1,24.621000
64,15,309,223,17,40,0,-1,24.728001
65,5,260,219,21,49,0,-2,20.398001
65,7,330,202,34,76,1,0,17.122000
65,9,366,212,32,68,1,0,16.677999
65,10,487,210,32,75,1,2,15.651000
65,11,95,153,78,170,1,-2,10.634000
65,12,228,210,24,55,0,-3,21.702999
65,13,279,221,19,36,0,-2,28.476000
65,14,296,219,21,42,0,-1,24.938000
65,15,311,225,17,36,0,-1,25.059999
66,5,259,219,23,49,0,-2,20.612000
66,7,331,206,32,76,1,0,16.275000
66,9,369,212,28,73,1,0,15.692000
66,10,488,212,32,75,1,2,15.433000
66,11,94,157,80,172,1,-2,10.434000
66,12,227,212,24,58,0,-3,19.513000
66,13,278,223,19,38,0,-2,25.035999
66,14,295,221,21,42,0,-1,23.737000
66,15,310,225,17,38,0,-1,23.851999
67,5,259,219,21,50,0,-2,19.461000
67,7,331,204,34,78,1,0,15.936000
67,9,369,210,30,72,1,0,16.023001
67,10,490,210,32,77,1,2,15.144000
67,11,85,155,89,180,1,-2,10.137000
67,12,227,210,24,58,0,-3,19.677000
67,13,280,221,17,36,0,-2,26.996000
67,14,295,219,21,44,0,-1,22.632000
67,15,310,223,19,40,0,-1,22.737000
68,5,261,217,19,51,0,-2,20.121000
68,7,331,202,38,83,1,0,15.463000
68,9,371,208,30,77,1,0,15.536000
68,10,488,208,34,77,1,2,15.664000
68,11,79,151,97,189,1,-2,10.011000
68,12,225,212,26,56,0,-3,19.919001
68,13,282,221,15,38,0,-2,25.650000
68,14,297,219,21,42,0,-1,24.275000
68,15,312,223,17,38,0,-1,24.382000
69,5,261,215,19,53,0,-2,20.243999
69,7,333,202,36,83,1,0,15.568000
69,9,371,206,32,79,1,0,15.625000
69,10,492,206,34,79,1,2,15.696000
69,11,64,149,106,193,1,-2,10.068000
69,12,229,210,22,58,0,-3,20.083000
69,13,280,219,17,40,0,-2,25.705999
69,14,297,219,19,42,0,-1,24.316000
69,15,310,223,19,40,0,-1,23.079000
70,5,259,217,23,53,0,-2,19.454000
70,7,331,200,40,85,1,0,15.642000
70,9,374,206,36,79,1,0,15.705000
70,10,492,204,36,81,1,2,15.771000
70,11,54,140,108,210,1,-2,9.870500
70,12,227,210,24,60,1,-3,19.302999
70,13,280,221,17,36,0,-2,27.365999
70,14,297,219,21,42,0,-1,24.264999
70,15,310,221,19,40,0,-1,24.343000
71,5,261,217,21,53,0,-2,19.646999
71,7,331,198,40,89,1,0,15.374000
71,9,378,208,32,79,1,0,15.425000
71,10,494,208,34,77,1,2,15.837000
71,11,51,136,98,214,1,-2,9.932500
71,12,225,212,28,58,0,-3,19.504000
71,13,280,219,19,40,0,-2,25.940001
71,14,297,219,21,44,0,-1,23.211000
71,15,312,221,17,40,0,-1,24.601000
72,5,261,217,21,53,0,-2,18.584000
72,7,333,196,43,91,1,0,14.930000
72,9,380,206,32,81,1,0,14.971000
72,10,496,206,34,76,1,2,15.889000
72,11,25,128,119,226,1,-2,9.805300
72,12,223,210,28,60,1,-3,18.459999
72,13,282,221,17,36,0,-2,24.985001
72,14,297,217,21,46,0,-1,21.481001
72,15,312,221,19,40,0,-1,22.579000
73,5,259,217,26,53,0,-2,18.200001
73,7,335,196,41,93,1,0,14.510000
73,9,384,204,36,83,1,0,14.847000
73,10,496,206,39,79,1,2,15.191000
73,11,26,128,97,239,1,-2,9.505400
73,12,225,210,28,60,1,-3,18.084000
73,13,282,219,19,40,0,-2,22.778000
73,14,295,217,23,46,0,-1,20.849001
73,15,310,219,21,44,0,-1,20.903000
74,5,261,217,24,53,0,-2,18.705999
74,7,335,196,43,91,1,0,15.091000
74,9,386,200,34,87,1,0,15.134000
74,10,501,208,31,77,1,2,15.478000
74,11,11,121,110,257,1,-2,9.367800
74,12,225,210,28,60,1,-3,18.587999
74,13,285,221,16,36,0,-2,25.000999
74,14,299,219,22,42,0,-1,22.577999
74,15,316,221,17,40,0,-1,22.636999
75,5,263,215,24,53,0,-2,20.066999
75,7,338,196,42,93,1,0,15.130000
75,9,390,200,37,87,1,0,15.487000
75,10,507,204,32,78,1,2,16.400999
75,11,11,119,106,269,1,-2,9.314800
75,12,229,208,24,60,1,-3,19.945999
75,13,287,217,17,40,0,-2,26.301001
75,14,304,215,19,50,0,-1,21.458000
75,15,314,219,21,42,0,-1,23.615999
76,5,261,211,28,56,0,-2,20.014000
76,7,342,194,40,94,1,0,15.184000
76,9,393,199,38,89,1,0,15.230000
76,10,505,203,34,78,1,2,16.499001
76,11,5,108,106,279,1,-2,9.383500
76,12,232,209,21,58,0,-3,19.884001
76,13,285,216,21,40,0,-2,26.113001
76,14,301,216,20,44,0,-1,23.461000
76,15,316,218,19,42,0,-1,23.527000
77,5,263,211,22,56,0,-2,19.999001
77,7,344,190,40,100,1,0,14.970000
77,9,397,199,38,91,1,0,15.020000
77,10,505,205,32,76,1,2,16.598000
77,12,229,209,26,58,0,-3,19.861000
77,13,285,216,21,40,0,-2,25.985001
77,14,301,216,22,42,0,-1,24.650999
77,15,316,218,19,42,0,-1,23.476000
77,11,3,95,105,297,1,-2,9.394400
78,5,261,209,24,58,0,-2,18.889999
78,7,344,188,40,100,1,0,14.852000
78,9,401,197,36,91,1,0,14.906000
78,10,507,201,34,78,1,2,16.415001
78,11,1,82,103,314,1,-2,9.367400
78,12,227,203,26,61,1,-3,19.740999
78,13,285,214,19,40,0,-2,24.924999
78,14,299,211,24,47,0,-1,22.632999
78,15,314,214,21,44,0,-1,22.698000
79,5,261,211,26,56,0,-2,18.350000
79,7,344,188,44,104,1,0,14.221000
79,9,403,199,38,91,1,0,14.506000
79,10,509,201,34,78,1,2,16.176001
79,12,232,203,23,61,1,-3,19.103001
79,13,287,214,17,40,0,-2,23.617001
79,14,299,209,24,49,0,-1,21.658001
79,15,316,216,19,42,0,-1,21.728001
79,11,1,71,91,332,1,-2,9.339200
80,5,261,209,24,55,0,-2,18.837000
80,7,342,184,46,106,1,0,14.368000
80,9,403,194,40,96,1,0,14.424000
80,10,509,199,34,80,1,2,15.999000
80,11,1,59,78,350,1,-2,9.344600
80,12,227,201,26,61,1,-3,19.312000
80,13,285,209,19,45,0,-2,22.813000
80,14,297,211,24,45,0,-1,21.913000
80,15,314,211,21,47,0,-1,21.115000
81,5,263,214,22,57,0,-2,19.990999
81,7,344,190,49,110,1,0,14.518000
81,9,407,194,43,104,1,0,14.794000
81,10,511,209,34,77,1,2,16.611000
81,11,0,103,65,320,1,-2,9.406200
81,12,229,205,24,66,1,-3,19.843000
81,13,287,216,17,42,0,-2,27.004999
81,14,297,216,26,48,0,-1,23.146000
81,15,316,220,19,44,0,-1,23.225000
82,5,261,211,24,60,1,-2,20.910999
82,7,348,190,47,110,1,0,14.884000
82,9,410,194,40,106,1,0,14.932000
82,10,511,209,34,77,1,2,17.184000
82,11,1,101,50,327,1,-2,9.448000
82,12,227,207,26,60,1,-3,22.459000
82,13,285,216,19,40,0,-3,31.379000
82,14,297,214,26,50,0,-1,24.573000
82,15,314,220,21,42,0,-1,26.021000
83,5,263,214,22,59,1,-2,20.733999
83,7,352,189,49,115,1,0,14.677000
83,9,416,198,44,103,1,0,15.070000
83,10,516,208,33,79,1,3,17.325001
83,12,229,207,24,64,1,-3,21.339001
83,13,285,218,19,42,0,-2,28.549000
83,14,299,216,22,51,0,-1,23.648001
83,15,313,220,21,44,0,-1,25.579000
84,5,261,214,24,59,1,-2,21.848000
84,7,352,186,53,119,1,0,14.971000
84,9,417,199,45,110,1,0,14.563000
84,10,513,209,34,81,1,2,17.313999
84,12,227,209,24,62,1,-4,22.549000
84,13,285,220,21,42,0,-2,29.135000
84,14,297,216,24,51,0,-2,25.250999
84,15,314,220,21,47,0,-1,25.353001
85,5,259,216,26,61,1,-2,20.989000
85,7,352,188,58,125,1,0,14.382000
85,9,420,199,49,112,1,0,14.591000
85,10,516,211,33,79,1,3,17.621000
85,12,223,211,28,64,1,-3,21.611000
85,13,285,220,19,44,0,-2,28.801001
85,14,297,220,24,49,0,-2,25.049000
85,15,316,224,19,45,0,-1,25.129999
86,5,259,217,28,61,1,-2,20.499001
86,7,352,187,60,129,1,0,14.139000
86,9,427,200,46,114,1,0,14.330000
86,10,517,210,31,81,1,2,17.407000
86,12,227,212,24,64,1,-3,21.063999
86,13,285,223,21,45,0,-2,25.323999
86,14,297,219,24,51,0,-1,24.187000
86,15,316,223,19,47,0,-1,24.266001
87,5,259,221,28,59,1,-2,19.709999
87,7,359,193,57,128,1,0,13.830000
87,9,433,198,46,120,1,0,14.088000
87,10,522,212,32,81,1,2,17.139000
87,12,227,212,26,66,1,-3,20.162001
87,13,287,223,19,47,0,-2,23.802000
87,14,299,221,24,51,0,-1,22.889000
87,15,316,223,22,51,0,-1,22.080999
88,5,259,219,28,61,1,-2,19.302999
88,7,365,191,55,132,1,0,13.682000
88,9,435,196,49,125,1,0,13.851000
88,10,524,215,30,80,1,2,16.684999
88,12,227,212,26,66,1,-3,19.695000
88,13,287,225,19,43,0,-2,24.028000
88,14,299,221,24,51,0,-1,22.212999
88,15,316,225,22,49,0,-1,21.497999
89,5,261,219,26,61,1,-2,19.106001
89,7,367,185,57,138,1,0,13.722000
89,9,441,198,55,129,1,0,13.488000
89,10,526,215,32,82,1,2,16.341000
89,12,229,212,24,66,1,-3,19.471001
89,13,287,225,21,43,0,-2,23.537001
89,14,301,223,24,51,0,-1,21.108000
89,15,318,225,22,47,0,-1,21.950001
90,5,259,217,28,65,1,-2,18.326000
90,7,367,179,62,146,1,0,13.563000
90,9,443,196,58,131,1,0,13.457000
90,10,526,210,34,85,1,2,16.422001
90,12,227,210,26,66,1,-3,19.666000
90,13,287,223,21,45,0,-2,22.818001
90,14,299,219,26,51,0,-1,22.049000
90,15,318,225,22,47,0,-1,21.367001
91,5,259,215,28,65,1,-2,18.677000
91,7,371,176,60,153,1,0,13.386000
91,9,449,191,55,138,1,0,13.396000
91,10,528,210,34,83,1,2,16.677000
91,12,227,208,26,66,1,-3,20.093000
91,13,287,221,21,44,0,-2,23.913000
91,14,301,219,26,51,0,-1,21.796000
91,15,321,223,19,47,0,-1,21.872999
92,5,257,215,28,65,1,-2,18.485001
92,7,371,174,70,159,1,0,13.215000
92,9,460,187,51,142,1,0,13.431000
92,10,530,210,32,81,1,2,16.919001
92,12,229,208,24,68,1,-3,19.295000
92,13,287,221,19,42,0,-2,24.386999
92,14,301,217,24,55,0,-1,20.752001
92,15,318,219,22,51,0,-1,21.500000
93,5,257,212,28,68,1,-2,18.452000
93,7,382,172,64,166,1,0,13.076000
93,9,467,179,53,150,1,0,13.509000
93,10,532,208,32,83,1,2,16.867001
93,12,229,208,26,66,1,-3,19.760000
93,13,282,221,28,40,0,-2,25.145000
93,14,304,212,23,56,0,-1,21.976999
93,15,321,219,19,51,0,-1,21.319000
94,5,259,212,26,68,1,-2,18.524000
94,7,390,170,60,170,1,0,13.056000
94,9,470,176,57,157,1,0,13.364000
94,10,535,206,29,85,1,2,16.891001
94,12,227,208,26,64,1,-3,20.391001
94,13,282,219,24,42,0,-2,25.177000
94,14,299,215,28,53,0,-1,22.013000
94,15,318,219,22,49,0,-1,22.073000
95,5,259,212,26,68,1,-2,18.795000
95,7,395,164,70,176,1,0,13.208000
95,9,477,179,70,161,1,0,13.191000
95,10,539,206,27,83,1,2,17.459999
95,12,227,204,30,70,1,-3,20.146000
95,13,282,217,26,46,0,-2,24.617001
95,14,297,210,30,60,1,-1,21.681000
95,15,318,217,24,51,0,-1,22.499001
95,16,381,202,23,76,1,0,19.565001
96,5,255,212,27,70,1,-2,19.274000
96,7,399,155,76,189,1,0,13.322000
96,9,490,179,68,169,1,0,13.129000
96,10,537,206,32,83,1,3,18.209000
96,12,225,208,32,68,1,-3,20.735001
96,13,285,217,21,48,0,-2,25.665001
96,14,297,215,30,55,0,-1,23.230000
96,15,316,219,24,49,0,-1,24.232000
96,16,384,202,28,80,1,0,19.620001
97,5,255,210,30,72,1,-2,19.535000
97,7,405,157,83,200,1,0,12.939000
97,9,496,179,70,178,1,0,12.905000
97,10,545,208,26,81,1,3,18.375999
97,12,225,208,30,68,1,-3,21.040001
97,13,282,217,24,48,0,-2,26.139999
97,14,297,215,28,55,0,-1,23.601000
97,15,316,219,24,51,0,-1,23.676001
97,16,384,204,30,81,1,0,19.159000
98,5,253,211,29,72,1,-2,19.084000
98,7,412,150,87,210,1,0,12.892000
98,9,507,173,66,185,1,0,12.925000
98,12,225,205,30,70,1,-3,21.004999
98,13,285,218,21,44,0,-2,27.330999
98,14,299,216,24,55,0,-1,22.719999
98,15,316,218,24,51,0,-1,23.634001
98,16,386,203,30,83,1,0,18.797001
99,5,253,209,32,74,1,-2,19.302000
99,7,416,150,102,222,1,0,12.658000
99,9,522,165,68,195,1,0,12.974000
99,12,227,207,28,68,1,-3,21.264000
99,13,285,218,19,46,0,-2,26.441000
99,14,299,211,24,60,1,-1,23.028999
99,15,316,218,24,51,0,-1,23.973000
99,16,390,205,30,83,1,0,18.627001
100,5,251,207,31,76,1,-2,19.174000
100,7,427,141,103,238,1,0,12.564000
100,9,535,161,72,205,1,0,12.865000
100,12,229,203,26,70,1,-3,21.667000
100,13,285,218,21,46,0,-2,25.917000
100,14,299,214,24,55,0,-1,23.531000
100,15,314,218,26,51,0,-1,23.615999
100,16,390,201,32,85,1,0,18.936001
100,17,412,199,29,87,1,0,18.966999
101,5,255,209,25,74,1,-2,19.333000
101,7,439,131,102,252,1,0,12.585000
101,9,544,158,81,219,1,0,12.684000
101,12,229,203,28,70,1,-3,21.846001
101,13,287,216,17,48,0,-2,26.174000
101,14,299,211,22,58,0,-2,23.749001
101,15,316,216,24,53,0,-1,23.854000
101,16,395,201,29,87,1,0,18.740000
101,17,418,197,28,89,1,0,19.160000
102,5,249,207,33,76,1,-2,19.236000
102,7,448,125,99,262,1,0,12.572000
102,9,558,152,80,235,1,0,12.522000
102,12,227,203,30,72,1,-3,21.051001
102,13,285,218,21,46,0,-2,25.724001
102,14,297,211,26,58,0,-1,23.441000
102,15,316,216,24,55,0,-1,22.754999
102,16,397,197,30,91,1,0,18.657000
102,17,416,194,32,94,1,0,18.683001
102,18,545,207,28,81,1,3,18.745001
103,5,249,207,33,79,1,-2,18.695000
103,7,460,118,109,286,1,0,12.354000
103,9,577,154,61,246,1,0,12.380000
103,12,227,205,26,70,1,-3,21.011999
103,13,285,218,19,44,0,-2,26.687000
103,14,297,214,24,57,0,-1,22.596001
103,15,314,214,24,55,0,-1,23.430000
103,16,399,199,30,89,1,0,18.693001
103,17,420,194,30,94,1,0,18.721001
103,18,547,207,26,83,1,2,18.434000
104,5,246,207,34,79,1,-2,18.997999
104,7,477,112,142,309,1,0,12.212000
104,12,227,205,28,72,1,-3,20.879000
104,13,282,216,24,48,0,-2,26.271000
104,14,297,211,24,58,0,-2,23.917999
104,15,316,216,24,55,0,-1,23.222000
104,16,399,197,36,93,1,0,18.681999
104,17,424,192,32,98,1,0,18.712000
105,5,251,207,27,79,1,-2,19.090000
105,7,499,103,139,342,1,0,12.009000
105,12,229,203,26,72,1,-3,21.510000
105,13,285,216,19,46,0,-2,27.524000
105,14,297,209,24,60,1,-2,23.969999
105,15,316,216,22,53,0,-1,24.073999
105,16,405,197,34,95,1,0,18.455000
105,17,424,192,34,100,1,0,18.476999
106,5,244,204,32,83,1,-2,18.948999
106,7,516,87,122,378,1,0,11.903000
106,12,227,204,24,70,1,-3,21.802000
106,13,285,215,19,48,0,-2,26.818001
106,14,299,212,22,56,0,-2,24.382000
106,15,314,215,24,55,0,-1,23.648001
106,16,403,196,36,97,1,0,18.365999
106,17,429,191,36,102,1,0,18.395000
107,5,242,202,34,85,1,-2,18.868000
107,7,556,66,82,403,1,0,11.953000
107,12,223,202,34,70,1,-3,22.194000
107,13,282,212,22,51,0,-2,26.299999
107,14,297,210,24,60,1,-2,23.260000
107,15,316,212,22,58,0,-1,23.356001
107,16,407,193,36,100,1,0,18.325001
107,17,431,189,38,102,1,0,18.653000
108,5,242,200,32,87,1,-2,19.183001
108,7,581,90,57,387,1,0,11.994000
108,12,227,202,28,70,1,-3,22.714001
108,13,285,212,16,49,0,-2,28.465000
108,14,295,208,26,62,1,-2,23.856001
108,15,314,210,24,58,0,-1,24.808001
108,16,410,189,36,104,1,0,18.632000
108,17,433,185,36,106,1,0,18.976000
108,19,549,202,30,85,1,3,19.781000
109,5,238,200,36,87,1,-2,19.500999
109,12,225,202,28,70,1,-3,23.239000
109,13,282,215,19,46,0,-3,29.466000
109,14,293,208,28,60,1,-2,25.354000
109,15,316,212,22,56,0,-1,25.492001
109,16,410,187,38,106,1,0,18.919001
109,17,439,183,32,110,1,0,18.948999
109,19,553,200,29,87,1,3,20.108000
110,5,240,198,32,91,1,-2,19.003000
110,12,227,202,24,68,1,-3,23.496000
110,13,282,212,22,49,0,-2,28.443001
110,14,295,206,26,64,1,-2,23.938000
110,15,312,210,26,58,0,-1,24.867001
110,16,414,185,36,108,1,0,18.804001
110,17,441,183,36,112,1,0,18.542000
110,19,556,202,29,85,1,3,19.938999
111,5,234,200,36,91,1,-2,19.188000
111,12,227,204,24,68,1,-3,23.801001
111,13,280,212,21,51,0,-3,28.871000
111,14,291,210,30,62,1,-2,24.230000
111,15,312,215,26,55,0,-1,25.191999
111,16,416,191,36,108,1,0,18.410000
111,17,441,183,38,116,1,0,18.430000
111,19,547,204,36,85,1,3,20.090000
112,5,234,198,34,93,1,-2,19.410000
112,12,221,202,25,72,1,-3,23.433001
112,13,278,212,21,51,0,-3,29.542999
112,14,291,208,27,64,1,-2,24.642000
112,15,312,212,23,58,0,-1,25.646999
112,16,416,189,36,112,1,0,18.333000
112,17,441,183,41,118,1,0,18.349001
112,19,547,204,38,85,1,3,20.306999
113,5,229,200,36,91,1,-2,19.465000
113,12,219,202,27,72,1,-3,23.458000
113,13,278,210,19,53,0,-3,29.415001
113,14,291,206,21,64,1,-2,25.462999
113,15,306,210,29,60,1,-1,25.573999
113,16,418,185,38,114,1,0,18.638000
113,17,443,179,43,120,1,0,18.650000
113,19,549,200,34,87,1,3,20.694000
114,5,227,198,36,95,1,-2,19.545000
114,12,219,202,23,70,1,-4,25.040001
114,13,276,212,21,51,0,-3,30.958000
114,14,287,204,25,66,1,-2,26.444000
114,15,308,212,25,58,0,-1,26.576000
114,16,414,181,44,123,1,0,18.334000
114,17,448,172,36,129,1,0,18.722000
114,19,549,200,36,87,1,3,21.167000
115,5,223,196,36,95,1,-2,19.742001
115,12,217,200,21,61,1,-5,30.972000
115,13,276,210,17,53,0,-3,29.948999
115,14,282,204,30,66,1,-2,25.861000
115,15,304,210,27,60,1,-1,25.979000
115,16,418,176,42,125,1,0,18.634001
115,17,446,172,42,129,1,0,18.639999
115,19,552,198,31,89,1,3,20.955000
116,5,221,196,36,99,1,-2,19.180000
116,12,217,200,21,72,1,-4,24.599001
116,13,278,212,19,51,0,-3,29.952999
116,14,285,204,27,66,1,-2,25.889000
116,15,304,210,25,60,1,-1,25.990999
116,16,422,176,43,128,1,0,18.341000
116,17,452,170,40,134,1,0,18.344000
116,19,549,198,36,89,1,3,21.011000
117,5,212,193,41,104,1,-2,19.281000
117,13,274,212,19,51,0,-3,31.683001
117,14,282,206,26,68,1,-2,25.115000
117,15,301,208,28,64,1,-1,26.098000
117,16,422,176,47,132,1,0,18.212000
117,17,454,170,42,136,1,0,18.431999
117,19,549,198,36,89,1,3,21.503000
118,5,208,193,45,104,1,-2,19.295000
118,13,272,211,19,53,0,-3,30.374001
118,14,280,205,24,70,1,-2,24.556000
118,15,299,209,28,64,1,-1,25.457001
118,16,424,178,49,133,1,0,17.965000
118,17,458,171,41,140,1,0,17.961000
118,19,549,197,30,89,1,3,21.750999
119,5,210,194,39,106,1,-2,19.153999
119,13,272,209,17,55,0,-3,31.327999
119,14,280,205,26,70,1,-2,25.091000
119,15,299,209,24,66,1,-1,25.184000
119,16,427,175,48,142,1,0,17.638000
119,17,460,165,47,148,1,0,17.990999
119,19,547,197,34,91,1,3,21.650999
120,5,206,194,40,106,1,-2,19.237000
120,13,265,209,24,55,0,-3,31.434000
120,14,278,205,26,70,1,-2,25.187000
120,15,297,209,26,66,1,-1,25.281000
120,16,431,171,46,146,1,0,17.708000
120,17,465,165,46,150,1,0,17.870001
120,19,547,197,36,89,1,4,22.184000
121,5,196,190,44,113,1,-2,18.857000
121,13,265,209,20,55,0,-3,30.738001
121,14,274,203,30,70,1,-2,25.701000
121,15,295,207,26,66,1,-1,25.788000
121,16,429,167,53,150,1,0,17.716000
121,17,463,161,50,154,1,0,17.868000
121,19,545,197,38,91,1,3,21.504999
122,5,189,190,45,113,1,-2,19.004999
122,13,261,207,21,57,0,-3,31.035999
122,14,272,201,27,74,1,-2,25.110001
122,15,291,205,27,68,1,-1,25.996000
122,16,432,163,49,156,1,0,17.677000
122,17,463,156,55,161,1,0,17.813999
122,19,547,197,36,91,1,3,21.607000
123,5,183,184,44,114,1,-3,19.327000
123,13,259,203,19,55,0,-3,33.681000
123,14,263,197,32,72,1,-2,26.367001
123,15,287,201,29,68,1,-1,26.457001
123,16,435,156,51,166,1,0,17.304001
123,17,471,148,49,169,1,0,17.632999
123,19,547,192,34,91,1,4,22.082001
124,5,176,184,51,121,1,-2,18.927999
124,14,261,201,34,72,1,-2,25.938999
124,15,287,205,27,68,1,-1,26.016001
124,16,435,158,55,168,1,0,17.297001
124,17,477,152,53,174,1,0,17.259001
124,19,547,194,36,89,1,4,22.763000
125,5,176,184,47,123,1,-2,18.615999
125,14,261,201,34,72,1,-2,25.165001
125,15,285,205,29,70,1,-1,24.523001
125,16,437,156,62,178,1,0,16.802000
125,17,482,148,53,182,1,0,16.978001
125,19,549,194,36,89,1,4,22.268000
125,20,210,201,24,74,1,-3,24.299000
126,5,170,184,49,129,1,-2,18.298000
126,14,257,203,34,74,1,-2,24.334999
126,15,282,207,30,70,1,-1,24.386999
126,16,443,156,60,183,1,0,16.712999
126,17,488,146,55,190,1,0,16.815001
126,19,552,197,33,89,1,3,21.929001
126,20,206,197,28,80,1,-3,24.179001
127,5,164,188,48,127,1,-2,18.285000
127,14,253,205,32,74,1,-2,23.954000
127,15,278,207,30,72,1,-1,23.995001
127,16,447,152,59,191,1,0,16.635000
127,17,490,141,59,198,1,0,16.767000
127,19,549,197,34,89,1,3,22.023001
127,20,200,197,29,80,1,-3,24.429001
128,5,157,184,49,135,1,-2,18.169001
128,14,244,201,41,78,1,-2,24.458000
128,15,274,207,30,72,1,-1,24.500000
128,16,448,146,65,197,1,0,16.770000
128,17,490,137,64,202,1,0,16.903000
128,19,549,192,34,96,1,3,21.920000
128,20,198,201,29,76,1,-3,24.983999
129,5,153,184,47,138,1,-2,18.191000
129,14,242,201,38,82,1,-2,23.954000
129,15,270,207,34,74,1,-1,24.580999
129,16,456,141,66,210,1,0,16.576000
129,17,501,135,63,210,1,0,16.767000
129,19,549,197,32,91,1,4,22.323000
129,20,193,203,32,74,1,-4,25.813999
130,5,143,184,50,140,1,-2,17.872999
130,14,238,203,38,83,1,-2,22.267000
130,15,265,207,36,76,1,-1,22.930000
130,16,459,141,85,219,1,0,16.195999
130,17,513,131,72,222,1,0,16.363001
130,19,557,209,21,79,1,3,21.488001
130,20,187,203,36,78,1,-3,23.318001
131,5,136,182,53,144,1,-2,17.920000
131,14,236,203,38,83,1,-2,22.636999
131,15,265,207,32,79,1,-1,22.667000
131,16,467,139,102,233,1,0,15.982000
131,17,509,131,100,233,1,0,16.153999
131,20,183,207,36,76,1,-3,23.214001
132,5,128,182,55,148,1,-2,17.785000
132,14,234,205,36,85,1,-2,21.979000
132,15,263,211,34,77,1,-1,22.385000
132,16,479,139,92,242,1,0,15.837000
132,17,520,131,93,246,1,0,15.880000
132,20,183,207,34,79,1,-3,22.684999
133,5,121,178,53,154,1,-2,17.424999
133,14,229,203,39,85,1,-2,21.195000
133,15,257,207,34,79,1,-1,21.514999
133,16,488,129,87,260,1,0,15.609000
133,17,528,118,93,263,1,0,15.716000
133,20,179,207,36,74,1,-3,22.330999
134,5,111,180,57,156,1,-2,17.438999
134,14,227,203,38,89,1,-2,21.052000
134,15,255,209,34,81,1,-1,21.360001
134,16,501,122,91,276,1,0,15.578000
134,17,549,110,89,277,1,0,15.724000
134,20,176,205,36,81,1,-3,21.923000
135,5,100,173,62,163,1,-2,17.552999
135,14,219,205,40,87,1,-2,21.132999
135,15,249,209,36,81,1,-1,21.441999
135,16,517,112,91,292,1,0,15.574000
135,17,579,99,59,295,1,0,15.687000
135,20,172,203,34,80,1,-3,22.527000
136,5,85,173,64,166,1,-2,17.486000
136,14,217,199,42,91,1,-2,21.462999
136,15,246,207,36,85,1,-1,21.197001
136,16,524,103,100,316,1,0,15.418000
136,17,594,89,44,320,1,0,15.512000
136,20,168,205,34,78,1,-3,22.556999
137,5,79,171,64,170,1,-2,17.525999
137,14,212,199,43,91,1,-2,21.597000
137,15,246,205,34,85,1,-1,21.612000
137,16,548,95,89,358,1,0,15.122000
137,20,166,203,34,80,1,-3,22.712000
137,21,528,203,43,89,1,3,20.971001
138,5,60,167,74,178,1,-2,17.468000
138,14,210,197,41,93,1,-2,21.716999
138,15,240,205,34,87,1,-1,21.452999
138,16,571,89,67,328,1,0,15.629000
138,20,162,205,34,76,1,-3,23.208000
138,21,528,203,38,91,1,2,20.895000
138,22,420,224,13,34,0,4,32.933998
138,23,427,228,14,28,0,5,34.741001
139,5,57,163,70,182,1,-2,17.535999
139,14,203,197,44,93,1,-2,21.669001
139,15,237,201,44,89,1,-1,21.691000
139,20,156,201,41,78,1,-3,23.525000
139,21,532,201,34,91,1,3,21.083000
139,22,415,224,13,32,0,4,33.742001
139,23,427,224,10,30,0,5,35.693001
140,5,56,161,70,188,1,-2,17.531000
140,14,206,197,40,95,1,-2,21.634001
140,15,236,201,34,89,1,-1,21.936001
140,20,162,203,31,74,1,-3,24.325001
140,21,530,199,36,93,1,3,21.288000
140,22,414,222,13,32,0,5,36.757999
140,23,420,222,17,32,0,5,36.773998
141,5,36,151,78,206,1,-2,17.371000
141,14,201,193,40,102,1,-2,21.424000
141,15,228,202,41,93,1,-1,21.438000
141,20,158,202,36,78,1,-3,23.891001
141,21,527,202,40,91,1,3,21.323999
141,22,413,225,12,30,0,5,36.492001
141,23,419,225,15,32,0,4,34.464001
142,5,23,138,76,219,1,-2,17.452000
142,14,194,191,41,106,1,-2,21.172001
142,15,224,200,40,95,1,-1,21.427000
142,20,156,200,36,80,1,-3,23.785999
142,21,531,198,34,95,1,3,21.311001
142,22,409,221,14,34,0,4,35.608002
142,23,415,221,15,36,0,4,33.747002
143,14,186,191,44,104,1,-2,21.351999
143,15,220,193,40,102,1,-1,21.365000
143,20,154,200,32,78,1,-3,24.049999
143,21,525,200,38,89,1,3,21.737000
143,22,411,219,17,36,0,4,34.311001
143,23,402,221,17,30,0,5,38.640999
143,24,252,219,17,38,0,-1,32.514999
143,5,12,132,65,229,1,-2,17.392000
144,5,1,126,53,239,1,-3,17.389999
144,14,180,187,46,108,1,-2,21.445999
144,15,218,191,40,102,1,-1,21.705000
144,20,152,196,34,80,1,-3,24.563999
144,21,527,196,36,93,1,3,21.846001
144,22,409,219,16,32,0,5,38.623001
144,23,402,219,13,32,0,5,38.592999
144,24,252,217,15,38,0,-1,34.009998
145,5,2,107,40,258,1,-3,17.427999
145,14,178,183,46,108,1,-2,21.680000
145,15,211,187,41,104,1,-1,21.694000
145,20,148,193,34,79,1,-3,24.923000
145,21,527,191,36,96,1,3,21.833000
145,22,406,215,15,34,0,5,37.567001
145,23,400,215,13,34,0,5,37.542000
145,24,247,212,17,39,0,-2,34.993999
146,14,175,179,45,112,1,-2,21.681999
146,15,209,185,41,106,1,-1,21.697001
146,20,146,191,36,81,1,-3,24.844000
146,21,525,191,38,96,1,3,21.834999
146,22,406,215,15,34,0,5,36.891998
146,23,398,215,13,31,0,5,40.722000
146,24,250,212,14,39,0,-1,34.483002
147,14,173,182,45,112,1,-2,21.726999
147,15,209,186,43,110,1,-1,21.518999
147,20,148,194,32,81,1,-3,24.809999
147,21,527,194,36,94,1,3,22.146999
147,22,406,216,15,36,0,5,36.407001
147,23,398,218,13,34,0,4,36.382000
147,24,250,214,17,42,0,-1,32.610001
148,14,169,182,47,118,1,-2,21.562000
148,15,207,188,43,112,1,-1,21.584000
148,20,146,197,32,80,1,-3,25.275000
148,21,525,199,40,91,1,3,22.466999
148,22,404,220,15,34,0,5,38.230999
148,23,396,222,15,30,0,5,40.894001
148,24,250,216,17,40,0,-1,35.564999
149,14,167,186,47,119,1,-2,21.378000
149,15,203,192,42,113,1,-1,21.398001
149,20,146,201,32,76,1,-3,25.927000
149,21,527,201,38,93,1,3,22.295000
149,22,402,222,17,34,0,5,38.487000
149,23,394,224,15,32,0,5,38.458000
149,24,250,220,17,38,0,-1,35.783001
150,14,167,186,42,121,1,-2,21.476000
150,15,201,194,42,113,1,-1,21.497999
150,20,146,201,32,80,1,-3,25.520000
150,21,527,201,40,97,1,3,22.093000
150,24,247,222,17,38,0,-1,35.921001
151,14,161,186,48,123,1,-2,21.502001
151,15,201,192,40,117,1,-1,21.523001
151,20,146,201,29,82,1,-3,25.431999
151,21,527,201,40,95,1,3,22.605000
151,24,247,224,20,38,0,-1,35.298000
152,14,156,186,51,125,1,-2,21.628000
152,15,194,192,47,119,1,-1,21.653999
152,20,144,205,29,78,1,-3,26.101000
152,21,527,203,40,95,1,3,22.753000
152,24,247,224,20,40,0,-1,35.706001
153,14,146,186,55,129,1,-2,21.605000
153,15,192,190,47,125,1,-1,21.629999
153,21,525,203,40,97,1,3,22.841000
153,24,247,226,17,43,0,-1,33.623001
154,14,135,182,66,140,1,-2,21.110001
154,15,188,192,49,130,1,-1,21.132000
154,21,529,205,36,98,1,3,22.500000
154,24,247,230,17,39,0,-1,33.811001
155,14,135,182,62,140,1,-2,20.900999
155,15,184,192,49,127,1,-1,21.146000
155,21,529,205,36,98,1,3,22.209000
155,24,247,228,17,41,0,-1,31.316999
156,14,125,182,67,142,1,-2,20.691999
156,15,178,192,52,132,1,-1,20.715000
156,21,527,205,38,98,1,2,22.007000
156,24,247,226,17,41,0,-1,30.987000
157,14,118,178,68,150,1,-2,20.489000
157,15,173,188,55,140,1,-1,20.513000
157,21,531,203,34,100,1,2,21.976999
157,24,247,226,20,43,0,-1,29.419001
158,14,116,180,66,148,1,-2,20.570999
158,15,167,186,55,140,1,-2,20.707001
158,21,529,205,38,98,1,2,22.038000
158,24,245,226,19,41,0,-1,30.232000
159,14,108,173,67,157,1,-2,20.634001
159,15,161,184,59,144,1,-2,20.771000
159,21,531,205,36,98,1,2,22.247999
159,24,245,224,22,45,0,-1,30.039000
160,14,101,169,70,163,1,-2,20.573999
160,15,156,178,60,152,1,-2,20.702999
160,21,536,201,34,99,1,3,22.530001
160,24,247,224,20,45,0,-1,29.715000
161,14,97,169,68,165,1,-2,20.542000
161,15,154,175,57,159,1,-2,20.569000
161,21,540,201,27,99,1,3,22.599001
161,24,250,226,17,41,0,-1,30.544001
162,14,94,167,68,169,1,-2,20.379000
162,15,147,175,63,164,1,-2,20.275999
162,21,529,197,41,101,1,2,22.548000
162,24,249,224,19,43,0,-1,29.098000
163,14,83,163,70,180,1,-2,20.172001
163,15,140,175,66,166,1,-2,20.275999
163,21,530,197,41,103,1,2,22.403000
163,24,251,222,17,45,0,-1,28.988001
164,14,77,161,70,184,1,-2,20.311001
164,15,136,173,66,174,1,-2,20.264000
164,21,528,201,45,99,1,2,22.770000
164,24,249,222,21,45,0,-1,30.194000
165,14,70,161,73,190,1,-2,20.278999
165,15,134,171,64,182,1,-2,20.239000
165,21,532,201,39,97,1,3,23.318001
165,24,251,224,19,45,0,-1,30.459999
166,14,64,156,74,195,1,-2,20.340000
166,15,128,167,65,186,1,-2,20.302000
166,21,532,199,41,99,1,3,23.311001
166,24,251,222,17,42,0,-1,32.439999
167,14,48,152,81,204,1,-2,20.230000
167,15,121,161,68,195,1,-2,20.268999
167,21,530,201,39,95,1,3,23.663000
167,24,249,222,21,42,0,-1,32.499001
168,14,39,144,84,212,1,-2,20.361000
168,15,115,156,68,202,1,-2,20.341999
168,21,532,199,41,99,1,3,23.655001
168,24,251,220,19,44,0,-1,33.000999
169,14,33,144,85,218,1,-2,20.274000
169,15,103,154,77,210,1,-2,20.257999
169,21,538,199,40,104,1,3,23.171000
169,24,250,222,21,42,0,-1,33.098999
170,14,14,137,94,235,1,-2,20.091000
170,15,91,152,80,223,1,-2,20.059999
170,21,538,197,38,106,1,3,23.351000
170,24,252,220,21,44,0,-1,33.681000
171,15,72,148,95,229,1,-2,20.094000
171,21,536,199,40,101,1,3,23.839001
171,24,254,220,19,47,0,-1,32.430000
171,14,11,133,87,242,1,-2,20.100000
172,15,65,144,93,245,1,-2,19.891001
172,21,536,199,40,101,1,3,23.681999
172,24,252,220,21,47,0,-1,31.261999
172,25,141,199,39,84,1,-3,26.500999
172,14,8,129,81,248,1,-2,20.111000
173,15,58,138,91,261,1,-2,19.789000
173,21,535,198,40,103,1,3,23.726000
173,24,253,219,21,46,0,-1,32.493000
173,25,149,200,30,85,1,-3,26.295000
173,26,126,187,38,119,1,-2,23.566000
173,14,6,125,74,255,1,-2,20.129999
174,14,3,121,67,261,1,-2,20.188999
174,15,47,138,89,269,1,-2,19.759001
174,21,537,198,40,103,1,3,23.756001
174,24,253,221,21,44,0,-1,32.188999
174,25,149,200,30,82,1,-3,26.822001
174,26,119,183,40,123,1,-2,23.606001
175,14,1,113,61,267,1,-2,20.302000
175,15,36,126,93,286,1,-2,19.753000
175,21,537,198,38,103,1,3,23.806000
175,24,253,221,23,44,0,-1,32.084999
175,25,149,200,30,85,1,-3,26.275999
175,26,117,181,42,125,1,-2,23.650999
176,14,1,132,46,261,1,-2,20.139999
176,15,21,115,91,301,1,-2,19.790001
176,21,535,198,42,103,1,3,23.962000
176,24,253,219,23,49,0,-1,31.031000
176,25,147,202,32,80,1,-3,26.962000
176,26,113,181,44,125,1,-2,23.764000
177,15,3,107,106,334,1,-2,19.604000
177,21,539,200,40,101,1,3,24.237000
177,24,255,217,21,48,0,-1,33.382999
177,25,147,200,32,82,1,-3,27.473000
177,26,113,179,44,127,1,-2,24.055000
178,15,3,98,89,365,1,-2,19.472000
178,21,539,198,42,106,1,3,24.072001
178,24,255,217,21,51,0,-1,32.319000
178,25,147,202,32,80,1,-3,27.705999
178,26,109,174,48,136,1,-2,23.846001
179,21,545,200,40,104,1,3,24.299000
179,24,257,219,23,51,0,-1,32.233002
179,25,147,202,34,80,1,-3,28.139999
179,26,109,176,50,136,1,-2,23.879999
179,15,2,95,76,361,1,-2,19.621000
180,15,0,92,63,356,1,-2,19.841000
180,21,545,200,45,104,1,3,24.631001
180,24,261,221,21,49,0,-1,33.502998
180,25,147,204,34,85,1,-3,27.292999
180,26,109,176,48,140,1,-2,23.865999
181,15,1,107,40,349,1,-2,19.844000
181,21,553,197,36,103,1,3,24.958000
181,24,267,220,19,49,0,-1,33.070000
181,25,150,205,32,78,1,-3,28.246000
181,26,105,175,49,140,1,-2,23.893999
181,27,205,224,17,38,0,-3,37.237000
181,28,220,224,19,40,0,-2,35.835999
182,21,555,199,34,104,1,3,24.688999
182,24,264,222,19,47,0,-1,32.987999
182,25,148,207,34,79,1,-3,27.631001
182,26,98,180,51,139,1,-2,23.665001
182,28,218,224,19,43,0,-2,33.910000
183,21,553,199,38,104,1,3,24.622999
183,24,264,222,19,47,0,-1,32.333000
183,25,150,205,32,81,1,-3,27.410999
183,26,97,178,51,144,1,-2,23.448000
183,28,218,222,19,45,0,-2,33.167000
184,21,550,197,45,106,1,3,24.777000
184,24,267,220,19,49,0,-1,32.694000
184,25,150,207,32,79,1,-3,27.639000
184,26,91,173,53,149,1,-2,23.594000
184,28,218,224,19,43,0,-2,33.567001
185,21,548,199,49,106,1,3,24.739000
185,24,269,220,19,49,0,-1,33.006001
185,25,152,205,34,81,1,-3,27.834999
185,26,79,173,61,151,1,-3,23.594000
185,28,218,224,23,45,0,-2,32.944000
186,21,554,199,48,104,1,3,24.934999
186,24,268,218,21,53,0,-1,31.795000
186,25,151,205,34,78,1,-3,28.313000
186,26,79,173,57,153,1,-2,23.518999
186,28,221,224,19,43,0,-2,33.426998
187,21,558,203,49,102,1,3,24.886000
187,24,270,220,23,51,0,-1,32.158001
187,25,151,207,36,79,1,-3,27.943001
187,26,75,169,59,157,1,-3,23.641001
187,28,221,224,19,45,0,-2,32.926998
187,29,208,222,19,42,0,-3,35.460999
188,21,561,199,47,108,1,3,24.865000
188,24,272,220,21,51,0,-1,32.637001
188,25,155,205,34,81,1,-3,28.245001
188,26,70,169,60,163,1,-3,23.464001
188,28,221,224,19,43,0,-2,34.451000
188,29,210,224,15,40,0,-3,36.172001
189,21,566,197,45,106,1,3,25.136999
189,24,272,220,23,51,0,-1,31.695999
189,25,157,203,32,80,1,-3,28.393000
189,26,70,163,56,171,1,-2,23.330000
189,28,221,218,19,49,0,-2,33.219002
189,29,210,222,17,42,0,-3,34.647999
190,21,564,192,45,111,1,2,25.000000
190,24,274,216,21,53,0,-1,31.521999
190,25,155,201,34,80,1,-3,28.357000
190,26,64,161,57,175,1,-2,23.226000
190,28,221,218,17,46,0,-2,33.417000
190,29,212,220,15,40,0,-3,35.429001
191,21,564,192,43,111,1,2,24.947001
191,24,274,214,23,55,0,-1,31.062000
191,25,155,201,34,78,1,-3,28.509001
191,26,58,158,61,178,1,-2,23.236000
191,28,223,218,19,46,0,-2,32.798000
191,29,212,218,17,42,0,-3,34.609001
192,21,569,190,40,108,1,3,25.201000
192,24,278,209,19,55,0,-1,31.540001
192,25,155,194,36,83,1,-3,28.267000
192,26,49,152,64,182,1,-2,23.264000
192,28,223,214,17,44,0,-2,33.820000
192,29,212,216,17,40,0,-3,34.779999
193,21,571,194,40,111,1,2,25.037001
193,24,278,214,21,55,0,-1,31.278000
193,25,153,199,36,80,1,-3,28.695000
193,26,49,152,60,189,1,-2,23.242001
193,28,221,216,19,48,0,-2,32.971001
193,29,212,218,17,42,0,-3,34.762001
194,21,573,194,40,109,1,2,25.285000
194,24,278,211,23,58,0,-1,31.188000
194,25,155,199,36,78,1,-3,29.061001
194,26,39,146,68,195,1,-3,23.316999
194,28,223,216,17,51,0,-2,31.743000
194,29,210,216,17,46,0,-3,33.597000
195,21,573,197,42,110,1,2,25.287001
195,24,280,214,24,57,0,-1,31.566999
195,25,155,199,36,82,1,-3,28.915001
195,26,34,144,68,201,1,-3,23.351999
195,28,221,216,21,51,0,-2,32.853001
195,29,210,218,19,44,0,-3,35.042000
196,21,575,197,42,114,1,2,25.145000
196,24,280,214,24,57,0,-1,31.914000
196,25,155,201,36,78,1,-3,29.569000
196,26,22,137,74,212,1,-3,23.325001
196,28,225,220,19,44,0,-2,34.554001
196,29,210,220,22,42,0,-3,35.525002
197,21,581,199,40,110,1,2,25.445000
197,24,278,214,28,59,1,-1,31.429001
197,25,155,201,38,80,1,-3,29.246000
197,26,15,135,75,218,1,-3,23.285999
197,28,223,216,21,53,0,-2,32.597000
197,29,212,220,17,42,0,-3,35.622002
198,21,581,199,43,110,1,3,25.766001
198,24,278,216,26,59,1,-1,31.716000
198,25,157,203,34,80,1,-3,29.469000
198,26,1,135,80,225,1,-3,23.250000
198,28,221,218,23,51,0,-2,33.688999
198,29,210,218,19,44,0,-3,37.236000
199,21,581,199,40,110,1,3,25.952999
199,24,278,218,26,57,0,-1,32.255001
199,25,157,205,34,81,1,-3,29.273001
199,26,1,135,72,231,1,-3,23.214001
199,28,223,220,21,49,0,-2,34.418999
199,29,210,220,19,47,0,-3,35.321999
200,21,581,199,43,112,1,2,25.841999
200,24,276,218,30,61,1,-1,31.082001
200,25,157,209,34,79,1,-3,29.004999
200,26,1,131,59,239,1,-3,23.252001
200,28,221,222,23,51,0,-2,32.820000
200,29,210,224,19,47,0,-3,33.528000
201,21,583,199,43,112,1,2,25.712999
201,24,278,218,26,59,1,-1,31.038000
201,25,159,207,34,81,1,-3,28.683001
201,28,221,220,21,53,0,-2,32.101002
201,29,212,224,17,45,0,-3,33.449001
201,26,1,141,51,233,1,-2,23.166000
202,21,585,199,43,114,1,2,25.641001
202,24,276,218,28,63,1,-1,29.923000
202,25,159,205,34,83,1,-3,28.542999
202,26,1,150,42,227,1,-2,23.174000
202,28,221,220,23,53,0,-2,31.761000
202,29,210,224,17,47,0,-2,32.326000
203,21,583,199,47,114,1,2,25.738001
203,24,276,218,28,63,1,-1,29.976999
203,25,159,203,32,83,1,-3,28.885000
203,28,221,220,23,53,0,-2,31.783001
203,29,210,224,19,45,0,-3,32.993000
204,21,579,201,51,114,1,2,25.834999
204,24,274,218,30,63,1,-1,30.533001
204,25,159,205,37,83,1,-3,29.032000
204,28,223,220,21,53,0,-2,32.537998
204,29,208,224,19,45,0,-3,33.886002
205,21,583,199,49,116,1,2,25.749001
205,24,274,218,30,63,1,-1,29.966999
205,25,159,201,34,85,1,-3,28.931000
205,28,223,218,21,53,0,-2,32.243000
205,29,208,218,19,51,0,-3,32.814999
206,21,588,203,50,116,1,2,25.612000
206,24,278,216,26,65,1,-1,30.084999
206,25,159,205,34,81,1,-3,29.025999
206,28,223,220,19,53,0,-2,31.785999
206,29,210,222,17,45,0,-3,33.597000
207,21,590,199,48,118,1,2,25.849001
207,24,276,214,25,65,1,-1,30.649000
207,25,159,205,37,81,1,-3,29.173000
207,28,221,216,25,57,0,-2,31.976999
207,29,212,220,15,47,0,-3,33.825001
208,21,594,196,44,122,1,2,26.004000
208,24,276,214,28,67,1,-1,30.766001
208,25,159,203,34,83,1,-3,29.628000
208,28,225,211,19,62,1,-2,32.674999
208,29,210,220,22,49,0,-3,33.959000
209,21,596,193,42,121,1,2,26.341000
209,24,272,212,32,70,1,-1,30.566000
209,25,157,202,39,85,1,-3,29.492001
209,28,221,215,25,59,1,-2,32.362000
209,29,210,217,19,53,0,-3,33.556000
210,21,596,193,42,121,1,2,26.520000
210,24,276,212,30,70,1,-1,30.903999
210,25,159,202,37,83,1,-3,30.132999
210,28,225,212,21,62,1,-2,32.797001
210,29,210,219,19,49,0,-3,34.824001
211,21,594,191,44,123,1,2,26.559000
211,24,272,210,32,70,1,-1,31.200001
211,25,157,198,41,87,1,-3,30.056999
211,28,223,212,23,62,1,-2,32.588001
211,29,210,217,19,51,0,-3,34.500000
212,21,594,193,44,121,1,2,26.649000
212,24,272,210,32,72,1,-1,30.855000
212,25,159,200,37,85,1,-3,30.136000
212,28,223,215,26,59,1,-2,32.648998
212,29,208,217,21,51,0,-3,34.540001
213,21,596,191,42,123,1,2,26.677999
213,24,268,210,33,72,1,-1,30.809999
213,25,157,200,39,85,1,-3,30.125000
213,28,219,210,32,64,1,-2,32.561001
213,29,208,217,21,53,0,-3,33.708000
214,21,596,191,42,123,1,2,26.617001
214,24,270,206,29,74,1,-1,30.725000
214,25,158,198,37,84,1,-3,30.233999
214,28,221,208,23,66,1,-2,31.903000
214,29,208,210,19,55,0,-3,34.473999
215,21,602,193,36,125,1,2,26.614000
215,24,268,208,31,77,1,-1,30.403000
215,25,162,202,36,80,1,-3,30.789000
215,28,221,210,23,66,1,-2,32.139000
215,29,204,215,21,53,0,-3,34.410000
216,21,602,193,36,123,1,2,26.837999
216,24,265,208,34,77,1,-1,30.521999
216,25,164,202,34,85,1,-3,30.090000
216,28,215,212,27,66,1,-2,31.808001
216,29,206,215,21,53,0,-3,34.560001
217,21,600,191,38,123,1,2,27.076000
217,24,263,208,32,79,1,-1,30.299000
217,25,164,202,34,83,1,-3,30.504000
217,28,219,212,25,66,1,-2,31.913000
217,29,206,217,19,51,0,-3,34.660000
218,21,605,193,33,125,1,2,26.957001
218,24,261,208,34,79,1,-1,30.548000
218,25,162,202,36,85,1,-3,30.438000
218,28,219,212,23,68,1,-2,31.787001
218,29,204,219,19,51,0,-3,34.394001
219,21,602,191,36,125,1,2,27.245001
219,24,261,208,36,79,1,-1,30.778999
219,25,162,200,38,87,1,-3,30.666000
219,28,217,210,25,70,1,-2,32.051998
219,29,202,212,21,56,0,-3,35.479000
220,21,605,189,33,129,1,2,27.275000
220,24,261,208,38,79,1,-1,31.047001
220,25,162,200,40,85,1,-3,31.270000
220,28,215,208,27,72,1,-2,32.363998
220,29,202,215,19,53,0,-3,35.962002
221,21,602,191,36,125,1,2,27.459999
221,24,263,206,32,81,1,-1,31.028999
221,25,162,202,38,83,1,-3,31.252001
221,28,215,206,25,74,1,-2,32.314999
221,29,202,212,17,58,0,-3,35.054001
222,21,598,193,40,125,1,2,27.443001
222,24,261,206,36,83,1,-1,30.851000
222,25,164,202,36,83,1,-3,31.410000
222,28,210,208,30,74,1,-2,32.053001
222,29,202,215,17,53,0,-3,36.021999
223,21,594,191,44,123,1,2,27.834999
223,24,261,204,36,85,1,-1,30.914000
223,25,164,200,36,85,1,-3,31.447001
223,28,210,210,30,72,1,-2,32.092999
223,29,202,215,17,53,0,-3,36.006001
223,30,229,212,20,60,1,-2,34.660000
224,21,594,191,44,125,1,2,27.704000
224,24,259,200,40,89,1,-1,30.825001
224,25,162,198,38,84,1,-3,31.882999
224,28,210,206,28,76,1,-2,31.955000
224,29,200,212,19,56,0,-3,35.641998
224,30,227,212,17,58,0,-2,35.001999
225,21,602,193,36,125,1,2,27.830000
225,24,259,202,42,89,1,-1,31.044001
225,25,162,198,38,87,1,-3,31.941000
225,28,210,208,28,77,1,-2,32.013000
225,29,202,215,17,55,0,-3,36.025002
225,30,227,210,19,62,1,-2,35.358002
226,21,601,189,38,127,1,2,27.995001
226,24,260,200,38,89,1,-1,31.252001
226,25,165,198,36,84,1,-3,32.366001
226,28,207,206,32,76,1,-2,32.442001
226,29,201,212,17,56,0,-3,36.407001
226,30,228,210,19,58,0,-2,36.484001
227,21,608,189,31,129,1,2,27.958000
227,24,264,202,34,91,1,-1,30.790001
227,25,169,200,32,85,1,-3,31.938000
227,28,205,210,34,75,1,-2,31.999001
227,29,199,212,19,58,0,-3,35.807999
227,30,230,217,17,55,0,-2,35.191002
228,21,614,187,25,134,1,2,27.774000
228,24,264,204,36,89,1,-1,30.656000
228,25,167,200,34,85,1,-3,31.730000
228,28,203,202,34,80,1,-2,32.327000
228,29,201,210,17,60,1,-3,35.303001
228,30,228,212,19,60,1,-2,34.737000
229,21,612,187,27,134,1,2,27.944000
229,24,271,202,29,91,1,-1,30.813000
229,25,169,202,34,83,1,-3,31.874001
229,28,203,204,34,81,1,-2,31.934999
229,30,226,210,21,60,1,-2,35.541000
230,21,614,187,25,134,1,2,28.091000
230,24,273,198,32,95,1,-1,30.955000
230,25,173,198,34,87,1,-3,32.011002
230,28,203,204,32,81,1,-2,32.069000
230,30,228,210,22,60,1,-2,35.710999
231,21,618,191,21,134,1,2,28.004999
231,24,275,196,32,99,1,-1,30.903000
231,25,173,198,34,87,1,-3,32.243999
231,28,203,204,32,83,1,-2,31.965000
231,30,230,210,20,62,1,-2,35.428001
232,21,616,191,23,127,1,2,28.649000
232,24,275,196,34,101,1,-1,30.941999
232,25,173,198,38,89,1,-3,32.249001
232,28,201,204,34,83,1,-2,32.306999
232,30,228,210,22,64,1,-2,35.356998
233,21,623,191,16,130,1,2,28.604000
233,24,279,200,38,99,1,-1,30.902000
233,25,178,198,33,87,1,-3,32.855000
233,28,201,204,34,85,1,-2,32.200001
233,30,230,210,22,62,1,-2,36.367001
234,24,279,198,45,101,1,-1,30.910000
234,25,178,200,31,85,1,-3,32.783001
234,28,201,200,34,89,1,-2,32.157001
234,30,233,208,19,66,1,-2,35.521999
235,24,283,196,39,105,1,-1,30.778000
235,25,180,198,31,87,1,-3,32.862000
235,28,199,200,34,89,1,-2,32.233002
235,30,230,210,20,64,1,-2,35.587002
236,24,281,193,45,111,1,-1,30.525999
236,25,180,198,29,87,1,-3,32.879002
236,28,197,196,36,93,1,-2,32.262001
236,30,228,210,24,62,1,-2,36.160999
237,24,286,193,40,113,1,-1,30.580999
237,25,180,200,29,87,1,-3,32.896999
237,28,194,200,36,91,1,-2,32.285000
237,30,230,210,22,64,1,-2,36.103001
238,24,290,193,44,113,1,-1,30.718000
238,25,186,200,21,87,1,-3,33.048000
238,28,194,198,36,99,1,-2,31.593000
238,30,230,212,20,62,1,-2,36.276001
239,24,294,193,47,113,1,-1,30.993000
239,25,184,200,27,89,1,-3,33.116001
239,28,192,202,38,97,1,-2,31.653000
239,30,230,212,22,64,1,-2,36.374001
240,24,296,196,49,118,1,-1,30.784000
240,28,188,202,42,102,1,-2,31.709999
240,30,233,215,19,65,1,-3,36.648998
241,24,303,193,50,121,1,-1,30.871000
241,28,190,198,43,106,1,-2,31.783001
241,30,235,212,19,70,1,-2,36.036999
241,31,247,215,15,61,1,-3,38.147999
242,24,303,193,55,125,1,-1,30.634001
242,28,188,196,45,110,1,-2,31.663000
242,30,233,215,21,65,1,-3,36.790001
242,31,245,215,19,63,1,-2,37.523998
243,24,306,193,53,130,1,-1,30.346001
243,28,187,196,47,112,1,-2,31.548000
243,30,234,215,23,65,1,-3,36.949001
243,31,246,212,22,66,1,-2,37.694000
244,24,310,189,57,134,1,-1,30.309000
244,28,189,196,45,112,1,-2,31.434000
244,30,234,212,27,70,1,-3,35.832001
244,31,246,212,24,66,1,-2,37.060001
245,24,314,189,60,136,1,-1,30.211000
245,28,185,193,49,121,1,-2,30.875999
245,30,236,212,25,68,1,-3,36.188000
245,31,253,215,17,63,1,-2,36.827000
246,24,331,185,55,144,1,-1,30.197001
246,28,189,193,49,123,1,-2,30.927000
246,30,242,212,28,70,1,-3,35.929001
246,31,257,215,21,63,1,-2,37.118000
246,32,219,204,27,93,1,-2,32.987999
247,24,346,181,64,154,1,-1,29.878000
247,28,193,187,53,129,1,-2,30.825001
247,30,268,212,23,66,1,-2,36.282001
247,31,251,212,29,68,1,-3,35.721001
247,32,225,202,34,87,1,-3,33.841000
248,24,346,181,66,154,1,-1,29.951000
248,28,193,187,56,131,1,-2,30.760000
248,30,270,210,23,68,1,-2,36.445000
248,31,253,210,29,72,1,-3,35.402000
248,32,227,200,34,87,1,-3,34.306999
249,24,354,179,68,161,1,0,29.848000
249,28,196,187,50,134,1,-2,30.698999
249,30,272,210,23,68,1,-2,36.773998
249,31,257,210,25,70,1,-3,36.178001
249,32,232,200,31,91,1,-3,33.867001
250,24,361,174,68,170,1,-1,29.693001
250,28,191,187,55,138,1,-2,30.409000
250,30,276,208,23,70,1,-2,36.168999
250,31,259,210,26,70,1,-3,35.638000
250,32,229,200,39,76,1,-3,36.521000
251,24,367,172,68,174,1,0,29.663000
251,28,189,183,57,142,1,-2,30.443001
251,30,276,206,25,72,1,-2,36.132000
251,31,259,210,28,72,1,-3,35.186001
251,32,234,200,36,89,1,-3,33.876999
252,24,371,168,75,180,1,0,29.648001
252,28,189,181,60,146,1,-2,30.368000
252,30,282,208,24,70,1,-2,35.948002
252,31,263,208,26,72,1,-3,35.445999
252,32,234,200,40,89,1,-3,33.791000
253,24,382,162,78,186,1,0,29.686001
253,28,193,174,60,155,1,-2,30.240000
253,30,289,206,23,70,1,-2,35.945000
253,31,270,206,25,72,1,-3,35.445999
253,32,244,198,38,89,1,-3,33.826000
254,24,397,157,80,200,1,0,29.511000
254,28,196,170,61,161,1,-2,30.249001
254,30,295,208,26,68,1,-2,36.073002
254,31,280,206,19,72,1,-3,35.567001
254,32,251,198,36,89,1,-3,33.938000
255,24,412,153,80,208,1,0,29.421000
255,28,202,166,63,167,1,-2,30.113001
255,30,289,204,21,72,1,-3,35.384998
255,31,306,204,23,70,1,-2,35.863998
255,32,259,193,40,92,1,-3,33.839001
256,24,420,147,89,218,1,0,29.337999
256,28,206,164,62,174,1,-2,29.893000
256,30,297,206,17,70,1,-3,34.969002
256,31,314,202,26,72,1,-2,35.416000
256,32,268,193,38,89,1,-3,33.966999
257,24,431,138,95,240,1,0,29.141001
257,28,200,162,68,180,1,-2,29.823999
257,30,297,200,19,72,1,-3,35.636002
257,31,316,200,24,72,1,-2,35.729000
257,32,268,191,42,91,1,-3,33.943001
258,24,441,136,100,244,1,0,29.146000
258,28,196,155,69,189,1,-2,29.740999
258,31,318,198,22,72,1,-2,35.384998
258,32,278,189,34,89,1,-3,34.020000
259,24,448,128,110,258,1,0,29.132000
259,28,189,147,74,199,1,-2,29.770000
259,31,316,198,24,70,1,-2,35.655998
259,32,274,189,42,91,1,-3,33.751999
260,24,458,123,113,270,1,0,29.083000
260,28,185,143,76,209,1,-2,29.673000
260,31,314,198,26,72,1,-2,35.271999
260,32,278,193,40,89,1,-3,33.543999
261,24,477,119,113,282,1,0,29.037001
261,28,174,140,81,217,1,-2,29.586000
261,31,314,202,26,72,1,-2,34.285999
261,32,280,193,38,92,1,-2,33.014999
262,24,490,115,131,309,1,0,28.886000
262,28,159,140,90,234,1,-2,29.392000
262,31,312,206,30,74,1,-2,34.175999
262,32,278,200,43,89,1,-2,33.132999
263,24,505,109,133,330,1,0,28.882999
263,28,143,138,95,248,1,-2,29.385000
263,31,310,204,25,76,1,-2,35.091000
263,32,278,198,40,91,1,-2,33.858002
264,24,518,104,120,356,1,0,28.833000
264,28,134,138,100,263,1,-2,29.344000
264,31,310,206,23,79,1,-2,35.490002
264,32,278,198,43,93,1,-3,34.554001
265,24,534,96,103,352,1,0,29.087999
265,28,119,132,100,280,1,-2,29.298000
265,31,308,208,23,79,1,-2,35.972000
265,32,278,200,45,93,1,-3,34.958000
266,24,560,87,78,359,1,0,29.243000
266,28,100,123,115,299,1,-2,29.294001
266,31,306,212,23,75,1,-3,36.640999
266,32,278,204,43,91,1,-3,35.216999
267,28,75,117,127,314,1,-2,29.333000
267,31,306,215,19,74,1,-3,37.066002
267,32,282,204,39,95,1,-3,35.290001
267,33,598,130,40,343,1,0,29.115999
268,28,62,100,127,339,1,-2,29.316999
268,31,304,212,21,79,1,-3,36.646999
268,32,282,208,39,91,1,-3,35.305000
268,34,270,212,23,79,1,-3,36.511002
269,28,32,85,138,386,1,-2,29.106001
269,32,276,208,40,93,1,-3,35.393002
269,34,265,215,22,76,1,-3,36.950001
270,28,1,73,144,405,1,-2,29.139999
270,32,270,206,40,93,1,-3,35.949001
270,34,253,210,27,81,1,-3,37.269001
271,32,263,204,45,93,1,-3,36.264000
271,34,246,210,28,79,1,-3,37.661999
271,28,1,62,114,416,1,-2,29.275000
272,28,1,51,84,427,1,-3,29.341000
272,32,259,200,47,99,1,-2,35.674999
272,34,240,208,28,81,1,-3,37.214001
273,32,257,198,42,97,1,-3,36.047001
273,34,238,206,25,81,1,-3,37.296001
274,32,257,198,47,97,1,-2,36.175999
274,34,236,208,29,79,1,-3,37.426998
275,32,257,200,47,95,1,-2,36.069000
275,34,232,204,31,83,1,-3,37.251999
276,32,261,196,45,99,1,-2,36.139000
276,34,232,204,31,83,1,-3,37.301998
277,32,261,196,43,99,1,-2,36.321999
277,34,229,206,26,83,1,-3,37.145000
277,35,255,200,30,87,1,-3,37.574001
278,32,257,191,44,104,1,-2,36.176998
278,34,221,202,30,85,1,-3,37.270000
278,35,246,202,28,83,1,-3,37.682999
279,32,251,189,44,102,1,-2,36.668999
279,34,212,202,34,83,1,-3,37.523998
279,35,238,202,32,83,1,-3,37.578999
280,32,246,193,45,100,1,-2,36.696999
280,34,206,202,32,85,1,-3,37.537998
280,35,232,200,31,87,1,-3,37.591000
281,32,240,193,42,100,1,-2,36.594002
281,34,196,200,31,85,1,-3,37.721001
281,35,223,198,30,87,1,-3,37.770000
282,32,234,193,42,102,1,-2,36.713001
282,34,189,200,32,87,1,-3,37.848000
282,35,217,198,29,89,1,-3,37.891998
283,32,229,193,43,104,1,-2,36.719002
283,34,183,202,32,85,1,-3,38.160999
283,35,210,198,30,91,1,-3,37.855999
284,32,223,198,45,101,1,-2,36.792999
284,34,176,200,32,89,1,-3,38.207001
284,35,202,200,32,91,1,-3,37.909000
285,32,219,193,44,106,1,-2,36.770000
285,34,170,202,34,87,1,-3,38.147999
285,35,200,198,29,91,1,-3,38.191002
286,32,217,193,46,104,1,-2,37.208000
286,34,168,200,36,89,1,-3,38.341999
286,35,193,198,36,93,1,-3,38.050999
287,32,217,191,48,104,1,-2,37.566002
287,34,166,198,36,91,1,-3,38.417000
287,35,196,196,33,93,1,-3,38.467999
288,32,217,187,48,106,1,-2,37.578999
288,34,164,193,34,96,1,-3,38.076000
288,35,196,191,33,96,1,-3,38.451000
289,32,219,193,46,104,1,-2,37.493000
289,34,166,196,32,95,1,-3,38.277000
289,35,193,193,34,98,1,-3,38.323002
290,32,217,191,48,106,1,-2,37.445999
290,34,162,191,36,100,1,-3,38.210999
290,35,196,191,31,100,1,-3,38.251999
291,32,217,193,48,108,1,-2,37.353001
291,34,155,198,34,95,1,-3,38.362000
291,35,193,196,32,97,1,-3,38.410999
291,36,321,221,21,51,0,0,43.717999
291,37,335,238,19,32,0,0,44.571999
291,38,310,238,13,27,0,-1,47.242001
292,32,219,193,44,106,1,-2,37.634998
292,34,155,198,30,95,1,-3,38.374001
292,35,191,193,32,100,1,-3,38.424999
292,36,318,223,22,45,0,0,45.353001
292,37,333,236,17,29,0,0,47.006001
292,38,308,238,15,30,0,-1,45.344002
293,32,212,191,51,108,1,-2,37.646999
293,34,147,193,38,104,1,-3,37.823002
293,35,185,193,34,102,1,-3,38.137001
293,36,318,221,20,47,0,0,45.234001
293,37,335,240,13,30,0,0,44.327999
293,38,304,238,17,25,0,-1,48.087002
294,32,215,189,48,110,1,-2,38.125999
294,34,143,198,38,95,1,-4,38.914001
294,35,185,191,34,104,1,-3,38.660999
294,36,314,217,24,51,0,0,46.764000
294,37,331,232,17,36,0,0,46.772999
294,38,304,234,14,29,0,0,50.217999
294,39,304,217,21,46,0,0,50.224998
295,32,215,187,50,110,1,-2,38.209999
295,34,139,191,41,102,1,-4,38.675999
295,35,183,191,36,104,1,-3,38.445999
295,36,314,215,21,50,0,0,47.346001
295,37,333,232,15,33,0,0,47.363998
295,38,299,232,19,29,0,-1,50.146000
295,39,304,215,21,48,0,0,48.639000
295,40,54,187,40,108,1,-5,38.209999
296,32,218,187,49,110,1,-2,38.215000
296,34,139,191,39,102,1,-4,38.660999
296,35,186,189,32,106,1,-3,38.443001
296,36,315,215,21,50,0,0,46.969002
296,37,334,234,15,31,0,0,46.987000
296,38,300,238,19,25,0,-1,48.173000
296,39,305,217,19,46,0,0,48.182999
296,40,50,187,43,110,1,-5,37.946999
297,32,218,189,46,108,1,-2,38.278000
297,34,139,191,36,104,1,-4,38.438999
297,35,180,189,38,108,1,-3,38.238998
297,36,313,217,23,48,0,0,46.868999
297,37,332,229,19,36,0,0,46.889000
297,38,298,234,21,29,0,-1,48.040001
297,39,303,215,21,48,0,-1,48.049999
297,40,52,183,41,118,1,-5,37.554001
298,32,218,187,46,114,1,-2,37.881001
298,34,137,191,38,102,1,-4,38.784000
298,35,184,189,34,108,1,-3,38.317001
298,36,313,219,21,49,0,0,45.422001
298,37,332,232,19,33,0,0,46.970001
298,38,300,234,17,29,0,-1,48.105999
298,39,303,217,19,48,0,-1,46.922001
298,40,45,181,47,120,1,-5,37.615002
299,32,216,193,48,106,1,-2,38.117001
299,34,141,193,30,102,1,-4,38.499001
299,35,182,187,32,110,1,-3,38.312000
299,36,313,219,23,49,0,0,45.112999
299,37,334,236,15,32,0,0,45.132999
299,38,298,234,17,31,0,-1,46.507999
299,39,303,217,19,46,0,-1,47.634998
299,40,48,181,49,120,1,-5,37.639000
300,32,218,189,46,110,1,-2,37.943001
300,34,137,193,32,102,1,-3,38.287998
300,35,180,187,34,110,1,-3,38.119999
300,36,313,219,23,49,0,0,44.199001
300,37,332,232,19,36,0,0,44.216999
300,38,298,232,17,31,0,-1,46.334999
300,39,303,215,21,48,0,-1,46.349998
300,40,42,176,61,128,1,-4,37.217999
300,41,129,189,23,104,1,-4,38.509998
301,32,216,191,46,110,1,-2,37.922001
301,34,133,193,36,106,1,-3,38.041000
301,35,178,185,33,112,1,-3,38.314999
301,36,315,217,21,51,0,0,44.431000
301,37,332,232,19,38,0,0,43.720001
301,38,300,234,17,29,0,-1,46.608002
301,39,300,217,22,46,0,-1,46.612000
301,40,40,176,65,130,1,-4,37.245998
301,41,122,189,26,106,1,-4,38.466000
302,32,212,191,51,108,1,-2,38.085999
302,34,132,189,34,108,1,-3,38.209000
302,35,170,185,42,114,1,-3,38.049000
302,40,34,176,75,130,1,-4,37.228001
302,41,121,189,28,106,1,-4,38.410999
303,32,212,187,51,112,1,-2,38.304001
303,34,130,187,36,110,1,-3,38.419998
303,35,170,183,40,114,1,-3,38.478001
303,40,37,176,67,132,1,-4,37.255001
303,41,119,187,28,108,1,-4,38.623001
304,32,212,187,53,112,1,-2,38.533001
304,34,130,191,34,108,1,-3,38.439999
304,35,172,183,36,118,1,-3,38.283001
304,40,41,172,61,138,1,-4,37.311001
304,41,113,189,32,108,1,-4,38.632000
305,32,210,189,53,117,1,-2,38.056999
305,34,120,189,41,112,1,-4,38.459000
305,35,164,181,42,120,1,-3,38.513000
305,40,34,172,62,142,1,-4,37.208000
305,41,107,193,36,106,1,-4,38.650002
306,32,206,191,55,113,1,-2,38.480000
306,34,121,189,38,115,1,-3,38.389000
306,35,162,185,42,121,1,-3,38.244999
306,40,30,168,62,148,1,-4,37.248001
306,41,104,191,36,110,1,-4,38.674999
307,32,206,193,51,111,1,-2,38.508999
307,34,117,189,40,117,1,-3,38.230000
307,35,159,183,41,123,1,-3,38.278999
307,40,34,170,60,151,1,-4,36.993000
307,41,96,191,38,113,1,-4,38.386002
308,32,202,191,49,115,1,-2,38.320999
308,34,109,187,42,117,1,-3,38.405998
308,35,151,183,47,125,1,-3,38.105000
308,40,24,164,68,159,1,-4,36.907001
308,41,92,187,34,117,1,-4,38.374001
309,32,198,189,53,115,1,-2,38.429001
309,34,109,189,38,117,1,-3,38.172001
309,35,151,181,42,125,1,-3,38.219002
309,40,24,162,68,161,1,-4,36.931999
309,41,81,187,40,117,1,-4,38.305000
310,32,198,187,51,114,1,-2,38.541000
310,34,102,185,45,119,1,-3,38.202999
310,35,149,179,44,127,1,-3,38.091000
310,40,20,159,67,166,1,-4,36.785999
310,41,77,183,40,121,1,-4,38.167000
311,32,198,187,48,114,1,-2,38.653999
311,34,104,187,43,119,1,-3,38.146000
311,35,149,179,42,127,1,-3,38.194000
311,40,22,159,68,168,1,-4,36.771999
311,41,75,181,42,123,1,-4,38.266998
312,32,196,187,48,119,1,-2,38.668999
312,34,96,185,51,123,1,-3,38.410000
312,35,145,179,46,131,1,-3,38.300999
312,40,11,153,83,180,1,-4,36.794998
312,41,70,187,43,119,1,-4,38.533001
312,42,229,215,26,74,1,-2,40.604000
313,32,191,187,49,117,1,-2,39.055000
313,34,98,183,42,127,1,-3,38.446999
313,35,143,179,46,133,1,-3,38.342999
313,40,3,151,89,187,1,-4,36.741001
313,41,62,181,51,127,1,-4,38.563999
313,42,225,212,28,79,1,-2,40.564999
314,32,189,189,47,119,1,-2,38.842999
314,34,94,185,44,127,1,-3,38.431000
314,35,140,181,47,133,1,-3,38.331001
314,40,1,149,89,195,1,-3,36.611000
314,41,56,185,48,125,1,-4,38.537998
314,42,223,210,32,81,1,-2,40.756001
315,32,187,189,42,117,1,-2,39.130001
315,34,92,185,46,127,1,-3,38.555000
315,35,138,179,47,135,1,-3,38.449001
315,41,49,183,51,133,1,-4,38.215000
315,42,217,208,36,83,1,-2,40.854000
315,40,1,145,82,206,1,-3,36.484001
316,32,181,193,42,113,1,-2,39.193001
316,34,85,181,47,131,1,-3,38.622002
316,35,128,174,53,142,1,-3,38.376999
316,40,1,140,74,217,1,-3,36.384998
316,41,46,181,51,133,1,-4,38.429001
316,42,215,210,36,83,1,-2,40.617001
317,32,174,189,47,119,1,-2,39.077000
317,34,83,179,47,137,1,-3,38.402000
317,35,130,176,46,140,1,-3,38.445999
317,40,1,132,67,222,1,-3,36.568001
317,41,43,172,44,144,1,-4,38.352001
317,42,212,206,39,87,1,-2,40.651001
318,32,170,187,51,121,1,-2,39.132000
318,34,84,176,43,138,1,-3,38.604000
318,35,122,174,51,142,1,-3,38.504002
318,40,0,128,57,231,1,-3,36.485001
318,41,37,174,46,142,1,-4,38.414001
318,42,212,204,39,89,1,-2,40.691002
319,32,162,183,55,123,1,-2,39.449001
319,34,75,179,51,139,1,-3,38.493000
319,35,121,174,51,144,1,-3,38.528999
319,41,30,174,47,144,1,-4,38.442001
319,42,208,206,43,87,1,-2,40.826000
319,40,0,138,49,232,1,-3,36.355000
320,32,157,185,51,119,1,-3,39.761002
320,34,68,176,51,142,1,-3,38.620998
320,35,115,170,51,148,1,-3,38.658001
320,40,1,147,40,233,1,-3,36.247002
320,41,18,170,48,151,1,-4,38.382000
320,42,206,206,43,89,1,-2,40.719002
321,32,157,185,47,121,1,-3,39.770000
321,34,66,176,51,147,1,-3,38.478001
321,35,115,168,49,153,1,-3,38.634998
321,40,1,153,31,235,1,-3,36.209999
321,41,14,172,43,155,1,-4,38.200001
321,42,202,202,42,95,1,-2,40.699001
322,32,147,185,55,121,1,-3,39.891998
322,34,56,174,48,149,1,-3,38.587002
322,35,107,170,52,153,1,-3,38.626999
322,41,3,168,46,157,1,-4,38.418999
322,42,196,202,46,95,1,-2,40.827000
322,43,234,215,21,48,0,-2,49.256001
323,32,134,185,53,121,1,-3,39.858002
323,34,45,170,51,153,1,-3,38.612000
323,35,98,166,51,155,1,-3,38.764000
323,41,1,166,40,161,1,-4,38.354000
323,42,187,198,49,99,1,-2,40.748001
323,43,227,210,22,51,0,-2,49.530998
324,32,126,181,53,125,1,-3,39.789001
324,34,29,166,57,157,1,-3,38.604000
324,35,85,162,58,159,1,-3,38.751999
324,41,1,172,23,155,1,-4,38.362999
324,42,183,193,49,102,1,-2,40.842999
324,43,221,208,19,55,0,-2,47.674999
325,32,121,179,51,125,1,-3,39.966000
325,34,21,164,53,159,1,-3,38.645000
325,35,78,157,53,164,1,-3,38.790001
325,42,181,193,48,104,1,-2,40.619999
325,43,219,206,17,55,0,-2,48.174999
325,44,155,204,28,64,1,-3,45.609001
326,32,117,181,47,125,1,-3,40.241001
326,34,20,162,53,165,1,-3,38.741001
326,35,77,159,53,166,1,-3,38.893002
326,42,179,193,55,108,1,-2,40.737999
326,43,218,206,19,53,0,-2,51.544998
326,44,153,206,30,64,1,-3,46.346001
327,32,118,179,36,127,1,-3,40.358002
327,34,12,159,60,168,1,-3,38.854000
327,35,75,157,49,170,1,-3,38.898998
327,42,182,191,48,110,1,-2,40.861000
327,43,216,208,21,53,0,-2,50.499001
327,44,156,206,28,64,1,-3,46.490002
328,32,104,183,43,123,1,-3,40.880001
328,34,6,162,53,173,1,-3,38.780998
328,35,68,159,51,174,1,-3,38.931999
328,42,182,198,51,108,1,-2,40.929001
328,43,218,212,19,45,0,-2,57.398998
328,44,158,210,24,64,1,-3,46.750000
329,32,101,179,43,131,1,-3,40.541000
329,34,2,159,55,179,1,-3,38.699001
329,35,65,157,53,176,1,-3,38.988998
329,42,175,193,58,117,1,-2,40.583000
329,43,214,210,19,49,0,-2,54.872002
329,44,158,206,28,68,1,-3,46.650002
330,32,97,183,38,127,1,-3,40.592999
330,34,2,155,50,185,1,-3,38.691002
330,35,58,159,53,176,1,-3,38.965000
330,42,175,191,55,121,1,-2,40.476002
330,43,218,208,17,49,0,-2,56.377998
330,44,156,210,32,64,1,-3,46.573002
331,32,89,183,40,129,1,-3,40.771000
331,35,52,157,56,183,1,-3,38.977001
331,42,173,193,60,121,1,-2,40.662998
331,43,216,212,19,49,0,-2,55.306000
331,44,156,212,30,64,1,-3,46.931999
331,34,1,151,43,191,1,-3,38.840000
332,32,87,187,36,127,1,-3,40.571999
332,34,1,147,36,197,1,-3,38.801998
332,35,42,153,59,189,1,-3,38.926998
332,42,172,189,57,127,1,-2,40.479000
332,43,212,210,22,58,0,-2,49.597000
332,44,157,212,28,64,1,-3,46.462002
332,45,234,234,15,34,0,-1,49.648998
332,46,240,215,19,50,0,-1,51.258999
332,47,261,217,28,53,0,0,48.814999
332,48,285,232,16,38,0,0,48.842999
333,32,85,198,34,118,1,-3,40.557999
333,35,39,157,61,187,1,-3,38.963001
333,42,172,191,57,130,1,-2,40.248001
333,43,210,210,24,51,0,-2,54.287998
333,44,155,210,30,64,1,-3,47.359001
333,45,234,238,17,32,0,-1,49.032001
333,46,236,215,23,50,0,-1,51.598999
333,47,263,217,26,55,0,-1,48.248001
333,48,285,234,16,36,0,0,49.094002
334,32,81,196,34,120,1,-3,40.636002
334,35,32,157,60,191,1,-3,38.907001
334,42,174,191,53,134,1,-2,40.057999
334,44,155,210,30,64,1,-3,47.196999
334,45,227,234,22,36,0,-2,48.698002
334,46,236,215,21,53,0,-1,49.566002
334,47,259,219,30,51,0,-1,48.702000
334,48,285,234,16,36,0,0,48.695000
335,32,70,198,37,114,1,-3,40.984001
335,35,26,157,61,197,1,-3,38.769001
335,42,168,193,59,136,1,-2,39.874001
335,44,157,212,30,60,1,-3,47.643002
335,45,227,238,19,32,0,-2,48.361000
335,46,234,217,21,51,0,-1,49.164001
335,47,261,219,26,53,0,-1,47.608002
335,48,282,234,19,38,0,0,47.585999
335,49,208,212,21,53,0,-2,50.578999
336,35,20,155,63,199,1,-3,38.801998
336,42,166,196,59,133,1,-2,39.870998
336,45,229,234,15,36,0,-2,47.733002
336,46,234,217,21,51,0,-1,48.453999
336,47,259,219,28,51,0,-1,47.722000
336,48,282,234,17,36,0,0,47.709999
336,49,208,212,19,47,0,-2,53.007000
337,35,11,153,68,201,1,-3,38.948002
337,42,157,185,68,146,1,-2,39.936001
337,45,225,234,19,34,0,-2,48.943001
337,46,229,217,24,51,0,-1,48.945000
337,47,259,217,28,55,0,-1,47.495998
337,48,282,232,17,40,0,0,47.486000
337,49,206,210,19,43,0,-3,59.436001
338,35,7,149,63,210,1,-3,38.938000
338,42,153,179,68,154,1,-2,40.001999
338,45,221,236,17,34,0,-2,48.674000
338,46,227,217,26,51,0,-1,49.477001
338,47,257,217,28,53,0,0,48.659000
338,48,278,232,19,38,0,0,48.646000
338,49,206,212,17,43,0,-3,58.417999
339,35,1,145,63,214,1,-3,39.019001
339,42,147,176,74,162,1,-2,39.831001
339,45,223,238,15,30,0,-2,49.182999
339,46,225,215,24,50,0,-1,50.504002
339,47,255,215,27,55,0,-1,48.407001
339,48,278,229,17,39,0,0,49.159000
339,49,202,208,19,41,0,-3,65.882004
340,35,2,143,59,218,1,-3,39.076000
340,42,138,181,83,159,1,-2,39.882000
340,45,221,234,17,31,0,-2,51.206001
340,46,227,215,22,50,0,-1,51.209000
340,47,257,215,23,53,0,0,49.778000
340,48,278,232,17,36,0,0,49.768002
340,49,202,208,19,51,0,-2,55.063999
341,35,2,138,57,227,1,-3,39.006001
341,42,124,174,91,172,1,-2,39.660000
341,45,220,232,17,33,0,-2,50.410999
341,46,226,215,24,50,0,-1,50.414001
341,47,258,212,23,56,0,0,49.131001
341,48,279,232,17,38,0,0,48.377998
341,49,201,208,21,53,0,-2,52.511002
342,42,118,174,93,176,1,-2,39.615002
342,45,220,229,17,39,0,-2,48.933998
342,46,224,212,26,53,0,-1,50.144001
342,47,254,215,27,55,0,-1,48.213001
342,48,279,232,17,36,0,0,48.901001
342,49,199,206,23,57,0,-2,51.074001
343,42,118,166,91,188,1,-2,39.619999
343,45,218,232,19,33,0,-2,50.285000
343,46,224,212,26,53,0,-1,50.284000
343,47,252,210,31,60,1,-1,48.352001
343,48,277,229,19,39,0,0,49.039001
343,49,199,204,25,59,1,-2,51.217999
344,42,112,162,97,192,1,-2,39.660000
344,45,218,227,19,36,0,-2,50.691002
344,46,224,210,26,53,0,-1,50.691002
344,47,254,208,29,60,1,-1,48.681000
344,48,279,229,17,39,0,0,48.665001
344,49,201,204,23,66,1,-2,48.047001
345,42,108,153,99,204,1,-2,39.671001
345,45,216,227,23,36,0,-2,50.541000
345,46,224,210,23,51,0,-1,51.480999
345,47,252,210,31,55,0,-1,49.679001
345,48,279,227,17,38,0,0,49.659000
345,49,201,204,23,66,1,-2,47.987999
346,42,91,145,110,220,1,-2,39.521999
346,45,218,227,21,32,0,-2,51.723999
346,46,224,206,23,51,0,-1,52.811001
346,47,252,204,31,59,1,-1,49.897999
346,48,279,223,17,40,0,0,49.877998
346,49,199,200,23,68,1,-2,48.185001
347,42,80,138,117,238,1,-2,39.313999
347,45,218,223,17,36,0,-2,50.941002
347,46,222,206,23,53,0,-2,50.937000
347,47,256,204,27,57,0,0,50.049999
347,48,277,223,19,36,0,0,50.887001
347,49,199,196,23,69,1,-2,48.653000
347,50,182,196,23,65,1,-3,50.104000
348,42,76,145,116,245,1,-2,39.174999
348,45,218,225,17,36,0,-2,50.623001
348,46,224,208,23,53,0,-1,50.615002
348,47,254,204,27,59,1,-1,49.772999
348,48,279,221,19,42,0,0,49.743000
348,49,197,200,27,70,1,-2,47.605000
348,50,178,198,29,70,1,-2,48.174000
349,42,74,140,112,257,1,-2,39.198002
349,45,218,225,17,38,0,-2,51.210999
349,46,222,210,25,51,0,-2,52.176998
349,47,254,208,29,60,1,-1,49.195000
349,48,277,227,21,38,0,0,50.289001
349,49,197,202,27,70,1,-2,48.002998
349,50,175,200,26,70,1,-3,48.599998
350,42,44,136,134,269,1,-2,39.189999
350,45,216,225,17,38,0,-2,52.202000
350,46,224,210,21,51,0,-2,53.294998
350,47,252,208,31,57,0,0,51.216000
350,48,279,225,17,40,0,0,51.195999
350,49,194,200,28,72,1,-2,48.641998
350,50,173,202,28,68,1,-3,49.289001
351,42,16,128,151,284,1,-2,39.250999
351,45,216,232,19,33,0,-2,52.890999
351,46,224,212,21,53,0,-2,52.886002
351,47,254,208,27,62,1,-1,50.500000
351,48,277,229,21,41,0,0,50.470001
351,49,194,202,30,72,1,-2,49.108002
351,50,171,206,28,70,1,-3,48.499001
351,51,152,206,23,64,1,-3,50.553001
352,42,3,119,159,312,1,-2,39.060001
352,45,215,234,19,36,0,-2,50.779999
352,46,221,215,25,50,0,-2,53.180000
352,47,251,212,31,56,0,-1,51.611000
352,48,278,227,21,43,0,0,50.702000
352,49,193,202,30,74,1,-2,48.687000
352,50,170,202,30,74,1,-3,48.694000
352,51,151,206,25,68,1,-3,49.320000
353,42,1,100,150,348,1,-2,38.933998
353,45,215,232,14,36,0,-2,52.462002
353,46,221,215,23,50,0,-2,54.160000
353,47,253,212,29,58,0,-1,51.480000
353,48,278,229,21,41,0,0,51.457001
353,49,193,202,30,76,1,-2,48.605999
353,50,168,202,30,74,1,-3,49.216000
353,51,151,208,25,62,1,-4,51.478001
354,42,1,96,142,373,1,-2,38.855000
354,45,212,232,20,33,0,-2,55.584000
354,46,223,217,21,51,0,-2,53.658001
354,47,253,212,27,58,0,-1,52.592999
354,48,276,232,19,40,0,0,51.626999
354,49,196,204,25,74,1,-2,49.307999
354,50,170,204,30,74,1,-3,49.285000
354,51,153,208,28,62,1,-4,52.445999
355,45,215,234,14,31,0,-2,53.161999
355,46,219,212,23,53,0,-2,53.160999
355,47,251,208,29,60,1,-1,51.667000
355,48,276,229,19,41,0,0,50.799999
355,49,193,200,28,78,1,-2,48.273998
355,50,166,204,30,74,1,-3,48.276001
355,51,153,206,23,66,1,-3,50.097000
356,45,215,234,14,31,0,-2,52.676998
356,46,221,212,21,53,0,-2,52.665001
356,47,249,210,31,58,0,-1,51.248001
356,48,276,229,19,41,0,0,50.424999
356,49,193,200,28,78,1,-2,48.102001
356,50,168,202,28,76,1,-3,48.117001
356,51,153,206,23,64,1,-3,50.561001
357,45,212,229,17,34,0,-2,52.134998
357,46,219,210,23,53,0,-2,52.131001
357,47,249,206,31,59,1,-1,51.240002
357,48,274,227,19,41,0,0,50.090000
357,49,193,196,30,80,1,-2,47.869999
357,50,164,196,34,80,1,-3,47.875999
357,51,153,204,23,64,1,-3,50.148998
358,45,212,227,17,34,0,-2,53.417999
358,46,219,208,25,53,0,-2,53.423000
358,47,251,206,29,59,1,-1,51.540001
358,48,278,227,17,38,0,0,51.528999
358,49,196,196,23,80,1,-2,48.098000
358,50,166,196,27,80,1,-3,48.094002
358,51,153,202,26,63,1,-3,51.514999
359,45,215,225,19,34,0,-2,53.612000
359,46,221,206,23,55,0,-2,52.602001
359,47,251,204,29,61,1,-1,50.898998
359,48,274,227,21,36,0,0,51.674999
359,49,196,193,23,85,1,-2,47.356998
359,50,162,193,31,81,1,-3,48.241001
360,45,212,225,17,36,0,-2,52.550999
360,46,219,206,25,55,0,-2,52.550999
360,47,251,204,31,61,1,-1,50.891998
360,48,276,225,23,40,0,0,50.875999
360,49,191,193,30,87,1,-2,47.021999
360,50,159,193,34,85,1,-3,47.404999
361,45,212,221,17,40,0,-2,52.678001
361,46,215,208,29,53,0,-2,52.680000
361,47,251,204,31,59,1,-1,51.803001
361,48,278,223,19,40,0,0,51.793999
361,49,193,193,30,83,1,-2,47.936001
361,50,155,191,38,87,1,-3,47.516998
362,45,212,225,17,36,0,-2,53.705002
362,46,221,208,21,51,0,-2,54.825001
362,47,249,204,31,59,1,-1,52.719002
362,48,278,225,21,40,0,0,51.832001
362,49,191,191,30,89,1,-2,47.590000
362,50,153,191,38,89,1,-3,47.587002
363,45,210,227,17,34,0,-2,54.875999
363,46,217,208,27,53,0,-2,54.886002
363,47,249,202,33,61,1,-1,53.785000
363,48,278,223,19,42,0,0,52.799000
363,49,189,193,32,87,1,-2,48.106998
363,50,149,189,38,93,1,-3,47.685001
364,45,206,225,23,36,0,-2,56.462002
364,46,219,210,25,51,0,-2,56.480999
364,47,249,206,33,62,1,-1,52.608002
364,48,276,227,21,41,0,0,52.602001
364,49,187,191,34,91,1,-2,48.280998
364,50,149,191,36,91,1,-3,48.264000
365,45,208,229,19,34,0,-2,55.716000
365,46,219,208,23,55,0,-2,55.727001
365,47,251,206,31,59,1,-1,54.547001
365,48,276,227,23,41,0,0,53.018002
365,49,185,193,34,94,1,-2,47.542000
365,50,145,191,40,94,1,-3,47.910000
365,52,348,212,21,49,0,2,57.082001
366,45,206,227,21,36,0,-2,54.946999
366,46,219,208,25,53,0,-2,56.194000
366,47,251,204,31,61,1,-1,53.879002
366,48,276,225,21,40,0,0,53.870998
366,49,187,189,32,98,1,-2,47.381001
366,50,145,187,38,98,1,-3,47.730000
366,52,350,210,19,51,0,2,56.150002
367,45,204,229,19,34,0,-2,54.397999
367,46,217,208,27,55,0,-2,54.411999
367,47,251,206,31,62,1,-1,52.134998
367,48,276,227,19,41,0,0,52.127998
367,49,187,189,32,100,1,-2,46.985001
367,50,140,189,41,96,1,-3,47.632000
367,52,348,212,21,49,0,2,55.543999
368,45,204,227,21,36,0,-2,53.391998
368,46,217,208,29,55,0,-2,53.403999
368,47,249,206,33,62,1,-1,51.417000
368,48,276,225,19,43,0,0,51.410999
368,49,183,189,34,100,1,-2,46.772999
368,50,140,187,36,100,1,-3,47.053001
368,52,350,215,21,46,0,1,54.373001
368,53,166,208,21,57,0,-3,52.498001
369,45,206,227,19,36,0,-2,52.473000
369,46,217,206,29,57,0,-2,52.479000
369,47,249,204,33,61,1,-1,51.726002
369,48,274,225,23,40,0,0,51.720001
369,49,183,187,34,102,1,-2,46.539001
369,50,136,185,40,102,1,-3,46.799000
369,52,351,210,19,51,0,1,53.290001
369,53,164,202,23,61,1,-3,52.444000
370,45,206,227,19,36,0,-2,52.834999
370,46,217,210,29,53,0,-2,52.846001
370,47,251,206,31,62,1,-1,51.049000
370,48,278,227,19,43,0,0,50.439999
370,49,183,187,32,102,1,-2,46.738998
370,50,134,187,40,104,1,-3,46.466000
370,52,352,215,22,46,0,1,53.723999
370,53,164,204,25,61,1,-3,52.025002
371,45,204,227,23,36,0,-2,53.741001
371,46,219,208,27,57,0,-2,52.896999
371,47,253,204,32,61,1,-1,52.926998
371,48,278,227,21,43,0,0,51.129002
371,49,181,187,36,104,1,-2,46.827999
371,50,134,187,40,106,1,-3,46.549000
371,52,354,212,22,51,0,1,53.821999
371,53,166,204,23,64,1,-3,51.708000
372,45,208,229,19,39,0,-2,52.403999
372,46,221,210,28,55,0,-2,53.650002
372,47,255,208,32,60,1,-1,52.445000
372,48,282,229,19,41,0,0,51.730000
372,49,181,185,34,110,1,-2,46.620998
372,50,134,189,40,104,1,-3,46.848000
372,52,357,215,19,48,0,1,54.668999
372,53,168,204,21,61,1,-3,53.561001
373,45,206,229,23,36,0,-2,53.907001
373,46,223,212,28,53,0,-2,53.930000
373,47,255,206,32,64,1,-1,51.960999
373,48,285,229,19,41,0,0,51.960999
373,49,179,187,38,110,1,-2,46.535000
373,50,132,187,40,108,1,-3,46.750000
373,52,363,217,17,48,0,1,53.941002
373,53,170,204,23,64,1,-3,52.610001
374,45,208,229,24,36,0,-2,54.563999
374,46,223,210,28,55,0,-2,54.581001
374,47,255,206,32,64,1,-1,52.474998
374,48,280,229,21,41,0,0,52.472000
374,49,174,189,43,110,1,-2,46.557999
374,50,128,185,42,108,1,-3,47.278000
374,52,363,212,17,51,0,2,55.637001
375,45,210,229,19,36,0,-2,53.896000
375,46,221,208,30,55,0,-2,54.848000
375,47,259,206,30,62,1,-1,52.702000
375,48,282,227,22,43,0,0,51.988998
375,49,172,185,43,112,1,-2,46.709999
375,50,123,181,47,114,1,-3,46.922001
375,52,365,212,17,51,0,2,54.827999
376,45,208,227,24,36,0,-2,54.180000
376,46,223,208,28,55,0,-2,54.188000
376,47,257,204,30,64,1,-1,52.226002
376,48,282,225,22,43,0,0,52.216000
376,49,170,181,40,116,1,-2,46.643002
376,50,123,181,45,114,1,-3,46.848999
376,52,367,210,19,51,0,2,55.094002
376,54,327,210,13,49,0,0,56.250999
377,45,212,223,17,42,0,-2,54.243000
377,46,225,208,26,55,0,-2,55.209000
377,47,257,206,32,62,1,-1,53.016998
377,48,285,227,19,41,0,0,53.007999
377,49,159,181,47,123,1,-2,46.223000
377,50,121,181,49,116,1,-3,46.933998
377,52,367,212,19,51,0,2,55.146999
377,54,327,212,15,53,0,0,54.224998
377,55,338,206,21,57,0,1,55.181999
378,45,210,223,22,42,0,-2,55.062000
378,46,223,208,30,57,0,-2,55.066002
378,47,257,204,32,64,1,-1,53.709000
378,48,285,225,19,43,0,0,53.694000
378,49,157,181,43,120,1,-2,46.801998
378,50,117,179,47,120,1,-3,47.004002
378,52,369,210,17,53,0,2,55.993000
378,54,327,208,17,53,0,1,57.280998
378,55,342,206,17,57,0,1,56.042000
379,45,212,229,22,36,0,-2,55.330002
379,46,227,208,26,57,0,-2,55.335999
379,47,255,204,34,64,1,-1,53.959000
379,48,282,227,24,41,0,0,53.946999
379,49,157,176,41,128,1,-2,46.638000
379,50,115,181,47,120,1,-3,46.926998
379,52,369,212,21,51,0,2,56.303001
379,54,329,210,15,53,0,0,56.369999
379,55,342,206,19,59,1,1,55.264999
380,45,215,225,21,38,0,-2,54.938999
380,46,227,206,24,57,0,-2,54.943001
380,47,259,202,30,66,1,-1,52.905998
380,48,287,223,19,47,0,0,52.223000
380,49,155,176,41,130,1,-2,46.294998
380,50,113,179,49,125,1,-3,46.453999
380,52,371,210,19,53,0,2,54.838001
380,54,331,210,17,49,0,1,57.064999
380,55,346,204,19,59,1,1,54.876999
381,45,217,227,17,38,0,-2,53.838001
381,46,227,208,28,55,0,-2,54.686001
381,47,259,204,34,66,1,-1,52.096001
381,48,285,227,23,41,0,0,52.729000
381,49,151,176,42,132,1,-2,46.161999
381,50,109,179,48,125,1,-3,46.479000
381,52,374,212,16,51,0,1,54.594002
381,54,331,210,17,53,0,0,54.648998
381,55,346,206,19,59,1,1,53.778000
381,56,183,206,21,64,1,-3,52.089001
382,45,215,227,23,34,0,-2,55.194000
382,46,229,206,26,55,0,-2,55.215000
382,47,259,202,32,66,1,-1,52.512001
382,48,287,225,19,43,0,0,52.515999
382,49,147,172,44,136,1,-2,46.167000
382,50,103,176,51,130,1,-3,46.298000
382,52,378,212,17,51,0,2,54.358002
382,54,335,208,15,55,0,0,54.374001
382,55,346,202,21,61,1,1,54.370998
382,56,179,204,27,59,1,-3,54.256001
383,45,217,225,23,38,0,-2,55.354000
383,46,229,204,26,57,0,-2,56.390999
383,47,257,200,34,68,1,-1,53.341999
383,48,287,225,21,43,0,0,53.352001
383,49,143,172,44,138,1,-2,46.285999
383,50,98,172,55,134,1,-3,46.578999
383,52,381,210,13,53,0,2,55.452999
383,54,335,208,17,53,0,1,56.505001
383,55,352,206,15,57,0,1,55.459999
383,56,179,204,25,59,1,-3,55.284000
384,45,219,227,19,36,0,-2,57.351002
384,46,229,208,26,57,0,-2,56.250999
384,47,259,202,34,68,1,-1,54.016998
384,48,291,225,19,45,0,0,54.019001
384,52,380,212,17,53,0,2,56.256001
384,56,179,204,31,59,1,-3,57.283001
384,57,93,174,53,134,1,-3,46.828999
384,58,138,170,47,146,1,-2,46.219002
384,59,340,204,31,61,1,1,56.286999
384,60,340,210,14,55,0,1,56.292000
385,45,219,227,21,41,0,-2,55.833000
385,46,232,208,27,60,1,-2,55.854000
385,47,263,206,32,64,1,-1,54.946999
385,48,289,225,23,47,0,0,54.118999
385,52,382,212,17,53,0,2,57.512001
385,56,183,204,27,64,1,-3,55.776001
385,57,94,174,55,138,1,-3,46.727001
385,58,138,172,45,144,1,-2,46.439999
385,59,342,210,32,58,0,1,55.867001
385,60,335,212,19,53,0,1,57.549999
386,45,223,234,23,34,0,-2,58.507000
386,46,238,210,23,60,1,-2,57.299999
386,47,268,208,29,66,1,-1,55.299999
386,48,295,229,21,43,0,0,56.279999
386,52,388,215,19,55,0,2,57.353001
386,56,187,210,28,60,1,-3,57.172001
386,57,94,174,49,144,1,-3,46.721001
386,58,130,172,53,151,1,-2,46.382999
386,59,348,210,28,60,1,1,57.388000
386,60,342,215,17,55,0,1,57.393002
386,61,176,210,17,53,0,-5,62.340000
387,45,227,236,19,32,0,-2,58.796001
387,46,234,212,29,56,0,-2,58.830002
387,47,268,208,31,66,1,-1,55.520000
387,48,295,232,23,44,0,0,54.664001
387,52,390,215,20,55,0,2,57.620998
387,56,191,208,24,62,1,-3,57.429001
387,57,92,172,51,149,1,-3,46.578999
387,58,126,170,55,153,1,-2,46.473000
387,59,350,212,30,58,0,1,57.655998
387,60,346,212,15,58,0,1,57.660999
387,61,179,212,19,53,0,-5,60.889999
388,45,229,234,24,36,0,-2,56.023998
388,46,240,212,25,56,0,-2,57.084999
388,47,270,208,34,64,1,-1,55.185001
388,48,301,232,20,42,0,0,54.383999
388,52,395,215,17,55,0,2,56.132000
388,56,193,210,24,58,0,-3,56.951000
388,57,87,170,56,148,1,-3,46.671001
388,58,121,172,62,153,1,-2,46.230000
388,59,354,208,26,64,1,1,55.214001
388,60,350,208,17,60,1,1,57.222000
388,61,181,208,17,55,0,-4,60.147999
389,45,232,227,19,43,0,-2,55.341000
389,46,242,212,26,58,0,-2,55.367001
389,47,274,206,30,68,1,-1,53.845001
389,48,299,227,26,47,0,0,53.860001
389,52,393,212,23,58,0,2,55.438000
389,56,196,208,23,60,1,-3,56.176998
389,57,83,170,53,151,1,-3,46.441002
389,58,119,164,60,163,1,-2,46.111000
389,59,354,210,34,60,1,1,55.457001
389,60,352,210,15,58,0,0,56.412998
389,61,185,210,13,53,0,-4,59.002998
390,45,232,232,23,33,0,-2,57.372002
390,46,246,212,26,58,0,-2,55.026001
390,47,272,204,34,68,1,-1,54.300999
390,48,299,229,26,43,0,0,54.328999
390,52,394,210,23,60,1,2,55.161999
390,56,196,206,25,62,1,-3,55.751999
390,57,77,162,55,163,1,-3,46.220001
390,58,119,164,55,165,1,-2,46.042999
390,59,356,212,33,60,1,0,54.362000
390,60,354,210,15,58,0,0,56.056999
390,61,181,210,21,49,0,-5,61.273998
391,45,236,227,17,41,0,-2,55.244999
391,46,246,210,24,58,0,-2,55.270000
391,47,276,206,32,66,1,-1,53.818001
391,48,301,227,24,45,0,0,53.834000
391,52,397,210,21,58,0,2,55.365002
391,56,200,206,23,59,1,-3,56.521999
391,57,72,162,53,165,1,-3,46.134998
391,58,107,157,61,174,1,-2,45.969002
391,59,359,208,34,62,1,1,54.563999
391,60,357,208,14,60,1,0,55.373001
391,61,187,210,17,51,0,-4,58.723000
392,45,236,229,19,39,0,-2,55.430000
392,46,244,210,28,58,0,-2,55.451000
392,47,274,204,36,66,1,-1,54.694000
392,48,304,227,23,43,0,0,54.710999
392,52,401,208,21,60,1,2,55.512001
392,56,200,206,25,62,1,-3,55.362999
392,57,73,164,48,165,1,-3,46.132000
392,58,102,155,60,178,1,-2,45.969002
392,59,365,208,28,60,1,1,55.529999
392,60,361,206,13,62,1,0,55.533001
392,61,185,208,19,51,0,-5,60.384998
393,45,238,232,19,33,0,-2,56.354000
393,46,249,208,25,57,0,-2,56.380001
393,47,280,206,30,64,1,-1,54.381001
393,48,308,227,21,43,0,0,54.396000
393,52,405,208,22,60,1,2,55.141998
393,56,202,208,27,57,0,-3,56.284000
393,57,68,157,60,172,1,-3,46.188999
393,58,102,149,51,184,1,-3,46.026001
393,59,365,206,32,62,1,1,55.160999
393,60,361,206,17,62,1,0,55.164001
393,61,187,210,19,51,0,-4,58.346001
394,45,238,232,23,36,0,-2,55.409000
394,46,251,210,29,60,1,-2,54.667999
394,47,278,206,36,68,1,-1,53.387001
394,48,308,229,23,45,0,0,53.403999
394,52,407,208,22,62,1,1,54.747002
394,56,206,208,26,60,1,-3,55.339001
394,57,68,162,49,173,1,-3,46.000000
394,58,93,153,53,191,1,-2,45.651001
394,59,369,210,26,62,1,0,54.049999
394,60,363,210,17,60,1,0,54.759998
394,61,189,210,19,55,0,-4,56.598999
395,45,242,229,26,39,0,-2,55.042999
395,46,255,210,30,58,0,-2,55.070999
395,47,282,208,34,64,1,-1,53.735001
395,48,316,227,22,45,0,0,53.759998
395,52,414,208,19,60,1,2,55.183998
395,56,210,208,26,57,0,-3,56.205002
395,57,68,155,43,180,1,-3,46.029999
395,58,87,147,56,201,1,-2,45.542999
395,59,376,210,29,58,0,1,55.188000
395,60,369,208,17,57,0,0,56.473000
395,61,196,208,16,51,0,-4,59.423000
396,45,244,225,24,40,0,-2,56.105999
396,46,257,206,30,59,1,-2,56.139000
396,47,282,202,36,68,1,-1,54.269001
396,48,314,225,26,47,0,0,53.657001
396,52,414,208,23,60,1,2,55.023998
396,56,210,206,28,59,1,-3,56.029999
396,57,61,157,49,181,1,-3,45.959000
396,58,79,145,61,203,1,-3,45.605000
396,59,378,208,29,60,1,1,55.032001
396,60,376,206,12,59,1,1,56.271000
396,61,196,206,21,55,0,-4,57.938999
397,45,244,225,26,38,0,-2,56.444000
397,46,259,204,28,59,1,-2,56.487999
397,47,285,202,33,66,1,-1,54.578999
397,48,312,225,28,45,0,0,53.959999
397,52,416,206,21,59,1,2,55.854000
397,56,212,202,24,61,1,-3,56.344002
397,58,58,140,74,212,1,-3,45.525002
397,59,378,204,32,66,1,0,54.009998
397,61,191,204,24,53,0,-4,59.504002
398,45,244,221,24,42,0,-2,56.188999
398,46,261,204,26,57,0,-2,57.166000
398,47,280,200,38,68,1,-1,54.433998
398,48,314,223,24,47,0,0,53.855999
398,52,418,204,21,61,1,2,55.750000
398,56,212,200,26,61,1,-3,56.973000
398,58,34,130,92,224,1,-3,45.527000
398,59,378,200,29,68,1,0,54.587002
398,61,193,200,22,57,0,-4,59.035999
399,45,246,225,22,40,0,-2,56.591000
399,46,263,206,24,59,1,-2,56.659000
399,47,282,204,36,66,1,-1,54.771999
399,48,318,223,22,47,0,0,54.837002
399,52,422,206,19,62,1,2,55.743000
399,56,217,202,21,61,1,-3,57.405998
399,58,26,126,93,231,1,-3,45.592999
399,59,382,206,32,62,1,1,55.702000
399,61,193,206,24,53,0,-4,59.549999
400,45,246,227,26,38,0,-2,57.342999
400,46,261,204,30,61,1,-2,57.418999
400,47,282,204,36,66,1,-1,55.382999
400,48,318,227,22,45,0,0,54.755001
400,52,424,208,19,62,1,2,55.651001
400,56,212,206,30,59,1,-3,57.188999
400,58,15,130,98,229,1,-3,45.681000
400,59,382,208,30,62,1,1,55.603001
400,61,196,206,21,53,0,-5,60.556000
401,45,253,227,19,41,0,-2,57.501999
401,46,268,208,27,60,1,-2,57.580002
401,47,285,204,38,68,1,-1,55.902000
401,48,318,229,24,43,0,0,55.967999
401,52,426,208,23,64,1,2,56.123001
401,56,217,208,27,60,1,-3,57.358002
401,58,13,128,94,241,1,-3,45.598999
401,59,384,202,34,66,1,1,57.930000
401,61,200,208,19,53,0,-5,61.500000
402,45,255,225,23,40,0,-2,58.701000
402,46,270,208,29,60,1,-2,57.254002
402,47,291,202,32,68,1,-1,56.453999
402,48,321,225,29,47,0,0,55.741001
402,52,435,206,19,64,1,2,56.730000
402,56,225,202,24,61,1,-3,59.724998
402,58,0,119,101,250,1,-3,45.669998
402,59,393,198,25,72,1,1,56.682999
402,61,202,206,21,53,0,-5,62.477001
402,62,412,200,17,68,1,1,57.632000
402,63,15,138,85,212,1,-3,46.248001
403,45,253,225,23,40,0,-2,59.102001
403,46,270,206,29,59,1,-2,59.188000
403,47,289,200,36,70,1,-1,56.759998
403,48,323,225,25,47,0,0,56.013000
403,52,435,208,21,62,1,2,56.973999
403,56,225,202,28,61,1,-4,60.210999
403,58,0,121,97,250,1,-3,45.716999
403,59,393,204,27,64,1,1,57.893002
403,61,204,204,19,55,0,-5,63.122002
403,62,414,202,19,63,1,2,59.598999
403,63,6,132,91,222,1,-3,46.209999
403,64,316,210,17,55,0,0,59.340000
404,45,255,229,21,36,0,-3,59.365002
404,46,270,204,31,61,1,-2,59.456001
404,47,291,202,34,68,1,-1,56.993999
404,48,325,223,25,49,0,0,56.241001
404,52,437,208,23,62,1,2,57.231998
404,56,227,206,26,57,0,-4,60.487999
404,58,1,113,89,261,1,-3,45.765999
404,59,393,202,23,66,1,1,58.154999
404,61,204,206,21,55,0,-5,61.764000
404,62,412,204,23,64,1,2,58.182999
404,64,318,212,17,53,0,0,59.623001
404,63,5,129,88,228,1,-3,46.237999
405,45,257,227,21,38,0,-3,61.219002
405,46,272,206,29,62,1,-2,59.368999
405,47,291,202,36,68,1,-1,58.354000
405,48,323,225,29,47,0,0,57.457001
405,52,437,206,28,66,1,2,57.556000
405,56,227,206,26,59,1,-4,61.071999
405,58,1,111,82,271,1,-3,45.768002
405,59,395,204,25,68,1,1,57.548000
405,61,204,210,19,53,0,-5,62.424000
405,62,416,206,21,62,1,2,59.695000
405,64,318,210,20,55,0,0,61.485001
405,63,2,126,85,234,1,-3,46.351002
406,45,257,225,23,45,0,-2,59.181000
406,46,274,210,30,60,1,-2,59.252998
406,47,293,204,36,70,1,-1,57.308998
406,48,323,227,29,47,0,0,57.359001
406,52,439,208,24,64,1,2,58.379002
406,56,227,210,28,58,0,-3,60.264000
406,58,0,115,69,271,1,-3,45.771000
406,59,396,200,23,72,1,1,58.384998
406,61,204,206,21,57,0,-5,63.993999
406,62,420,206,17,64,1,2,59.493999
406,63,1,123,82,240,1,-3,46.369999
406,64,318,212,17,53,0,0,62.834000
407,45,259,229,21,41,0,-2,58.231998
407,46,276,212,28,56,0,-2,59.344002
407,47,291,204,36,70,1,-1,56.569000
407,48,325,227,29,47,0,0,56.612000
407,52,441,208,26,62,1,2,58.436001
407,56,229,208,28,60,1,-3,59.187000
407,58,1,109,72,281,1,-3,45.787998
407,59,399,202,21,70,1,1,57.492001
407,61,206,206,21,59,1,-5,60.916000
407,62,421,202,21,68,1,2,58.448002
407,64,321,212,19,56,0,0,59.443001
408,45,261,229,24,41,0,-2,58.450001
408,46,276,210,30,58,0,-2,59.556000
408,47,293,208,38,70,1,-1,55.330002
408,48,327,225,30,53,0,0,55.348999
408,52,445,208,21,66,1,2,56.716000
408,56,234,210,23,58,0,-3,59.437000
408,58,1,109,67,290,1,-3,45.733002
408,59,405,206,26,70,1,1,56.006001
408,61,206,208,21,57,0,-5,61.212002
408,62,427,206,14,66,1,2,57.594002
408,64,321,212,19,58,0,-1,58.547001
409,45,265,229,24,41,0,-2,58.141998
409,46,280,212,26,58,0,-2,58.171001
409,47,295,204,40,72,1,-1,55.808998
409,48,333,227,24,51,0,0,55.186001
409,52,450,208,21,66,1,2,56.466999
409,56,234,208,27,60,1,-3,59.074001
409,59,405,206,22,68,1,1,56.522999
409,61,208,206,21,62,1,-4,58.987999
409,62,429,206,17,66,1,1,57.303001
409,64,323,212,17,60,1,-1,57.325001
409,58,1,104,61,302,1,-3,45.715000
410,45,268,229,23,41,0,-2,57.464001
410,46,285,210,23,60,1,-2,57.497002
410,47,297,204,38,72,1,-1,55.353001
410,48,333,229,28,47,0,0,55.377998
410,52,454,210,23,64,1,2,55.994999
410,56,236,208,29,60,1,-3,58.292000
410,58,1,98,55,314,1,-3,45.674000
410,59,407,204,24,70,1,1,56.035999
410,61,210,206,22,59,1,-4,59.764999
410,62,431,206,19,66,1,1,56.755001
410,64,321,212,23,56,0,-1,58.462002
411,45,270,229,23,41,0,-2,57.029999
411,46,287,206,23,64,1,-2,57.056000
411,47,299,206,36,68,1,-1,55.666000
411,48,335,227,26,49,0,0,55.080002
411,52,458,206,21,68,1,2,55.625000
411,56,236,208,29,60,1,-3,57.797001
411,59,410,206,25,70,1,0,55.063999
411,61,212,206,20,59,1,-4,59.159000
411,62,435,204,19,66,1,1,57.085999
411,64,325,208,17,64,1,-1,56.348000
412,45,270,229,23,39,0,-2,57.339001
412,46,287,210,23,58,0,-2,57.374001
412,47,299,204,36,70,1,-1,55.347000
412,48,333,227,26,49,0,0,54.814999
412,52,460,204,22,70,1,2,55.373001
412,56,236,208,29,60,1,-3,57.264000
412,59,414,208,23,68,1,0,54.831001
412,61,208,206,24,59,1,-4,58.466999
412,62,437,204,21,66,1,1,56.720001
412,64,325,210,21,60,1,-1,56.671001
413,45,272,227,23,41,0,-2,57.054001
413,46,287,208,23,62,1,-2,56.362999
413,47,299,202,39,70,1,-1,55.743999
413,48,335,225,24,49,0,0,55.185001
413,52,460,206,22,68,1,2,55.195999
413,56,236,208,29,60,1,-3,56.973000
413,59,414,200,23,72,1,1,55.819000
413,61,210,204,24,59,1,-4,59.066002
413,62,437,204,21,66,1,1,56.485001
413,64,323,210,23,58,0,-1,57.150002
414,45,272,232,25,38,0,-2,57.001999
414,46,293,212,21,58,0,-2,57.044998
414,47,301,206,39,70,1,-1,55.160999
414,48,335,229,28,49,0,0,54.667999
414,52,463,210,25,68,1,1,54.671001
414,56,240,210,28,58,0,-3,57.696999
414,59,418,208,23,70,1,0,54.695000
414,61,212,210,22,58,0,-4,57.595001
414,62,446,206,17,68,1,1,55.812000
414,64,327,210,21,60,1,-1,57.108002
414,65,274,217,21,46,0,-2,60.205002
415,45,278,232,21,38,0,-2,56.830002
415,46,291,210,25,60,1,-2,56.866001
415,47,308,204,32,72,1,-1,55.053001
415,48,340,227,21,51,0,0,54.576000
415,52,467,210,21,68,1,1,54.599998
415,56,240,208,30,60,1,-3,57.484001
415,59,420,204,23,74,1,0,54.616001
415,61,210,208,24,60,1,-4,57.370998
415,62,446,206,21,70,1,1,55.132999
415,64,329,212,21,58,0,-1,56.938999
415,65,274,217,23,46,0,-2,59.898998
416,45,279,229,24,43,0,-2,56.348999
416,46,294,210,25,62,1,-2,56.382000
416,47,307,208,36,70,1,-1,54.714001
416,48,339,229,27,49,0,-1,54.747002
416,52,470,210,25,68,1,1,54.766998
416,56,243,210,26,58,0,-3,57.695999
416,59,421,206,28,74,1,0,54.306000
416,61,214,206,21,62,1,-4,57.587002
416,64,332,212,21,58,0,-1,57.144001
416,65,275,217,25,46,0,-2,60.154999
417,45,281,229,22,43,0,-2,56.942001
417,46,294,212,28,60,1,-2,56.979000
417,47,309,206,36,72,1,-1,55.188000
417,48,345,227,27,53,0,0,54.722000
417,52,474,208,21,72,1,1,54.724998
417,56,247,210,28,60,1,-3,57.594002
417,59,428,208,23,70,1,0,55.261002
417,61,214,204,25,64,1,-4,58.291000
417,64,334,212,22,60,1,-1,57.049999
417,65,277,217,26,46,0,-2,61.104000
418,45,283,234,22,38,0,-2,57.188000
418,46,300,210,24,62,1,-2,57.223999
418,47,313,208,36,70,1,-1,55.398998
418,48,345,227,27,53,0,0,54.916000
418,52,474,208,28,72,1,1,54.891998
418,56,250,210,25,58,0,-3,58.702000
418,59,432,206,23,74,1,0,54.925999
418,61,218,208,21,60,1,-4,58.588001
418,64,336,210,22,62,1,-1,57.279999
418,65,279,217,21,48,0,-2,60.262001
419,45,283,232,24,40,0,-2,56.765999
419,46,298,212,24,60,1,-2,56.805000
419,47,313,206,36,72,1,-1,55.127998
419,48,349,229,23,51,0,0,54.693001
419,52,480,210,23,70,1,1,54.737000
419,56,250,210,25,58,0,-3,58.120998
419,59,425,206,30,74,1,0,54.745998
419,61,216,206,23,64,1,-4,57.227001
419,64,334,210,24,64,1,-1,56.250999
419,65,279,215,24,48,0,-2,60.618000
420,45,286,232,23,38,0,-2,56.925999
420,46,300,208,24,62,1,-2,56.973000
420,47,313,202,38,74,1,-1,55.285999
420,48,349,225,26,55,0,0,54.415001
420,52,478,208,28,72,1,1,54.513000
420,56,250,208,27,60,1,-3,57.494999
420,59,430,202,29,78,1,0,54.500000
420,61,218,202,21,63,1,-4,58.514999
420,64,339,208,21,62,1,-1,57.083000
420,65,279,212,19,53,0,-2,58.799000
421,45,288,229,25,41,0,-2,57.438000
421,46,303,210,25,62,1,-2,56.808998
421,47,315,206,36,72,1,-1,55.178001
421,48,347,227,30,53,0,0,54.761002
421,52,481,208,29,74,1,1,54.395000
421,56,252,206,25,62,1,-3,58.049999
421,59,434,206,27,74,1,0,54.835999
421,61,218,204,21,61,1,-4,59.153000
421,64,336,210,24,60,1,-1,57.577000
421,65,279,212,21,51,0,-2,60.445999
422,45,286,229,27,41,0,-2,57.362000
422,46,298,210,30,60,1,-2,57.391998
422,47,317,204,36,72,1,-1,55.639999
422,48,347,227,30,51,0,0,55.178001
422,52,483,208,27,72,1,1,54.729000
422,56,252,206,25,59,1,-3,59.235001
422,59,434,202,30,76,1,0,55.214001
422,61,218,202,21,66,1,-4,57.872002
422,64,336,210,22,62,1,-1,56.797001
422,65,279,215,24,46,0,-3,61.405998
423,45,290,232,21,38,0,-2,58.316002
423,46,303,210,25,60,1,-2,58.355000
423,47,317,206,36,72,1,-1,55.830002
423,48,349,227,26,51,0,0,55.865002
423,52,487,204,25,76,1,2,55.369999
423,56,250,210,25,58,0,-3,59.019001
423,59,440,204,26,78,1,0,54.928001
423,61,218,204,21,61,1,-4,60.299999
423,64,339,210,19,62,1,-1,57.679001
423,65,281,215,19,50,0,-2,60.556000
424,45,290,232,21,38,0,-2,58.632999
424,46,303,208,23,64,1,-2,57.910000
424,47,317,204,36,76,1,-1,55.564999
424,48,351,227,24,53,0,0,55.608002
424,52,489,208,23,77,1,1,54.515999
424,56,252,210,23,60,1,-3,58.498001
424,59,440,206,26,76,1,0,55.188000
424,61,211,206,28,64,1,-4,58.334999
424,64,339,210,21,62,1,-1,58.000000
424,65,281,217,19,51,0,-2,59.452999
425,45,292,234,19,38,0,-2,57.478001
425,46,303,210,25,60,1,-2,58.240002
425,47,317,206,39,74,1,-1,55.347000
425,48,351,227,26,51,0,0,55.891998
425,52,489,206,28,79,1,1,54.430000
425,56,250,208,27,60,1,-3,58.799999
425,59,440,204,30,78,1,0,55.051998
425,61,216,204,23,66,1,-4,57.855999
425,64,339,210,21,64,1,-1,56.985001
425,65,281,212,22,53,0,-2,60.304001
426,45,292,229,23,43,0,-2,57.405998
426,46,307,212,25,62,1,-2,56.838001
426,47,322,204,36,74,1,-1,55.810001
426,48,356,229,23,53,0,-1,54.952000
426,52,495,208,24,77,1,1,54.452000
426,56,250,210,29,60,1,-3,57.925999
426,59,445,202,29,83,1,0,54.445000
426,61,218,204,21,64,1,-4,58.491001
426,64,343,212,21,62,1,-1,56.938999
426,65,281,210,22,58,0,-2,58.808998
427,45,295,232,21,38,0,-2,57.661999
427,46,308,210,23,60,1,-2,57.720001
427,47,321,204,40,74,1,-1,55.560001
427,48,352,227,30,51,0,0,55.624001
427,52,496,208,24,77,1,1,54.333000
427,56,253,210,25,58,0,-3,58.172001
427,59,446,202,29,83,1,0,54.313999
427,61,219,204,21,64,1,-4,57.983002
427,65,282,212,22,53,0,-2,59.511002
428,45,293,227,25,47,0,-2,57.002998
428,46,306,212,27,60,1,-2,57.683998
428,47,321,206,38,74,1,-1,55.561001
428,48,352,229,30,51,0,-1,55.630001
428,52,499,208,23,77,1,1,54.745998
428,56,255,208,23,60,1,-3,58.868000
428,59,450,204,29,83,1,0,54.346001
428,61,217,202,25,68,1,-4,57.915001
428,65,282,212,22,53,0,-2,60.341999
429,45,293,234,25,40,0,-2,58.651001
429,46,308,212,27,64,1,-2,58.005001
429,47,321,210,42,72,1,-1,56.301998
429,48,354,234,30,53,0,-1,55.209999
429,52,501,210,25,79,1,1,54.926998
429,56,255,212,25,58,0,-3,60.109001
429,59,450,208,29,81,1,0,54.917999
429,61,217,208,23,64,1,-4,58.993999
429,65,282,217,22,53,0,-2,60.270000
430,45,293,234,25,44,0,-2,58.033001
430,46,310,212,25,66,1,-2,58.109001
430,47,325,208,36,74,1,-1,56.948002
430,48,357,229,31,58,0,0,55.763000
430,52,503,208,23,83,1,1,55.048000
430,56,257,215,23,57,0,-3,60.189999
430,59,452,206,30,85,1,0,55.039001
430,61,217,206,23,68,1,-4,59.055000
430,65,282,217,22,53,0,-3,61.360001
430,66,354,219,20,51,0,0,61.834999
431,45,295,240,28,40,0,-2,58.643002
431,46,310,217,28,63,1,-2,58.716000
431,47,325,210,38,77,1,-1,56.623001
431,48,361,236,29,51,0,0,56.712002
431,52,505,212,27,81,1,2,55.431000
431,56,259,219,23,55,0,-3,60.976002
431,59,452,210,36,85,1,0,55.021999
431,61,217,210,25,66,1,-4,59.728001
431,65,280,219,24,55,0,-3,61.137001
431,66,354,223,22,51,0,0,61.612000
431,67,471,208,19,81,1,1,56.355999
432,45,295,238,28,42,0,-2,58.118000
432,46,314,217,26,63,1,-1,58.198002
432,47,329,210,36,77,1,-1,56.275002
432,48,363,236,30,53,0,0,55.886002
432,52,509,212,26,81,1,1,55.165001
432,56,257,217,25,55,0,-3,61.183998
432,59,458,206,28,87,1,0,55.160999
432,61,221,208,21,68,1,-4,59.115002
432,65,282,217,24,57,0,-3,60.382999
432,66,357,223,21,49,0,0,61.849998
432,67,477,210,17,79,1,1,56.026001
433,45,299,236,24,44,0,-2,57.549999
433,46,310,215,30,63,1,-2,58.230000
433,47,331,210,38,77,1,-1,55.891998
433,48,365,234,28,53,0,0,55.957001
433,52,513,210,26,81,1,1,55.241001
433,56,261,215,24,57,0,-3,60.264000
433,59,456,208,32,85,1,0,54.865002
433,61,219,208,23,68,1,-4,58.430000
433,65,280,217,24,55,0,-3,60.382999
433,66,357,219,19,51,0,0,61.807999
433,67,477,206,19,83,1,1,55.648998
434,45,301,234,22,44,0,-2,57.742001
434,46,316,215,24,63,1,-2,57.811001
434,47,335,210,36,77,1,-1,55.660000
434,48,369,234,24,53,0,0,55.727001
434,52,516,204,25,87,1,1,55.101002
434,56,263,215,22,55,0,-3,60.465000
434,59,465,206,29,87,1,0,54.731998
434,61,219,206,23,68,1,-4,58.588001
434,65,282,217,24,55,0,-3,59.740002
434,66,359,219,19,51,0,0,61.074001
434,67,482,206,17,81,1,1,55.889999
435,45,301,232,22,44,0,-2,57.631001
435,46,316,210,26,66,1,-1,57.716000
435,47,338,210,29,72,1,-1,56.278999
435,48,365,234,30,51,0,0,55.727001
435,52,520,206,23,87,1,1,54.525002
435,56,259,208,28,62,1,-3,59.376999
435,59,465,204,25,85,1,0,55.160999
435,61,217,204,25,68,1,-4,58.359001
435,65,280,215,24,57,0,-2,58.779999
435,66,361,217,15,51,0,0,60.903000
435,67,486,206,15,81,1,1,55.561001
435,68,323,212,27,66,1,-1,57.194000
436,45,299,234,30,46,0,-2,57.074001
436,46,318,210,30,70,1,-1,57.158001
436,47,338,210,33,77,1,-1,55.658001
436,48,367,234,28,51,0,0,56.146999
436,52,521,208,23,85,1,1,54.861000
436,56,263,212,24,58,0,-3,60.113998
436,59,469,202,27,91,1,0,54.827000
436,61,217,206,25,68,1,-4,58.314999
436,65,282,215,22,59,1,-2,58.733002
436,66,359,217,21,53,0,0,60.797001
436,67,484,206,19,83,1,1,55.556000
436,68,323,215,25,65,1,-1,57.168999
437,45,299,234,24,42,0,-2,57.986000
437,46,318,212,30,66,1,-1,57.514999
437,47,338,202,36,83,1,-1,55.949001
437,48,365,232,32,53,0,0,56.013000
437,52,524,208,25,85,1,1,54.741001
437,56,263,215,26,55,0,-3,59.841000
437,59,467,204,29,89,1,0,54.723000
437,61,217,206,25,68,1,-4,58.152000
437,65,280,212,24,62,1,-2,58.507999
437,67,490,206,17,85,1,1,55.061001
437,68,321,215,31,65,1,-1,57.007999
438,45,304,236,23,42,0,-2,57.627998
438,47,340,210,36,75,1,-1,56.129002
438,48,369,232,30,55,0,0,55.793999
438,52,530,208,28,85,1,1,54.875000
438,56,261,217,28,53,0,-3,60.040001
438,59,473,204,28,89,1,0,54.874001
438,61,219,204,21,72,1,-4,57.791000
438,65,280,212,24,64,1,-2,58.091000
438,67,490,202,21,87,1,1,55.553001
438,68,321,215,31,65,1,-1,57.186001
438,69,365,219,17,49,0,0,61.465000
439,45,301,232,26,46,0,-2,57.500999
439,47,340,208,36,77,1,-1,56.039001
439,48,367,227,30,58,0,-1,56.083000
439,52,528,202,28,89,1,1,55.090000
439,56,263,215,26,57,0,-3,59.138000
439,59,475,200,28,91,1,0,55.101002
439,61,217,206,23,68,1,-4,58.268002
439,65,278,210,28,64,1,-2,58.556000
439,67,490,202,21,85,1,1,55.801998
439,68,318,212,34,68,1,-1,57.066002
439,69,367,217,15,53,0,0,60.299000
440,45,304,234,21,44,0,-2,58.499001
440,47,340,206,36,81,1,-1,56.383999
440,48,369,234,30,55,0,-1,56.029999
440,52,535,206,25,87,1,1,55.326000
440,56,265,215,22,57,0,-3,60.437000
440,59,477,202,28,93,1,0,55.044998
440,61,215,210,27,68,1,-4,58.174999
440,65,278,215,28,63,1,-2,58.424999
440,67,494,206,19,81,1,1,56.478001
440,68,312,215,34,67,1,-2,57.448002
440,69,363,221,21,49,0,0,61.720001
441,45,306,240,21,45,0,-2,56.733002
441,47,342,208,36,81,1,-1,56.021000
441,48,374,234,25,55,0,0,56.057999
441,52,537,208,23,85,1,1,55.368000
441,56,265,215,24,59,1,-3,59.648998
441,59,482,202,29,93,1,0,55.083000
441,61,217,208,21,70,1,-4,58.157001
441,65,278,215,28,63,1,-3,58.416000
441,67,496,204,20,85,1,1,56.109001
441,68,316,217,28,65,1,-2,57.457001
441,69,367,217,19,53,0,0,61.693001
442,45,306,236,19,44,0,-2,57.810001
442,47,342,206,36,81,1,-1,56.353001
442,48,376,232,25,55,0,0,56.396000
442,52,542,204,23,87,1,2,55.688000
442,56,265,215,20,55,0,-3,60.942001
442,59,479,204,34,89,1,0,55.389999
442,61,217,206,23,72,1,-4,58.023998
442,65,274,212,30,68,1,-3,57.729000
442,67,499,204,21,85,1,1,56.071999
442,68,312,215,30,67,1,-2,57.349998
442,69,367,221,17,51,0,0,60.534000
442,70,325,212,23,66,1,-1,58.409000
443,45,304,236,23,42,0,-2,58.056000
443,47,342,206,36,83,1,-1,55.831001
443,48,371,232,32,55,0,0,56.228001
443,52,543,202,26,91,1,1,55.262001
443,56,261,212,24,60,1,-3,59.710999
443,59,486,200,27,95,1,0,54.992001
443,61,215,206,23,72,1,-4,57.722000
443,65,276,212,25,66,1,-3,57.966000
443,67,505,202,15,87,1,1,55.943001
443,68,306,212,36,70,1,-2,57.113998
443,69,367,215,17,55,0,0,60.896999
443,70,321,212,29,66,1,-1,58.117001
444,45,306,232,19,46,0,-2,58.099998
444,47,342,206,36,83,1,-1,55.904999
444,48,376,232,25,55,0,0,56.292999
444,52,549,200,24,93,1,1,55.316002
444,59,488,196,30,99,1,0,55.061001
444,61,212,208,30,68,1,-4,58.312000
444,65,268,212,33,64,1,-3,58.539001
444,67,507,198,17,89,1,1,56.354000
444,68,301,210,41,72,1,-2,57.166000
444,69,367,217,19,53,0,0,60.868000
444,70,327,215,23,65,1,-1,57.662998
445,45,304,236,23,44,0,-2,57.693001
445,47,344,206,32,83,1,-1,56.000999
445,48,374,234,29,55,0,-1,56.034000
445,52,554,212,25,83,1,1,55.098000
445,59,490,200,30,95,1,0,55.146000
445,61,212,206,28,74,1,-4,57.419998
445,65,268,210,31,70,1,-3,57.606998
445,67,507,200,19,89,1,1,56.063999
445,68,299,212,43,75,1,-2,56.279999
445,69,367,215,19,55,0,0,60.902000
445,70,321,215,31,65,1,-1,57.742001
446,47,342,206,36,83,1,-1,56.616001
446,48,374,234,29,55,0,0,56.653000
446,59,492,202,30,97,1,0,55.102001
446,61,210,206,30,74,1,-4,58.199001
446,65,268,210,33,72,1,-3,57.917999
446,67,513,200,15,91,1,1,56.319000
446,68,297,212,41,75,1,-2,56.917999
446,69,367,217,17,53,0,0,62.236000
446,70,325,215,23,67,1,-1,58.058998
447,47,344,206,36,85,1,-1,56.311001
447,48,374,234,31,57,0,-1,56.341999
447,59,490,200,32,101,1,0,54.896999
447,61,210,208,30,72,1,-4,58.243999
447,65,265,210,34,75,1,-3,57.283001
447,67,511,200,17,91,1,1,56.356998
447,68,295,210,36,77,1,-2,56.955002
447,69,365,221,21,51,0,0,61.351002
447,70,325,215,23,70,1,-1,57.411999
448,47,344,208,34,83,1,-1,56.231998
448,48,378,234,27,55,0,0,56.604000
448,59,496,202,30,97,1,0,55.115002
448,61,208,204,28,78,1,-4,57.605999
448,65,265,212,34,73,1,-3,57.162998
448,67,511,202,21,89,1,1,56.272999
448,68,293,212,32,75,1,-2,56.841000
448,69,369,217,17,57,0,0,60.277000
448,70,323,215,27,67,1,-1,57.933998
449,47,344,210,34,83,1,-1,56.439999
449,48,374,238,27,55,0,-1,56.473999
449,59,492,200,36,104,1,0,54.952000
449,61,208,210,28,75,1,-4,57.578999
449,65,265,215,32,72,1,-3,57.366001
449,67,513,204,24,91,1,1,56.174999
449,68,289,212,32,79,1,-2,56.675999
449,69,367,221,19,55,0,0,60.587002
449,70,321,217,31,68,1,-1,57.941002
449,71,308,240,19,45,0,-2,57.893002
450,47,342,210,38,83,1,-1,56.493000
450,48,378,238,27,55,0,-1,56.535999
450,59,499,204,33,102,1,0,54.797001
450,61,208,206,30,79,1,-4,57.603001
450,65,265,212,34,75,1,-3,57.402000
450,67,518,204,21,91,1,1,56.250999
450,68,287,212,34,79,1,-2,56.716000
450,69,367,221,19,55,0,0,60.616001
450,70,321,217,31,68,1,-1,57.979000
450,71,306,240,21,45,0,-2,57.925999
450,72,554,206,19,93,1,1,55.627998
451,47,340,212,44,83,1,-1,56.455002
451,48,375,242,31,55,0,-1,56.182999
451,59,496,202,36,106,1,0,54.813999
451,61,206,210,28,77,1,-4,57.509998
451,65,261,215,36,76,1,-3,56.952000
451,67,524,206,15,95,1,1,55.625000
451,68,282,212,36,83,1,-2,56.346001
451,69,367,219,19,63,1,-1,59.141998
451,70,312,221,42,66,1,-2,57.856998
451,71,301,246,24,43,0,-2,57.405998
451,72,553,208,25,98,1,1,54.983002
452,47,340,212,42,85,1,-1,56.201000
452,48,373,240,33,57,0,-1,56.230999
452,59,499,204,36,102,1,0,55.069000
452,61,206,210,30,77,1,-4,57.578999
452,65,263,215,32,76,1,-3,57.009998
452,67,522,206,21,95,1,1,55.664001
452,68,282,215,34,78,1,-2,56.716999
452,69,369,219,21,59,1,0,60.390999
452,70,321,221,31,66,1,-1,57.921001
452,71,306,244,19,45,0,-2,57.469002
452,72,556,208,25,98,1,1,55.016998
453,47,340,215,44,84,1,-1,56.174999
453,48,371,240,34,59,1,-1,56.198002
453,59,490,202,42,106,1,0,55.060001
453,61,202,212,27,77,1,-4,57.501999
453,65,259,217,34,78,1,-3,56.630001
453,67,524,206,21,98,1,1,55.499001
453,68,278,217,38,82,1,-2,56.081001
453,69,367,221,21,61,1,0,59.598999
453,70,316,221,38,68,1,-1,57.835999
453,71,304,244,19,47,0,-2,57.402000
453,72,558,208,27,100,1,1,54.990002
453,73,223,225,15,55,0,-4,59.700001
454,47,333,215,49,84,1,-1,56.214001
454,48,376,244,27,57,0,-1,55.967999
454,59,496,204,34,106,1,0,54.897999
454,61,200,215,27,76,1,-4,57.168999
454,65,259,223,28,74,1,-2,56.369999
454,67,522,208,21,96,1,1,55.535999
454,68,276,215,30,84,1,-2,56.125000
454,69,363,223,21,62,1,-1,58.780998
454,70,312,225,40,66,1,-2,57.459000
454,71,297,249,28,42,0,-2,57.422001
454,72,558,210,30,100,1,1,54.823002
454,73,219,229,21,51,0,-4,59.681999
455,47,335,219,43,82,1,-1,56.198002
455,48,371,244,34,62,1,-1,55.590000
455,59,492,206,38,108,1,0,54.712002
455,61,198,212,29,83,1,-4,56.799000
455,65,255,223,32,76,1,-3,56.348999
455,67,518,208,29,100,1,0,55.294998
455,68,270,215,31,89,1,-2,55.723999
455,69,365,225,23,62,1,-1,58.703999
455,70,312,225,38,68,1,-2,57.414001
455,71,299,246,24,47,0,-2,57.379002
455,72,558,212,34,100,1,1,54.818001
455,73,221,225,21,57,0,-4,59.582001
456,47,333,219,45,82,1,-1,56.317001
456,48,371,244,34,60,1,-1,55.950001
456,59,499,208,36,106,1,0,54.826000
456,61,196,215,29,80,1,-4,56.908001
456,67,520,210,34,98,1,1,55.411999
456,68,259,221,38,83,1,-2,55.827000
456,69,363,221,23,66,1,-1,58.827000
456,70,314,225,30,70,1,-2,57.186001
456,71,299,244,24,49,0,-2,57.499001
456,72,562,212,36,100,1,1,54.932999
456,73,221,229,25,56,0,-4,58.938000
457,47,333,217,47,84,1,-1,56.145000
457,48,369,240,34,61,1,-1,56.158001
457,59,496,204,39,106,1,0,55.087002
457,61,193,212,32,81,1,-4,57.042000
457,67,522,200,40,106,1,1,55.464001
457,68,259,219,40,82,1,-2,56.062000
457,69,364,221,25,66,1,-1,58.456001
457,70,310,221,36,70,1,-2,57.624001
457,71,295,244,26,49,0,-2,57.252998
457,72,566,206,36,106,1,1,54.797001
457,73,221,225,25,57,0,-4,59.327999
457,74,259,212,49,85,1,-2,56.601002
458,47,333,217,49,84,1,-1,56.255001
458,48,371,244,36,60,1,-1,55.903000
458,59,503,202,36,112,1,0,54.820000
458,61,196,212,31,83,1,-4,56.848999
458,67,528,206,38,102,1,1,55.355000
458,68,251,219,48,85,1,-2,55.806999
458,69,371,221,22,64,1,0,59.021000
458,70,316,223,32,70,1,-2,57.396000
458,71,297,244,24,49,0,-2,57.365002
458,72,569,210,38,104,1,1,54.723000
458,73,225,227,28,55,0,-4,59.462002
458,74,268,217,40,87,1,-2,55.825001
459,47,335,212,45,89,1,-1,56.242001
459,48,371,244,36,60,1,-1,55.898998
459,59,492,206,51,108,1,0,54.842999
459,61,196,212,36,85,1,-3,56.544998
459,67,532,204,37,102,1,1,55.567001
459,68,249,217,50,89,1,-2,55.585999
459,69,371,219,24,68,1,-1,58.502998
459,70,314,223,34,72,1,-2,57.041000
459,71,299,244,24,51,0,-2,57.015999
459,72,571,210,38,102,1,1,54.916000
459,73,227,225,28,57,0,-4,59.365002
459,74,268,215,36,86,1,-2,56.167999
459,75,365,227,17,58,0,-1,58.926998
460,47,335,217,47,89,1,-1,55.891998
460,48,376,244,34,62,1,-1,55.901001
460,61,198,212,31,85,1,-4,56.812000
460,67,530,204,45,104,1,1,55.556999
460,68,246,219,49,89,1,-2,55.598000
460,69,376,223,25,66,1,0,58.424999
460,70,318,225,34,70,1,-2,57.321999
460,71,299,246,24,51,0,-2,56.993000
460,72,575,212,38,104,1,1,54.747002
460,73,232,229,23,56,0,-3,59.046001
460,74,270,215,38,91,1,-2,55.833000
460,75,367,227,19,60,1,-1,58.833000
461,47,338,219,46,87,1,-1,56.061001
461,48,378,249,36,57,0,-1,56.070999
461,61,193,215,34,84,1,-4,56.700001
461,67,541,206,38,106,1,0,55.320000
461,68,249,221,40,87,1,-3,55.752998
461,69,382,223,19,68,1,-1,58.256001
461,70,325,225,27,72,1,-2,57.209999
461,71,304,249,19,48,0,-2,57.181999
461,72,583,210,41,108,1,1,54.730000
461,73,236,229,21,58,0,-3,58.834000
461,74,276,215,36,89,1,-2,56.230000
461,75,369,227,19,62,1,-1,58.640999
462,47,340,217,46,89,1,-1,56.125000
462,48,382,246,34,62,1,-1,55.922001
462,61,198,215,31,84,1,-4,56.744999
462,67,547,208,38,104,1,1,55.402000
462,68,246,219,36,91,1,-3,55.602001
462,69,386,225,21,68,1,-1,57.943001
462,70,327,221,30,76,1,-2,57.261002
462,71,306,244,21,55,0,-2,56.945999
462,72,588,212,40,106,1,1,54.820999
462,73,236,229,32,58,0,-3,58.859001
462,74,278,217,38,89,1,-2,56.061001
462,75,374,227,19,62,1,-1,58.681999
463,47,342,219,46,89,1,-1,55.888000
463,61,198,212,31,87,1,-4,56.675999
463,68,240,221,40,89,1,-3,55.580002
463,70,327,227,30,70,1,-2,57.175999
463,71,308,251,21,46,0,-2,57.147999
463,75,374,229,23,60,1,-1,58.528000
463,76,240,236,17,49,0,-3,59.083000
463,77,282,215,39,91,1,-2,56.035000
463,78,390,225,24,66,1,0,58.172001
463,79,388,249,30,57,0,-1,56.110001
463,80,548,208,43,106,1,0,55.230000
463,81,592,212,42,109,1,1,54.624001
464,47,342,219,48,85,1,-1,56.130001
464,61,200,212,29,87,1,-3,56.465000
464,68,236,219,42,91,1,-3,55.438000
464,70,329,223,30,72,1,-2,57.199001
464,71,310,251,21,46,0,-2,56.903999
464,75,374,229,21,58,0,-1,58.528999
464,77,282,215,41,93,1,-2,55.679001
464,78,390,223,22,66,1,0,58.180000
464,79,384,244,36,64,1,-1,55.744999
464,80,558,204,34,108,1,0,55.276001
464,81,598,208,40,115,1,1,54.409000
465,47,344,215,44,89,1,-1,55.986000
465,61,200,212,27,87,1,-3,56.291000
465,68,229,219,49,93,1,-3,55.174000
465,70,331,223,28,74,1,-2,56.728001
465,71,312,251,19,46,0,-2,56.702999
465,75,374,223,25,64,1,-1,58.194000
465,77,285,215,42,93,1,-2,55.568001
465,79,382,244,38,62,1,-1,55.808998
465,80,566,204,39,106,1,1,55.344002
465,81,600,212,38,109,1,1,54.499001
465,82,215,219,19,70,1,-4,57.599998
465,83,280,229,28,64,1,-2,57.172001
466,47,348,221,45,85,1,-1,55.953999
466,61,202,215,30,84,1,-3,56.449001
466,68,232,219,44,91,1,-3,55.470001
466,70,329,225,30,72,1,-2,56.901001
466,71,314,255,19,40,0,-2,57.127998
466,75,376,227,25,62,1,-1,58.074001
466,77,291,215,40,93,1,-2,55.719002
466,79,390,246,32,60,1,-1,55.970001
466,80,571,204,36,110,1,0,55.179001
466,81,602,204,36,117,1,1,54.646000
466,82,215,219,21,72,1,-4,57.480999
466,83,285,229,25,68,1,-2,56.838001
467,47,350,221,43,85,1,-1,55.972000
467,61,193,212,36,87,1,-4,56.426998
467,68,232,215,44,95,1,-3,55.487000
467,70,333,225,26,72,1,-2,56.898998
467,75,376,229,25,60,1,-1,58.049999
467,77,299,215,39,95,1,-2,55.575001
467,79,386,246,36,62,1,-1,55.806999
467,80,577,204,40,110,1,1,55.216000
467,81,607,206,31,117,1,1,54.571999
467,82,217,217,19,74,1,-4,57.452000
467,83,289,227,25,72,1,-2,56.606998
467,84,253,229,19,56,0,-3,58.493999
468,47,350,217,43,91,1,-1,55.891998
468,61,200,215,32,84,1,-3,56.542999
468,68,225,217,47,95,1,-3,55.424999
468,70,331,223,30,74,1,-2,56.998001
468,75,376,225,29,62,1,-1,58.474998
468,77,304,212,36,100,1,-2,55.521000
468,79,388,244,34,64,1,-1,55.907001
468,80,585,202,41,114,1,1,55.155998
468,81,615,206,23,117,1,1,54.667000
468,82,217,217,19,74,1,-4,57.555000
468,83,287,232,29,55,0,-2,58.341000
468,84,259,227,17,60,1,-3,58.265999
469,47,350,217,47,89,1,-1,56.167999
469,61,202,210,30,91,1,-3,56.437000
469,68,223,217,42,95,1,-3,55.515999
469,70,333,223,30,74,1,-2,57.095001
469,75,380,227,23,60,1,-1,58.566002
469,77,306,212,38,102,1,-2,55.467999
469,79,390,244,34,64,1,-1,56.001999
469,80,590,204,42,112,1,1,55.240002
469,81,619,204,19,121,1,0,54.638000
469,82,219,215,17,74,1,-4,57.951000
469,83,291,229,27,58,0,-2,58.444000
469,84,257,225,25,60,1,-3,58.712002
470,47,352,219,47,87,1,-1,56.317001
470,61,202,210,27,91,1,-4,56.582001
470,68,217,217,38,97,1,-3,55.487000
470,70,333,217,30,80,1,-2,57.257999
470,75,384,227,23,62,1,-1,58.426998
470,77,314,210,36,104,1,-2,55.611000
470,79,393,246,34,62,1,-1,56.147999
470,80,596,206,40,112,1,1,55.230000
470,83,293,229,25,58,0,-2,58.633999
470,84,259,227,28,60,1,-3,58.564999
471,47,354,217,45,87,1,-1,56.484001
471,61,202,210,30,89,1,-4,56.749001
471,68,217,217,36,95,1,-3,55.624001
471,70,344,227,21,68,1,-2,57.456001
471,75,382,227,25,60,1,-1,58.660000
471,77,310,208,42,106,1,-2,55.605000
471,79,395,244,34,64,1,-1,56.134998
471,80,602,200,36,121,1,0,55.049999
471,83,295,229,26,56,0,-2,58.868999
471,84,261,227,26,58,0,-3,58.791000
472,47,352,217,49,89,1,-1,56.430000
472,61,200,210,29,89,1,-4,56.891998
472,68,204,217,47,97,1,-3,55.598000
472,75,384,225,26,64,1,-1,58.490002
472,77,318,208,43,110,1,-2,55.459000
472,79,395,246,34,62,1,-1,56.264999
472,80,607,200,31,118,1,1,55.359001
472,83,295,229,28,56,0,-2,59.037998
472,84,263,229,24,56,0,-3,58.963001
473,47,357,215,46,89,1,-1,56.596001
473,61,200,208,25,91,1,-4,56.853001
473,68,198,215,55,97,1,-3,55.749001
473,75,384,225,28,62,1,-1,58.695000
473,77,318,206,47,112,1,-2,55.476002
473,79,397,244,36,64,1,-1,56.254002
473,80,618,200,19,118,1,1,55.373001
473,83,297,227,26,55,0,-2,59.445000
473,84,263,225,26,57,0,-3,59.369999
474,47,363,215,42,89,1,-1,56.585999
474,68,193,212,58,102,1,-3,55.610001
474,75,386,225,28,62,1,-1,58.604000
474,77,325,208,49,113,1,-2,55.318001
474,79,397,244,38,64,1,-1,56.255001
474,83,297,227,32,55,0,-2,59.313000
474,84,270,225,23,57,0,-3,59.243999
475,47,363,215,42,89,1,-1,56.599998
475,68,200,212,46,102,1,-3,55.646000
475,75,384,223,30,62,1,-1,58.883999
475,77,329,202,49,119,1,-2,55.356998
475,79,397,244,40,62,1,-1,56.439999
475,83,301,227,26,55,0,-2,59.271000
475,84,270,225,23,57,0,-3,59.203999
475,85,454,232,19,53,0,0,58.918999
476,47,369,217,38,87,1,-1,56.957001
476,68,191,210,41,104,1,-3,55.925999
476,75,393,221,19,66,1,-1,59.070000
476,77,333,200,53,121,1,-2,55.645000
476,79,403,242,38,66,1,-1,56.610001
476,83,306,227,21,55,0,-2,59.833000
476,84,274,225,30,57,0,-3,59.773998
476,85,458,229,19,56,0,0,59.439999
476,86,217,215,21,74,1,-4,58.464001
477,47,371,215,39,89,1,-1,56.972000
477,68,187,210,38,102,1,-3,56.084000
477,75,390,221,28,66,1,-1,59.063000
477,77,335,196,53,127,1,-2,55.551998
477,79,403,240,38,66,1,-1,56.799999
477,83,306,227,23,53,0,-2,60.220001
477,84,278,223,28,59,1,-3,59.771999
477,85,458,227,19,55,0,0,59.980999
477,86,219,212,19,77,1,-4,58.474998
478,47,331,219,28,72,1,-2,58.270000
478,68,181,206,44,106,1,-3,56.054001
478,75,390,217,26,68,1,-1,59.201000
478,77,334,196,75,129,1,-2,55.462002
478,79,405,240,36,64,1,-1,56.937000
478,83,304,223,25,55,0,-2,60.333000
478,84,280,223,28,57,0,-3,59.888000
478,85,463,227,19,55,0,0,59.764000
478,86,217,208,21,81,1,-4,58.304001
478,87,318,246,32,45,0,-2,58.255001
479,47,331,217,30,76,1,-2,57.981998
479,68,179,208,40,102,1,-4,56.183998
479,75,390,215,28,67,1,-1,59.625999
479,77,342,191,70,134,1,-2,55.485001
479,79,405,238,36,68,1,-1,56.759998
479,83,308,223,21,53,0,-2,60.632000
479,84,278,219,30,59,1,-3,60.158001
479,85,464,227,19,53,0,0,60.054001
479,86,217,206,23,79,1,-4,58.798000
479,87,316,244,36,47,0,-2,58.207001
479,88,202,200,23,95,1,-4,57.511002
480,47,331,212,32,66,1,-2,59.798000
480,68,172,202,49,106,1,-4,56.208000
480,75,395,215,23,65,1,-1,59.557999
480,77,350,191,57,136,1,-2,55.352001
480,79,403,236,38,70,1,-1,56.638000
480,83,308,219,23,55,0,-2,60.491001
480,84,285,217,25,57,0,-3,60.431999
480,85,468,221,17,59,1,0,59.634998
480,86,217,200,21,85,1,-4,58.452000
480,87,318,240,30,49,0,-2,58.176998
480,88,202,196,25,99,1,-4,57.298000
481,47,331,210,34,77,1,-2,58.592999
481,68,168,198,51,112,1,-4,56.175999
481,75,403,219,19,63,1,-1,59.401001
481,77,354,187,58,144,1,-2,55.261002
481,79,407,234,36,67,1,-1,57.161999
481,83,306,221,27,53,0,-2,60.686001
481,84,289,217,23,57,0,-3,60.636002
481,86,217,202,21,80,1,-4,59.027000
481,87,318,240,28,49,0,-2,58.314999
481,88,200,196,25,97,1,-4,57.623001
481,89,460,206,26,87,1,0,57.974998
482,47,333,210,34,75,1,-2,58.959000
482,68,170,198,47,110,1,-4,56.400002
482,77,361,179,55,152,1,-1,55.367001
482,79,410,232,33,69,1,-1,57.266998
482,83,312,217,23,55,0,-2,61.210999
482,84,291,212,25,60,1,-3,61.152000
482,86,215,202,25,78,1,-4,59.408001
482,87,321,238,27,49,0,-2,58.662998
482,88,200,196,27,95,1,-4,57.919998
482,89,460,206,36,85,1,0,58.317001
483,47,331,210,34,77,1,-2,59.075001
483,68,164,198,48,112,1,-4,56.497002
483,77,363,176,64,159,1,-1,55.391998
483,79,410,234,36,70,1,-1,57.294998
483,83,310,221,25,53,0,-2,61.335999
483,84,293,215,25,59,1,-3,61.284000
483,86,217,202,23,80,1,-4,59.526001
483,87,318,240,30,49,0,-2,58.778999
483,88,200,196,29,99,1,-4,57.821999
483,89,465,206,38,87,1,0,58.435001
484,47,335,210,32,77,1,-2,59.164001
484,68,153,196,53,112,1,-4,56.715000
484,77,374,176,61,162,1,-1,55.367001
484,79,418,238,30,66,1,-1,57.387001
484,83,318,219,20,51,0,-2,62.417000
484,84,297,217,24,55,0,-3,61.839001
484,86,215,202,25,80,1,-4,59.611000
484,87,318,238,32,51,0,-2,58.866001
484,88,196,193,38,100,1,-4,58.129002
484,89,467,208,36,85,1,0,58.516998
485,47,331,210,36,77,1,-2,59.411999
485,68,155,196,43,116,1,-4,56.590000
485,77,376,176,72,170,1,-1,55.187000
485,83,314,217,24,55,0,-2,62.278999
485,84,295,217,28,55,0,-3,62.223000
485,86,215,202,27,80,1,-4,59.884998
485,87,316,238,32,51,0,-2,59.101002
485,88,196,193,38,102,1,-4,58.118999
485,89,467,206,38,87,1,0,58.742001
486,47,333,210,36,77,1,-2,59.875000
486,68,147,193,46,119,1,-4,56.834000
486,77,382,176,74,176,1,-1,55.166000
486,83,314,219,28,57,0,-2,61.970001
486,84,295,217,28,55,0,-3,62.966000
486,86,215,202,29,80,1,-4,60.388000
486,87,318,238,30,51,0,-2,59.535999
486,88,196,191,38,104,1,-4,58.476002
486,89,473,204,34,89,1,0,59.148998
486,90,376,204,36,70,1,-1,62.671001
487,47,333,212,34,77,1,-2,60.199001
487,68,145,196,46,118,1,-4,57.033001
487,77,401,172,62,187,1,-1,55.148998
487,83,316,219,24,49,0,-3,65.779999
487,84,297,215,26,59,1,-3,63.493000
487,86,212,202,28,83,1,-4,60.556000
487,87,318,240,30,49,0,-2,60.165001
487,88,198,196,38,101,1,-4,58.751999
487,89,482,206,36,91,1,0,59.147999
487,90,376,204,40,91,1,-1,59.365002
488,47,333,212,34,77,1,-2,61.094002
488,68,143,198,44,120,1,-4,57.180000
488,77,405,168,70,195,1,-1,55.269001
488,83,321,221,19,42,0,-3,71.601997
488,84,301,217,22,59,1,-3,64.408997
488,86,215,202,25,85,1,-4,61.160000
488,87,318,242,26,49,0,-2,60.682999
488,88,193,193,41,104,1,-4,59.438000
488,89,486,206,36,91,1,0,59.814999
488,90,380,206,40,95,1,-1,59.250000
489,47,333,215,36,76,1,-2,61.049000
489,68,140,196,45,122,1,-4,57.362000
489,77,416,162,70,205,1,-1,55.262001
489,84,304,217,23,57,0,-3,65.808998
489,86,210,202,32,85,1,-4,61.530998
489,87,314,242,32,51,0,-2,60.647999
489,88,193,193,34,106,1,-4,59.428001
489,89,492,206,30,91,1,0,60.076000
489,90,379,208,47,96,1,-1,59.119999
490,47,335,212,32,79,1,-2,61.048000
490,68,134,198,49,123,1,-4,57.235001
490,77,424,155,75,216,1,-1,55.223000
490,84,304,217,25,59,1,-3,64.929001
490,86,212,202,26,87,1,-4,61.174000
490,87,312,242,32,51,0,-2,60.661999
490,88,193,191,34,110,1,-4,59.248001
490,89,494,204,38,91,1,0,60.341000
490,90,384,202,49,99,1,-1,59.518002
491,47,333,210,34,81,1,-2,60.855999
491,68,130,196,49,125,1,-4,57.168999
491,77,435,149,81,235,1,-1,54.951000
491,84,306,219,23,57,0,-3,64.426003
491,86,212,200,26,87,1,-4,61.269001
491,87,316,242,26,49,0,-2,60.818001
491,88,193,191,34,108,1,-4,59.337002
491,89,503,206,38,93,1,0,59.698002
491,90,382,208,49,93,1,-1,59.438000
491,91,422,238,28,68,1,-1,58.868999
492,47,333,212,38,79,1,-2,60.762001
492,68,128,196,46,125,1,-4,57.174000
492,77,450,153,99,244,1,-1,54.771000
492,84,310,217,23,57,0,-3,64.785004
492,86,212,200,32,89,1,-4,60.757000
492,87,316,240,28,51,0,-2,60.716000
492,88,191,189,36,112,1,-4,59.034000
492,90,386,208,49,96,1,-1,59.074001
492,91,422,238,34,68,1,-1,58.875000
493,47,335,212,36,77,1,-2,61.030998
493,68,128,191,42,130,1,-4,57.223000
493,77,463,147,101,260,1,-1,54.658001
493,84,308,217,30,57,0,-3,64.563004
493,86,212,196,32,91,1,-4,61.063999
493,87,314,240,30,51,0,-2,60.653999
493,88,189,189,36,110,1,-4,59.264999
493,90,386,208,49,96,1,-1,59.053001
493,91,424,236,34,70,1,-1,58.856998
494,47,333,208,41,81,1,-2,60.870998
494,68,121,191,45,130,1,-4,57.223000
494,77,477,138,104,278,1,-1,54.589001
494,84,314,215,26,59,1,-3,64.178001
494,86,212,196,30,91,1,-4,60.902000
494,87,314,236,32,55,0,-2,60.516998
494,88,191,189,36,112,1,-4,58.987999
494,90,380,206,55,95,1,-1,59.310001
494,91,424,236,39,70,1,-1,58.806000
495,47,338,208,38,81,1,-2,60.964001
495,68,119,187,45,131,1,-4,57.466999
495,77,494,126,111,296,1,-1,54.609001
495,84,312,212,34,64,1,-3,63.651001
495,86,210,196,34,89,1,-4,61.275002
495,87,316,238,32,51,0,-2,60.910999
495,88,189,185,36,114,1,-4,59.247002
495,90,386,204,51,100,1,-1,59.104000
495,91,429,236,36,70,1,-1,58.925999
496,47,338,208,38,81,1,-2,61.172001
496,68,111,185,48,133,1,-5,57.591999
496,77,520,113,118,316,1,-1,54.640999
496,84,314,212,34,47,0,-3,72.088997
496,86,210,191,36,94,1,-4,61.465000
496,87,312,236,34,51,0,-2,61.445999
496,88,189,183,36,114,1,-4,59.637001
496,90,388,198,49,103,1,-1,59.613998
496,91,431,236,38,68,1,-1,59.317001
496,92,293,215,25,55,0,-3,65.765999
496,93,420,208,28,70,1,0,63.674999
496,94,507,217,25,65,1,1,62.799999
497,47,335,208,43,79,1,-2,61.528000
497,68,107,187,48,131,1,-5,57.645000
497,77,535,96,103,350,1,-1,54.518002
497,84,316,210,30,53,0,-3,69.111000
497,86,208,191,36,94,1,-4,61.467999
497,87,318,232,24,55,0,-2,61.462002
497,88,187,183,36,114,1,-4,59.669998
497,90,385,200,53,99,1,-1,59.884998
497,91,431,232,36,74,1,-1,59.160999
497,92,289,215,27,53,0,-3,66.459999
497,93,420,206,28,74,1,0,63.145000
497,94,509,219,28,66,1,0,62.151001
497,95,528,198,34,99,1,0,60.198002
498,47,342,206,36,81,1,-2,61.401001
498,68,104,185,47,133,1,-5,57.662998
498,77,558,121,80,325,1,-1,54.618000
498,84,318,210,28,45,0,-3,74.161003
498,86,208,189,34,93,1,-5,61.859001
498,87,316,234,26,51,0,-3,61.667999
498,88,185,181,36,118,1,-4,59.398998
498,90,388,198,51,101,1,-1,59.835999
498,91,433,229,38,75,1,-1,59.335999
498,92,291,212,25,56,0,-3,65.988998
498,93,420,206,26,74,1,0,62.918999
498,94,511,215,26,70,1,0,61.993000
498,95,532,196,39,99,1,0,60.396999
499,47,340,204,38,83,1,-2,61.507999
499,68,97,181,55,137,1,-5,57.778000
499,84,321,210,27,58,0,-3,66.233002
499,86,206,187,30,95,1,-5,61.948002
499,87,310,229,34,58,0,-3,61.431000
499,88,185,176,36,121,1,-4,59.730000
499,90,386,198,53,101,1,-1,59.952000
499,91,431,232,40,72,1,-1,59.453999
499,92,285,212,33,56,0,-3,66.056999
499,93,420,204,28,74,1,0,63.495998
499,94,511,215,32,67,1,1,62.712002
499,95,539,196,36,101,1,0,60.252998
500,47,340,206,38,81,1,-2,61.653999
500,68,89,181,57,140,1,-5,57.699001
500,84,318,212,30,56,0,-3,66.408997
500,86,206,189,28,93,1,-5,62.075001
500,87,312,232,30,55,0,-3,61.573002
500,88,181,179,38,120,1,-4,59.630001
500,90,388,193,53,106,1,-1,60.092999
500,91,431,232,40,72,1,-1,59.591999
500,92,285,210,31,58,0,-3,66.223999
500,93,422,206,28,74,1,0,63.198002
500,94,511,212,34,73,1,0,62.277000
500,95,545,193,34,104,1,0,60.405998
500,96,460,210,22,75,1,0,62.217999
501,47,340,202,38,83,1,-2,62.167000
501,68,81,176,64,147,1,-5,57.708000
501,84,318,208,30,60,1,-3,66.667000
501,86,204,187,32,95,1,-5,62.270000
501,87,310,232,30,53,0,-3,62.078999
501,88,179,176,38,123,1,-4,59.777000
501,90,390,196,49,103,1,-1,60.226002
501,91,431,229,40,72,1,-1,60.030998
501,92,285,210,31,58,0,-3,66.489998
501,93,420,204,28,74,1,0,63.846001
501,94,516,212,31,70,1,1,63.037998
501,95,545,191,36,106,1,0,60.521000
