1,-1,500.0,158.0,31.0,70.3,93.672997
1,-1,246.0,218.0,40.3,91.4,69.358002
1,-1,648.0,238.0,36.7,83.3,55.955002
2,-1,495.0,158.0,31.0,70.3,98.283997
2,-1,245.0,215.0,43.5,98.6,48.033001
2,-1,637.0,245.0,33.7,76.5,33.712002
2,-1,504.0,162.0,31.0,70.3,28.764999
3,-1,495.0,158.0,31.0,70.3,102.570000
3,-1,625.0,238.0,36.7,83.3,46.022999
3,-1,263.0,219.0,33.7,76.5,43.168999
4,-1,490.0,162.0,31.0,70.3,96.389000
4,-1,275.0,215.0,36.7,83.3,87.916000
4,-1,616.0,245.0,33.7,76.5,70.806000
5,-1,490.0,162.0,31.0,70.3,95.323997
5,-1,277.0,211.0,40.3,91.4,92.124001
5,-1,603.0,238.0,36.7,83.3,53.417999
5,-1,481.0,167.0,31.0,70.3,11.024000
6,-1,485.0,167.0,31.0,70.3,94.799004
6,-1,284.0,213.0,33.7,76.5,83.457001
6,-1,592.0,238.0,36.7,83.3,52.206001
7,-1,481.0,162.0,33.7,76.5,96.577003
7,-1,283.0,211.0,40.3,91.4,90.788002
7,-1,580.0,238.0,36.7,83.3,60.875000
8,-1,292.0,215.0,36.7,83.3,100.330002
8,-1,476.0,167.0,31.0,70.3,100.059998
8,-1,580.0,238.0,36.7,83.3,58.675999
8,-1,485.0,172.0,31.0,70.3,17.716999
9,-1,476.0,167.0,31.0,70.3,100.800003
9,-1,298.0,210.0,36.7,83.3,87.717003
9,-1,569.0,238.0,36.7,83.3,66.694000
10,-1,471.0,167.0,31.0,70.3,105.080002
10,-1,304.0,210.0,36.7,83.3,66.988998
10,-1,558.0,238.0,36.7,83.3,45.176998
11,-1,466.0,167.0,33.7,76.5,100.339996
11,-1,541.0,238.0,36.7,83.3,68.249001
11,-1,309.0,210.0,36.7,83.3,53.437000
12,-1,462.0,167.0,31.0,70.3,83.425003
12,-1,535.0,238.0,36.7,83.3,76.137001
12,-1,315.0,210.0,36.7,83.3,50.162998
12,-1,743.0,349.0,26.0,59.0,18.348000
13,-1,326.0,208.0,33.7,76.5,83.558998
13,-1,524.0,238.0,36.7,83.3,82.249001
13,-1,457.0,172.0,31.0,70.3,66.456001
13,-1,739.0,349.0,26.0,59.0,24.448999
14,-1,332.0,198.0,36.7,83.3,88.128998
14,-1,507.0,238.0,36.7,83.3,82.720001
14,-1,445.0,172.0,33.7,76.5,69.079002
14,-1,726.0,289.0,52.0,118.0,44.370998
14,-1,455.0,167.0,33.7,76.5,21.683001
14,-1,431.0,184.0,28.4,64.4,20.180000
15,-1,337.0,198.0,36.7,83.3,99.001999
15,-1,445.0,172.0,33.7,76.5,79.435997
15,-1,501.0,238.0,36.7,83.3,67.431000
15,-1,722.0,293.0,47.5,107.7,65.834999
15,-1,431.0,184.0,28.4,64.4,27.608000
16,-1,337.0,198.0,36.7,83.3,103.650002
16,-1,433.0,164.0,36.7,83.3,83.981003
16,-1,496.0,238.0,36.7,83.3,70.984001
16,-1,722.0,285.0,47.5,107.7,61.801998
16,-1,708.0,293.0,47.5,107.7,20.149000
17,-1,339.0,193.0,40.3,91.4,95.630997
17,-1,435.0,172.0,33.7,76.5,81.153999
17,-1,484.0,238.0,36.7,83.3,73.689003
17,-1,715.0,278.0,47.5,107.7,58.926998
17,-1,424.0,167.0,33.7,76.5,17.524000
18,-1,349.0,193.0,36.7,83.3,87.536003
18,-1,467.0,238.0,36.7,83.3,74.612000
18,-1,708.0,278.0,47.5,107.7,55.970001
18,-1,429.0,172.0,33.7,76.5,52.300999
18,-1,733.0,282.0,43.5,98.6,20.052999
19,-1,456.0,232.0,36.7,83.3,90.505997
19,-1,363.0,217.0,26.0,59.0,81.658997
19,-1,700.0,285.0,47.5,107.7,51.326000
19,-1,431.0,184.0,28.4,64.4,43.025002
19,-1,733.0,282.0,43.5,98.6,25.507000
19,-1,355.0,213.0,26.0,59.0,23.693001
19,-1,359.0,197.0,26.0,59.0,8.263500
20,-1,450.0,232.0,36.7,83.3,87.889999
20,-1,361.0,210.0,28.4,64.4,72.470001
20,-1,693.0,278.0,47.5,107.7,57.189999
20,-1,729.0,286.0,40.3,91.4,51.375000
20,-1,352.0,214.0,28.4,64.4,5.539400
21,-1,439.0,232.0,36.7,83.3,79.853996
21,-1,360.0,193.0,36.7,83.3,76.535004
21,-1,686.0,275.0,43.5,98.6,72.075996
21,-1,721.0,277.0,36.7,83.3,49.668999
21,-1,673.0,282.0,43.5,98.6,19.615000
22,-1,360.0,187.0,36.7,83.3,82.671997
22,-1,680.0,275.0,43.5,98.6,72.727997
22,-1,432.0,224.0,40.3,91.4,61.105000
22,-1,716.0,283.0,36.7,83.3,51.021000
22,-1,403.0,173.0,26.0,59.0,13.896000
23,-1,360.0,187.0,36.7,83.3,85.005997
23,-1,680.0,275.0,43.5,98.6,68.883003
23,-1,429.0,234.0,33.7,76.5,67.566002
23,-1,716.0,283.0,36.7,83.3,42.137001
23,-1,666.0,269.0,43.5,98.6,29.414000
23,-1,395.0,177.0,31.0,70.3,28.433001
23,-1,371.0,193.0,36.7,83.3,27.490999
24,-1,666.0,269.0,43.5,98.6,82.623001
24,-1,366.0,187.0,36.7,83.3,65.386002
24,-1,700.0,269.0,43.5,98.6,43.639999
24,-1,390.0,181.0,31.0,70.3,41.862000
24,-1,405.0,181.0,61.5,139.6,25.500999
24,-1,653.0,275.0,43.5,98.6,23.077999
24,-1,580.0,29.0,36.7,83.3,6.382000
25,-1,661.0,273.0,40.3,91.4,64.025002
25,-1,366.0,187.0,36.7,83.3,58.404999
25,-1,693.0,262.0,43.5,98.6,57.098000
25,-1,383.0,172.0,33.7,76.5,30.816000
25,-1,396.0,171.0,61.5,139.6,27.556999
26,-1,688.0,272.0,36.7,83.3,69.142998
26,-1,659.0,262.0,43.5,98.6,61.904999
26,-1,370.0,180.0,40.3,91.4,54.025002
26,-1,400.0,198.0,47.5,107.7,32.127998
27,-1,688.0,272.0,36.7,83.3,66.973999
27,-1,370.0,180.0,40.3,91.4,62.067001
27,-1,653.0,262.0,43.5,98.6,59.925999
27,-1,391.0,176.0,56.7,128.7,44.634998
27,-1,666.0,269.0,43.5,98.6,4.279900
28,-1,680.0,261.0,40.3,91.4,80.722000
28,-1,646.0,262.0,43.5,98.6,71.489998
28,-1,371.0,181.0,36.7,83.3,62.959000
28,-1,407.0,245.0,26.0,59.0,41.095001
28,-1,383.0,187.0,36.7,83.3,30.038000
28,-1,659.0,269.0,43.5,98.6,7.360100
29,-1,371.0,181.0,36.7,83.3,72.143997
29,-1,633.0,255.0,43.5,98.6,66.213997
29,-1,400.0,236.0,28.4,64.4,45.398998
29,-1,667.0,261.0,40.3,91.4,41.441002
29,-1,649.0,267.0,40.3,91.4,30.986000
29,-1,376.0,211.0,40.3,91.4,2.350200
30,-1,633.0,255.0,43.5,98.6,84.023003
30,-1,371.0,181.0,36.7,83.3,66.705002
30,-1,666.0,249.0,43.5,98.6,55.886002
30,-1,382.0,211.0,40.3,91.4,39.813000
30,-1,395.0,205.0,40.3,91.4,31.343000
30,-1,619.0,262.0,43.5,98.6,14.693000
31,-1,630.0,261.0,40.3,91.4,79.176003
31,-1,377.0,181.0,36.7,83.3,70.742996
31,-1,659.0,249.0,43.5,98.6,60.478001
31,-1,396.0,227.0,28.4,64.4,57.627998
31,-1,618.0,255.0,40.3,91.4,28.841000
31,-1,643.0,267.0,40.3,91.4,12.172000
32,-1,377.0,181.0,36.7,83.3,82.439003
32,-1,624.0,255.0,40.3,91.4,77.611000
32,-1,654.0,255.0,36.7,83.3,47.530998
32,-1,395.0,224.0,31.0,70.3,39.117001
32,-1,612.0,261.0,40.3,91.4,35.820999
32,-1,383.0,223.0,28.4,64.4,6.651800
33,-1,613.0,249.0,43.5,98.6,94.167000
33,-1,377.0,181.0,36.7,83.3,74.247002
33,-1,635.0,242.0,47.5,107.7,58.139000
33,-1,399.0,195.0,43.5,98.6,31.518000
33,-1,382.0,205.0,40.3,91.4,14.433000
34,-1,612.0,249.0,40.3,91.4,81.594002
34,-1,376.0,174.0,40.3,91.4,70.179001
34,-1,633.0,242.0,43.5,98.6,67.613998
34,-1,599.0,255.0,40.3,91.4,27.545000
34,-1,399.0,195.0,43.5,98.6,19.327999
34,-1,364.0,180.0,40.3,91.4,13.356000
34,-1,382.0,199.0,40.3,91.4,12.158000
35,-1,630.0,249.0,40.3,91.4,82.776001
35,-1,605.0,249.0,40.3,91.4,78.186996
35,-1,377.0,181.0,36.7,83.3,63.693001
35,-1,618.0,255.0,40.3,91.4,41.452000
35,-1,366.0,176.0,36.7,83.3,21.336000
35,-1,401.0,193.0,40.3,91.4,16.257000
35,-1,388.0,176.0,36.7,83.3,0.013304
36,-1,626.0,242.0,43.5,98.6,86.952003
36,-1,599.0,242.0,43.5,98.6,74.299004
36,-1,370.0,174.0,40.3,91.4,65.639000
36,-1,382.0,180.0,40.3,91.4,35.023998
36,-1,613.0,249.0,43.5,98.6,23.636000
36,-1,399.0,188.0,43.5,98.6,17.212999
36,-1,580.0,29.0,36.7,83.3,4.907200
37,-1,613.0,242.0,43.5,98.6,90.531998
37,-1,370.0,174.0,40.3,91.4,79.092003
37,-1,593.0,242.0,43.5,98.6,73.454002
37,-1,388.0,181.0,36.7,83.3,37.522999
37,-1,626.0,235.0,43.5,98.6,30.412001
37,-1,407.0,193.0,40.3,91.4,26.490000
38,-1,592.0,249.0,36.7,83.3,83.684998
38,-1,371.0,176.0,36.7,83.3,83.570999
38,-1,390.0,191.0,31.0,70.3,69.849998
38,-1,612.0,242.0,40.3,91.4,69.403999
38,-1,407.0,193.0,40.3,91.4,21.033001
38,-1,360.0,170.0,36.7,83.3,15.729000
38,-1,580.0,255.0,36.7,83.3,11.943000
39,-1,366.0,176.0,36.7,83.3,87.195000
39,-1,587.0,242.0,40.3,91.4,79.834999
39,-1,390.0,191.0,31.0,70.3,67.691002
39,-1,606.0,229.0,43.5,98.6,65.502998
39,-1,574.0,236.0,40.3,91.4,18.302000
39,-1,422.0,187.0,36.7,83.3,12.563000
39,-1,580.0,29.0,36.7,83.3,5.604600
40,-1,575.0,238.0,36.7,83.3,78.047997
40,-1,367.0,177.0,33.7,76.5,74.014999
40,-1,599.0,236.0,40.3,91.4,62.966999
40,-1,395.0,191.0,31.0,70.3,55.799000
40,-1,426.0,180.0,40.3,91.4,46.050999
40,-1,378.0,182.0,33.7,76.5,38.492001
40,-1,587.0,242.0,40.3,91.4,20.520000
40,-1,563.0,244.0,36.7,83.3,8.820600
40,-1,406.0,182.0,43.5,98.6,5.030800
41,-1,568.0,236.0,40.3,91.4,95.185997
41,-1,593.0,236.0,40.3,91.4,67.218002
41,-1,367.0,177.0,33.7,76.5,66.788002
41,-1,428.0,187.0,36.7,83.3,56.296001
41,-1,388.0,182.0,33.7,76.5,49.987000
41,-1,378.0,187.0,33.7,76.5,8.515000
42,-1,372.0,177.0,33.7,76.5,85.487999
42,-1,562.0,236.0,40.3,91.4,81.931000
42,-1,586.0,229.0,43.5,98.6,77.026001
42,-1,433.0,191.0,31.0,70.3,50.862000
42,-1,389.0,174.0,40.3,91.4,42.015999
42,-1,747.0,285.0,26.0,59.0,14.850000
43,-1,562.0,230.0,40.3,91.4,90.723999
43,-1,587.0,230.0,40.3,91.4,85.057999
43,-1,372.0,177.0,33.7,76.5,73.432999
43,-1,435.0,187.0,33.7,76.5,73.086998
43,-1,383.0,182.0,33.7,76.5,42.606998
43,-1,574.0,236.0,40.3,91.4,38.914001
43,-1,726.0,273.0,52.0,118.0,34.544998
43,-1,550.0,236.0,40.3,91.4,24.330000
43,-1,393.0,187.0,33.7,76.5,23.784000
44,-1,372.0,177.0,33.7,76.5,95.807999
44,-1,438.0,186.0,31.0,70.3,92.817001
44,-1,580.0,227.0,36.7,83.3,89.073997
44,-1,715.0,278.0,47.5,107.7,86.364998
44,-1,550.0,230.0,40.3,91.4,69.599998
44,-1,383.0,182.0,33.7,76.5,26.704000
45,-1,372.0,177.0,33.7,76.5,111.269997
45,-1,440.0,182.0,33.7,76.5,101.000000
45,-1,543.0,230.0,40.3,91.4,84.025002
45,-1,574.0,224.0,40.3,91.4,80.098999
45,-1,713.0,275.0,43.5,98.6,54.575001
45,-1,429.0,187.0,33.7,76.5,17.730000
45,-1,383.0,182.0,33.7,76.5,17.676001
46,-1,442.0,186.0,31.0,70.3,114.410004
46,-1,372.0,177.0,33.7,76.5,104.129997
46,-1,575.0,227.0,36.7,83.3,89.397003
46,-1,708.0,271.0,47.5,107.7,68.265999
46,-1,537.0,224.0,40.3,91.4,62.764999
46,-1,433.0,181.0,31.0,70.3,34.671001
47,-1,371.0,181.0,31.0,70.3,104.339996
47,-1,442.0,181.0,31.0,70.3,102.059998
47,-1,568.0,218.0,40.3,91.4,72.985001
47,-1,531.0,224.0,40.3,91.4,67.147003
47,-1,700.0,271.0,47.5,107.7,66.490997
47,-1,429.0,172.0,33.7,76.5,23.358999
48,-1,367.0,177.0,33.7,76.5,102.910004
48,-1,442.0,181.0,31.0,70.3,100.339996
48,-1,569.0,221.0,36.7,83.3,77.686996
48,-1,524.0,227.0,36.7,83.3,74.359001
48,-1,433.0,177.0,31.0,70.3,65.709999
48,-1,686.0,257.0,52.0,118.0,55.348999
48,-1,378.0,182.0,33.7,76.5,19.832001
49,-1,367.0,177.0,33.7,76.5,109.320000
49,-1,438.0,177.0,31.0,70.3,103.459999
49,-1,563.0,221.0,36.7,83.3,77.709000
49,-1,519.0,224.0,40.3,91.4,66.567001
49,-1,686.0,263.0,47.5,107.7,35.150002
49,-1,428.0,172.0,31.0,70.3,27.195999
49,-1,378.0,182.0,33.7,76.5,21.514000
49,-1,506.0,218.0,40.3,91.4,12.018000
50,-1,367.0,177.0,33.7,76.5,100.809998
50,-1,438.0,177.0,31.0,70.3,87.334000
50,-1,513.0,218.0,40.3,91.4,85.057999
50,-1,558.0,221.0,36.7,83.3,66.498001
50,-1,678.0,249.0,52.0,118.0,34.082001
50,-1,428.0,172.0,31.0,70.3,30.624001
51,-1,367.0,177.0,33.7,76.5,102.419998
51,-1,507.0,221.0,36.7,83.3,77.041000
51,-1,431.0,179.0,28.4,64.4,60.577000
51,-1,546.0,215.0,36.7,83.3,59.966999
51,-1,664.0,256.0,47.5,107.7,50.118999
51,-1,496.0,227.0,36.7,83.3,13.808000
51,-1,695.0,313.0,26.0,59.0,10.509000
52,-1,367.0,177.0,33.7,76.5,103.139999
52,-1,501.0,215.0,36.7,83.3,78.110001
52,-1,544.0,219.0,33.7,76.5,70.553001
52,-1,659.0,262.0,43.5,98.6,61.258999
52,-1,427.0,175.0,28.4,64.4,43.820999
52,-1,400.0,176.0,36.7,83.3,6.724000
53,-1,367.0,177.0,33.7,76.5,97.918999
53,-1,656.0,256.0,47.5,107.7,80.592003
53,-1,541.0,215.0,36.7,83.3,72.255997
53,-1,501.0,215.0,36.7,83.3,61.979000
53,-1,427.0,175.0,28.4,64.4,21.929001
53,-1,490.0,221.0,36.7,83.3,21.169001
54,-1,367.0,177.0,33.7,76.5,99.596001
54,-1,538.0,213.0,33.7,76.5,96.985001
54,-1,653.0,255.0,43.5,98.6,78.178001
54,-1,496.0,215.0,36.7,83.3,57.389000
55,-1,367.0,182.0,33.7,76.5,82.816002
55,-1,529.0,210.0,36.7,83.3,82.652000
55,-1,642.0,249.0,47.5,107.7,74.674004
55,-1,488.0,211.0,40.3,91.4,66.039001
55,-1,382.0,145.0,52.0,118.0,29.346001
55,-1,435.0,137.0,26.0,59.0,9.117700
56,-1,371.0,181.0,31.0,70.3,84.226997
56,-1,484.0,215.0,36.7,83.3,78.735001
56,-1,524.0,204.0,36.7,83.3,75.516998
56,-1,638.0,241.0,52.0,118.0,72.113998
56,-1,394.0,176.0,36.7,83.3,30.407000
57,-1,372.0,177.0,33.7,76.5,87.612999
57,-1,479.0,210.0,36.7,83.3,85.033997
57,-1,523.0,208.0,33.7,76.5,79.205002
57,-1,627.0,242.0,47.5,107.7,64.653999
57,-1,389.0,168.0,40.3,91.4,49.243000
57,-1,362.0,182.0,33.7,76.5,18.514999
58,-1,371.0,176.0,36.7,83.3,85.883003
58,-1,476.0,213.0,33.7,76.5,72.085999
58,-1,518.0,208.0,33.7,76.5,68.992996
58,-1,622.0,233.0,52.0,118.0,42.310001
58,-1,389.0,174.0,40.3,91.4,32.904999
59,-1,376.0,168.0,40.3,91.4,91.607002
59,-1,476.0,219.0,33.7,76.5,81.885002
59,-1,512.0,204.0,36.7,83.3,78.560997
59,-1,620.0,234.0,47.5,107.7,57.180000
59,-1,364.0,174.0,40.3,91.4,35.455002
59,-1,389.0,174.0,40.3,91.4,33.303001
60,-1,371.0,181.0,31.0,70.3,86.408997
60,-1,507.0,204.0,36.7,83.3,71.398003
60,-1,473.0,210.0,36.7,83.3,68.846001
60,-1,613.0,234.0,47.5,107.7,63.700001
60,-1,382.0,174.0,40.3,91.4,42.215000
61,-1,502.0,203.0,33.7,76.5,97.092003
61,-1,467.0,204.0,36.7,83.3,79.233002
61,-1,605.0,234.0,47.5,107.7,78.401001
61,-1,376.0,174.0,40.3,91.4,64.249001
61,-1,361.0,171.0,28.4,64.4,57.305000
61,-1,394.0,181.0,36.7,83.3,14.657000
62,-1,496.0,198.0,36.7,83.3,85.903000
62,-1,605.0,227.0,47.5,107.7,85.831001
62,-1,466.0,203.0,33.7,76.5,75.983002
62,-1,370.0,168.0,40.3,91.4,72.143997
62,-1,352.0,167.0,31.0,70.3,70.109001
62,-1,382.0,174.0,40.3,91.4,35.428001
63,-1,371.0,186.0,31.0,70.3,81.511002
63,-1,496.0,198.0,36.7,83.3,78.952003
63,-1,347.0,167.0,31.0,70.3,71.001999
63,-1,605.0,227.0,47.5,107.7,70.917999
63,-1,466.0,208.0,33.7,76.5,70.002998
63,-1,382.0,174.0,40.3,91.4,33.603001
63,-1,455.0,213.0,33.7,76.5,19.965000
63,-1,484.0,204.0,36.7,83.3,17.537001
64,-1,490.0,198.0,36.7,83.3,93.180000
64,-1,367.0,182.0,33.7,76.5,81.683998
64,-1,599.0,229.0,43.5,98.6,78.584999
64,-1,339.0,171.0,28.4,64.4,75.759003
64,-1,466.0,208.0,33.7,76.5,71.975998
64,-1,379.0,168.0,43.5,98.6,31.929001
64,-1,348.0,175.0,28.4,64.4,23.330999
64,-1,455.0,203.0,33.7,76.5,16.198000
65,-1,331.0,171.0,28.4,64.4,110.900002
65,-1,461.0,203.0,33.7,76.5,75.928001
65,-1,367.0,182.0,33.7,76.5,65.046997
65,-1,490.0,201.0,31.0,70.3,61.888000
65,-1,598.0,220.0,47.5,107.7,57.457001
65,-1,450.0,208.0,33.7,76.5,21.521999
65,-1,382.0,174.0,40.3,91.4,15.700000
66,-1,326.0,171.0,28.4,64.4,132.649994
66,-1,455.0,203.0,33.7,76.5,84.918999
66,-1,484.0,193.0,36.7,83.3,77.499001
66,-1,371.0,181.0,31.0,70.3,74.579002
66,-1,593.0,222.0,43.5,98.6,49.662998
66,-1,382.0,145.0,52.0,118.0,14.773000
66,-1,442.0,210.0,31.0,70.3,12.412000
66,-1,317.0,166.0,28.4,64.4,7.213800
67,-1,317.0,171.0,28.4,64.4,102.230003
67,-1,486.0,198.0,33.7,76.5,81.384003
67,-1,450.0,193.0,36.7,83.3,80.038002
67,-1,371.0,181.0,31.0,70.3,73.523003
67,-1,591.0,212.0,47.5,107.7,72.106003
67,-1,439.0,198.0,36.7,83.3,24.906000
68,-1,311.0,173.0,26.0,59.0,87.184998
68,-1,450.0,198.0,33.7,76.5,81.579002
68,-1,485.0,201.0,31.0,70.3,78.733002
68,-1,367.0,182.0,33.7,76.5,76.861000
68,-1,591.0,212.0,47.5,107.7,63.123001
68,-1,319.0,177.0,26.0,59.0,33.022999
68,-1,440.0,203.0,33.7,76.5,24.077000
68,-1,461.0,203.0,33.7,76.5,23.749001
69,-1,371.0,181.0,31.0,70.3,93.086998
69,-1,304.0,171.0,28.4,64.4,87.867996
69,-1,445.0,193.0,36.7,83.3,78.790001
69,-1,476.0,193.0,33.7,76.5,77.042999
69,-1,586.0,215.0,43.5,98.6,57.745998
69,-1,491.0,217.0,26.0,59.0,15.614000
69,-1,361.0,186.0,31.0,70.3,13.380000
70,-1,476.0,193.0,33.7,76.5,101.669998
70,-1,296.0,171.0,28.4,64.4,95.901001
70,-1,371.0,181.0,31.0,70.3,87.473000
70,-1,444.0,187.0,40.3,91.4,78.389999
70,-1,583.0,205.0,47.5,107.7,57.181000
70,-1,304.0,175.0,28.4,64.4,24.108000
70,-1,432.0,193.0,40.3,91.4,17.065001
71,-1,579.0,208.0,43.5,98.6,89.348999
71,-1,371.0,181.0,31.0,70.3,87.617996
71,-1,473.0,187.0,36.7,83.3,82.033997
71,-1,445.0,193.0,33.7,76.5,76.143997
71,-1,290.0,162.0,31.0,70.3,63.493000
71,-1,435.0,198.0,33.7,76.5,25.617001
71,-1,382.0,145.0,52.0,118.0,18.885000
71,-1,457.0,205.0,31.0,70.3,10.211000
72,-1,439.0,187.0,36.7,83.3,91.914001
72,-1,371.0,181.0,31.0,70.3,87.682999
72,-1,473.0,181.0,36.7,83.3,85.489998
72,-1,287.0,173.0,26.0,59.0,79.705002
72,-1,581.0,211.0,40.3,91.4,74.185997
73,-1,278.0,171.0,28.4,64.4,105.250000
73,-1,371.0,181.0,31.0,70.3,91.946999
73,-1,440.0,187.0,33.7,76.5,89.675003
73,-1,473.0,181.0,36.7,83.3,81.008003
73,-1,573.0,208.0,43.5,98.6,59.743000
74,-1,274.0,171.0,28.4,64.4,106.730003
74,-1,439.0,181.0,36.7,83.3,88.497002
74,-1,473.0,181.0,36.7,83.3,80.970001
74,-1,367.0,177.0,33.7,76.5,78.703003
74,-1,574.0,205.0,40.3,91.4,67.584000
74,-1,382.0,145.0,52.0,118.0,21.546000
74,-1,265.0,175.0,28.4,64.4,16.252001
75,-1,266.0,167.0,31.0,70.3,105.269997
75,-1,439.0,181.0,36.7,83.3,102.279999
75,-1,473.0,181.0,36.7,83.3,81.027000
75,-1,367.0,182.0,33.7,76.5,70.135002
75,-1,574.0,205.0,40.3,91.4,69.299004
75,-1,275.0,177.0,31.0,70.3,15.325000
75,-1,428.0,187.0,36.7,83.3,14.039000
75,-1,382.0,145.0,52.0,118.0,13.572000
76,-1,261.0,171.0,28.4,64.4,105.820000
76,-1,476.0,186.0,31.0,70.3,87.459999
76,-1,438.0,191.0,31.0,70.3,84.589996
76,-1,367.0,182.0,33.7,76.5,75.181000
76,-1,569.0,190.0,47.5,107.7,70.032997
76,-1,269.0,175.0,28.4,64.4,28.757000
76,-1,448.0,184.0,28.4,64.4,12.836000
76,-1,382.0,145.0,52.0,118.0,10.188000
77,-1,261.0,175.0,28.4,64.4,105.110001
77,-1,438.0,186.0,31.0,70.3,80.793999
77,-1,469.0,174.0,40.3,91.4,74.379997
77,-1,371.0,181.0,31.0,70.3,71.998001
77,-1,566.0,195.0,43.5,98.6,53.854000
77,-1,252.0,171.0,28.4,64.4,26.190001
77,-1,447.0,181.0,31.0,70.3,20.301001
78,-1,256.0,175.0,28.4,64.4,112.760002
78,-1,440.0,182.0,33.7,76.5,77.943001
78,-1,476.0,181.0,31.0,70.3,75.228996
78,-1,371.0,181.0,31.0,70.3,67.005997
78,-1,568.0,193.0,40.3,91.4,50.491001
78,-1,429.0,187.0,33.7,76.5,39.851002
78,-1,265.0,171.0,28.4,64.4,39.058998
79,-1,256.0,175.0,28.4,64.4,110.940002
79,-1,440.0,177.0,33.7,76.5,77.896004
79,-1,569.0,198.0,36.7,83.3,73.774002
79,-1,467.0,176.0,36.7,83.3,70.697998
79,-1,367.0,182.0,33.7,76.5,69.358002
79,-1,429.0,182.0,33.7,76.5,13.857000
80,-1,256.0,175.0,28.4,64.4,121.309998
80,-1,471.0,177.0,31.0,70.3,90.681000
80,-1,440.0,172.0,33.7,76.5,88.568001
80,-1,562.0,193.0,40.3,91.4,67.445999
80,-1,371.0,181.0,31.0,70.3,59.287998
80,-1,265.0,179.0,28.4,64.4,38.098999
81,-1,256.0,172.0,31.0,70.3,117.849998
81,-1,471.0,177.0,31.0,70.3,97.198997
81,-1,442.0,181.0,31.0,70.3,86.141998
81,-1,367.0,182.0,33.7,76.5,61.634998
81,-1,562.0,187.0,40.3,91.4,51.875000
81,-1,457.0,181.0,31.0,70.3,18.606001
81,-1,431.0,188.0,28.4,64.4,17.118000
82,-1,256.0,172.0,31.0,70.3,112.220001
82,-1,471.0,177.0,31.0,70.3,96.440002
82,-1,445.0,172.0,33.7,76.5,88.189003
82,-1,562.0,187.0,40.3,91.4,68.138000
82,-1,367.0,182.0,33.7,76.5,53.727001
82,-1,435.0,177.0,33.7,76.5,27.893000
82,-1,455.0,177.0,33.7,76.5,20.745001
82,-1,580.0,29.0,36.7,83.3,10.758000
83,-1,261.0,177.0,31.0,70.3,123.949997
83,-1,475.0,175.0,28.4,64.4,92.847000
83,-1,445.0,172.0,33.7,76.5,92.614998
83,-1,364.0,174.0,40.3,91.4,52.958000
83,-1,564.0,187.0,33.7,76.5,50.161999
83,-1,252.0,172.0,31.0,70.3,24.208000
83,-1,376.0,168.0,40.3,91.4,22.836000
83,-1,466.0,184.0,28.4,64.4,18.346001
83,-1,431.0,189.0,26.0,59.0,8.328900
84,-1,265.0,179.0,28.4,64.4,126.680000
84,-1,476.0,172.0,31.0,70.3,115.180000
84,-1,447.0,172.0,31.0,70.3,78.554001
84,-1,556.0,180.0,40.3,91.4,70.346001
84,-1,364.0,174.0,40.3,91.4,56.188000
84,-1,256.0,175.0,28.4,64.4,37.715000
84,-1,376.0,168.0,40.3,91.4,27.118000
84,-1,431.0,179.0,28.4,64.4,18.010000
84,-1,457.0,181.0,31.0,70.3,13.493000
85,-1,265.0,179.0,28.4,64.4,118.440002
85,-1,476.0,172.0,31.0,70.3,93.195999
85,-1,447.0,172.0,31.0,70.3,86.155998
85,-1,559.0,175.0,43.5,98.6,61.141998
85,-1,367.0,182.0,33.7,76.5,56.938000
85,-1,274.0,184.0,28.4,64.4,35.868999
85,-1,433.0,172.0,31.0,70.3,24.504000
85,-1,256.0,184.0,28.4,64.4,22.006001
86,-1,269.0,184.0,28.4,64.4,120.779999
86,-1,371.0,181.0,31.0,70.3,80.419998
86,-1,481.0,172.0,31.0,70.3,80.179001
86,-1,450.0,167.0,33.7,76.5,79.754997
86,-1,278.0,188.0,28.4,64.4,73.974998
86,-1,556.0,180.0,40.3,91.4,64.695999
86,-1,261.0,188.0,28.4,64.4,22.687000
86,-1,382.0,174.0,40.3,91.4,7.303900
86,-1,435.0,193.0,26.0,59.0,3.775700
87,-1,275.0,181.0,31.0,70.3,134.610001
87,-1,371.0,181.0,31.0,70.3,95.896004
87,-1,481.0,172.0,31.0,70.3,83.821999
87,-1,452.0,167.0,31.0,70.3,74.397003
87,-1,556.0,174.0,40.3,91.4,56.701000
87,-1,266.0,186.0,31.0,70.3,53.761002
87,-1,442.0,172.0,31.0,70.3,34.820999
87,-1,382.0,174.0,40.3,91.4,13.378000
88,-1,275.0,181.0,31.0,70.3,133.220001
88,-1,372.0,177.0,33.7,76.5,99.859001
88,-1,452.0,167.0,31.0,70.3,90.442001
88,-1,481.0,167.0,31.0,70.3,85.610001
88,-1,559.0,168.0,43.5,98.6,65.916000
88,-1,285.0,186.0,31.0,70.3,48.910999
88,-1,362.0,182.0,33.7,76.5,19.837999
88,-1,431.0,179.0,28.4,64.4,13.221000
89,-1,285.0,186.0,31.0,70.3,111.620003
89,-1,372.0,177.0,33.7,76.5,93.737999
89,-1,457.0,162.0,31.0,70.3,81.916000
89,-1,481.0,162.0,31.0,70.3,76.165001
89,-1,562.0,168.0,40.3,91.4,55.643002
89,-1,275.0,181.0,31.0,70.3,34.348000
89,-1,471.0,167.0,31.0,70.3,17.127001
89,-1,362.0,182.0,33.7,76.5,10.771000
89,-1,389.0,174.0,40.3,91.4,10.541000
89,-1,580.0,29.0,36.7,83.3,4.689500
89,-1,426.0,148.0,43.5,98.6,2.644900
90,-1,285.0,186.0,31.0,70.3,121.099998
90,-1,462.0,162.0,31.0,70.3,92.846001
90,-1,485.0,162.0,31.0,70.3,90.237000
90,-1,372.0,177.0,33.7,76.5,84.875999
90,-1,562.0,168.0,40.3,91.4,51.632000
90,-1,476.0,167.0,31.0,70.3,41.388000
90,-1,452.0,167.0,31.0,70.3,24.975000
90,-1,383.0,182.0,33.7,76.5,21.202999
90,-1,580.0,29.0,36.7,83.3,5.727100
91,-1,290.0,186.0,31.0,70.3,113.889999
91,-1,485.0,162.0,31.0,70.3,99.052002
91,-1,372.0,177.0,33.7,76.5,91.313004
91,-1,461.0,166.0,28.4,64.4,87.371002
91,-1,562.0,168.0,40.3,91.4,45.229000
91,-1,299.0,191.0,31.0,70.3,36.089001
91,-1,470.0,171.0,28.4,64.4,30.997999
91,-1,280.0,181.0,31.0,70.3,29.360001
91,-1,383.0,182.0,33.7,76.5,28.156000
92,-1,490.0,162.0,31.0,70.3,103.110001
92,-1,296.0,193.0,28.4,64.4,97.427002
92,-1,371.0,176.0,36.7,83.3,89.309998
92,-1,466.0,166.0,28.4,64.4,83.227997
92,-1,562.0,162.0,40.3,91.4,47.507000
92,-1,475.0,171.0,28.4,64.4,37.212002
92,-1,287.0,188.0,28.4,64.4,37.000000
92,-1,389.0,174.0,40.3,91.4,19.382999
92,-1,457.0,171.0,28.4,64.4,16.820000
93,-1,299.0,191.0,31.0,70.3,136.119995
93,-1,492.0,156.0,33.7,76.5,102.500000
93,-1,378.0,177.0,33.7,76.5,89.178001
93,-1,466.0,158.0,31.0,70.3,84.372002
93,-1,568.0,162.0,40.3,91.4,72.147003
93,-1,290.0,186.0,31.0,70.3,23.900000
93,-1,309.0,186.0,31.0,70.3,20.816999
93,-1,388.0,182.0,33.7,76.5,20.802000
93,-1,479.0,166.0,28.4,64.4,12.999000
94,-1,304.0,191.0,31.0,70.3,126.699997
94,-1,496.0,162.0,28.4,64.4,103.400002
94,-1,378.0,177.0,33.7,76.5,96.791000
94,-1,466.0,158.0,31.0,70.3,87.058998
94,-1,568.0,162.0,40.3,91.4,58.657001
94,-1,295.0,196.0,31.0,70.3,46.199001
94,-1,388.0,182.0,33.7,76.5,40.671001
95,-1,305.0,187.0,33.7,76.5,121.989998
95,-1,496.0,162.0,28.4,64.4,102.290001
95,-1,471.0,153.0,31.0,70.3,94.348999
95,-1,377.0,176.0,36.7,83.3,81.728996
95,-1,568.0,162.0,40.3,91.4,50.810001
95,-1,315.0,193.0,33.7,76.5,40.616001
95,-1,505.0,158.0,28.4,64.4,33.605000
96,-1,314.0,196.0,31.0,70.3,115.010002
96,-1,501.0,162.0,28.4,64.4,96.314003
96,-1,471.0,151.0,33.7,76.5,88.877998
96,-1,383.0,177.0,33.7,76.5,87.629997
96,-1,575.0,162.0,33.7,76.5,43.479000
96,-1,304.0,191.0,31.0,70.3,23.554001
96,-1,372.0,182.0,33.7,76.5,21.341999
97,-1,323.0,196.0,31.0,70.3,138.919998
97,-1,378.0,177.0,33.7,76.5,100.900002
97,-1,481.0,153.0,31.0,70.3,98.709999
97,-1,501.0,158.0,28.4,64.4,96.497002
97,-1,575.0,162.0,33.7,76.5,50.903000
97,-1,314.0,201.0,31.0,70.3,23.728001
97,-1,509.0,162.0,28.4,64.4,19.983000
97,-1,388.0,182.0,33.7,76.5,18.966999
97,-1,471.0,148.0,31.0,70.3,12.256000
97,-1,414.0,182.0,33.7,76.5,0.896930
98,-1,328.0,196.0,31.0,70.3,124.120003
98,-1,481.0,153.0,31.0,70.3,105.269997
98,-1,378.0,177.0,33.7,76.5,94.512001
98,-1,505.0,158.0,28.4,64.4,83.959999
98,-1,318.0,201.0,31.0,70.3,46.821999
98,-1,575.0,153.0,36.7,83.3,31.267000
98,-1,496.0,162.0,28.4,64.4,24.499001
98,-1,388.0,182.0,33.7,76.5,20.094999
99,-1,335.0,201.0,28.4,64.4,109.879997
99,-1,485.0,148.0,31.0,70.3,94.382004
99,-1,378.0,177.0,33.7,76.5,86.439003
99,-1,505.0,153.0,28.4,64.4,75.875000
99,-1,580.0,162.0,33.7,76.5,40.740002
99,-1,326.0,206.0,28.4,64.4,40.713001
99,-1,476.0,153.0,31.0,70.3,19.652000
99,-1,496.0,162.0,28.4,64.4,17.691999
99,-1,514.0,158.0,28.4,64.4,15.328000
100,-1,342.0,201.0,31.0,70.3,125.540001
100,-1,378.0,177.0,33.7,76.5,96.160004
100,-1,488.0,153.0,28.4,64.4,88.320999
100,-1,509.0,153.0,31.0,70.3,83.919998
100,-1,580.0,153.0,36.7,83.3,55.355000
100,-1,496.0,158.0,28.4,64.4,43.999001
100,-1,333.0,205.0,31.0,70.3,33.354000
100,-1,337.0,181.0,31.0,70.3,10.826000
100,-1,427.0,188.0,28.4,64.4,7.392000
101,-1,346.0,198.0,33.7,76.5,124.040001
101,-1,492.0,153.0,28.4,64.4,96.969002
101,-1,514.0,153.0,28.4,64.4,86.592003
101,-1,378.0,177.0,33.7,76.5,81.389999
101,-1,585.0,156.0,33.7,76.5,56.261002
101,-1,336.0,193.0,33.7,76.5,38.068001
101,-1,424.0,177.0,33.7,76.5,32.332001
101,-1,501.0,158.0,28.4,64.4,31.809000
101,-1,361.0,205.0,31.0,70.3,31.545000
101,-1,580.0,29.0,36.7,83.3,6.000500
102,-1,352.0,198.0,33.7,76.5,119.239998
102,-1,496.0,149.0,28.4,64.4,93.530998
102,-1,514.0,148.0,31.0,70.3,82.485001
102,-1,378.0,177.0,33.7,76.5,73.988998
102,-1,586.0,148.0,36.7,83.3,55.785000
102,-1,424.0,177.0,33.7,76.5,28.671000
102,-1,488.0,153.0,28.4,64.4,26.478001
102,-1,367.0,172.0,33.7,76.5,25.128000
102,-1,362.0,203.0,33.7,76.5,23.172001
102,-1,505.0,158.0,28.4,64.4,19.680000
102,-1,346.0,177.0,33.7,76.5,13.430000
102,-1,580.0,29.0,36.7,83.3,7.036200
102,-1,342.0,210.0,31.0,70.3,2.039300
103,-1,357.0,198.0,33.7,76.5,100.760002
103,-1,496.0,145.0,28.4,64.4,91.348000
103,-1,519.0,148.0,31.0,70.3,88.806000
103,-1,372.0,177.0,33.7,76.5,56.659000
103,-1,590.0,151.0,33.7,76.5,50.974998
103,-1,424.0,177.0,33.7,76.5,28.552999
103,-1,505.0,153.0,28.4,64.4,25.601999
103,-1,367.0,203.0,33.7,76.5,3.161400
104,-1,366.0,205.0,31.0,70.3,109.660004
104,-1,500.0,143.0,31.0,70.3,94.905998
104,-1,524.0,148.0,31.0,70.3,84.371002
104,-1,592.0,142.0,36.7,83.3,50.166000
104,-1,376.0,177.0,31.0,70.3,46.223999
104,-1,424.0,177.0,33.7,76.5,30.531000
104,-1,376.0,210.0,31.0,70.3,27.202000
104,-1,490.0,148.0,31.0,70.3,10.659000
105,-1,527.0,153.0,26.0,59.0,103.400002
105,-1,501.0,145.0,28.4,64.4,98.507004
105,-1,371.0,205.0,31.0,70.3,84.339996
105,-1,371.0,177.0,31.0,70.3,42.706001
105,-1,595.0,146.0,33.7,76.5,34.330002
105,-1,422.0,176.0,36.7,83.3,27.709000
105,-1,380.0,201.0,31.0,70.3,27.284000
105,-1,509.0,153.0,28.4,64.4,19.610001
105,-1,380.0,172.0,31.0,70.3,15.081000
105,-1,492.0,149.0,28.4,64.4,3.221900
106,-1,531.0,149.0,28.4,64.4,99.452003
106,-1,509.0,145.0,28.4,64.4,95.963997
106,-1,385.0,205.0,31.0,70.3,86.384003
106,-1,377.0,170.0,36.7,83.3,63.313000
106,-1,501.0,149.0,28.4,64.4,31.767000
106,-1,601.0,146.0,33.7,76.5,29.441999
106,-1,518.0,149.0,28.4,64.4,13.358000
106,-1,424.0,182.0,33.7,76.5,9.479900
107,-1,509.0,139.0,31.0,70.3,96.478996
107,-1,535.0,149.0,26.0,59.0,82.778999
107,-1,378.0,177.0,33.7,76.5,63.887001
107,-1,388.0,203.0,33.7,76.5,57.662998
107,-1,601.0,146.0,33.7,76.5,25.931000
107,-1,523.0,145.0,28.4,64.4,4.998500
108,-1,514.0,140.0,28.4,64.4,111.309998
108,-1,539.0,149.0,26.0,59.0,80.696999
108,-1,372.0,177.0,33.7,76.5,72.292999
108,-1,606.0,141.0,33.7,76.5,33.151001
108,-1,523.0,145.0,28.4,64.4,32.574001
108,-1,393.0,203.0,33.7,76.5,25.308001
108,-1,505.0,145.0,28.4,64.4,17.587000
108,-1,405.0,198.0,36.7,83.3,15.480000
109,-1,372.0,177.0,33.7,76.5,95.545998
109,-1,518.0,140.0,28.4,64.4,93.453003
109,-1,540.0,145.0,28.4,64.4,83.471001
109,-1,527.0,145.0,28.4,64.4,38.782001
109,-1,608.0,136.0,36.7,83.3,35.526001
109,-1,407.0,193.0,40.3,91.4,17.952000
109,-1,362.0,172.0,33.7,76.5,12.339000
109,-1,580.0,29.0,36.7,83.3,9.278700
110,-1,367.0,177.0,33.7,76.5,95.694000
110,-1,523.0,140.0,28.4,64.4,87.752998
110,-1,544.0,145.0,28.4,64.4,81.419998
110,-1,614.0,143.0,31.0,70.3,55.351002
110,-1,514.0,145.0,28.4,64.4,35.145000
110,-1,531.0,145.0,28.4,64.4,30.171000
110,-1,412.0,182.0,43.5,98.6,21.792000
111,-1,367.0,177.0,33.7,76.5,101.379997
111,-1,523.0,140.0,28.4,64.4,89.594002
111,-1,544.0,145.0,28.4,64.4,83.268997
111,-1,616.0,141.0,33.7,76.5,35.570000
111,-1,535.0,149.0,26.0,59.0,33.960999
111,-1,426.0,182.0,43.5,98.6,22.562000
111,-1,553.0,140.0,28.4,64.4,16.676001
112,-1,366.0,177.0,31.0,70.3,105.900002
112,-1,551.0,145.0,26.0,59.0,73.375000
112,-1,527.0,136.0,28.4,64.4,70.696999
112,-1,428.0,198.0,36.7,83.3,59.960999
112,-1,376.0,181.0,31.0,70.3,54.259998
112,-1,619.0,139.0,31.0,70.3,53.881001
113,-1,362.0,177.0,33.7,76.5,106.370003
113,-1,555.0,145.0,26.0,59.0,95.231003
113,-1,438.0,210.0,31.0,70.3,85.438004
113,-1,531.0,141.0,26.0,59.0,82.980003
113,-1,619.0,139.0,31.0,70.3,46.508999
113,-1,376.0,181.0,31.0,70.3,40.180000
113,-1,539.0,145.0,26.0,59.0,31.292000
113,-1,523.0,145.0,26.0,59.0,18.363001
114,-1,362.0,177.0,33.7,76.5,116.459999
114,-1,557.0,140.0,28.4,64.4,105.589996
114,-1,450.0,208.0,33.7,76.5,95.733002
114,-1,533.0,134.0,31.0,70.3,91.105003
114,-1,624.0,139.0,31.0,70.3,39.854000
114,-1,372.0,182.0,33.7,76.5,34.048000
115,-1,366.0,181.0,31.0,70.3,117.599998
115,-1,455.0,208.0,33.7,76.5,113.839996
115,-1,563.0,145.0,26.0,59.0,93.254997
115,-1,533.0,134.0,31.0,70.3,73.439003
115,-1,376.0,186.0,31.0,70.3,39.250999
115,-1,627.0,130.0,33.7,76.5,35.410000
116,-1,461.0,208.0,33.7,76.5,122.510002
116,-1,366.0,181.0,31.0,70.3,98.864998
116,-1,563.0,141.0,26.0,59.0,95.893997
116,-1,540.0,136.0,28.4,64.4,87.320999
116,-1,376.0,186.0,31.0,70.3,51.502998
116,-1,628.0,139.0,31.0,70.3,34.564999
116,-1,531.0,140.0,28.4,64.4,13.383000
116,-1,549.0,140.0,28.4,64.4,10.846000
116,-1,738.0,227.0,36.7,83.3,7.242100
117,-1,371.0,186.0,31.0,70.3,110.540001
117,-1,471.0,208.0,33.7,76.5,101.610001
117,-1,566.0,136.0,28.4,64.4,98.445000
117,-1,543.0,137.0,26.0,59.0,90.120003
117,-1,632.0,130.0,33.7,76.5,38.644001
117,-1,461.0,213.0,33.7,76.5,27.041000
117,-1,733.0,227.0,36.7,83.3,19.351000
117,-1,551.0,141.0,26.0,59.0,17.948999
117,-1,580.0,29.0,36.7,83.3,8.417600
118,-1,549.0,131.0,28.4,64.4,102.860001
118,-1,367.0,182.0,33.7,76.5,100.620003
118,-1,481.0,213.0,33.7,76.5,91.884003
118,-1,571.0,141.0,26.0,59.0,89.651001
118,-1,716.0,227.0,36.7,83.3,87.074997
118,-1,638.0,134.0,31.0,70.3,55.840000
118,-1,557.0,136.0,28.4,64.4,35.313999
118,-1,540.0,136.0,28.4,64.4,19.224001
118,-1,579.0,145.0,26.0,59.0,13.644000
119,-1,551.0,137.0,26.0,59.0,106.449997
119,-1,367.0,182.0,33.7,76.5,105.139999
119,-1,486.0,213.0,33.7,76.5,97.524002
119,-1,575.0,141.0,26.0,59.0,81.664001
119,-1,638.0,134.0,31.0,70.3,61.057999
119,-1,711.0,218.0,40.3,91.4,50.558998
119,-1,567.0,145.0,26.0,59.0,19.738001
119,-1,559.0,141.0,26.0,59.0,18.084000
120,-1,553.0,131.0,28.4,64.4,104.820000
120,-1,497.0,213.0,33.7,76.5,96.156998
120,-1,367.0,182.0,33.7,76.5,83.657997
120,-1,575.0,136.0,28.4,64.4,77.531998
120,-1,699.0,221.0,36.7,83.3,62.460999
120,-1,643.0,129.0,31.0,70.3,46.967999
120,-1,562.0,136.0,28.4,64.4,31.974001
121,-1,557.0,127.0,28.4,64.4,98.114998
121,-1,367.0,182.0,33.7,76.5,97.125000
121,-1,581.0,129.0,31.0,70.3,71.603996
121,-1,507.0,213.0,33.7,76.5,65.210999
121,-1,648.0,129.0,31.0,70.3,58.523998
121,-1,686.0,211.0,40.3,91.4,37.230000
122,-1,562.0,127.0,28.4,64.4,98.688004
122,-1,367.0,182.0,33.7,76.5,90.954002
122,-1,587.0,137.0,26.0,59.0,68.891998
122,-1,518.0,213.0,33.7,76.5,68.803001
122,-1,670.0,185.0,52.0,118.0,43.998001
122,-1,648.0,129.0,31.0,70.3,40.361000
123,-1,566.0,127.0,28.4,64.4,100.220001
123,-1,372.0,182.0,33.7,76.5,95.802002
123,-1,524.0,215.0,36.7,83.3,89.304001
123,-1,591.0,133.0,26.0,59.0,76.443001
123,-1,659.0,215.0,36.7,83.3,35.738998
123,-1,653.0,120.0,33.7,76.5,27.167999
124,-1,591.0,133.0,26.0,59.0,103.300003
124,-1,533.0,219.0,33.7,76.5,91.863998
124,-1,571.0,129.0,26.0,59.0,89.919998
124,-1,376.0,186.0,31.0,70.3,84.939003
124,-1,654.0,215.0,36.7,83.3,52.346001
124,-1,563.0,133.0,26.0,59.0,41.674999
124,-1,657.0,124.0,31.0,70.3,19.589001
125,-1,571.0,127.0,28.4,64.4,99.217003
125,-1,592.0,131.0,28.4,64.4,99.030998
125,-1,541.0,215.0,36.7,83.3,93.528999
125,-1,378.0,182.0,33.7,76.5,80.573997
125,-1,648.0,215.0,36.7,83.3,69.315002
125,-1,657.0,124.0,31.0,70.3,29.490999
125,-1,579.0,131.0,28.4,64.4,17.177999
126,-1,575.0,129.0,26.0,59.0,109.660004
126,-1,546.0,215.0,36.7,83.3,101.570000
126,-1,592.0,127.0,28.4,64.4,97.058998
126,-1,378.0,182.0,33.7,76.5,78.232002
126,-1,642.0,210.0,36.7,83.3,57.596001
126,-1,662.0,127.0,28.4,64.4,41.133999
126,-1,583.0,133.0,26.0,59.0,27.431999
127,-1,595.0,129.0,26.0,59.0,103.900002
127,-1,579.0,129.0,26.0,59.0,103.570000
127,-1,552.0,215.0,36.7,83.3,98.320000
127,-1,378.0,182.0,33.7,76.5,86.624001
127,-1,631.0,210.0,36.7,83.3,61.030998
127,-1,662.0,127.0,28.4,64.4,42.526001
127,-1,587.0,133.0,26.0,59.0,38.273998
127,-1,571.0,125.0,26.0,59.0,25.242001
127,-1,419.0,186.0,31.0,70.3,9.753500
128,-1,584.0,123.0,28.4,64.4,106.889999
128,-1,603.0,129.0,26.0,59.0,86.084000
128,-1,378.0,182.0,33.7,76.5,78.709000
128,-1,569.0,221.0,36.7,83.3,69.850998
128,-1,618.0,199.0,40.3,91.4,46.889000
128,-1,667.0,120.0,31.0,70.3,39.451000
128,-1,575.0,127.0,28.4,64.4,31.723000
128,-1,595.0,133.0,26.0,59.0,14.282000
128,-1,419.0,186.0,31.0,70.3,11.304000
129,-1,587.0,125.0,26.0,59.0,110.180000
129,-1,603.0,129.0,26.0,59.0,93.900002
129,-1,378.0,182.0,33.7,76.5,92.100998
129,-1,575.0,221.0,36.7,83.3,82.461998
129,-1,612.0,199.0,40.3,91.4,58.841999
129,-1,671.0,120.0,31.0,70.3,44.744999
129,-1,579.0,129.0,26.0,59.0,27.660999
129,-1,595.0,133.0,26.0,59.0,2.524700
129,-1,419.0,186.0,31.0,70.3,1.927700
129,-1,611.0,133.0,26.0,59.0,1.837800
130,-1,587.0,125.0,26.0,59.0,92.166000
130,-1,378.0,182.0,33.7,76.5,81.766998
130,-1,580.0,221.0,36.7,83.3,72.606003
130,-1,607.0,129.0,26.0,59.0,71.313004
130,-1,675.0,123.0,28.4,64.4,52.102001
130,-1,595.0,129.0,26.0,59.0,35.296001
130,-1,608.0,204.0,36.7,83.3,34.464001
131,-1,611.0,125.0,26.0,59.0,92.518997
131,-1,376.0,186.0,31.0,70.3,83.572998
131,-1,588.0,118.0,28.4,64.4,78.454002
131,-1,586.0,208.0,43.5,98.6,63.241001
131,-1,679.0,121.0,26.0,59.0,33.084999
131,-1,619.0,129.0,26.0,59.0,8.671200
132,-1,372.0,182.0,33.7,76.5,90.442001
132,-1,615.0,125.0,26.0,59.0,87.125000
132,-1,591.0,121.0,26.0,59.0,80.681999
132,-1,603.0,221.0,36.7,83.3,60.073002
132,-1,683.0,117.0,26.0,59.0,17.792000
132,-1,599.0,129.0,26.0,59.0,14.057000
133,-1,615.0,125.0,26.0,59.0,85.556000
133,-1,591.0,121.0,26.0,59.0,79.669998
133,-1,372.0,182.0,33.7,76.5,77.209999
133,-1,608.0,221.0,36.7,83.3,64.617996
133,-1,580.0,203.0,33.7,76.5,44.972000
133,-1,383.0,187.0,33.7,76.5,17.915001
133,-1,681.0,115.0,31.0,70.3,-0.477630
134,-1,619.0,125.0,26.0,59.0,92.681999
134,-1,595.0,121.0,26.0,59.0,80.942001
134,-1,372.0,182.0,33.7,76.5,78.431999
134,-1,733.0,249.0,43.5,98.6,52.556000
134,-1,575.0,198.0,36.7,83.3,47.750999
134,-1,620.0,221.0,36.7,83.3,46.978001
134,-1,383.0,187.0,33.7,76.5,20.424999
134,-1,687.0,117.0,26.0,59.0,11.329000
135,-1,625.0,227.0,36.7,83.3,91.492996
135,-1,372.0,187.0,33.7,76.5,90.553001
135,-1,597.0,118.0,28.4,64.4,86.900002
135,-1,619.0,123.0,28.4,64.4,65.134003
135,-1,726.0,249.0,43.5,98.6,52.938999
135,-1,567.0,217.0,26.0,59.0,37.570999
135,-1,688.0,118.0,28.4,64.4,24.863001
136,-1,599.0,117.0,26.0,59.0,91.203003
136,-1,378.0,187.0,33.7,76.5,81.492996
136,-1,631.0,227.0,36.7,83.3,66.102997
136,-1,720.0,249.0,43.5,98.6,64.349998
136,-1,619.0,125.0,26.0,59.0,62.207001
136,-1,564.0,198.0,33.7,76.5,45.890999
136,-1,691.0,121.0,26.0,59.0,28.365000
136,-1,591.0,121.0,26.0,59.0,21.808001
136,-1,607.0,125.0,26.0,59.0,16.260000
137,-1,603.0,121.0,26.0,59.0,89.486000
137,-1,378.0,187.0,33.7,76.5,80.333000
137,-1,619.0,121.0,26.0,59.0,68.383003
137,-1,642.0,227.0,36.7,83.3,67.248001
137,-1,713.0,249.0,43.5,98.6,52.403000
137,-1,558.0,193.0,36.7,83.3,49.530998
137,-1,690.0,115.0,31.0,70.3,25.625999
137,-1,595.0,125.0,26.0,59.0,14.197000
137,-1,611.0,125.0,26.0,59.0,9.613900
138,-1,378.0,187.0,33.7,76.5,89.260002
138,-1,607.0,117.0,26.0,59.0,84.896004
138,-1,623.0,121.0,26.0,59.0,70.294998
138,-1,698.0,249.0,40.3,91.4,65.232002
138,-1,654.0,227.0,36.7,83.3,49.755001
138,-1,697.0,114.0,28.4,64.4,31.903000
138,-1,544.0,198.0,33.7,76.5,29.695999
138,-1,419.0,182.0,33.7,76.5,17.056000
138,-1,599.0,121.0,26.0,59.0,12.836000
138,-1,615.0,125.0,26.0,59.0,4.360500
139,-1,607.0,117.0,26.0,59.0,95.608002
139,-1,377.0,181.0,36.7,83.3,94.652000
139,-1,627.0,121.0,26.0,59.0,68.328003
139,-1,686.0,242.0,43.5,98.6,67.599998
139,-1,659.0,227.0,36.7,83.3,55.375000
139,-1,697.0,114.0,28.4,64.4,43.195000
139,-1,533.0,193.0,33.7,76.5,37.709999
139,-1,419.0,182.0,33.7,76.5,27.263000
139,-1,615.0,121.0,26.0,59.0,14.732000
140,-1,377.0,181.0,36.7,83.3,88.911003
140,-1,611.0,117.0,26.0,59.0,78.575996
140,-1,627.0,121.0,26.0,59.0,66.681999
140,-1,678.0,234.0,47.5,107.7,48.076000
140,-1,528.0,193.0,33.7,76.5,44.472000
140,-1,699.0,117.0,26.0,59.0,35.294998
140,-1,419.0,182.0,33.7,76.5,24.122999
140,-1,668.0,229.0,33.7,76.5,18.830999
141,-1,631.0,117.0,26.0,59.0,83.424004
141,-1,383.0,187.0,33.7,76.5,77.140999
141,-1,615.0,113.0,26.0,59.0,64.125000
141,-1,673.0,235.0,43.5,98.6,58.787998
141,-1,518.0,187.0,36.7,83.3,48.584000
141,-1,424.0,182.0,33.7,76.5,27.132999
141,-1,703.0,117.0,26.0,59.0,12.161000
141,-1,607.0,117.0,26.0,59.0,11.376000
141,-1,435.0,137.0,26.0,59.0,6.329200
141,-1,659.0,242.0,43.5,98.6,4.027100
141,-1,623.0,121.0,26.0,59.0,3.084600
142,-1,615.0,113.0,26.0,59.0,94.693001
142,-1,635.0,117.0,26.0,59.0,94.551003
142,-1,383.0,187.0,33.7,76.5,70.071999
142,-1,659.0,235.0,43.5,98.6,63.307999
142,-1,688.0,227.0,36.7,83.3,44.157001
142,-1,512.0,193.0,33.7,76.5,42.623001
142,-1,422.0,176.0,36.7,83.3,18.865000
142,-1,701.0,110.0,28.4,64.4,13.956000
143,-1,615.0,113.0,26.0,59.0,87.398003
143,-1,635.0,117.0,26.0,59.0,87.318001
143,-1,699.0,227.0,36.7,83.3,81.848000
143,-1,653.0,235.0,43.5,98.6,73.592003
143,-1,378.0,187.0,33.7,76.5,61.863998
143,-1,507.0,187.0,33.7,76.5,33.896999
143,-1,703.0,113.0,26.0,59.0,19.966999
143,-1,422.0,176.0,36.7,83.3,16.987000
144,-1,623.0,113.0,26.0,59.0,98.711998
144,-1,710.0,227.0,36.7,83.3,88.325996
144,-1,639.0,117.0,26.0,59.0,86.294998
144,-1,380.0,196.0,31.0,70.3,68.583000
144,-1,643.0,236.0,40.3,91.4,56.659000
144,-1,492.0,187.0,33.7,76.5,38.291000
144,-1,706.0,110.0,28.4,64.4,37.157001
144,-1,419.0,187.0,33.7,76.5,19.476999
144,-1,631.0,121.0,26.0,59.0,14.298000
144,-1,428.0,167.0,31.0,70.3,7.104500
145,-1,380.0,196.0,31.0,70.3,74.684998
145,-1,623.0,113.0,26.0,59.0,74.000999
145,-1,633.0,229.0,43.5,98.6,71.268997
145,-1,639.0,113.0,26.0,59.0,70.573997
145,-1,716.0,227.0,36.7,83.3,56.733002
145,-1,482.0,174.0,40.3,91.4,35.328999
145,-1,707.0,113.0,26.0,59.0,34.356998
145,-1,631.0,117.0,26.0,59.0,31.694000
145,-1,419.0,182.0,33.7,76.5,17.422001
146,-1,639.0,113.0,26.0,59.0,86.738998
146,-1,630.0,236.0,40.3,91.4,80.200996
146,-1,378.0,193.0,33.7,76.5,75.420998
146,-1,627.0,109.0,26.0,59.0,70.753998
146,-1,725.0,234.0,33.7,76.5,65.196999
146,-1,706.0,110.0,28.4,64.4,42.054001
146,-1,475.0,174.0,40.3,91.4,39.125000
146,-1,419.0,182.0,33.7,76.5,21.325001
147,-1,378.0,193.0,33.7,76.5,71.070999
147,-1,643.0,113.0,26.0,59.0,70.055000
147,-1,627.0,110.0,28.4,64.4,67.886002
147,-1,613.0,229.0,43.5,98.6,65.556999
147,-1,471.0,182.0,33.7,76.5,55.828999
147,-1,424.0,187.0,33.7,76.5,37.910999
147,-1,736.0,234.0,33.7,76.5,31.924999
147,-1,706.0,110.0,28.4,64.4,24.544001
147,-1,388.0,198.0,33.7,76.5,3.882800
148,-1,631.0,113.0,26.0,59.0,73.639999
148,-1,647.0,113.0,26.0,59.0,73.300003
148,-1,383.0,193.0,33.7,76.5,71.239998
148,-1,466.0,182.0,33.7,76.5,64.449997
148,-1,606.0,229.0,43.5,98.6,47.785000
148,-1,424.0,187.0,33.7,76.5,29.500999
148,-1,639.0,117.0,26.0,59.0,26.254999
148,-1,623.0,109.0,26.0,59.0,21.906000
148,-1,741.0,234.0,33.7,76.5,18.899000
148,-1,707.0,109.0,26.0,59.0,11.535000
148,-1,580.0,29.0,36.7,83.3,5.298800
148,-1,372.0,198.0,33.7,76.5,3.628600
149,-1,631.0,109.0,26.0,59.0,89.963997
149,-1,383.0,193.0,33.7,76.5,80.930000
149,-1,647.0,113.0,26.0,59.0,75.567001
149,-1,605.0,230.0,40.3,91.4,53.870998
149,-1,456.0,176.0,36.7,83.3,32.543999
149,-1,422.0,187.0,36.7,83.3,24.094999
149,-1,707.0,109.0,26.0,59.0,5.468500
150,-1,383.0,193.0,36.7,83.3,92.016998
150,-1,651.0,109.0,26.0,59.0,83.285004
150,-1,631.0,105.0,26.0,59.0,81.099998
150,-1,592.0,232.0,36.7,83.3,65.736000
150,-1,432.0,180.0,40.3,91.4,61.139999
150,-1,706.0,110.0,28.4,64.4,7.072200
150,-1,580.0,29.0,36.7,83.3,4.755500
151,-1,655.0,109.0,26.0,59.0,84.196999
151,-1,631.0,105.0,26.0,59.0,80.652000
151,-1,388.0,198.0,33.7,76.5,78.432999
151,-1,581.0,224.0,40.3,91.4,76.676003
151,-1,432.0,180.0,40.3,91.4,60.931000
151,-1,707.0,113.0,26.0,59.0,15.672000
151,-1,647.0,113.0,26.0,59.0,15.179000
152,-1,635.0,105.0,26.0,59.0,84.967003
152,-1,574.0,224.0,40.3,91.4,78.500000
152,-1,655.0,109.0,26.0,59.0,77.806000
152,-1,433.0,193.0,36.7,83.3,73.997002
152,-1,388.0,203.0,33.7,76.5,63.410999
152,-1,703.0,113.0,26.0,59.0,24.502001
152,-1,580.0,29.0,36.7,83.3,7.511200
153,-1,635.0,105.0,26.0,59.0,87.502998
153,-1,568.0,224.0,40.3,91.4,69.556999
153,-1,433.0,193.0,36.7,83.3,69.466003
153,-1,659.0,109.0,26.0,59.0,63.230999
153,-1,393.0,203.0,33.7,76.5,38.055000
153,-1,701.0,110.0,28.4,64.4,24.488001
153,-1,651.0,113.0,26.0,59.0,4.643700
154,-1,639.0,105.0,26.0,59.0,107.309998
154,-1,440.0,198.0,33.7,76.5,83.056000
154,-1,556.0,224.0,40.3,91.4,75.628998
154,-1,659.0,109.0,26.0,59.0,62.835999
154,-1,699.0,113.0,26.0,59.0,31.033001
154,-1,399.0,188.0,43.5,98.6,16.577000
154,-1,580.0,29.0,36.7,83.3,11.336000
155,-1,639.0,105.0,26.0,59.0,120.620003
155,-1,438.0,193.0,40.3,91.4,88.044998
155,-1,659.0,109.0,26.0,59.0,58.548000
155,-1,556.0,218.0,40.3,91.4,54.111000
155,-1,695.0,117.0,26.0,59.0,24.604000
155,-1,647.0,109.0,26.0,59.0,24.311001
155,-1,399.0,188.0,43.5,98.6,20.157000
156,-1,643.0,105.0,26.0,59.0,91.550003
156,-1,445.0,198.0,36.7,83.3,77.762001
156,-1,537.0,218.0,40.3,91.4,75.240997
156,-1,663.0,109.0,26.0,59.0,50.639999
156,-1,688.0,110.0,28.4,64.4,44.484001
156,-1,395.0,189.0,26.0,59.0,19.495001
156,-1,651.0,109.0,26.0,59.0,14.108000
157,-1,643.0,105.0,26.0,59.0,96.219002
157,-1,450.0,198.0,33.7,76.5,76.406998
157,-1,537.0,218.0,40.3,91.4,76.360001
157,-1,667.0,109.0,26.0,59.0,70.761002
157,-1,687.0,117.0,26.0,59.0,46.870998
157,-1,388.0,172.0,33.7,76.5,28.812000
157,-1,651.0,109.0,26.0,59.0,15.672000
157,-1,407.0,199.0,40.3,91.4,3.787600
158,-1,456.0,198.0,36.7,83.3,76.528999
158,-1,647.0,101.0,26.0,59.0,70.071999
158,-1,676.0,110.0,31.0,70.3,58.366001
158,-1,524.0,221.0,36.7,83.3,53.215000
158,-1,376.0,177.0,31.0,70.3,38.449001
158,-1,407.0,199.0,40.3,91.4,32.083000
159,-1,461.0,203.0,33.7,76.5,88.051003
159,-1,647.0,101.0,26.0,59.0,68.125000
159,-1,518.0,221.0,36.7,83.3,61.848000
159,-1,671.0,110.0,31.0,70.3,57.014000
159,-1,366.0,177.0,31.0,70.3,55.397999
159,-1,471.0,208.0,33.7,76.5,15.003000
159,-1,419.0,188.0,43.5,98.6,7.251600
159,-1,580.0,29.0,36.7,83.3,7.038900
160,-1,466.0,208.0,33.7,76.5,87.292000
160,-1,671.0,110.0,31.0,70.3,83.375000
160,-1,651.0,101.0,26.0,59.0,82.558998
160,-1,512.0,221.0,36.7,83.3,76.407997
160,-1,361.0,179.0,28.4,64.4,48.389999
160,-1,414.0,169.0,52.0,118.0,10.877000
160,-1,370.0,184.0,28.4,64.4,7.046600
161,-1,352.0,177.0,31.0,70.3,90.191002
161,-1,473.0,204.0,36.7,83.3,89.594002
161,-1,671.0,110.0,31.0,70.3,83.898003
161,-1,496.0,221.0,36.7,83.3,68.348000
161,-1,651.0,101.0,26.0,59.0,63.699001
161,-1,428.0,210.0,36.7,83.3,36.099998
161,-1,342.0,172.0,31.0,70.3,27.179001
161,-1,435.0,189.0,26.0,59.0,10.210000
161,-1,662.0,115.0,31.0,70.3,7.007900
162,-1,486.0,208.0,43.5,98.6,76.897003
162,-1,341.0,167.0,33.7,76.5,68.162003
162,-1,667.0,110.0,31.0,70.3,64.492996
162,-1,473.0,204.0,36.7,83.3,56.723000
162,-1,432.0,205.0,40.3,91.4,53.515999
162,-1,655.0,101.0,26.0,59.0,44.895000
162,-1,679.0,105.0,26.0,59.0,15.677000
163,-1,432.0,205.0,40.3,91.4,76.426003
163,-1,667.0,115.0,31.0,70.3,76.208000
163,-1,479.0,202.0,43.5,98.6,65.135002
163,-1,335.0,175.0,28.4,64.4,62.721001
163,-1,653.0,104.0,33.7,76.5,48.455002
163,-1,679.0,105.0,26.0,59.0,22.391001
163,-1,344.0,179.0,28.4,64.4,17.146000
164,-1,433.0,210.0,36.7,83.3,87.061996
164,-1,474.0,198.0,47.5,107.7,78.539001
164,-1,335.0,175.0,28.4,64.4,77.436996
164,-1,654.0,102.0,36.7,83.3,58.443001
164,-1,683.0,101.0,26.0,59.0,35.348999
165,-1,653.0,110.0,33.7,76.5,76.918999
165,-1,326.0,175.0,28.4,64.4,74.021004
165,-1,479.0,221.0,36.7,83.3,60.923000
165,-1,439.0,210.0,36.7,83.3,55.595001
165,-1,683.0,101.0,26.0,59.0,53.085999
165,-1,335.0,179.0,28.4,64.4,36.313000
165,-1,484.0,198.0,36.7,83.3,15.528000
166,-1,456.0,221.0,36.7,83.3,83.492996
166,-1,445.0,210.0,36.7,83.3,74.366997
166,-1,647.0,110.0,33.7,76.5,71.842003
166,-1,314.0,172.0,31.0,70.3,69.160004
166,-1,495.0,210.0,31.0,70.3,68.926003
166,-1,683.0,101.0,26.0,59.0,50.278999
166,-1,663.0,101.0,26.0,59.0,49.717999
166,-1,483.0,241.0,28.4,64.4,20.617001
167,-1,445.0,215.0,36.7,83.3,91.347000
167,-1,648.0,115.0,31.0,70.3,67.002998
167,-1,663.0,101.0,26.0,59.0,65.575996
167,-1,456.0,221.0,36.7,83.3,62.595001
167,-1,490.0,204.0,36.7,83.3,56.736000
167,-1,309.0,175.0,28.4,64.4,54.513000
167,-1,687.0,101.0,26.0,59.0,42.091000
167,-1,501.0,210.0,36.7,83.3,23.142000
168,-1,445.0,215.0,36.7,83.3,85.940002
168,-1,496.0,210.0,36.7,83.3,73.096001
168,-1,304.0,175.0,28.4,64.4,70.860001
168,-1,642.0,115.0,33.7,76.5,52.917999
168,-1,663.0,101.0,26.0,59.0,49.220001
168,-1,687.0,101.0,26.0,59.0,46.069000
168,-1,456.0,221.0,36.7,83.3,38.257000
168,-1,671.0,105.0,26.0,59.0,2.375100
169,-1,439.0,208.0,43.5,98.6,111.620003
169,-1,506.0,205.0,40.3,91.4,67.348000
169,-1,290.0,167.0,31.0,70.3,52.396999
169,-1,667.0,101.0,26.0,59.0,44.012001
169,-1,691.0,97.0,26.0,59.0,43.233002
169,-1,639.0,125.0,26.0,59.0,26.586000
169,-1,452.0,215.0,43.5,98.6,23.129000
169,-1,679.0,105.0,26.0,59.0,0.626650
170,-1,439.0,208.0,43.5,98.6,93.600998
170,-1,513.0,205.0,40.3,91.4,83.102997
170,-1,283.0,171.0,28.4,64.4,56.071999
170,-1,691.0,101.0,26.0,59.0,45.286999
170,-1,667.0,101.0,26.0,59.0,42.403000
170,-1,633.0,120.0,31.0,70.3,36.351002
170,-1,452.0,202.0,43.5,98.6,20.964001
170,-1,675.0,92.0,28.4,64.4,13.882000
171,-1,519.0,205.0,40.3,91.4,76.857002
171,-1,446.0,208.0,43.5,98.6,62.981998
171,-1,287.0,177.0,26.0,59.0,55.432999
171,-1,671.0,97.0,26.0,59.0,37.452999
171,-1,633.0,120.0,31.0,70.3,36.875000
171,-1,691.0,97.0,26.0,59.0,33.341999
171,-1,422.0,185.0,52.0,118.0,25.731001
171,-1,663.0,101.0,26.0,59.0,11.410000
172,-1,525.0,205.0,40.3,91.4,93.647003
172,-1,457.0,205.0,40.3,91.4,75.305000
172,-1,671.0,101.0,26.0,59.0,58.673000
172,-1,624.0,120.0,31.0,70.3,48.737999
172,-1,691.0,101.0,26.0,59.0,36.348999
172,-1,266.0,167.0,31.0,70.3,28.653999
172,-1,444.0,211.0,40.3,91.4,27.479000
172,-1,283.0,177.0,26.0,59.0,23.834000
172,-1,422.0,221.0,36.7,83.3,14.583000
173,-1,531.0,205.0,40.3,91.4,91.066002
173,-1,457.0,205.0,40.3,91.4,74.952003
173,-1,671.0,97.0,26.0,59.0,62.368000
173,-1,619.0,120.0,31.0,70.3,61.075001
173,-1,256.0,167.0,31.0,70.3,55.672001
173,-1,691.0,101.0,26.0,59.0,36.223999
173,-1,408.0,176.0,56.7,128.7,20.598000
173,-1,663.0,101.0,26.0,59.0,10.067000
174,-1,462.0,210.0,36.7,83.3,93.799004
174,-1,535.0,215.0,36.7,83.3,93.643997
174,-1,671.0,97.0,26.0,59.0,76.538002
174,-1,256.0,171.0,28.4,64.4,55.886002
174,-1,619.0,127.0,28.4,64.4,52.604000
174,-1,691.0,101.0,26.0,59.0,40.351002
174,-1,400.0,198.0,47.5,107.7,32.414001
174,-1,435.0,137.0,26.0,59.0,10.346000
174,-1,450.0,215.0,36.7,83.3,6.288200
175,-1,609.0,124.0,31.0,70.3,78.314003
175,-1,463.0,211.0,40.3,91.4,78.254997
175,-1,546.0,215.0,36.7,83.3,69.371002
175,-1,247.0,177.0,26.0,59.0,66.917000
175,-1,671.0,101.0,26.0,59.0,59.220001
175,-1,695.0,101.0,26.0,59.0,44.700001
175,-1,393.0,198.0,47.5,107.7,35.396999
176,-1,467.0,215.0,36.7,83.3,90.217003
176,-1,552.0,215.0,36.7,83.3,66.950996
176,-1,671.0,97.0,26.0,59.0,66.698997
176,-1,609.0,124.0,31.0,70.3,63.236000
176,-1,239.0,173.0,26.0,59.0,60.101002
176,-1,695.0,97.0,26.0,59.0,34.157001
176,-1,399.0,202.0,43.5,98.6,30.785000
176,-1,679.0,101.0,26.0,59.0,18.865999
177,-1,473.0,215.0,36.7,83.3,94.300003
177,-1,675.0,97.0,26.0,59.0,70.514999
177,-1,233.0,162.0,31.0,70.3,63.437000
177,-1,605.0,127.0,28.4,64.4,59.435001
177,-1,386.0,202.0,43.5,98.6,58.574001
177,-1,556.0,211.0,40.3,91.4,56.331001
177,-1,695.0,97.0,26.0,59.0,37.368999
177,-1,683.0,101.0,26.0,59.0,19.872999
177,-1,399.0,195.0,43.5,98.6,13.604000
178,-1,562.0,211.0,40.3,91.4,94.013000
178,-1,479.0,215.0,36.7,83.3,85.496002
178,-1,376.0,205.0,40.3,91.4,76.387001
178,-1,218.0,162.0,31.0,70.3,73.667999
178,-1,675.0,97.0,26.0,59.0,52.722000
178,-1,695.0,97.0,26.0,59.0,39.575001
178,-1,599.0,125.0,26.0,59.0,28.426001
178,-1,490.0,221.0,36.7,83.3,22.725000
178,-1,580.0,29.0,36.7,83.3,6.868400
178,-1,683.0,101.0,26.0,59.0,4.039200
179,-1,484.0,221.0,36.7,83.3,94.526001
179,-1,569.0,221.0,36.7,83.3,77.250999
179,-1,370.0,205.0,40.3,91.4,75.713997
179,-1,590.0,124.0,31.0,70.3,62.824001
179,-1,675.0,97.0,26.0,59.0,60.382000
179,-1,213.0,162.0,31.0,70.3,57.025002
179,-1,695.0,97.0,26.0,59.0,40.187000
180,-1,488.0,218.0,40.3,91.4,101.089996
180,-1,574.0,218.0,40.3,91.4,77.278999
180,-1,364.0,205.0,40.3,91.4,71.663002
180,-1,675.0,97.0,26.0,59.0,67.641998
180,-1,590.0,129.0,31.0,70.3,61.597000
180,-1,208.0,166.0,28.4,64.4,61.481998
180,-1,695.0,97.0,26.0,59.0,30.099001
180,-1,376.0,199.0,40.3,91.4,11.699000
181,-1,501.0,227.0,36.7,83.3,86.846001
181,-1,587.0,218.0,40.3,91.4,82.690002
181,-1,580.0,125.0,33.7,76.5,71.163002
181,-1,354.0,210.0,36.7,83.3,66.938004
181,-1,675.0,97.0,26.0,59.0,65.484001
181,-1,203.0,169.0,26.0,59.0,58.386002
181,-1,699.0,97.0,26.0,59.0,45.908001
182,-1,500.0,218.0,40.3,91.4,107.320000
182,-1,587.0,218.0,40.3,91.4,97.827003
182,-1,580.0,125.0,33.7,76.5,66.820999
182,-1,675.0,97.0,26.0,59.0,62.985001
182,-1,349.0,204.0,36.7,83.3,62.862999
182,-1,194.0,162.0,31.0,70.3,59.262001
182,-1,699.0,97.0,26.0,59.0,47.587002
182,-1,599.0,224.0,40.3,91.4,12.390000
182,-1,435.0,137.0,26.0,59.0,9.039500
183,-1,593.0,218.0,40.3,91.4,118.239998
183,-1,506.0,218.0,40.3,91.4,85.535004
183,-1,575.0,125.0,33.7,76.5,82.363998
183,-1,343.0,210.0,36.7,83.3,59.324001
183,-1,675.0,97.0,26.0,59.0,58.401001
183,-1,191.0,169.0,26.0,59.0,56.681000
183,-1,699.0,97.0,26.0,59.0,24.473000
183,-1,494.0,224.0,40.3,91.4,5.652400
184,-1,608.0,227.0,36.7,83.3,89.806000
184,-1,513.0,224.0,40.3,91.4,85.991997
184,-1,571.0,134.0,31.0,70.3,83.447998
184,-1,332.0,204.0,36.7,83.3,72.132004
184,-1,675.0,97.0,26.0,59.0,61.429001
184,-1,183.0,169.0,26.0,59.0,53.172001
184,-1,703.0,97.0,26.0,59.0,36.337002
184,-1,683.0,101.0,26.0,59.0,12.126000
184,-1,597.0,232.0,36.7,83.3,8.068000
184,-1,580.0,29.0,36.7,83.3,4.270200
185,-1,566.0,134.0,31.0,70.3,79.219002
185,-1,675.0,97.0,26.0,59.0,72.024002
185,-1,321.0,199.0,40.3,91.4,71.863998
185,-1,175.0,158.0,31.0,70.3,70.973000
185,-1,614.0,227.0,36.7,83.3,70.814003
185,-1,519.0,224.0,40.3,91.4,67.128998
185,-1,703.0,97.0,26.0,59.0,26.931999
185,-1,166.0,153.0,31.0,70.3,14.585000
186,-1,525.0,224.0,40.3,91.4,80.274002
186,-1,620.0,227.0,36.7,83.3,73.647003
186,-1,320.0,208.0,33.7,76.5,66.672997
186,-1,675.0,97.0,26.0,59.0,59.222000
186,-1,559.0,130.0,33.7,76.5,53.995998
186,-1,166.0,153.0,31.0,70.3,44.235001
186,-1,703.0,97.0,26.0,59.0,25.771000
186,-1,179.0,169.0,26.0,59.0,24.591000
186,-1,428.0,172.0,31.0,70.3,8.048200
186,-1,513.0,230.0,40.3,91.4,0.929330
187,-1,305.0,213.0,33.7,76.5,79.948997
187,-1,626.0,222.0,43.5,98.6,76.821999
187,-1,531.0,230.0,40.3,91.4,76.585999
187,-1,557.0,134.0,31.0,70.3,69.348999
187,-1,163.0,165.0,26.0,59.0,56.974998
187,-1,679.0,97.0,26.0,59.0,47.639000
187,-1,703.0,97.0,26.0,59.0,31.499001
188,-1,533.0,229.0,43.5,98.6,81.137001
188,-1,298.0,204.0,36.7,83.3,76.490997
188,-1,637.0,227.0,36.7,83.3,70.410004
188,-1,159.0,165.0,26.0,59.0,59.587002
188,-1,554.0,130.0,33.7,76.5,57.768002
188,-1,679.0,93.0,26.0,59.0,44.308998
188,-1,703.0,97.0,26.0,59.0,34.577999
188,-1,625.0,232.0,36.7,83.3,10.639000
189,-1,648.0,232.0,36.7,83.3,89.863998
189,-1,546.0,238.0,36.7,83.3,89.682999
189,-1,289.0,208.0,33.7,76.5,76.102997
189,-1,143.0,158.0,28.4,64.4,58.709000
189,-1,543.0,139.0,31.0,70.3,49.368000
189,-1,679.0,93.0,26.0,59.0,46.900002
189,-1,637.0,238.0,36.7,83.3,43.132999
189,-1,703.0,97.0,26.0,59.0,39.833000
190,-1,546.0,235.0,43.5,98.6,82.932999
190,-1,648.0,232.0,36.7,83.3,79.415001
190,-1,281.0,198.0,36.7,83.3,73.041000
190,-1,139.0,161.0,26.0,59.0,61.015999
190,-1,538.0,139.0,31.0,70.3,56.351002
190,-1,679.0,93.0,26.0,59.0,37.122002
190,-1,703.0,97.0,26.0,59.0,26.073000
191,-1,547.0,234.0,47.5,107.7,84.620003
191,-1,654.0,232.0,36.7,83.3,79.999001
191,-1,272.0,188.0,43.5,98.6,77.231003
191,-1,538.0,139.0,31.0,70.3,52.728001
191,-1,139.0,158.0,28.4,64.4,45.035999
191,-1,679.0,93.0,26.0,59.0,36.949001
191,-1,703.0,93.0,26.0,59.0,15.610000
191,-1,687.0,101.0,26.0,59.0,4.917900
192,-1,553.0,242.0,43.5,98.6,87.853996
192,-1,655.0,230.0,40.3,91.4,84.705002
192,-1,131.0,161.0,26.0,59.0,78.525002
192,-1,274.0,203.0,33.7,76.5,71.390999
192,-1,533.0,139.0,31.0,70.3,59.645000
192,-1,679.0,93.0,26.0,59.0,45.366001
192,-1,139.0,165.0,26.0,59.0,34.286999
192,-1,703.0,97.0,26.0,59.0,20.537001
192,-1,283.0,185.0,26.0,59.0,4.246200
193,-1,665.0,238.0,36.7,83.3,82.568001
193,-1,263.0,198.0,33.7,76.5,77.073997
193,-1,524.0,143.0,31.0,70.3,75.630997
193,-1,123.0,161.0,26.0,59.0,63.078999
193,-1,559.0,242.0,43.5,98.6,59.299000
193,-1,679.0,93.0,26.0,59.0,56.359001
193,-1,654.0,244.0,36.7,83.3,39.394001
193,-1,703.0,97.0,26.0,59.0,21.093000
193,-1,687.0,97.0,26.0,59.0,15.832000
194,-1,665.0,238.0,36.7,83.3,77.617996
194,-1,258.0,198.0,33.7,76.5,75.691002
194,-1,679.0,93.0,26.0,59.0,65.774002
194,-1,119.0,161.0,26.0,59.0,61.500000
194,-1,519.0,143.0,31.0,70.3,55.311001
194,-1,561.0,242.0,47.5,107.7,55.188000
194,-1,703.0,97.0,26.0,59.0,23.716000
194,-1,676.0,244.0,36.7,83.3,14.387000
195,-1,253.0,198.0,33.7,76.5,82.668999
195,-1,666.0,235.0,43.5,98.6,68.279999
195,-1,112.0,153.0,28.4,64.4,65.171997
195,-1,679.0,93.0,26.0,59.0,62.980999
195,-1,569.0,242.0,47.5,107.7,57.629002
195,-1,518.0,141.0,33.7,76.5,27.521999
195,-1,703.0,93.0,26.0,59.0,17.802000
195,-1,688.0,92.0,28.4,64.4,3.234800
196,-1,579.0,249.0,43.5,98.6,77.674004
196,-1,680.0,242.0,43.5,98.6,69.449997
196,-1,509.0,143.0,31.0,70.3,65.452003
196,-1,107.0,157.0,26.0,59.0,64.897003
196,-1,679.0,93.0,26.0,59.0,62.955002
196,-1,241.0,187.0,36.7,83.3,57.438999
196,-1,699.0,97.0,26.0,59.0,26.643000
196,-1,115.0,161.0,26.0,59.0,13.442000
197,-1,583.0,249.0,47.5,107.7,79.167999
197,-1,679.0,93.0,26.0,59.0,70.168999
197,-1,237.0,193.0,33.7,76.5,65.363998
197,-1,688.0,244.0,36.7,83.3,54.518002
197,-1,502.0,141.0,33.7,76.5,51.166000
197,-1,103.0,157.0,26.0,59.0,41.900002
197,-1,699.0,97.0,26.0,59.0,20.465000
197,-1,676.0,255.0,36.7,83.3,0.507160
198,-1,593.0,255.0,43.5,98.6,88.845001
198,-1,686.0,234.0,47.5,107.7,71.258003
198,-1,232.0,193.0,33.7,76.5,70.283997
198,-1,675.0,93.0,26.0,59.0,66.771004
198,-1,95.0,153.0,28.4,64.4,62.537998
198,-1,502.0,141.0,33.7,76.5,61.022999
198,-1,579.0,262.0,43.5,98.6,26.153000
198,-1,699.0,97.0,26.0,59.0,24.545000
199,-1,675.0,93.0,26.0,59.0,81.217003
199,-1,698.0,255.0,40.3,91.4,71.442001
199,-1,221.0,180.0,40.3,91.4,70.771004
199,-1,492.0,141.0,33.7,76.5,65.901001
199,-1,598.0,256.0,47.5,107.7,65.098999
199,-1,86.0,153.0,28.4,64.4,63.519001
199,-1,686.0,261.0,40.3,91.4,31.648001
199,-1,699.0,101.0,26.0,59.0,30.298000
200,-1,486.0,141.0,33.7,76.5,87.259003
200,-1,222.0,187.0,33.7,76.5,85.499001
200,-1,675.0,93.0,26.0,59.0,76.445000
200,-1,700.0,255.0,43.5,98.6,76.389000
200,-1,605.0,256.0,47.5,107.7,55.678001
200,-1,83.0,153.0,26.0,59.0,52.060001
200,-1,699.0,97.0,26.0,59.0,39.453999
200,-1,91.0,161.0,26.0,59.0,24.476000
200,-1,683.0,97.0,26.0,59.0,17.135000
201,-1,481.0,141.0,33.7,76.5,79.197998
201,-1,217.0,187.0,33.7,76.5,73.594002
201,-1,79.0,153.0,26.0,59.0,66.666000
201,-1,613.0,269.0,43.5,98.6,65.153000
201,-1,675.0,93.0,26.0,59.0,64.598999
201,-1,706.0,255.0,43.5,98.6,56.174000
201,-1,699.0,101.0,26.0,59.0,49.612000
202,-1,476.0,146.0,33.7,76.5,92.570999
202,-1,619.0,269.0,43.5,98.6,79.559998
202,-1,75.0,157.0,26.0,59.0,73.095001
202,-1,206.0,187.0,33.7,76.5,70.950996
202,-1,706.0,255.0,43.5,98.6,55.352001
202,-1,671.0,97.0,26.0,59.0,51.305000
202,-1,695.0,101.0,26.0,59.0,42.958000
202,-1,67.0,153.0,26.0,59.0,30.857000
202,-1,633.0,282.0,43.5,98.6,6.593300
203,-1,201.0,187.0,33.7,76.5,84.515999
203,-1,67.0,153.0,26.0,59.0,76.238998
203,-1,713.0,255.0,43.5,98.6,63.726002
203,-1,671.0,97.0,26.0,59.0,58.241001
203,-1,627.0,271.0,47.5,107.7,57.217999
203,-1,695.0,97.0,26.0,59.0,44.020000
203,-1,466.0,146.0,33.7,76.5,36.404999
204,-1,633.0,275.0,43.5,98.6,81.848000
204,-1,196.0,182.0,33.7,76.5,75.330002
204,-1,671.0,97.0,26.0,59.0,62.272999
204,-1,715.0,249.0,47.5,107.7,50.894001
204,-1,63.0,153.0,26.0,59.0,49.924999
204,-1,691.0,97.0,26.0,59.0,40.356998
204,-1,466.0,146.0,33.7,76.5,38.124001
205,-1,190.0,186.0,31.0,70.3,85.130997
205,-1,59.0,153.0,26.0,59.0,82.776001
205,-1,456.0,142.0,36.7,83.3,81.025002
205,-1,639.0,275.0,43.5,98.6,78.852997
205,-1,671.0,97.0,26.0,59.0,67.725998
205,-1,691.0,101.0,26.0,59.0,45.817001
205,-1,726.0,255.0,43.5,98.6,37.160999
206,-1,639.0,282.0,43.5,98.6,88.210999
206,-1,55.0,153.0,26.0,59.0,71.745003
206,-1,185.0,186.0,31.0,70.3,71.195999
206,-1,671.0,97.0,26.0,59.0,67.310997
206,-1,450.0,151.0,33.7,76.5,56.395000
206,-1,730.0,263.0,47.5,107.7,39.997002
206,-1,691.0,97.0,26.0,59.0,31.886999
206,-1,47.0,149.0,26.0,59.0,25.577000
206,-1,663.0,101.0,26.0,59.0,5.536600
207,-1,642.0,285.0,47.5,107.7,78.746002
207,-1,667.0,97.0,26.0,59.0,68.136002
207,-1,180.0,182.0,33.7,76.5,68.125000
207,-1,47.0,153.0,26.0,59.0,59.068001
207,-1,691.0,97.0,26.0,59.0,43.393002
207,-1,445.0,151.0,33.7,76.5,39.912998
207,-1,726.0,249.0,52.0,118.0,27.281000
207,-1,428.0,172.0,31.0,70.3,16.365000
208,-1,649.0,285.0,47.5,107.7,83.014000
208,-1,667.0,97.0,26.0,59.0,72.002998
208,-1,171.0,186.0,31.0,70.3,66.403000
208,-1,43.0,149.0,26.0,59.0,55.388000
208,-1,738.0,283.0,36.7,83.3,39.879002
208,-1,440.0,151.0,33.7,76.5,38.751999
208,-1,687.0,101.0,26.0,59.0,34.611000
208,-1,431.0,179.0,28.4,64.4,15.267000
209,-1,167.0,189.0,26.0,59.0,71.940002
209,-1,646.0,289.0,52.0,118.0,69.764000
209,-1,428.0,148.0,36.7,83.3,65.672997
209,-1,663.0,101.0,26.0,59.0,63.222000
209,-1,39.0,149.0,26.0,59.0,59.168999
209,-1,687.0,101.0,26.0,59.0,31.618000
209,-1,743.0,291.0,31.0,70.3,6.438300
210,-1,646.0,289.0,52.0,118.0,74.557999
210,-1,156.0,181.0,31.0,70.3,68.278999
210,-1,428.0,148.0,36.7,83.3,62.625000
210,-1,663.0,101.0,26.0,59.0,60.625999
210,-1,35.0,149.0,26.0,59.0,59.443001
210,-1,687.0,101.0,26.0,59.0,27.978001
210,-1,166.0,186.0,31.0,70.3,20.312000
211,-1,152.0,188.0,28.4,64.4,95.057999
211,-1,649.0,293.0,47.5,107.7,81.397003
211,-1,663.0,101.0,26.0,59.0,59.161999
211,-1,27.0,149.0,26.0,59.0,54.883999
211,-1,687.0,101.0,26.0,59.0,37.967999
211,-1,160.0,193.0,28.4,64.4,22.723000
211,-1,431.0,137.0,26.0,59.0,22.556000
212,-1,147.0,181.0,31.0,70.3,99.007004
212,-1,646.0,289.0,52.0,118.0,83.763000
212,-1,23.0,149.0,26.0,59.0,57.908001
212,-1,659.0,101.0,26.0,59.0,53.813999
212,-1,687.0,101.0,26.0,59.0,36.134998
212,-1,156.0,186.0,31.0,70.3,18.040001
212,-1,137.0,177.0,31.0,70.3,11.906000
213,-1,638.0,289.0,52.0,118.0,90.170998
213,-1,659.0,101.0,26.0,59.0,71.392998
213,-1,142.0,181.0,31.0,70.3,69.417999
213,-1,23.0,149.0,26.0,59.0,61.897999
213,-1,687.0,105.0,26.0,59.0,33.158001
214,-1,132.0,181.0,31.0,70.3,93.815002
214,-1,630.0,289.0,52.0,118.0,68.989998
214,-1,15.0,145.0,26.0,59.0,48.640999
214,-1,659.0,101.0,26.0,59.0,47.130001
214,-1,395.0,149.0,40.3,91.4,34.029999
214,-1,687.0,105.0,26.0,59.0,30.181999
215,-1,128.0,181.0,31.0,70.3,85.167000
215,-1,659.0,101.0,26.0,59.0,64.762001
215,-1,627.0,300.0,47.5,107.7,64.466003
215,-1,393.0,162.0,33.7,76.5,55.755001
215,-1,7.0,145.0,26.0,59.0,46.433998
215,-1,683.0,105.0,26.0,59.0,38.772999
215,-1,435.0,137.0,26.0,59.0,14.321000
215,-1,137.0,186.0,31.0,70.3,10.931000
216,-1,121.0,184.0,28.4,64.4,79.322998
216,-1,659.0,101.0,26.0,59.0,67.121002
216,-1,622.0,297.0,52.0,118.0,65.885002
216,-1,683.0,105.0,26.0,59.0,55.497002
216,-1,7.0,145.0,26.0,59.0,53.110001
216,-1,388.0,153.0,36.7,83.3,42.576000
216,-1,130.0,188.0,28.4,64.4,27.135000
217,-1,614.0,297.0,52.0,118.0,75.093002
217,-1,113.0,181.0,31.0,70.3,71.831001
217,-1,679.0,105.0,26.0,59.0,70.540001
217,-1,659.0,105.0,26.0,59.0,65.821999
217,-1,3.0,145.0,26.0,59.0,54.381001
217,-1,383.0,153.0,36.7,83.3,37.709000
218,-1,606.0,297.0,52.0,118.0,95.851997
218,-1,113.0,181.0,31.0,70.3,79.775002
218,-1,659.0,105.0,26.0,59.0,62.602001
218,-1,679.0,105.0,26.0,59.0,57.534000
218,-1,378.0,156.0,33.7,76.5,39.465000
218,-1,-1.0,145.0,26.0,59.0,37.516998
219,-1,104.0,181.0,31.0,70.3,91.681999
219,-1,372.0,162.0,33.7,76.5,90.156998
219,-1,591.0,300.0,47.5,107.7,63.500999
219,-1,655.0,105.0,26.0,59.0,52.640999
219,-1,-5.0,145.0,26.0,59.0,45.914001
219,-1,679.0,109.0,26.0,59.0,37.472000
219,-1,435.0,137.0,26.0,59.0,13.018000
220,-1,99.0,181.0,31.0,70.3,92.818001
220,-1,655.0,105.0,26.0,59.0,73.922997
220,-1,366.0,162.0,31.0,70.3,53.366001
220,-1,591.0,300.0,47.5,107.7,48.896999
220,-1,679.0,113.0,26.0,59.0,45.293999
220,-1,738.0,244.0,36.7,83.3,27.091000
220,-1,-5.0,145.0,26.0,59.0,9.938800
221,-1,655.0,105.0,26.0,59.0,82.592003
221,-1,574.0,289.0,52.0,118.0,80.158997
221,-1,94.0,177.0,31.0,70.3,60.983002
221,-1,357.0,162.0,33.7,76.5,49.040001
221,-1,675.0,109.0,26.0,59.0,48.799999
221,-1,738.0,244.0,36.7,83.3,35.912998
222,-1,574.0,289.0,52.0,118.0,93.483002
222,-1,655.0,105.0,26.0,59.0,85.055000
222,-1,675.0,109.0,26.0,59.0,70.546997
222,-1,89.0,181.0,31.0,70.3,65.569000
222,-1,733.0,238.0,36.7,83.3,56.298000
222,-1,352.0,162.0,33.7,76.5,54.523998
222,-1,663.0,109.0,26.0,59.0,18.580000
222,-1,435.0,137.0,26.0,59.0,11.221000
223,-1,341.0,162.0,33.7,76.5,102.809998
223,-1,721.0,232.0,36.7,83.3,96.750000
223,-1,82.0,177.0,33.7,76.5,72.732002
223,-1,675.0,113.0,26.0,59.0,65.528999
223,-1,561.0,293.0,47.5,107.7,64.242996
223,-1,655.0,109.0,26.0,59.0,62.452000
224,-1,716.0,232.0,36.7,83.3,120.440002
224,-1,75.0,181.0,31.0,70.3,78.011002
224,-1,651.0,109.0,26.0,59.0,72.447998
224,-1,336.0,162.0,33.7,76.5,68.220001
224,-1,675.0,113.0,26.0,59.0,64.370003
224,-1,550.0,281.0,52.0,118.0,64.275002
224,-1,659.0,113.0,26.0,59.0,2.794200
225,-1,710.0,227.0,36.7,83.3,100.930000
225,-1,651.0,109.0,26.0,59.0,84.654999
225,-1,70.0,177.0,31.0,70.3,62.912998
225,-1,333.0,167.0,31.0,70.3,51.806000
225,-1,542.0,281.0,52.0,118.0,50.597000
225,-1,675.0,113.0,26.0,59.0,42.167000
226,-1,699.0,227.0,36.7,83.3,129.490005
226,-1,64.0,179.0,28.4,64.4,79.236000
226,-1,651.0,109.0,26.0,59.0,75.814003
226,-1,534.0,281.0,52.0,118.0,64.151001
226,-1,671.0,109.0,26.0,59.0,61.557999
226,-1,320.0,162.0,33.7,76.5,44.421001
227,-1,694.0,229.0,33.7,76.5,93.541000
227,-1,651.0,109.0,26.0,59.0,90.189003
227,-1,60.0,179.0,28.4,64.4,72.099998
227,-1,315.0,162.0,33.7,76.5,70.695999
227,-1,525.0,278.0,47.5,107.7,66.003998
227,-1,671.0,113.0,26.0,59.0,60.160999
227,-1,643.0,113.0,26.0,59.0,8.277900
228,-1,647.0,109.0,26.0,59.0,93.839996
228,-1,689.0,224.0,33.7,76.5,80.579002
228,-1,518.0,273.0,52.0,118.0,72.533997
228,-1,671.0,113.0,26.0,59.0,67.607002
228,-1,310.0,162.0,33.7,76.5,64.300003
228,-1,59.0,181.0,26.0,59.0,57.119999
228,-1,327.0,181.0,26.0,59.0,26.740000
228,-1,655.0,113.0,26.0,59.0,17.743999
229,-1,647.0,109.0,26.0,59.0,99.318001
229,-1,517.0,278.0,47.5,107.7,74.212997
229,-1,305.0,162.0,33.7,76.5,65.616997
229,-1,684.0,224.0,33.7,76.5,64.559998
229,-1,667.0,113.0,26.0,59.0,64.392998
229,-1,51.0,177.0,31.0,70.3,56.139999
229,-1,655.0,113.0,26.0,59.0,19.877001
230,-1,47.0,179.0,28.4,64.4,91.879997
230,-1,647.0,113.0,26.0,59.0,80.644997
230,-1,676.0,215.0,36.7,83.3,76.218002
230,-1,506.0,275.0,43.5,98.6,68.082001
230,-1,294.0,162.0,33.7,76.5,56.712002
230,-1,667.0,113.0,26.0,59.0,51.252998
230,-1,730.0,293.0,47.5,107.7,28.767000
230,-1,56.0,184.0,28.4,64.4,10.814000
231,-1,668.0,219.0,33.7,76.5,100.510002
231,-1,647.0,113.0,26.0,59.0,77.295998
231,-1,43.0,181.0,26.0,59.0,74.896004
231,-1,289.0,162.0,33.7,76.5,72.589996
231,-1,667.0,113.0,26.0,59.0,57.044998
231,-1,494.0,265.0,52.0,118.0,56.820999
231,-1,718.0,281.0,52.0,118.0,48.243999
231,-1,678.0,224.0,33.7,76.5,30.952999
231,-1,639.0,109.0,26.0,59.0,29.937000
231,-1,51.0,185.0,26.0,59.0,14.262000
232,-1,284.0,162.0,33.7,76.5,102.889999
232,-1,43.0,179.0,28.4,64.4,84.022003
232,-1,663.0,219.0,33.7,76.5,78.091003
232,-1,643.0,113.0,26.0,59.0,76.820000
232,-1,496.0,263.0,47.5,107.7,68.097000
232,-1,710.0,281.0,52.0,118.0,64.466003
232,-1,667.0,113.0,26.0,59.0,58.416000
233,-1,654.0,210.0,36.7,83.3,86.244003
233,-1,643.0,113.0,26.0,59.0,81.390999
233,-1,271.0,162.0,31.0,70.3,70.825996
233,-1,708.0,285.0,47.5,107.7,67.486000
233,-1,38.0,175.0,28.4,64.4,65.492996
233,-1,667.0,113.0,26.0,59.0,55.634998
233,-1,488.0,263.0,47.5,107.7,51.889999
233,-1,280.0,167.0,31.0,70.3,23.480000
233,-1,651.0,117.0,26.0,59.0,6.186800
234,-1,648.0,210.0,36.7,83.3,102.769997
234,-1,643.0,113.0,26.0,59.0,89.099998
234,-1,700.0,285.0,47.5,107.7,80.435997
234,-1,38.0,175.0,28.4,64.4,62.202000
234,-1,266.0,162.0,31.0,70.3,60.243000
234,-1,478.0,257.0,52.0,118.0,57.076000
234,-1,667.0,117.0,26.0,59.0,53.507000
234,-1,651.0,117.0,26.0,59.0,5.017900
235,-1,642.0,210.0,36.7,83.3,81.739998
235,-1,643.0,113.0,26.0,59.0,77.027000
235,-1,474.0,263.0,47.5,107.7,68.625999
235,-1,694.0,281.0,52.0,118.0,63.969002
235,-1,38.0,175.0,28.4,64.4,60.724998
235,-1,261.0,162.0,31.0,70.3,54.514000
235,-1,663.0,117.0,26.0,59.0,53.271000
235,-1,580.0,29.0,36.7,83.3,3.293700
236,-1,253.0,156.0,33.7,76.5,84.735001
236,-1,637.0,208.0,33.7,76.5,82.147003
236,-1,466.0,262.0,43.5,98.6,74.899002
236,-1,663.0,117.0,26.0,59.0,67.584000
236,-1,643.0,113.0,26.0,59.0,62.362000
236,-1,38.0,175.0,28.4,64.4,57.737000
236,-1,686.0,278.0,47.5,107.7,57.448002
236,-1,651.0,121.0,26.0,59.0,7.841000
236,-1,263.0,162.0,33.7,76.5,7.439100
237,-1,632.0,208.0,33.7,76.5,83.959999
237,-1,248.0,156.0,33.7,76.5,81.267998
237,-1,459.0,255.0,43.5,98.6,77.865997
237,-1,643.0,117.0,26.0,59.0,75.153999
237,-1,678.0,271.0,47.5,107.7,68.288002
237,-1,38.0,175.0,28.4,64.4,62.935001
237,-1,663.0,117.0,26.0,59.0,51.498001
238,-1,627.0,203.0,33.7,76.5,85.375000
238,-1,457.0,261.0,40.3,91.4,78.940002
238,-1,243.0,156.0,33.7,76.5,78.872002
238,-1,643.0,117.0,26.0,59.0,74.803001
238,-1,671.0,271.0,47.5,107.7,66.890999
238,-1,38.0,175.0,28.4,64.4,60.159000
238,-1,663.0,121.0,26.0,59.0,42.776001
238,-1,29.0,171.0,28.4,64.4,20.541000
238,-1,435.0,137.0,26.0,59.0,8.222300
239,-1,621.0,203.0,33.7,76.5,96.438004
239,-1,242.0,158.0,31.0,70.3,83.292999
239,-1,671.0,271.0,47.5,107.7,80.029999
239,-1,452.0,255.0,43.5,98.6,76.598999
239,-1,643.0,117.0,26.0,59.0,75.112999
239,-1,34.0,175.0,28.4,64.4,57.737000
239,-1,663.0,121.0,26.0,59.0,55.167000
239,-1,43.0,179.0,28.4,64.4,14.190000
239,-1,651.0,121.0,26.0,59.0,10.591000
240,-1,237.0,156.0,33.7,76.5,104.279999
240,-1,616.0,203.0,33.7,76.5,88.959999
240,-1,639.0,117.0,26.0,59.0,82.176003
240,-1,664.0,271.0,47.5,107.7,76.356003
240,-1,451.0,255.0,40.3,91.4,65.976997
240,-1,663.0,121.0,26.0,59.0,64.447998
240,-1,38.0,175.0,28.4,64.4,57.229000
240,-1,647.0,121.0,26.0,59.0,27.730000
240,-1,31.0,169.0,26.0,59.0,17.688999
240,-1,580.0,29.0,36.7,83.3,6.021500
241,-1,609.0,205.0,31.0,70.3,95.934998
241,-1,639.0,117.0,26.0,59.0,88.494003
241,-1,232.0,156.0,33.7,76.5,85.086998
241,-1,656.0,271.0,47.5,107.7,76.003998
241,-1,446.0,249.0,43.5,98.6,67.574997
241,-1,663.0,121.0,26.0,59.0,66.938004
241,-1,37.0,172.0,31.0,70.3,55.691002
241,-1,647.0,121.0,26.0,59.0,16.906000
241,-1,435.0,137.0,26.0,59.0,16.409000
242,-1,227.0,156.0,33.7,76.5,105.320000
242,-1,601.0,198.0,33.7,76.5,90.707001
242,-1,639.0,117.0,26.0,59.0,88.247002
242,-1,642.0,263.0,47.5,107.7,83.093002
242,-1,663.0,121.0,26.0,59.0,66.038002
242,-1,432.0,249.0,43.5,98.6,62.331001
242,-1,38.0,175.0,28.4,64.4,58.479000
243,-1,223.0,158.0,31.0,70.3,114.570000
243,-1,595.0,201.0,31.0,70.3,83.512001
243,-1,426.0,249.0,40.3,91.4,78.824997
243,-1,663.0,121.0,26.0,59.0,77.358002
243,-1,642.0,263.0,47.5,107.7,77.345001
243,-1,639.0,117.0,26.0,59.0,69.958000
243,-1,38.0,175.0,28.4,64.4,60.532001
243,-1,631.0,121.0,26.0,59.0,26.740000
243,-1,233.0,167.0,31.0,70.3,6.539000
243,-1,448.0,284.0,28.4,64.4,3.865600
244,-1,590.0,201.0,31.0,70.3,79.661003
244,-1,635.0,117.0,26.0,59.0,79.015999
244,-1,663.0,121.0,26.0,59.0,76.915001
244,-1,221.0,158.0,28.4,64.4,75.459000
244,-1,635.0,263.0,47.5,107.7,72.605003
244,-1,419.0,242.0,43.5,98.6,70.052002
244,-1,38.0,175.0,28.4,64.4,61.025002
244,-1,580.0,29.0,36.7,83.3,5.355500
245,-1,635.0,263.0,47.5,107.7,95.504997
245,-1,585.0,193.0,33.7,76.5,86.056000
245,-1,635.0,121.0,26.0,59.0,84.320000
245,-1,663.0,125.0,26.0,59.0,79.639000
245,-1,218.0,158.0,31.0,70.3,68.299004
245,-1,38.0,175.0,28.4,64.4,58.948002
245,-1,431.0,281.0,26.0,59.0,16.504999
246,-1,575.0,193.0,33.7,76.5,93.792000
246,-1,635.0,121.0,26.0,59.0,92.392998
246,-1,663.0,125.0,26.0,59.0,82.214996
246,-1,626.0,262.0,43.5,98.6,70.371002
246,-1,213.0,158.0,31.0,70.3,65.662003
246,-1,38.0,175.0,28.4,64.4,58.046001
246,-1,204.0,153.0,31.0,70.3,32.172001
246,-1,407.0,242.0,40.3,91.4,29.756001
246,-1,435.0,137.0,26.0,59.0,12.406000
247,-1,570.0,193.0,33.7,76.5,106.809998
247,-1,635.0,121.0,26.0,59.0,87.744003
247,-1,204.0,153.0,31.0,70.3,85.540001
247,-1,663.0,125.0,26.0,59.0,75.244003
247,-1,620.0,256.0,47.5,107.7,63.653999
247,-1,38.0,175.0,28.4,64.4,63.167999
247,-1,401.0,242.0,40.3,91.4,54.105999
247,-1,219.0,169.0,26.0,59.0,37.099998
247,-1,396.0,162.0,61.5,139.6,8.051700
248,-1,204.0,158.0,28.4,64.4,81.455002
248,-1,635.0,121.0,26.0,59.0,78.478996
248,-1,564.0,187.0,33.7,76.5,77.884003
248,-1,614.0,249.0,52.0,118.0,71.538002
248,-1,38.0,175.0,28.4,64.4,68.464996
248,-1,663.0,125.0,26.0,59.0,65.653999
248,-1,395.0,236.0,40.3,91.4,62.797001
248,-1,627.0,125.0,26.0,59.0,15.000000
248,-1,29.0,171.0,28.4,64.4,11.486000
248,-1,213.0,166.0,28.4,64.4,6.199100
249,-1,199.0,153.0,31.0,70.3,104.449997
249,-1,559.0,187.0,33.7,76.5,95.961998
249,-1,659.0,125.0,26.0,59.0,77.612000
249,-1,613.0,249.0,47.5,107.7,77.246002
249,-1,635.0,121.0,26.0,59.0,73.203003
249,-1,37.0,172.0,31.0,70.3,70.166000
249,-1,392.0,229.0,43.5,98.6,60.347000
249,-1,27.0,167.0,31.0,70.3,8.807300
250,-1,199.0,153.0,31.0,70.3,98.367996
250,-1,554.0,187.0,33.7,76.5,89.257004
250,-1,632.0,118.0,28.4,64.4,80.230003
250,-1,659.0,125.0,26.0,59.0,79.255997
250,-1,605.0,256.0,47.5,107.7,67.581001
250,-1,386.0,229.0,43.5,98.6,62.113998
250,-1,38.0,175.0,28.4,64.4,61.359001
250,-1,190.0,148.0,31.0,70.3,35.870998
250,-1,29.0,171.0,28.4,64.4,16.361000
250,-1,643.0,129.0,26.0,59.0,4.892000
251,-1,376.0,230.0,40.3,91.4,93.930000
251,-1,593.0,255.0,43.5,98.6,86.737999
251,-1,543.0,191.0,31.0,70.3,85.872002
251,-1,195.0,158.0,28.4,64.4,84.058998
251,-1,632.0,118.0,28.4,64.4,69.669998
251,-1,655.0,125.0,26.0,59.0,61.923000
251,-1,37.0,172.0,31.0,70.3,61.238998
251,-1,389.0,236.0,40.3,91.4,21.509001
251,-1,643.0,129.0,26.0,59.0,13.854000
251,-1,27.0,167.0,31.0,70.3,11.077000
252,-1,190.0,153.0,31.0,70.3,108.180000
252,-1,538.0,186.0,31.0,70.3,97.485001
252,-1,372.0,222.0,43.5,98.6,94.560997
252,-1,586.0,249.0,43.5,98.6,90.063004
252,-1,651.0,129.0,26.0,59.0,86.497002
252,-1,631.0,125.0,26.0,59.0,72.991997
252,-1,32.0,172.0,31.0,70.3,59.113998
252,-1,639.0,129.0,26.0,59.0,18.239000
252,-1,42.0,177.0,31.0,70.3,5.583200
253,-1,187.0,153.0,28.4,64.4,80.077003
253,-1,370.0,230.0,40.3,91.4,77.378998
253,-1,586.0,255.0,43.5,98.6,74.716003
253,-1,651.0,129.0,26.0,59.0,73.176003
253,-1,38.0,175.0,28.4,64.4,72.405998
253,-1,631.0,125.0,26.0,59.0,69.396004
253,-1,533.0,186.0,31.0,70.3,62.787998
253,-1,643.0,133.0,26.0,59.0,19.879999
253,-1,195.0,162.0,28.4,64.4,17.136000
253,-1,435.0,137.0,26.0,59.0,14.891000
253,-1,29.0,171.0,28.4,64.4,13.154000
254,-1,573.0,249.0,43.5,98.6,88.653999
254,-1,523.0,182.0,33.7,76.5,83.730003
254,-1,364.0,224.0,40.3,91.4,81.823997
254,-1,631.0,125.0,26.0,59.0,68.936996
254,-1,37.0,172.0,31.0,70.3,62.865002
254,-1,182.0,153.0,28.4,64.4,57.974998
254,-1,647.0,129.0,26.0,59.0,56.592999
254,-1,27.0,167.0,31.0,70.3,16.768000
254,-1,639.0,133.0,26.0,59.0,10.549000
255,-1,518.0,182.0,33.7,76.5,107.959999
255,-1,358.0,218.0,40.3,91.4,86.857002
255,-1,566.0,249.0,43.5,98.6,86.339996
255,-1,627.0,123.0,28.4,64.4,69.703003
255,-1,175.0,148.0,31.0,70.3,69.153999
255,-1,38.0,175.0,28.4,64.4,67.195999
255,-1,647.0,133.0,26.0,59.0,64.161003
256,-1,358.0,218.0,40.3,91.4,104.349998
256,-1,514.0,186.0,31.0,70.3,85.474998
256,-1,178.0,153.0,28.4,64.4,77.584000
256,-1,561.0,242.0,47.5,107.7,77.097000
256,-1,627.0,123.0,28.4,64.4,75.587997
256,-1,37.0,172.0,31.0,70.3,73.531998
256,-1,647.0,129.0,26.0,59.0,66.194000
256,-1,639.0,133.0,26.0,59.0,20.275000
256,-1,187.0,158.0,28.4,64.4,16.384001
256,-1,345.0,224.0,40.3,91.4,10.710000
257,-1,351.0,218.0,40.3,91.4,99.963997
257,-1,509.0,181.0,31.0,70.3,98.813004
257,-1,554.0,242.0,47.5,107.7,89.358002
257,-1,627.0,129.0,26.0,59.0,86.694000
257,-1,173.0,153.0,28.4,64.4,84.561996
257,-1,643.0,129.0,26.0,59.0,73.664001
257,-1,37.0,172.0,31.0,70.3,63.904999
257,-1,635.0,133.0,26.0,59.0,9.235800
258,-1,500.0,181.0,31.0,70.3,100.330002
258,-1,547.0,242.0,47.5,107.7,93.806999
258,-1,623.0,123.0,28.4,64.4,92.814003
258,-1,169.0,153.0,28.4,64.4,89.752998
258,-1,643.0,133.0,26.0,59.0,81.334000
258,-1,343.0,221.0,36.7,83.3,80.679001
258,-1,37.0,172.0,31.0,70.3,63.393002
258,-1,363.0,253.0,26.0,59.0,16.142000
258,-1,27.0,167.0,31.0,70.3,15.663000
259,-1,623.0,129.0,26.0,59.0,97.334000
259,-1,495.0,181.0,31.0,70.3,95.248001
259,-1,643.0,133.0,26.0,59.0,91.198997
259,-1,337.0,215.0,36.7,83.3,86.606003
259,-1,546.0,242.0,43.5,98.6,82.447998
259,-1,165.0,149.0,28.4,64.4,77.821999
259,-1,37.0,172.0,31.0,70.3,67.710999
259,-1,631.0,133.0,26.0,59.0,34.738998
259,-1,173.0,158.0,28.4,64.4,12.140000
259,-1,27.0,167.0,31.0,70.3,10.689000
260,-1,333.0,211.0,40.3,91.4,91.172997
260,-1,490.0,181.0,31.0,70.3,89.637001
260,-1,532.0,242.0,47.5,107.7,83.124001
260,-1,623.0,129.0,26.0,59.0,82.194000
260,-1,643.0,133.0,26.0,59.0,78.313004
260,-1,161.0,148.0,31.0,70.3,74.167000
260,-1,38.0,175.0,28.4,64.4,70.706001
260,-1,631.0,133.0,26.0,59.0,34.021999
260,-1,29.0,171.0,28.4,64.4,18.825001
261,-1,526.0,242.0,43.5,98.6,120.070000
261,-1,156.0,149.0,28.4,64.4,107.250000
261,-1,481.0,177.0,31.0,70.3,104.279999
261,-1,326.0,215.0,36.7,83.3,93.641998
261,-1,619.0,127.0,28.4,64.4,84.800003
261,-1,635.0,133.0,26.0,59.0,62.064999
261,-1,32.0,172.0,31.0,70.3,60.806999
261,-1,42.0,177.0,31.0,70.3,7.083400
262,-1,476.0,177.0,31.0,70.3,112.970001
262,-1,519.0,242.0,43.5,98.6,91.551003
262,-1,619.0,127.0,28.4,64.4,85.061996
262,-1,320.0,213.0,33.7,76.5,79.336998
262,-1,156.0,149.0,28.4,64.4,77.329002
262,-1,635.0,133.0,26.0,59.0,60.535999
262,-1,38.0,175.0,28.4,64.4,57.082001
262,-1,29.0,171.0,28.4,64.4,28.707001
262,-1,610.0,123.0,28.4,64.4,22.620001
262,-1,335.0,245.0,26.0,59.0,2.718200
263,-1,466.0,177.0,31.0,70.3,125.980003
263,-1,513.0,242.0,43.5,98.6,100.790001
263,-1,635.0,137.0,26.0,59.0,76.248001
263,-1,314.0,205.0,40.3,91.4,70.903000
263,-1,147.0,145.0,28.4,64.4,66.807999
263,-1,37.0,172.0,31.0,70.3,63.533001
263,-1,614.0,127.0,28.4,64.4,55.231998
263,-1,627.0,133.0,26.0,59.0,39.689999
263,-1,27.0,167.0,31.0,70.3,24.708000
264,-1,462.0,177.0,31.0,70.3,120.070000
264,-1,506.0,242.0,43.5,98.6,86.371002
264,-1,147.0,145.0,28.4,64.4,74.431999
264,-1,632.0,131.0,28.4,64.4,72.001999
264,-1,34.0,175.0,28.4,64.4,71.108002
264,-1,309.0,210.0,36.7,83.3,65.336998
264,-1,614.0,127.0,28.4,64.4,64.089996
264,-1,623.0,136.0,28.4,64.4,16.551001
264,-1,43.0,179.0,28.4,64.4,12.200000
264,-1,159.0,157.0,26.0,59.0,8.056200
264,-1,605.0,131.0,28.4,64.4,5.054600
265,-1,457.0,172.0,31.0,70.3,100.320000
265,-1,610.0,127.0,28.4,64.4,87.549004
265,-1,500.0,242.0,40.3,91.4,84.105003
265,-1,143.0,145.0,28.4,64.4,79.203003
265,-1,631.0,133.0,26.0,59.0,76.152000
265,-1,304.0,210.0,36.7,83.3,71.699997
265,-1,37.0,172.0,31.0,70.3,64.358002
265,-1,27.0,167.0,31.0,70.3,28.430000
265,-1,619.0,131.0,28.4,64.4,25.809000
265,-1,322.0,232.0,28.4,64.4,2.400300
266,-1,457.0,179.0,28.4,64.4,112.540001
266,-1,610.0,127.0,28.4,64.4,94.463997
266,-1,304.0,204.0,36.7,83.3,88.388000
266,-1,143.0,149.0,26.0,59.0,83.119003
266,-1,493.0,235.0,43.5,98.6,71.913002
266,-1,631.0,137.0,26.0,59.0,71.514999
266,-1,34.0,175.0,28.4,64.4,65.998001
266,-1,448.0,175.0,28.4,64.4,57.402000
266,-1,601.0,131.0,28.4,64.4,11.739000
267,-1,444.0,175.0,28.4,64.4,101.480003
267,-1,605.0,131.0,28.4,64.4,99.150002
267,-1,631.0,137.0,26.0,59.0,87.482002
267,-1,139.0,145.0,28.4,64.4,87.421997
267,-1,32.0,172.0,31.0,70.3,87.346001
267,-1,292.0,204.0,36.7,83.3,82.980003
267,-1,486.0,235.0,43.5,98.6,67.179001
267,-1,435.0,179.0,28.4,64.4,34.167000
267,-1,619.0,136.0,28.4,64.4,6.073000
268,-1,438.0,172.0,31.0,70.3,109.589996
268,-1,605.0,131.0,28.4,64.4,101.889999
268,-1,290.0,199.0,40.3,91.4,83.512001
268,-1,34.0,175.0,28.4,64.4,82.703003
268,-1,134.0,145.0,28.4,64.4,79.125999
268,-1,479.0,235.0,43.5,98.6,66.383003
268,-1,631.0,137.0,26.0,59.0,62.861000
268,-1,597.0,127.0,28.4,64.4,33.720001
268,-1,277.0,193.0,40.3,91.4,21.082001
268,-1,428.0,177.0,31.0,70.3,13.297000
269,-1,433.0,172.0,31.0,70.3,93.024002
269,-1,601.0,127.0,28.4,64.4,91.919998
269,-1,130.0,145.0,28.4,64.4,90.753998
269,-1,289.0,203.0,33.7,76.5,90.663002
269,-1,32.0,172.0,31.0,70.3,89.334999
269,-1,475.0,242.0,40.3,91.4,79.442001
269,-1,631.0,141.0,26.0,59.0,69.351997
269,-1,143.0,153.0,26.0,59.0,19.117001
269,-1,615.0,137.0,26.0,59.0,8.184600
270,-1,281.0,198.0,36.7,83.3,107.239998
270,-1,601.0,131.0,28.4,64.4,101.660004
270,-1,125.0,145.0,28.4,64.4,88.675003
270,-1,459.0,235.0,43.5,98.6,85.130997
270,-1,428.0,172.0,31.0,70.3,80.165001
270,-1,631.0,141.0,26.0,59.0,70.226997
270,-1,29.0,175.0,28.4,64.4,69.530998
270,-1,592.0,127.0,28.4,64.4,35.140999
270,-1,443.0,181.0,26.0,59.0,13.530000
271,-1,459.0,235.0,43.5,98.6,96.580002
271,-1,597.0,131.0,28.4,64.4,92.570000
271,-1,277.0,187.0,40.3,91.4,90.985001
271,-1,29.0,175.0,28.4,64.4,71.151001
271,-1,631.0,141.0,26.0,59.0,70.894997
271,-1,121.0,140.0,28.4,64.4,57.374001
271,-1,424.0,167.0,33.7,76.5,40.473000
272,-1,277.0,187.0,40.3,91.4,93.213997
272,-1,457.0,236.0,40.3,91.4,85.179001
272,-1,25.0,175.0,28.4,64.4,80.283997
272,-1,597.0,131.0,28.4,64.4,80.019997
272,-1,631.0,141.0,26.0,59.0,64.516998
272,-1,121.0,140.0,28.4,64.4,57.646000
272,-1,34.0,179.0,28.4,64.4,30.732000
272,-1,423.0,172.0,31.0,70.3,0.962570
273,-1,451.0,236.0,40.3,91.4,95.413002
273,-1,25.0,175.0,28.4,64.4,89.817001
273,-1,271.0,187.0,40.3,91.4,83.598999
273,-1,595.0,129.0,31.0,70.3,71.878998
273,-1,118.0,139.0,31.0,70.3,63.229000
273,-1,631.0,141.0,26.0,59.0,61.806000
273,-1,34.0,179.0,28.4,64.4,27.257999
273,-1,623.0,145.0,26.0,59.0,17.993000
274,-1,271.0,187.0,40.3,91.4,108.639999
274,-1,21.0,175.0,28.4,64.4,89.842003
274,-1,597.0,131.0,28.4,64.4,81.133003
274,-1,444.0,236.0,40.3,91.4,79.682999
274,-1,117.0,145.0,28.4,64.4,78.880997
274,-1,627.0,141.0,26.0,59.0,75.582001
274,-1,400.0,171.0,28.4,64.4,62.495998
274,-1,29.0,179.0,28.4,64.4,50.823002
275,-1,270.0,187.0,36.7,83.3,134.949997
275,-1,396.0,166.0,28.4,64.4,88.792999
275,-1,595.0,129.0,31.0,70.3,87.914001
275,-1,21.0,175.0,28.4,64.4,84.170998
275,-1,627.0,145.0,26.0,59.0,79.809998
275,-1,439.0,229.0,43.5,98.6,78.973000
275,-1,117.0,145.0,28.4,64.4,72.680000
276,-1,269.0,193.0,33.7,76.5,95.882004
276,-1,627.0,145.0,26.0,59.0,89.844002
276,-1,387.0,171.0,28.4,64.4,86.341003
276,-1,597.0,136.0,28.4,64.4,84.384003
276,-1,426.0,229.0,43.5,98.6,78.737000
276,-1,117.0,145.0,28.4,64.4,71.019997
276,-1,18.0,172.0,31.0,70.3,67.893997
276,-1,258.0,187.0,33.7,76.5,15.337000
277,-1,383.0,166.0,28.4,64.4,85.857002
277,-1,269.0,193.0,33.7,76.5,85.653999
277,-1,627.0,145.0,26.0,59.0,81.324997
277,-1,426.0,236.0,40.3,91.4,74.696999
277,-1,599.0,145.0,26.0,59.0,72.273003
277,-1,113.0,143.0,31.0,70.3,63.458000
277,-1,18.0,172.0,31.0,70.3,61.116001
277,-1,8.0,177.0,31.0,70.3,27.393000
277,-1,392.0,175.0,28.4,64.4,8.568900
278,-1,374.0,166.0,28.4,64.4,101.750000
278,-1,265.0,180.0,40.3,91.4,91.264000
278,-1,599.0,145.0,26.0,59.0,80.402000
278,-1,112.0,149.0,28.4,64.4,79.686996
278,-1,627.0,145.0,26.0,59.0,70.510002
278,-1,12.0,179.0,28.4,64.4,54.846001
278,-1,426.0,236.0,40.3,91.4,45.876999
278,-1,252.0,174.0,40.3,91.4,8.475600
278,-1,580.0,29.0,36.7,83.3,6.750000
278,-1,591.0,149.0,26.0,59.0,1.612300
279,-1,365.0,166.0,28.4,64.4,122.080002
279,-1,112.0,149.0,28.4,64.4,102.489998
279,-1,263.0,182.0,33.7,76.5,97.196999
279,-1,599.0,145.0,26.0,59.0,82.910004
279,-1,7.0,177.0,26.0,59.0,76.027000
279,-1,627.0,149.0,26.0,59.0,74.398003
279,-1,392.0,160.0,73.4,166.6,28.853001
279,-1,374.0,171.0,28.4,64.4,24.270000
279,-1,274.0,187.0,33.7,76.5,16.934000
279,-1,607.0,149.0,26.0,59.0,15.068000
279,-1,121.0,153.0,28.4,64.4,8.418000
280,-1,361.0,166.0,28.4,64.4,136.759995
280,-1,263.0,182.0,33.7,76.5,108.260002
280,-1,112.0,149.0,28.4,64.4,98.838997
280,-1,599.0,145.0,26.0,59.0,74.002998
280,-1,627.0,145.0,28.4,64.4,67.275002
280,-1,3.0,175.0,28.4,64.4,62.926998
280,-1,392.0,160.0,73.4,166.6,24.270000
280,-1,607.0,149.0,26.0,59.0,11.047000
280,-1,253.0,187.0,33.7,76.5,1.482800
281,-1,357.0,166.0,28.4,64.4,121.370003
281,-1,258.0,181.0,36.7,83.3,111.510002
281,-1,115.0,149.0,26.0,59.0,84.073997
281,-1,599.0,145.0,26.0,59.0,71.755997
281,-1,627.0,149.0,26.0,59.0,69.872002
281,-1,3.0,177.0,26.0,59.0,41.832001
281,-1,404.0,248.0,31.0,70.3,29.073000
281,-1,611.0,149.0,26.0,59.0,4.893700
282,-1,258.0,182.0,33.7,76.5,119.360001
282,-1,351.0,169.0,26.0,59.0,118.239998
282,-1,112.0,149.0,28.4,64.4,89.836998
282,-1,599.0,145.0,26.0,59.0,83.301003
282,-1,627.0,149.0,26.0,59.0,64.363998
282,-1,-1.0,172.0,31.0,70.3,53.025002
282,-1,395.0,230.0,40.3,91.4,36.930000
282,-1,121.0,153.0,28.4,64.4,33.323002
282,-1,269.0,187.0,33.7,76.5,17.264000
283,-1,258.0,177.0,33.7,76.5,114.570000
283,-1,117.0,149.0,28.4,64.4,106.610001
283,-1,343.0,165.0,26.0,59.0,91.704002
283,-1,389.0,224.0,40.3,91.4,80.232002
283,-1,599.0,145.0,26.0,59.0,77.969002
283,-1,623.0,145.0,28.4,64.4,53.601002
283,-1,-5.0,171.0,28.4,64.4,50.796001
283,-1,248.0,182.0,33.7,76.5,21.978001
284,-1,258.0,177.0,33.7,76.5,106.070000
284,-1,339.0,166.0,28.4,64.4,101.459999
284,-1,118.0,148.0,31.0,70.3,99.322998
284,-1,389.0,224.0,40.3,91.4,78.991997
284,-1,627.0,149.0,26.0,59.0,72.306000
284,-1,599.0,145.0,26.0,59.0,62.180000
284,-1,-6.0,167.0,31.0,70.3,35.466000
284,-1,619.0,153.0,26.0,59.0,12.364000
284,-1,248.0,172.0,33.7,76.5,9.707300
285,-1,258.0,177.0,33.7,76.5,106.870003
285,-1,335.0,166.0,28.4,64.4,97.343002
285,-1,123.0,148.0,31.0,70.3,89.774002
285,-1,623.0,149.0,26.0,59.0,81.810997
285,-1,382.0,224.0,40.3,91.4,65.509003
285,-1,597.0,145.0,28.4,64.4,63.249001
285,-1,-5.0,171.0,28.4,64.4,29.351999
285,-1,326.0,162.0,28.4,64.4,22.705999
285,-1,248.0,182.0,33.7,76.5,19.558001
285,-1,580.0,29.0,36.7,83.3,6.770800
286,-1,253.0,170.0,36.7,83.3,103.989998
286,-1,326.0,162.0,28.4,64.4,101.150002
286,-1,130.0,149.0,28.4,64.4,85.337997
286,-1,597.0,149.0,28.4,64.4,80.098000
286,-1,619.0,149.0,28.4,64.4,77.914001
286,-1,372.0,215.0,43.5,98.6,70.510002
286,-1,588.0,153.0,28.4,64.4,10.118000
287,-1,322.0,162.0,28.4,64.4,111.110001
287,-1,256.0,177.0,31.0,70.3,106.040001
287,-1,597.0,149.0,28.4,64.4,82.575996
287,-1,130.0,153.0,28.4,64.4,81.016998
287,-1,619.0,149.0,28.4,64.4,80.075996
287,-1,372.0,215.0,43.5,98.6,68.856003
287,-1,588.0,145.0,28.4,64.4,25.820000
287,-1,139.0,158.0,28.4,64.4,14.948000
288,-1,313.0,162.0,28.4,64.4,118.739998
288,-1,256.0,177.0,31.0,70.3,117.910004
288,-1,134.0,153.0,28.4,64.4,95.485001
288,-1,619.0,149.0,28.4,64.4,77.231003
288,-1,597.0,149.0,28.4,64.4,75.073997
288,-1,364.0,218.0,40.3,91.4,68.823997
288,-1,322.0,166.0,28.4,64.4,32.762001
288,-1,588.0,153.0,28.4,64.4,15.310000
288,-1,387.0,253.0,26.0,59.0,8.407500
289,-1,258.0,172.0,33.7,76.5,105.849998
289,-1,307.0,165.0,26.0,59.0,100.809998
289,-1,358.0,218.0,40.3,91.4,85.938004
289,-1,590.0,143.0,31.0,70.3,76.087997
289,-1,619.0,153.0,28.4,64.4,70.896004
289,-1,139.0,153.0,28.4,64.4,60.823002
289,-1,600.0,148.0,31.0,70.3,30.246000
289,-1,248.0,167.0,33.7,76.5,13.990000
290,-1,258.0,172.0,33.7,76.5,100.489998
290,-1,590.0,148.0,31.0,70.3,81.244003
290,-1,304.0,162.0,28.4,64.4,77.913002
290,-1,139.0,153.0,28.4,64.4,72.467003
290,-1,619.0,153.0,28.4,64.4,70.457001
290,-1,351.0,218.0,40.3,91.4,68.945000
290,-1,248.0,167.0,33.7,76.5,15.151000
290,-1,610.0,158.0,28.4,64.4,9.680200
291,-1,258.0,167.0,33.7,76.5,96.529999
291,-1,299.0,161.0,26.0,59.0,80.394997
291,-1,590.0,148.0,31.0,70.3,79.121002
291,-1,351.0,218.0,40.3,91.4,78.163002
291,-1,143.0,157.0,26.0,59.0,77.602997
291,-1,614.0,148.0,31.0,70.3,69.700996
291,-1,248.0,172.0,33.7,76.5,19.625999
292,-1,258.0,167.0,33.7,76.5,111.739998
292,-1,147.0,158.0,28.4,64.4,92.023003
292,-1,291.0,165.0,26.0,59.0,90.972000
292,-1,345.0,218.0,40.3,91.4,89.894997
292,-1,585.0,146.0,33.7,76.5,80.009003
292,-1,619.0,158.0,28.4,64.4,75.496002
292,-1,156.0,166.0,28.4,64.4,19.570999
292,-1,600.0,153.0,31.0,70.3,11.814000
293,-1,261.0,167.0,31.0,70.3,99.807999
293,-1,585.0,146.0,33.7,76.5,90.456001
293,-1,287.0,161.0,26.0,59.0,81.019997
293,-1,152.0,158.0,28.4,64.4,80.360001
293,-1,614.0,158.0,28.4,64.4,77.640999
293,-1,343.0,215.0,36.7,83.3,67.495003
293,-1,271.0,172.0,31.0,70.3,32.394001
293,-1,160.0,162.0,28.4,64.4,6.314600
293,-1,580.0,29.0,36.7,83.3,4.814200
294,-1,156.0,158.0,28.4,64.4,84.978996
294,-1,263.0,167.0,33.7,76.5,81.429001
294,-1,585.0,146.0,33.7,76.5,78.575996
294,-1,614.0,158.0,28.4,64.4,69.242996
294,-1,339.0,211.0,40.3,91.4,66.064003
294,-1,283.0,161.0,26.0,59.0,51.247002
294,-1,147.0,162.0,28.4,64.4,22.900000
295,-1,269.0,162.0,33.7,76.5,103.650002
295,-1,332.0,215.0,36.7,83.3,89.223999
295,-1,161.0,158.0,31.0,70.3,80.322998
295,-1,586.0,153.0,31.0,70.3,78.658997
295,-1,614.0,158.0,28.4,64.4,58.112000
296,-1,269.0,162.0,33.7,76.5,111.779999
296,-1,332.0,215.0,36.7,83.3,94.072998
296,-1,161.0,158.0,31.0,70.3,76.991997
296,-1,586.0,153.0,31.0,70.3,67.195000
296,-1,610.0,158.0,28.4,64.4,57.849998
296,-1,279.0,167.0,33.7,76.5,17.325001
296,-1,576.0,162.0,31.0,70.3,14.234000
297,-1,166.0,158.0,31.0,70.3,99.293999
297,-1,326.0,215.0,36.7,83.3,80.713997
297,-1,580.0,151.0,33.7,76.5,79.684998
297,-1,274.0,162.0,33.7,76.5,78.375999
297,-1,263.0,161.0,26.0,59.0,76.231003
297,-1,610.0,162.0,28.4,64.4,59.748001
298,-1,280.0,162.0,31.0,70.3,98.299004
298,-1,580.0,151.0,33.7,76.5,88.681000
298,-1,259.0,161.0,26.0,59.0,87.670998
298,-1,320.0,210.0,36.7,83.3,69.903000
298,-1,171.0,158.0,31.0,70.3,64.265999
298,-1,609.0,158.0,31.0,70.3,56.450001
298,-1,271.0,167.0,31.0,70.3,6.320800
299,-1,255.0,161.0,26.0,59.0,114.660004
299,-1,580.0,151.0,33.7,76.5,82.393997
299,-1,280.0,162.0,31.0,70.3,79.431000
299,-1,320.0,215.0,36.7,83.3,63.033001
299,-1,173.0,162.0,28.4,64.4,61.530998
299,-1,609.0,158.0,31.0,70.3,60.033001
299,-1,309.0,210.0,36.7,83.3,16.677000
299,-1,182.0,166.0,28.4,64.4,5.531300
300,-1,243.0,161.0,26.0,59.0,96.054001
300,-1,581.0,158.0,31.0,70.3,86.467003
300,-1,315.0,219.0,33.7,76.5,82.081001
300,-1,180.0,162.0,31.0,70.3,65.656998
300,-1,614.0,162.0,31.0,70.3,62.888000
300,-1,290.0,162.0,31.0,70.3,57.834000
301,-1,239.0,161.0,26.0,59.0,119.339996
301,-1,580.0,156.0,33.7,76.5,86.133003
301,-1,185.0,162.0,31.0,70.3,78.178001
301,-1,309.0,210.0,36.7,83.3,73.860001
301,-1,614.0,162.0,31.0,70.3,70.761002
301,-1,295.0,157.0,26.0,59.0,26.361000
301,-1,309.0,176.0,36.7,83.3,4.368700
302,-1,235.0,161.0,26.0,59.0,117.800003
302,-1,581.0,158.0,31.0,70.3,79.953003
302,-1,190.0,162.0,31.0,70.3,75.940002
302,-1,619.0,166.0,28.4,64.4,67.554001
302,-1,309.0,210.0,36.7,83.3,67.211998
302,-1,299.0,158.0,31.0,70.3,35.092999
302,-1,571.0,162.0,31.0,70.3,25.232000
302,-1,580.0,29.0,36.7,83.3,7.539100
303,-1,231.0,161.0,26.0,59.0,116.209999
303,-1,580.0,156.0,33.7,76.5,83.476997
303,-1,194.0,162.0,31.0,70.3,76.276001
303,-1,619.0,166.0,28.4,64.4,68.560997
303,-1,304.0,204.0,36.7,83.3,62.609001
303,-1,303.0,161.0,26.0,59.0,29.409000
304,-1,201.0,162.0,33.7,76.5,101.760002
304,-1,580.0,162.0,33.7,76.5,93.542999
304,-1,298.0,204.0,36.7,83.3,74.554001
304,-1,619.0,166.0,28.4,64.4,70.757004
304,-1,211.0,156.0,33.7,76.5,47.445999
304,-1,304.0,181.0,36.7,83.3,39.103001
304,-1,317.0,158.0,28.4,64.4,30.955999
305,-1,580.0,162.0,33.7,76.5,92.468002
305,-1,298.0,204.0,36.7,83.3,88.309998
305,-1,204.0,162.0,31.0,70.3,85.475998
305,-1,614.0,167.0,31.0,70.3,75.495003
305,-1,323.0,157.0,26.0,59.0,44.167000
305,-1,305.0,182.0,33.7,76.5,28.612000
306,-1,586.0,167.0,31.0,70.3,95.080002
306,-1,292.0,204.0,36.7,83.3,94.750999
306,-1,323.0,153.0,31.0,70.3,91.190002
306,-1,614.0,167.0,31.0,70.3,86.151001
306,-1,206.0,162.0,33.7,76.5,73.862000
306,-1,281.0,198.0,36.7,83.3,28.777000
306,-1,221.0,175.0,28.4,64.4,14.608000
307,-1,585.0,162.0,33.7,76.5,90.586998
307,-1,203.0,165.0,26.0,59.0,83.367996
307,-1,328.0,153.0,31.0,70.3,79.963997
307,-1,217.0,162.0,33.7,76.5,72.204002
307,-1,614.0,171.0,28.4,64.4,71.436996
307,-1,287.0,204.0,36.7,83.3,64.736000
307,-1,275.0,198.0,36.7,83.3,26.080000
308,-1,585.0,167.0,33.7,76.5,96.029999
308,-1,337.0,153.0,31.0,70.3,79.553001
308,-1,223.0,167.0,31.0,70.3,75.916000
308,-1,614.0,172.0,31.0,70.3,75.538002
308,-1,195.0,165.0,26.0,59.0,66.290001
308,-1,281.0,204.0,36.7,83.3,66.275002
308,-1,203.0,169.0,26.0,59.0,28.052000
309,-1,195.0,165.0,26.0,59.0,100.459999
309,-1,585.0,167.0,33.7,76.5,96.463997
309,-1,614.0,175.0,28.4,64.4,84.664001
309,-1,227.0,162.0,33.7,76.5,65.196999
309,-1,275.0,198.0,36.7,83.3,64.080002
309,-1,342.0,153.0,31.0,70.3,50.617001
310,-1,187.0,166.0,28.4,64.4,100.269997
310,-1,585.0,167.0,33.7,76.5,97.800003
310,-1,270.0,198.0,36.7,83.3,93.328003
310,-1,352.0,153.0,31.0,70.3,78.169998
310,-1,614.0,175.0,28.4,64.4,77.781998
310,-1,237.0,167.0,31.0,70.3,61.313999
310,-1,195.0,162.0,28.4,64.4,22.792999
311,-1,187.0,166.0,28.4,64.4,113.160004
311,-1,585.0,172.0,33.7,76.5,83.708000
311,-1,270.0,198.0,36.7,83.3,79.785004
311,-1,614.0,177.0,31.0,70.3,78.320999
311,-1,357.0,153.0,28.4,64.4,59.910000
311,-1,242.0,167.0,31.0,70.3,51.165001
311,-1,435.0,137.0,26.0,59.0,10.569000
312,-1,183.0,169.0,26.0,59.0,120.580002
312,-1,274.0,219.0,28.4,64.4,89.524002
312,-1,619.0,177.0,31.0,70.3,80.181999
312,-1,585.0,172.0,33.7,76.5,75.790001
312,-1,365.0,153.0,28.4,64.4,66.510002
312,-1,247.0,165.0,26.0,59.0,39.187000
312,-1,191.0,173.0,26.0,59.0,34.814999
312,-1,265.0,214.0,28.4,64.4,26.521999
313,-1,182.0,166.0,28.4,64.4,104.199997
313,-1,585.0,172.0,33.7,76.5,87.318001
313,-1,619.0,177.0,31.0,70.3,79.644997
313,-1,266.0,210.0,31.0,70.3,73.054001
313,-1,376.0,148.0,31.0,70.3,62.241001
313,-1,253.0,167.0,33.7,76.5,61.060001
313,-1,173.0,171.0,28.4,64.4,25.875999
313,-1,580.0,29.0,36.7,83.3,4.452400
314,-1,178.0,166.0,28.4,64.4,98.648003
314,-1,380.0,148.0,31.0,70.3,87.781998
314,-1,585.0,172.0,33.7,76.5,79.375999
314,-1,619.0,177.0,31.0,70.3,69.806999
314,-1,258.0,193.0,36.7,83.3,63.750999
314,-1,187.0,171.0,28.4,64.4,52.020000
314,-1,253.0,167.0,33.7,76.5,16.778000
315,-1,182.0,171.0,28.4,64.4,125.970001
315,-1,585.0,177.0,33.7,76.5,84.786003
315,-1,258.0,193.0,36.7,83.3,81.339996
315,-1,619.0,177.0,31.0,70.3,64.013000
315,-1,385.0,148.0,31.0,70.3,63.625000
315,-1,264.0,164.0,36.7,83.3,17.219999
315,-1,580.0,29.0,36.7,83.3,9.084600
316,-1,182.0,171.0,28.4,64.4,113.620003
316,-1,590.0,177.0,33.7,76.5,96.196999
316,-1,258.0,193.0,36.7,83.3,92.277000
316,-1,619.0,181.0,31.0,70.3,72.597000
316,-1,395.0,148.0,31.0,70.3,61.387001
316,-1,191.0,175.0,28.4,64.4,45.457001
316,-1,274.0,167.0,33.7,76.5,35.259998
316,-1,247.0,198.0,36.7,83.3,7.669400
317,-1,187.0,171.0,28.4,64.4,124.620003
317,-1,253.0,193.0,36.7,83.3,102.360001
317,-1,590.0,177.0,33.7,76.5,95.944000
317,-1,274.0,167.0,33.7,76.5,64.723000
317,-1,619.0,181.0,31.0,70.3,59.562000
317,-1,403.0,145.0,26.0,59.0,38.448002
317,-1,264.0,198.0,36.7,83.3,31.863001
317,-1,580.0,29.0,36.7,83.3,6.815300
318,-1,187.0,171.0,28.4,64.4,103.330002
318,-1,590.0,177.0,33.7,76.5,95.833000
318,-1,253.0,193.0,36.7,83.3,92.722000
318,-1,621.0,177.0,33.7,76.5,74.264000
318,-1,279.0,167.0,33.7,76.5,56.062000
318,-1,407.0,145.0,26.0,59.0,31.677999
318,-1,580.0,29.0,36.7,83.3,8.922000
318,-1,269.0,203.0,33.7,76.5,6.275500
319,-1,191.0,175.0,28.4,64.4,126.559998
319,-1,621.0,182.0,33.7,76.5,84.029999
319,-1,256.0,205.0,31.0,70.3,78.024002
319,-1,590.0,182.0,33.7,76.5,76.889000
319,-1,284.0,167.0,33.7,76.5,45.188999
319,-1,247.0,210.0,31.0,70.3,10.639000
319,-1,294.0,172.0,33.7,76.5,1.502500
320,-1,200.0,175.0,28.4,64.4,117.080002
320,-1,624.0,186.0,31.0,70.3,88.030998
320,-1,592.0,181.0,36.7,83.3,83.658997
320,-1,252.0,205.0,31.0,70.3,70.605003
320,-1,294.0,167.0,33.7,76.5,67.954002
320,-1,191.0,171.0,28.4,64.4,41.032001
320,-1,431.0,185.0,26.0,59.0,20.188999
320,-1,632.0,206.0,28.4,64.4,3.848800
321,-1,200.0,171.0,28.4,64.4,112.610001
321,-1,590.0,182.0,33.7,76.5,82.994003
321,-1,298.0,164.0,36.7,83.3,74.209000
321,-1,627.0,182.0,33.7,76.5,70.973000
321,-1,253.0,198.0,33.7,76.5,68.056000
321,-1,431.0,141.0,26.0,59.0,42.680000
321,-1,423.0,149.0,26.0,59.0,12.121000
322,-1,204.0,175.0,28.4,64.4,118.029999
322,-1,304.0,177.0,31.0,70.3,81.522003
322,-1,627.0,187.0,33.7,76.5,79.446999
322,-1,592.0,181.0,36.7,83.3,73.755997
322,-1,253.0,198.0,33.7,76.5,65.351997
322,-1,429.0,141.0,33.7,76.5,63.758999
323,-1,208.0,175.0,28.4,64.4,130.190002
323,-1,305.0,172.0,33.7,76.5,88.848999
323,-1,253.0,198.0,33.7,76.5,82.264000
323,-1,627.0,187.0,33.7,76.5,77.873001
323,-1,595.0,186.0,31.0,70.3,66.157997
323,-1,435.0,149.0,26.0,59.0,61.040001
323,-1,605.0,196.0,31.0,70.3,17.146999
323,-1,200.0,171.0,28.4,64.4,13.986000
324,-1,213.0,172.0,31.0,70.3,130.479996
324,-1,595.0,187.0,33.7,76.5,82.916000
324,-1,253.0,198.0,33.7,76.5,78.202003
324,-1,627.0,193.0,33.7,76.5,62.576000
324,-1,447.0,149.0,26.0,59.0,47.794998
324,-1,315.0,164.0,36.7,83.3,36.258999
324,-1,263.0,203.0,33.7,76.5,19.349001
324,-1,606.0,193.0,33.7,76.5,14.934000
325,-1,221.0,175.0,28.4,64.4,128.929993
325,-1,595.0,187.0,33.7,76.5,103.750000
325,-1,258.0,198.0,33.7,76.5,80.200996
325,-1,447.0,143.0,31.0,70.3,70.156998
325,-1,635.0,213.0,26.0,59.0,68.098000
325,-1,320.0,172.0,33.7,76.5,52.230999
325,-1,631.0,193.0,26.0,59.0,42.730999
325,-1,606.0,193.0,33.7,76.5,33.650002
325,-1,639.0,189.0,26.0,59.0,17.080000
326,-1,226.0,175.0,28.4,64.4,122.129997
326,-1,597.0,187.0,36.7,83.3,89.708000
326,-1,263.0,203.0,33.7,76.5,81.055000
326,-1,455.0,149.0,26.0,59.0,76.726997
326,-1,635.0,213.0,26.0,59.0,71.042000
326,-1,326.0,172.0,33.7,76.5,55.292000
326,-1,580.0,29.0,36.7,83.3,4.419100
326,-1,611.0,198.0,33.7,76.5,2.817800
327,-1,233.0,172.0,31.0,70.3,127.470001
327,-1,457.0,149.0,28.4,64.4,93.625999
327,-1,269.0,203.0,33.7,76.5,85.271004
327,-1,606.0,193.0,33.7,76.5,75.723999
327,-1,332.0,170.0,36.7,83.3,73.085999
327,-1,633.0,196.0,31.0,70.3,64.441002
327,-1,258.0,198.0,33.7,76.5,31.421000
327,-1,616.0,198.0,33.7,76.5,7.724200
328,-1,239.0,175.0,28.4,64.4,110.699997
328,-1,462.0,148.0,31.0,70.3,98.773003
328,-1,274.0,198.0,33.7,76.5,80.051003
328,-1,638.0,201.0,31.0,70.3,76.872002
328,-1,337.0,170.0,36.7,83.3,74.676003
328,-1,608.0,193.0,36.7,83.3,74.161003
328,-1,263.0,203.0,33.7,76.5,19.309000
328,-1,284.0,203.0,33.7,76.5,15.096000
328,-1,628.0,205.0,31.0,70.3,10.746000
329,-1,243.0,175.0,28.4,64.4,107.589996
329,-1,637.0,198.0,33.7,76.5,93.379997
329,-1,275.0,198.0,36.7,83.3,85.388000
329,-1,467.0,149.0,26.0,59.0,84.305000
329,-1,608.0,193.0,36.7,83.3,78.848999
329,-1,343.0,170.0,36.7,83.3,77.029999
329,-1,475.0,157.0,26.0,59.0,16.569000
330,-1,284.0,203.0,33.7,76.5,93.098000
330,-1,252.0,175.0,28.4,64.4,91.764000
330,-1,475.0,149.0,28.4,64.4,88.418999
330,-1,349.0,170.0,36.7,83.3,82.598999
330,-1,614.0,193.0,36.7,83.3,77.098000
330,-1,642.0,203.0,33.7,76.5,76.851997
330,-1,279.0,182.0,33.7,76.5,23.066000
330,-1,603.0,198.0,36.7,83.3,16.594999
331,-1,256.0,179.0,28.4,64.4,111.889999
331,-1,287.0,198.0,36.7,83.3,103.300003
331,-1,475.0,153.0,28.4,64.4,102.800003
331,-1,614.0,193.0,36.7,83.3,88.435997
331,-1,642.0,198.0,36.7,83.3,88.221001
331,-1,354.0,170.0,36.7,83.3,82.698997
331,-1,275.0,193.0,36.7,83.3,24.775999
331,-1,248.0,175.0,28.4,64.4,21.957001
331,-1,483.0,158.0,28.4,64.4,14.438000
332,-1,289.0,203.0,33.7,76.5,120.430000
332,-1,256.0,172.0,31.0,70.3,112.000000
332,-1,476.0,148.0,31.0,70.3,106.570000
332,-1,642.0,198.0,36.7,83.3,87.511002
332,-1,614.0,193.0,36.7,83.3,83.223000
332,-1,360.0,170.0,36.7,83.3,81.405998
333,-1,483.0,153.0,28.4,64.4,109.000000
333,-1,300.0,206.0,28.4,64.4,85.681000
333,-1,269.0,179.0,28.4,64.4,85.143997
333,-1,648.0,198.0,36.7,83.3,82.521004
333,-1,614.0,198.0,36.7,83.3,77.292999
333,-1,364.0,168.0,40.3,91.4,37.675999
333,-1,278.0,184.0,28.4,64.4,14.290000
333,-1,296.0,223.0,28.4,64.4,14.210000
333,-1,475.0,158.0,28.4,64.4,5.990600
334,-1,483.0,153.0,28.4,64.4,106.220001
334,-1,274.0,179.0,28.4,64.4,86.355003
334,-1,620.0,198.0,36.7,83.3,82.737000
334,-1,300.0,203.0,33.7,76.5,81.667999
334,-1,648.0,204.0,36.7,83.3,71.153999
334,-1,370.0,168.0,40.3,91.4,41.180000
334,-1,283.0,184.0,28.4,64.4,20.899000
335,-1,275.0,177.0,31.0,70.3,86.568001
335,-1,481.0,146.0,33.7,76.5,85.143997
335,-1,620.0,198.0,36.7,83.3,83.304001
335,-1,304.0,204.0,36.7,83.3,82.235001
335,-1,648.0,204.0,36.7,83.3,75.454002
335,-1,376.0,168.0,40.3,91.4,66.999001
335,-1,292.0,198.0,36.7,83.3,9.600100
336,-1,310.0,213.0,33.7,76.5,103.540001
336,-1,285.0,177.0,31.0,70.3,97.070000
336,-1,481.0,158.0,31.0,70.3,86.101997
336,-1,653.0,208.0,33.7,76.5,78.561996
336,-1,620.0,204.0,36.7,83.3,76.150002
336,-1,388.0,177.0,33.7,76.5,55.147999
336,-1,631.0,210.0,36.7,83.3,26.525000
336,-1,320.0,208.0,33.7,76.5,17.242001
337,-1,315.0,204.0,36.7,83.3,108.440002
337,-1,481.0,158.0,31.0,70.3,94.880997
337,-1,290.0,177.0,31.0,70.3,79.769997
337,-1,625.0,204.0,36.7,83.3,71.459999
337,-1,654.0,204.0,36.7,83.3,68.801003
337,-1,389.0,174.0,40.3,91.4,37.914001
337,-1,326.0,210.0,36.7,83.3,14.551000
337,-1,637.0,210.0,36.7,83.3,14.166000
338,-1,320.0,204.0,36.7,83.3,106.419998
338,-1,476.0,158.0,31.0,70.3,89.117996
338,-1,631.0,204.0,36.7,83.3,81.679001
338,-1,296.0,179.0,28.4,64.4,68.703003
338,-1,658.0,208.0,33.7,76.5,56.771999
338,-1,309.0,210.0,36.7,83.3,32.558998
338,-1,485.0,162.0,31.0,70.3,20.184999
338,-1,394.0,176.0,36.7,83.3,17.909000
338,-1,435.0,137.0,26.0,59.0,14.248000
338,-1,642.0,210.0,36.7,83.3,13.218000
339,-1,326.0,213.0,33.7,76.5,103.480003
339,-1,659.0,210.0,36.7,83.3,95.446999
339,-1,476.0,158.0,31.0,70.3,87.128998
339,-1,631.0,210.0,36.7,83.3,85.928001
339,-1,299.0,177.0,31.0,70.3,80.113998
339,-1,642.0,215.0,36.7,83.3,23.610001
339,-1,580.0,29.0,36.7,83.3,6.005200
340,-1,326.0,210.0,36.7,83.3,107.470001
340,-1,471.0,162.0,31.0,70.3,97.893997
340,-1,304.0,184.0,28.4,64.4,92.120003
340,-1,659.0,210.0,36.7,83.3,85.641998
340,-1,633.0,202.0,43.5,98.6,76.521004
340,-1,337.0,215.0,36.7,83.3,31.284000
340,-1,481.0,167.0,31.0,70.3,28.443001
341,-1,336.0,213.0,33.7,76.5,94.870003
341,-1,471.0,162.0,31.0,70.3,90.629997
341,-1,637.0,210.0,36.7,83.3,81.750000
341,-1,313.0,179.0,28.4,64.4,73.962997
341,-1,668.0,219.0,33.7,76.5,70.211998
341,-1,326.0,219.0,33.7,76.5,28.627001
341,-1,658.0,213.0,33.7,76.5,24.290001
341,-1,406.0,182.0,43.5,98.6,11.297000
342,-1,636.0,211.0,40.3,91.4,96.271004
342,-1,461.0,162.0,33.7,76.5,88.014999
342,-1,343.0,215.0,36.7,83.3,85.278000
342,-1,671.0,215.0,36.7,83.3,71.523003
342,-1,322.0,179.0,28.4,64.4,68.574997
342,-1,332.0,210.0,36.7,83.3,24.908001
342,-1,425.0,132.0,56.7,128.7,18.309000
343,-1,343.0,215.0,36.7,83.3,81.585999
343,-1,326.0,179.0,28.4,64.4,76.272003
343,-1,636.0,211.0,40.3,91.4,74.581001
343,-1,680.0,236.0,28.4,64.4,71.572998
343,-1,461.0,162.0,33.7,76.5,69.821999
343,-1,671.0,215.0,31.0,70.3,37.564999
343,-1,428.0,176.0,36.7,83.3,22.655001
343,-1,649.0,205.0,40.3,91.4,13.097000
343,-1,332.0,210.0,36.7,83.3,6.333700
344,-1,343.0,215.0,36.7,83.3,89.109001
344,-1,433.0,181.0,36.7,83.3,68.308998
344,-1,643.0,211.0,40.3,91.4,67.969002
344,-1,457.0,167.0,31.0,70.3,61.283001
344,-1,671.0,215.0,36.7,83.3,60.914001
344,-1,328.0,177.0,31.0,70.3,58.230000
344,-1,445.0,187.0,36.7,83.3,12.942000
345,-1,354.0,221.0,36.7,83.3,86.015999
345,-1,648.0,215.0,36.7,83.3,70.790001
345,-1,679.0,245.0,26.0,59.0,57.891998
345,-1,438.0,180.0,40.3,91.4,57.840000
345,-1,347.0,181.0,26.0,59.0,43.661999
345,-1,683.0,217.0,26.0,59.0,38.198002
345,-1,343.0,215.0,36.7,83.3,12.865000
345,-1,687.0,241.0,26.0,59.0,9.691100
345,-1,662.0,239.0,31.0,70.3,6.111000
346,-1,648.0,221.0,36.7,83.3,87.199997
346,-1,683.0,245.0,26.0,59.0,72.698997
346,-1,360.0,221.0,36.7,83.3,62.862000
346,-1,445.0,181.0,36.7,83.3,49.348999
346,-1,351.0,181.0,26.0,59.0,44.214001
346,-1,667.0,249.0,26.0,59.0,36.293999
347,-1,649.0,218.0,40.3,91.4,90.411003
347,-1,366.0,221.0,36.7,83.3,83.732002
347,-1,435.0,167.0,33.7,76.5,68.808998
347,-1,687.0,245.0,26.0,59.0,64.540001
347,-1,355.0,177.0,26.0,59.0,49.936001
347,-1,450.0,187.0,36.7,83.3,48.831001
347,-1,354.0,215.0,36.7,83.3,19.138000
347,-1,671.0,249.0,28.4,64.4,19.115000
348,-1,364.0,218.0,40.3,91.4,98.888000
348,-1,653.0,215.0,43.5,98.6,88.995003
348,-1,435.0,167.0,33.7,76.5,81.348000
348,-1,451.0,180.0,40.3,91.4,78.271004
348,-1,684.0,229.0,33.7,76.5,54.587002
348,-1,357.0,181.0,31.0,70.3,42.050999
349,-1,371.0,221.0,36.7,83.3,106.269997
349,-1,457.0,180.0,40.3,91.4,86.551003
349,-1,659.0,221.0,36.7,83.3,86.519997
349,-1,691.0,249.0,26.0,59.0,65.001999
349,-1,361.0,181.0,31.0,70.3,53.084000
349,-1,428.0,167.0,31.0,70.3,51.571999
349,-1,675.0,249.0,28.4,64.4,38.886002
349,-1,360.0,227.0,36.7,83.3,20.618999
350,-1,462.0,187.0,36.7,83.3,99.528999
350,-1,371.0,221.0,36.7,83.3,95.367996
350,-1,659.0,227.0,36.7,83.3,88.091003
350,-1,688.0,227.0,36.7,83.3,48.417999
350,-1,671.0,232.0,36.7,83.3,40.320999
350,-1,371.0,173.0,26.0,59.0,36.605999
350,-1,383.0,239.0,33.7,76.5,31.590000
350,-1,428.0,167.0,31.0,70.3,30.511999
350,-1,367.0,189.0,26.0,59.0,7.868800
351,-1,693.0,232.0,36.7,83.3,73.078003
351,-1,667.0,224.0,40.3,91.4,69.974998
351,-1,473.0,187.0,36.7,83.3,60.619999
351,-1,383.0,227.0,36.7,83.3,60.206001
351,-1,379.0,175.0,28.4,64.4,49.951000
351,-1,682.0,238.0,36.7,83.3,18.204000
352,-1,667.0,224.0,40.3,91.4,82.288002
352,-1,693.0,232.0,36.7,83.3,70.976997
352,-1,395.0,237.0,26.0,59.0,52.748001
352,-1,380.0,177.0,31.0,70.3,43.863998
352,-1,479.0,187.0,36.7,83.3,39.853001
352,-1,682.0,238.0,36.7,83.3,19.780001
352,-1,395.0,261.0,26.0,59.0,13.390000
353,-1,676.0,232.0,36.7,83.3,86.955002
353,-1,704.0,232.0,36.7,83.3,74.598000
353,-1,386.0,222.0,43.5,98.6,67.769997
353,-1,490.0,187.0,36.7,83.3,51.176998
353,-1,396.0,175.0,28.4,64.4,41.914001
353,-1,688.0,238.0,36.7,83.3,30.851000
353,-1,665.0,238.0,36.7,83.3,26.370001
354,-1,676.0,227.0,36.7,83.3,75.439003
354,-1,488.0,187.0,40.3,91.4,73.723999
354,-1,704.0,232.0,36.7,83.3,60.730000
354,-1,395.0,230.0,40.3,91.4,54.252998
354,-1,395.0,172.0,31.0,70.3,54.240002
354,-1,688.0,244.0,36.7,83.3,21.735001
354,-1,671.0,258.0,31.0,70.3,10.534000
355,-1,680.0,230.0,40.3,91.4,71.630997
355,-1,704.0,232.0,36.7,83.3,69.480003
355,-1,494.0,187.0,40.3,91.4,68.295998
355,-1,387.0,149.0,79.4,180.2,39.660999
355,-1,667.0,224.0,40.3,91.4,11.498000
356,-1,705.0,230.0,40.3,91.4,69.559998
356,-1,680.0,230.0,40.3,91.4,67.959000
356,-1,499.0,182.0,43.5,98.6,40.653000
356,-1,395.0,172.0,31.0,70.3,38.328999
356,-1,692.0,236.0,40.3,91.4,31.211000
356,-1,403.0,245.0,33.7,76.5,18.905001
357,-1,385.0,177.0,31.0,70.3,74.316002
357,-1,513.0,187.0,40.3,91.4,73.609001
357,-1,715.0,250.0,33.7,76.5,72.668999
357,-1,686.0,229.0,43.5,98.6,67.863998
357,-1,412.0,229.0,43.5,98.6,23.250000
357,-1,376.0,172.0,31.0,70.3,10.161000
358,-1,686.0,242.0,40.3,91.4,72.787003
358,-1,713.0,235.0,43.5,98.6,68.521004
358,-1,513.0,182.0,43.5,98.6,63.044998
358,-1,380.0,172.0,31.0,70.3,55.578999
358,-1,420.0,236.0,40.3,91.4,40.162998
358,-1,698.0,236.0,40.3,91.4,32.528000
358,-1,427.0,173.0,26.0,59.0,14.212000
359,-1,519.0,188.0,43.5,98.6,80.331001
359,-1,692.0,242.0,40.3,91.4,70.358002
359,-1,379.0,179.0,28.4,64.4,65.862000
359,-1,721.0,238.0,36.7,83.3,62.035999
359,-1,426.0,242.0,40.3,91.4,48.297001
359,-1,431.0,177.0,26.0,59.0,47.959000
359,-1,387.0,184.0,28.4,64.4,34.775002
359,-1,705.0,249.0,40.3,91.4,18.503000
359,-1,370.0,175.0,28.4,64.4,18.480000
360,-1,371.0,177.0,31.0,70.3,99.068001
360,-1,525.0,193.0,40.3,91.4,69.561996
360,-1,693.0,235.0,43.5,98.6,64.292000
360,-1,426.0,235.0,43.5,98.6,62.587002
360,-1,433.0,177.0,31.0,70.3,57.484001
360,-1,725.0,255.0,33.7,76.5,42.619999
360,-1,387.0,189.0,26.0,59.0,24.863001
360,-1,361.0,172.0,31.0,70.3,4.225200
361,-1,366.0,177.0,31.0,70.3,94.763000
361,-1,699.0,249.0,36.7,83.3,73.695000
361,-1,531.0,193.0,40.3,91.4,63.791000
361,-1,426.0,235.0,43.5,98.6,62.930000
361,-1,379.0,184.0,28.4,64.4,43.376999
361,-1,435.0,177.0,33.7,76.5,42.049999
361,-1,720.0,235.0,43.5,98.6,35.382000
361,-1,357.0,172.0,31.0,70.3,10.473000
361,-1,688.0,255.0,36.7,83.3,8.574900
361,-1,387.0,179.0,28.4,64.4,5.845000
362,-1,365.0,179.0,28.4,64.4,99.638000
362,-1,447.0,181.0,31.0,70.3,65.705002
362,-1,439.0,242.0,43.5,98.6,56.523998
362,-1,700.0,234.0,47.5,107.7,56.409000
362,-1,539.0,188.0,43.5,98.6,44.833000
362,-1,729.0,242.0,40.3,91.4,42.657001
362,-1,357.0,175.0,28.4,64.4,40.186001
362,-1,374.0,184.0,28.4,64.4,32.189999
362,-1,426.0,235.0,43.5,98.6,14.749000
363,-1,365.0,179.0,28.4,64.4,94.100998
363,-1,700.0,234.0,47.5,107.7,82.612999
363,-1,450.0,177.0,33.7,76.5,80.575996
363,-1,439.0,242.0,43.5,98.6,70.625999
363,-1,357.0,175.0,28.4,64.4,55.110001
363,-1,543.0,193.0,40.3,91.4,48.120998
363,-1,735.0,242.0,40.3,91.4,31.024000
364,-1,706.0,242.0,43.5,98.6,94.047997
364,-1,455.0,177.0,33.7,76.5,90.978996
364,-1,361.0,179.0,28.4,64.4,89.862000
364,-1,546.0,188.0,43.5,98.6,75.916000
364,-1,446.0,242.0,43.5,98.6,56.070000
364,-1,352.0,175.0,28.4,64.4,38.202999
364,-1,741.0,255.0,33.7,76.5,7.753100
365,-1,462.0,177.0,31.0,70.3,93.431000
365,-1,352.0,172.0,31.0,70.3,86.632004
365,-1,713.0,249.0,43.5,98.6,63.145000
365,-1,459.0,242.0,43.5,98.6,59.778000
365,-1,562.0,193.0,40.3,91.4,41.467999
365,-1,342.0,177.0,31.0,70.3,29.690001
365,-1,700.0,242.0,43.5,98.6,23.024000
366,-1,466.0,177.0,31.0,70.3,90.992996
366,-1,347.0,172.0,31.0,70.3,89.320999
366,-1,713.0,249.0,43.5,98.6,76.319000
366,-1,566.0,195.0,43.5,98.6,66.085999
366,-1,467.0,249.0,36.7,83.3,51.728001
366,-1,357.0,177.0,31.0,70.3,29.497999
367,-1,470.0,175.0,28.4,64.4,101.110001
367,-1,342.0,172.0,31.0,70.3,100.370003
367,-1,568.0,199.0,40.3,91.4,73.391998
367,-1,713.0,249.0,43.5,98.6,68.065002
367,-1,467.0,260.0,36.7,83.3,67.907997
367,-1,352.0,177.0,31.0,70.3,25.344999
368,-1,471.0,172.0,33.7,76.5,111.779999
368,-1,337.0,177.0,31.0,70.3,108.290001
368,-1,574.0,199.0,40.3,91.4,84.794998
368,-1,720.0,249.0,43.5,98.6,69.775002
368,-1,472.0,249.0,43.5,98.6,68.971001
368,-1,328.0,172.0,31.0,70.3,49.755001
368,-1,347.0,172.0,31.0,70.3,31.495001
369,-1,476.0,172.0,33.7,76.5,123.849998
369,-1,328.0,172.0,31.0,70.3,94.863998
369,-1,579.0,195.0,43.5,98.6,73.926003
369,-1,726.0,255.0,43.5,98.6,73.597000
369,-1,484.0,255.0,36.7,83.3,51.486000
369,-1,337.0,177.0,31.0,70.3,48.047001
369,-1,713.0,249.0,43.5,98.6,28.857000
369,-1,435.0,137.0,26.0,59.0,16.792999
369,-1,486.0,167.0,33.7,76.5,13.053000
370,-1,485.0,172.0,31.0,70.3,133.350006
370,-1,328.0,172.0,31.0,70.3,91.957001
370,-1,587.0,205.0,40.3,91.4,67.742996
370,-1,486.0,249.0,43.5,98.6,60.120998
370,-1,730.0,249.0,47.5,107.7,51.458000
370,-1,476.0,177.0,31.0,70.3,50.880001
370,-1,339.0,184.0,28.4,64.4,15.291000
371,-1,485.0,172.0,31.0,70.3,130.399994
371,-1,488.0,249.0,47.5,107.7,68.138000
371,-1,323.0,177.0,31.0,70.3,67.044998
371,-1,593.0,205.0,40.3,91.4,43.665001
371,-1,733.0,255.0,43.5,98.6,30.419001
371,-1,333.0,172.0,31.0,70.3,19.225000
371,-1,495.0,177.0,31.0,70.3,11.418000
372,-1,490.0,172.0,31.0,70.3,107.209999
372,-1,318.0,177.0,31.0,70.3,82.376999
372,-1,500.0,255.0,40.3,91.4,66.496002
372,-1,599.0,199.0,40.3,91.4,26.563999
372,-1,328.0,181.0,31.0,70.3,23.540001
372,-1,733.0,255.0,43.5,98.6,20.452000
373,-1,495.0,172.0,31.0,70.3,121.989998
373,-1,318.0,177.0,31.0,70.3,82.353996
373,-1,503.0,249.0,47.5,107.7,78.695000
373,-1,605.0,205.0,40.3,91.4,31.414000
373,-1,733.0,262.0,43.5,98.6,12.102000
374,-1,500.0,167.0,31.0,70.3,122.410004
374,-1,519.0,255.0,43.5,98.6,85.073997
374,-1,309.0,177.0,31.0,70.3,73.733002
374,-1,613.0,202.0,43.5,98.6,65.889000
374,-1,322.0,184.0,28.4,64.4,13.063000
375,-1,504.0,167.0,31.0,70.3,105.260002
375,-1,519.0,255.0,43.5,98.6,91.412003
375,-1,309.0,177.0,31.0,70.3,84.876999
375,-1,618.0,205.0,40.3,91.4,46.303001
375,-1,299.0,172.0,31.0,70.3,41.318001
376,-1,299.0,177.0,31.0,70.3,109.940002
376,-1,526.0,262.0,43.5,98.6,88.691002
376,-1,509.0,167.0,31.0,70.3,76.946999
376,-1,309.0,181.0,31.0,70.3,44.653000
376,-1,632.0,208.0,33.7,76.5,30.992001
376,-1,580.0,29.0,36.7,83.3,4.799300
377,-1,532.0,256.0,47.5,107.7,101.330002
377,-1,295.0,177.0,31.0,70.3,83.070999
377,-1,509.0,167.0,31.0,70.3,74.083000
377,-1,633.0,202.0,43.5,98.6,61.514999
377,-1,523.0,166.0,28.4,64.4,19.332001
378,-1,519.0,162.0,31.0,70.3,95.939003
378,-1,539.0,262.0,43.5,98.6,91.266998
378,-1,290.0,177.0,31.0,70.3,72.047997
378,-1,636.0,211.0,40.3,91.4,64.245003
378,-1,509.0,167.0,31.0,70.3,19.541000
379,-1,524.0,162.0,31.0,70.3,107.330002
379,-1,643.0,211.0,40.3,91.4,78.781998
379,-1,546.0,262.0,43.5,98.6,74.530998
379,-1,290.0,177.0,31.0,70.3,64.885002
380,-1,528.0,162.0,31.0,70.3,105.519997
380,-1,285.0,177.0,31.0,70.3,70.582001
380,-1,646.0,208.0,43.5,98.6,70.433998
380,-1,547.0,256.0,47.5,107.7,59.632999
380,-1,275.0,181.0,31.0,70.3,15.628000
380,-1,519.0,167.0,31.0,70.3,6.622500
381,-1,533.0,158.0,31.0,70.3,93.524002
381,-1,275.0,181.0,31.0,70.3,93.038002
381,-1,559.0,269.0,43.5,98.6,78.208000
381,-1,661.0,218.0,40.3,91.4,28.976999
382,-1,538.0,158.0,31.0,70.3,96.350998
382,-1,561.0,263.0,47.5,107.7,74.084999
382,-1,269.0,177.0,33.7,76.5,71.931000
382,-1,667.0,218.0,40.3,91.4,17.489000
383,-1,538.0,158.0,31.0,70.3,76.189003
383,-1,263.0,177.0,33.7,76.5,65.058998
383,-1,569.0,263.0,47.5,107.7,63.501999
383,-1,667.0,218.0,40.3,91.4,38.176998
384,-1,258.0,177.0,33.7,76.5,92.469002
384,-1,543.0,158.0,31.0,70.3,82.356003
384,-1,583.0,263.0,47.5,107.7,81.958000
384,-1,670.0,184.0,56.7,128.7,40.393002
384,-1,275.0,186.0,31.0,70.3,14.465000
385,-1,256.0,181.0,31.0,70.3,102.650002
385,-1,582.0,265.0,52.0,118.0,96.223000
385,-1,547.0,158.0,31.0,70.3,93.456001
385,-1,266.0,186.0,31.0,70.3,58.266998
385,-1,686.0,215.0,43.5,98.6,30.601999
386,-1,591.0,271.0,47.5,107.7,111.269997
386,-1,256.0,186.0,31.0,70.3,94.823997
386,-1,553.0,158.0,28.4,64.4,94.764999
386,-1,686.0,215.0,43.5,98.6,40.466000
387,-1,252.0,186.0,31.0,70.3,105.720001
387,-1,557.0,153.0,28.4,64.4,92.168999
387,-1,598.0,273.0,52.0,118.0,73.834000
387,-1,693.0,215.0,43.5,98.6,69.754997
387,-1,261.0,191.0,31.0,70.3,52.166000
387,-1,566.0,158.0,28.4,64.4,16.582001
387,-1,580.0,29.0,36.7,83.3,7.007200
388,-1,252.0,186.0,31.0,70.3,95.990997
388,-1,562.0,153.0,28.4,64.4,93.899002
388,-1,605.0,278.0,47.5,107.7,71.128998
388,-1,700.0,215.0,43.5,98.6,66.971001
388,-1,261.0,196.0,31.0,70.3,25.642000
388,-1,553.0,158.0,28.4,64.4,0.962320
389,-1,566.0,153.0,28.4,64.4,87.049004
389,-1,256.0,191.0,31.0,70.3,85.974998
389,-1,706.0,222.0,43.5,98.6,82.793999
389,-1,613.0,278.0,47.5,107.7,80.875999
389,-1,247.0,186.0,31.0,70.3,61.361000
389,-1,557.0,158.0,28.4,64.4,29.813999
390,-1,620.0,278.0,47.5,107.7,108.879997
390,-1,253.0,187.0,33.7,76.5,105.720001
390,-1,566.0,149.0,28.4,64.4,78.176003
390,-1,716.0,232.0,36.7,83.3,45.388000
390,-1,575.0,153.0,28.4,64.4,18.929001
391,-1,253.0,187.0,33.7,76.5,121.900002
391,-1,627.0,278.0,47.5,107.7,90.601997
391,-1,571.0,149.0,28.4,64.4,85.125999
391,-1,723.0,230.0,40.3,91.4,31.261000
392,-1,253.0,187.0,33.7,76.5,98.277000
392,-1,571.0,149.0,28.4,64.4,88.080002
392,-1,635.0,285.0,47.5,107.7,78.725998
392,-1,735.0,265.0,26.0,59.0,16.476999
393,-1,642.0,285.0,47.5,107.7,89.973000
393,-1,576.0,143.0,31.0,70.3,89.099998
393,-1,256.0,196.0,31.0,70.3,82.901001
393,-1,730.0,220.0,47.5,107.7,33.137001
394,-1,579.0,145.0,28.4,64.4,107.050003
394,-1,646.0,281.0,52.0,118.0,84.746002
394,-1,256.0,196.0,31.0,70.3,81.216003
394,-1,738.0,238.0,36.7,83.3,18.344000
394,-1,247.0,191.0,31.0,70.3,8.132700
395,-1,579.0,145.0,28.4,64.4,105.540001
395,-1,256.0,196.0,31.0,70.3,94.860001
395,-1,656.0,293.0,47.5,107.7,92.442001
395,-1,266.0,205.0,31.0,70.3,25.219000
396,-1,263.0,198.0,33.7,76.5,99.188004
396,-1,662.0,289.0,52.0,118.0,94.975998
396,-1,584.0,145.0,28.4,64.4,84.933998
396,-1,253.0,193.0,33.7,76.5,34.040001
397,-1,263.0,198.0,33.7,76.5,119.419998
397,-1,671.0,293.0,47.5,107.7,86.032997
397,-1,587.0,145.0,26.0,59.0,80.362999
398,-1,263.0,198.0,33.7,76.5,98.060997
398,-1,587.0,141.0,26.0,59.0,71.959000
398,-1,670.0,289.0,52.0,118.0,59.935001
398,-1,274.0,203.0,33.7,76.5,35.372002
