1,1,16,149,76,190,1,-1,-1.000000
1,2,115,155,83,176,1,-1,-1.000000
1,3,19,135,68,189,1,-1,-1.000000
2,1,18,147,77,194,1,-1,-1.000000
2,2,120,154,83,179,1,-1,-1.000000
2,3,24,134,68,192,1,-1,-1.000000
3,1,22,146,78,198,1,-1,-1.000000
3,2,126,154,84,182,1,-1,-1.000000
3,3,28,132,68,196,1,-1,-1.000000
4,1,25,145,78,201,1,-1,-1.000000
4,2,132,153,84,185,1,-1,-1.000000
4,3,33,131,68,199,1,-1,-1.000000
5,1,28,143,79,205,1,-1,-1.000000
5,2,138,152,84,188,1,-1,-1.000000
5,3,37,130,68,202,1,-1,-1.000000
5,4,219,203,20,62,1,-1,-1.000000
5,5,239,195,28,69,1,-1,-1.000000
5,6,257,186,19,73,1,-1,-1.000000
5,7,329,214,13,30,0,-1,-1.000000
5,25,264,200,22,63,1,-1,-1.000000
6,1,32,141,80,209,1,-1,-1.000000
6,2,144,151,84,191,1,-1,-1.000000
6,3,40,129,71,203,1,-1,-1.000000
6,4,224,202,21,63,1,-1,-1.000000
6,5,246,195,27,69,1,-1,-1.000000
6,6,264,186,19,72,1,-1,-1.000000
6,7,335,215,14,30,0,-1,-1.000000
6,25,271,200,22,64,1,-1,-1.000000
7,1,35,141,81,212,1,-1,-1.000000
7,2,150,151,84,194,1,-1,-1.000000
7,3,44,129,73,203,1,-1,-1.000000
7,4,230,201,22,64,1,-1,-1.000000
7,5,253,196,26,69,1,-1,-1.000000
7,6,271,186,19,71,1,-1,-1.000000
7,7,341,214,14,31,0,-1,-1.000000
7,25,277,200,23,64,1,-1,-1.000000
8,1,39,139,81,216,1,-1,-1.000000
8,2,156,151,84,196,1,-1,-1.000000
8,3,48,127,76,204,1,-1,-1.000000
8,4,236,201,22,64,1,-1,-1.000000
8,5,261,197,24,68,1,-1,-1.000000
8,6,278,187,19,69,1,-1,-1.000000
8,7,346,215,15,31,0,-1,-1.000000
8,25,284,200,23,65,1,-1,-1.000000
9,1,43,138,82,219,1,-1,-1.000000
9,2,162,150,84,199,1,-1,-1.000000
9,3,52,127,78,204,1,-1,-1.000000
9,4,241,200,23,65,1,-1,-1.000000
9,5,268,197,23,68,1,-1,-1.000000
9,6,285,187,19,68,1,-1,-1.000000
9,7,353,215,15,31,0,-1,-1.000000
9,8,391,197,24,64,1,-1,-1.000000
9,9,309,209,15,41,0,-1,-1.000000
9,25,291,200,23,65,1,-1,-1.000000
10,1,49,137,83,223,1,-1,-1.000000
10,2,167,149,85,202,1,-1,-1.000000
10,3,60,126,78,207,1,-1,-1.000000
10,4,249,201,23,64,1,-1,-1.000000
10,5,276,197,23,68,1,-1,-1.000000
10,6,293,188,20,70,1,-1,-1.000000
10,7,362,216,14,30,0,-1,-1.000000
10,25,299,200,23,66,1,-1,-1.000000
11,1,57,137,84,226,1,-1,-1.000000
11,2,173,147,86,206,1,-1,-1.000000
11,3,67,125,77,210,1,-1,-1.000000
11,4,258,202,23,64,1,-1,-1.000000
11,5,284,199,23,67,1,-1,-1.000000
11,6,301,190,20,71,1,-1,-1.000000
11,7,371,218,13,29,0,-1,-1.000000
11,25,308,201,24,66,1,-1,-1.000000
12,1,64,135,84,230,1,-1,-1.000000
12,2,179,146,86,209,1,-1,-1.000000
12,3,75,124,77,212,1,-1,-1.000000
12,4,266,203,23,63,1,-1,-1.000000
12,5,293,199,22,67,1,-1,-1.000000
12,6,308,190,21,73,1,-1,-1.000000
12,7,380,219,12,28,0,-1,-1.000000
12,25,316,200,24,67,1,-1,-1.000000
13,1,71,135,85,233,1,-1,-1.000000
13,2,185,145,87,212,1,-1,-1.000000
13,3,83,123,76,215,1,-1,-1.000000
13,4,275,204,23,62,1,-1,-1.000000
13,5,301,200,22,66,1,-1,-1.000000
13,6,317,192,21,74,1,-1,-1.000000
13,7,389,220,11,27,0,-1,-1.000000
13,10,162,198,22,71,1,-1,-1.000000
13,25,325,201,24,67,1,-1,-1.000000
14,1,74,133,86,237,1,-1,-1.000000
14,2,191,142,89,217,1,-1,-1.000000
14,3,88,121,76,218,1,-1,-1.000000
14,4,282,202,24,64,1,-1,-1.000000
14,5,309,198,22,68,1,-1,-1.000000
14,6,325,190,21,76,1,-1,-1.000000
14,10,169,196,23,71,1,-1,-1.000000
14,25,333,200,24,67,1,-1,-1.000000
15,1,77,131,87,242,1,-1,-1.000000
15,2,197,140,91,222,1,-1,-1.000000
15,3,93,119,76,221,1,-1,-1.000000
15,4,290,199,24,66,1,-1,-1.000000
15,5,317,196,22,70,1,-1,-1.000000
15,6,333,187,22,78,1,-1,-1.000000
15,10,177,193,24,72,1,-1,-1.000000
15,25,340,198,25,68,1,-1,-1.000000
16,1,80,129,88,246,1,-1,-1.000000
16,2,203,137,93,227,1,-1,-1.000000
16,3,98,116,76,224,1,-1,-1.000000
16,4,296,197,25,68,1,-1,-1.000000
16,5,324,193,22,72,1,-1,-1.000000
16,6,341,185,22,80,1,-1,-1.000000
16,10,185,191,24,72,1,-1,-1.000000
16,25,348,197,25,68,1,-1,-1.000000
17,1,83,127,89,250,1,-1,-1.000000
17,2,210,134,95,232,1,-1,-1.000000
17,3,103,114,76,227,1,-1,-1.000000
17,4,304,194,25,70,1,-1,-1.000000
17,5,332,191,22,74,1,-1,-1.000000
17,6,349,182,22,82,1,-1,-1.000000
17,10,193,189,25,72,1,-1,-1.000000
17,11,0,134,44,210,1,-1,-1.000000
17,25,356,196,25,68,1,-1,-1.000000
18,1,81,123,91,257,1,-1,-1.000000
18,2,213,131,96,237,1,-1,-1.000000
18,3,101,111,79,232,1,-1,-1.000000
18,4,306,193,25,71,1,-1,-1.000000
18,5,334,191,23,75,1,-1,-1.000000
18,6,352,181,22,83,1,-1,-1.000000
18,10,193,189,25,72,1,-1,-1.000000
18,11,0,132,46,216,1,-1,-1.000000
18,25,360,195,25,69,1,-1,-1.000000
19,1,80,121,94,263,1,-1,-1.000000
19,2,215,129,97,242,1,-1,-1.000000
19,3,99,107,81,237,1,-1,-1.000000
19,4,310,192,24,72,1,-1,-1.000000
19,5,336,189,23,77,1,-1,-1.000000
19,6,355,181,21,83,1,-1,-1.000000
19,10,193,188,25,73,1,-1,-1.000000
19,11,0,130,47,222,1,-1,-1.000000
19,25,364,195,25,69,1,-1,-1.000000
20,1,78,117,96,270,1,-1,-1.000000
20,2,218,127,98,246,1,-1,-1.000000
20,3,98,104,84,242,1,-1,-1.000000
20,4,312,191,24,73,1,-1,-1.000000
20,5,339,189,24,78,1,-1,-1.000000
20,6,358,179,21,84,1,-1,-1.000000
20,10,195,187,24,73,1,-1,-1.000000
20,11,-1,128,49,227,1,-1,-1.000000
20,25,368,194,25,70,1,-1,-1.000000
21,1,77,114,98,276,1,-1,-1.000000
21,2,220,124,99,251,1,-1,-1.000000
21,3,96,100,86,247,1,-1,-1.000000
21,4,315,190,23,74,1,-1,-1.000000
21,5,341,188,24,79,1,-1,-1.000000
21,6,362,179,20,84,1,-1,-1.000000
21,10,195,187,24,73,1,-1,-1.000000
21,11,0,126,50,233,1,-1,-1.000000
21,12,45,191,25,66,1,-1,-1.000000
21,25,372,193,25,71,1,-1,-1.000000
22,1,74,110,101,284,1,-1,-1.000000
22,2,222,121,101,259,1,-1,-1.000000
22,3,96,100,88,251,1,-1,-1.000000
22,4,319,190,23,74,1,-1,-1.000000
22,5,345,188,24,79,1,-1,-1.000000
22,6,364,178,21,84,1,-1,-1.000000
22,10,198,187,25,77,1,-1,-1.000000
22,11,0,127,48,237,1,-1,-1.000000
22,12,47,192,26,68,1,-1,-1.000000
22,25,376,193,25,71,1,-1,-1.000000
23,1,72,108,103,291,1,-1,-1.000000
23,2,224,118,103,266,1,-1,-1.000000
23,3,96,99,90,256,1,-1,-1.000000
23,4,323,189,24,75,1,-1,-1.000000
23,5,350,187,23,79,1,-1,-1.000000
23,6,367,177,22,84,1,-1,-1.000000
23,10,201,188,26,81,1,-1,-1.000000
23,11,0,128,46,242,1,-1,-1.000000
23,12,48,193,27,70,1,-1,-1.000000
23,25,380,192,25,72,1,-1,-1.000000
24,1,70,104,106,299,1,-1,-1.000000
24,2,227,115,104,274,1,-1,-1.000000
24,3,96,98,91,260,1,-1,-1.000000
24,4,327,188,24,75,1,-1,-1.000000
24,5,354,188,23,78,1,-1,-1.000000
24,6,370,176,23,84,1,-1,-1.000000
24,10,204,188,27,85,1,-1,-1.000000
24,11,0,129,43,246,1,-1,-1.000000
24,12,50,194,28,71,1,-1,-1.000000
24,25,384,191,25,73,1,-1,-1.000000
25,1,68,101,108,306,1,-1,-1.000000
25,2,229,112,106,281,1,-1,-1.000000
25,3,96,98,93,264,1,-1,-1.000000
25,4,330,188,25,75,1,-1,-1.000000
25,5,358,187,23,78,1,-1,-1.000000
25,6,373,176,24,84,1,-1,-1.000000
25,10,207,188,28,89,1,-1,-1.000000
25,11,0,130,41,250,1,-1,-1.000000
25,12,52,195,29,73,1,-1,-1.000000
25,25,388,190,25,74,1,-1,-1.000000
26,1,66,97,111,315,1,-1,-1.000000
26,2,231,110,107,289,1,-1,-1.000000
26,3,97,96,92,268,1,-1,-1.000000
26,4,334,188,25,75,1,-1,-1.000000
26,5,364,187,22,78,1,-1,-1.000000
26,6,376,176,24,83,1,-1,-1.000000
26,10,211,188,28,88,1,-1,-1.000000
26,11,0,127,42,253,1,-1,-1.000000
26,25,392,190,25,74,1,-1,-1.000000
27,1,64,94,115,324,1,-1,-1.000000
27,2,234,106,108,298,1,-1,-1.000000
27,3,97,93,91,273,1,-1,-1.000000
27,4,338,187,26,76,1,-1,-1.000000
27,5,368,186,22,78,1,-1,-1.000000
27,6,378,175,25,83,1,-1,-1.000000
27,10,216,187,28,87,1,-1,-1.000000
27,11,0,125,44,255,1,-1,-1.000000
27,25,396,189,25,75,1,-1,-1.000000
28,1,63,91,118,332,1,-1,-1.000000
28,2,236,104,109,306,1,-1,-1.000000
28,3,98,90,90,277,1,-1,-1.000000
28,4,342,186,26,76,1,-1,-1.000000
28,5,372,187,22,77,1,-1,-1.000000
28,6,381,174,26,83,1,-1,-1.000000
28,10,220,186,27,87,1,-1,-1.000000
28,11,-1,122,45,258,1,-1,-1.000000
28,25,400,188,25,76,1,-1,-1.000000
29,1,61,87,121,341,1,-1,-1.000000
29,2,239,101,110,314,1,-1,-1.000000
29,3,99,88,89,281,1,-1,-1.000000
29,4,346,186,26,76,1,-1,-1.000000
29,5,377,186,21,77,1,-1,-1.000000
29,6,384,173,27,83,1,-1,-1.000000
29,10,225,185,27,86,1,-1,-1.000000
29,11,0,120,46,260,1,-1,-1.000000
29,25,404,188,25,76,1,-1,-1.000000
30,1,63,84,124,349,1,-1,-1.000000
30,2,243,99,116,322,1,-1,-1.000000
30,3,102,83,90,289,1,-1,-1.000000
30,4,349,186,27,76,1,-1,-1.000000
30,5,381,186,21,77,1,-1,-1.000000
30,6,390,173,26,84,1,-1,-1.000000
30,10,229,185,27,85,1,-1,-1.000000
30,11,0,118,46,263,1,-1,-1.000000
30,25,408,187,25,77,1,-1,-1.000000
31,1,64,81,128,358,1,-1,-1.000000
31,2,247,95,122,331,1,-1,-1.000000
31,3,105,78,91,297,1,-1,-1.000000
31,4,353,185,27,77,1,-1,-1.000000
31,5,385,185,21,77,1,-1,-1.000000
31,6,395,173,26,85,1,-1,-1.000000
31,10,233,185,27,84,1,-1,-1.000000
31,11,0,115,46,266,1,-1,-1.000000
31,25,412,186,25,78,1,-1,-1.000000
32,1,65,78,131,366,1,-1,-1.000000
32,2,251,93,128,339,1,-1,-1.000000
32,3,108,73,92,304,1,-1,-1.000000
32,4,357,184,28,77,1,-1,-1.000000
32,5,391,186,20,76,1,-1,-1.000000
32,6,401,172,25,86,1,-1,-1.000000
32,10,239,184,26,83,1,-1,-1.000000
32,11,0,114,46,268,1,-1,-1.000000
32,25,416,186,25,78,1,-1,-1.000000
33,1,67,75,134,374,1,-1,-1.000000
33,2,255,90,134,347,1,-1,-1.000000
33,3,111,68,93,312,1,-1,-1.000000
33,4,361,184,28,77,1,-1,-1.000000
33,5,395,185,20,76,1,-1,-1.000000
33,6,407,172,24,87,1,-1,-1.000000
33,10,243,184,26,82,1,-1,-1.000000
33,11,0,111,46,271,1,-1,-1.000000
33,13,479,204,14,40,0,-1,-1.000000
33,25,421,185,25,79,1,-1,-1.000000
34,1,68,71,137,383,1,-1,-1.000000
34,2,260,88,142,355,1,-1,-1.000000
34,3,114,68,95,315,1,-1,-1.000000
34,4,368,184,27,79,1,-1,-1.000000
34,5,402,185,21,78,1,-1,-1.000000
34,6,415,172,25,88,1,-1,-1.000000
34,10,247,182,26,82,1,-1,-1.000000
34,11,0,110,48,276,1,-1,-1.000000
34,25,429,185,25,81,1,-1,-1.000000
35,1,70,69,140,391,1,-1,-1.000000
35,2,264,84,149,364,1,-1,-1.000000
35,3,118,68,97,318,1,-1,-1.000000
35,4,375,184,27,80,1,-1,-1.000000
35,5,410,186,21,79,1,-1,-1.000000
35,6,423,171,26,90,1,-1,-1.000000
35,10,252,182,26,81,1,-1,-1.000000
35,11,0,108,50,282,1,-1,-1.000000
35,25,437,185,26,82,1,-1,-1.000000
36,1,70,65,143,400,1,-1,-1.000000
36,2,269,82,157,372,1,-1,-1.000000
36,3,122,68,99,320,1,-1,-1.000000
36,4,383,184,26,82,1,-1,-1.000000
36,5,418,185,22,81,1,-1,-1.000000
36,6,432,170,26,91,1,-1,-1.000000
36,10,256,181,25,80,1,-1,-1.000000
36,11,0,106,52,287,1,-1,-1.000000
36,25,445,185,26,84,1,-1,-1.000000
37,1,72,62,146,408,1,-1,-1.000000
37,2,274,79,164,380,1,-1,-1.000000
37,3,126,68,101,323,1,-1,-1.000000
37,4,390,184,25,83,1,-1,-1.000000
37,5,426,186,22,82,1,-1,-1.000000
37,6,440,170,27,92,1,-1,-1.000000
37,10,261,181,25,79,1,-1,-1.000000
37,11,0,105,54,292,1,-1,-1.000000
37,25,453,185,26,85,1,-1,-1.000000
38,1,67,57,151,422,1,-1,-1.000000
38,2,275,75,170,390,1,-1,-1.000000
38,3,128,67,101,327,1,-1,-1.000000
38,4,394,188,24,79,1,-1,-1.000000
38,5,430,185,22,83,1,-1,-1.000000
38,6,444,170,25,93,1,-1,-1.000000
38,10,263,182,27,80,1,-1,-1.000000
38,11,0,108,55,293,1,-1,-1.000000
38,25,456,185,26,86,1,-1,-1.000000
39,1,62,54,157,435,1,-1,-1.000000
39,2,277,72,176,400,1,-1,-1.000000
39,3,131,65,100,331,1,-1,-1.000000
39,4,398,192,23,75,1,-1,-1.000000
39,5,433,184,23,84,1,-1,-1.000000
39,6,448,169,24,95,1,-1,-1.000000
39,10,265,182,29,82,1,-1,-1.000000
39,11,0,109,56,295,1,-1,-1.000000
39,25,458,184,27,87,1,-1,-1.000000
40,1,58,49,162,449,1,-1,-1.000000
40,2,278,68,181,410,1,-1,-1.000000
40,3,133,65,100,334,1,-1,-1.000000
40,4,402,195,22,71,1,-1,-1.000000
40,5,437,184,23,84,1,-1,-1.000000
40,6,453,168,22,96,1,-1,-1.000000
40,10,268,183,30,83,1,-1,-1.000000
40,11,0,112,57,296,1,-1,-1.000000
40,25,461,184,27,88,1,-1,-1.000000
41,1,54,45,167,462,1,-1,-1.000000
41,2,280,64,187,420,1,-1,-1.000000
41,3,135,63,99,338,1,-1,-1.000000
41,4,406,199,21,67,1,-1,-1.000000
41,5,441,183,23,85,1,-1,-1.000000
41,6,457,168,20,97,1,-1,-1.000000
41,10,270,184,32,84,1,-1,-1.000000
41,11,0,114,58,297,1,-1,-1.000000
41,25,465,183,27,89,1,-1,-1.000000
42,1,50,41,172,475,1,-1,-1.000000
42,2,280,60,193,431,1,-1,-1.000000
42,3,131,60,103,343,1,-1,-1.000000
42,5,440,183,25,84,1,-1,-1.000000
42,10,269,183,33,84,1,-1,-1.000000
42,11,0,111,54,304,1,-1,-1.000000
42,25,467,183,28,89,1,-1,-1.000000
43,1,45,37,178,488,1,-1,-1.000000
43,2,281,56,198,441,1,-1,-1.000000
43,3,127,56,107,349,1,-1,-1.000000
43,5,440,183,26,82,1,-1,-1.000000
43,10,268,181,35,85,1,-1,-1.000000
43,11,-1,108,51,311,1,-1,-1.000000
43,25,469,183,28,89,1,-1,-1.000000
44,1,40,33,183,501,1,-1,-1.000000
44,2,281,52,204,452,1,-1,-1.000000
44,3,123,53,111,354,1,-1,-1.000000
44,5,438,183,28,81,1,-1,-1.000000
44,10,268,180,36,85,1,-1,-1.000000
44,11,0,105,47,318,1,-1,-1.000000
44,25,470,183,29,89,1,-1,-1.000000
45,1,36,29,188,514,1,-1,-1.000000
45,2,281,48,209,462,1,-1,-1.000000
45,3,119,50,115,359,1,-1,-1.000000
45,5,437,183,29,79,1,-1,-1.000000
45,10,268,179,37,85,1,-1,-1.000000
45,11,0,101,44,326,1,-1,-1.000000
45,25,472,184,29,89,1,-1,-1.000000
46,1,31,24,193,528,1,-1,-1.000000
46,2,281,44,214,472,1,-1,-1.000000
46,3,117,47,119,363,1,-1,-1.000000
46,10,271,180,36,83,1,-1,-1.000000
46,11,0,98,40,333,1,-1,-1.000000
46,25,474,185,30,88,1,-1,-1.000000
47,1,26,21,199,541,1,-1,-1.000000
47,2,281,40,220,483,1,-1,-1.000000
47,3,116,46,122,366,1,-1,-1.000000
47,10,274,180,34,81,1,-1,-1.000000
47,11,0,95,36,340,1,-1,-1.000000
47,25,476,185,30,88,1,-1,-1.000000
48,1,22,16,204,555,1,-1,-1.000000
48,2,281,36,225,493,1,-1,-1.000000
48,3,114,43,126,370,1,-1,-1.000000
48,10,276,182,33,78,1,-1,-1.000000
48,11,-1,92,33,347,1,-1,-1.000000
48,25,477,185,31,88,1,-1,-1.000000
49,1,18,12,209,568,1,-1,-1.000000
49,2,282,32,230,503,1,-1,-1.000000
49,3,113,41,129,373,1,-1,-1.000000
49,10,280,182,31,76,1,-1,-1.000000
49,11,0,89,29,354,1,-1,-1.000000
49,14,275,185,23,75,1,-1,-1.000000
49,25,479,185,31,88,1,-1,-1.000000
50,1,14,7,214,582,1,-1,-1.000000
50,2,282,28,236,514,1,-1,-1.000000
50,3,113,37,129,378,1,-1,-1.000000
50,11,0,88,31,354,1,-1,-1.000000
50,25,480,184,31,89,1,-1,-1.000000
51,1,9,4,219,595,1,-1,-1.000000
51,2,282,24,241,524,1,-1,-1.000000
51,3,114,34,128,382,1,-1,-1.000000
51,11,0,88,33,354,1,-1,-1.000000
51,25,481,184,32,89,1,-1,-1.000000
52,1,5,-1,224,609,1,-1,-1.000000
52,2,282,20,247,535,1,-1,-1.000000
52,3,114,30,128,387,1,-1,-1.000000
52,11,0,87,35,354,1,-1,-1.000000
52,25,482,183,32,90,1,-1,-1.000000
53,1,0,-5,229,622,1,-1,-1.000000
53,2,283,16,252,545,1,-1,-1.000000
53,3,114,27,127,391,1,-1,-1.000000
53,11,0,86,37,354,1,-1,-1.000000
53,25,483,183,32,90,1,-1,-1.000000
54,1,-4,-8,233,632,1,-1,-1.000000
54,2,285,14,255,548,1,-1,-1.000000
54,3,113,26,130,394,1,-1,-1.000000
54,11,0,86,37,356,1,-1,-1.000000
54,25,484,182,33,91,1,-1,-1.000000
55,1,-7,-11,237,642,1,-1,-1.000000
55,2,288,10,258,552,1,-1,-1.000000
55,3,111,24,133,398,1,-1,-1.000000
55,11,0,85,38,359,1,-1,-1.000000
55,25,485,182,33,91,1,-1,-1.000000
56,1,-10,-15,241,652,1,-1,-1.000000
56,2,291,8,260,555,1,-1,-1.000000
56,3,110,23,136,401,1,-1,-1.000000
56,11,0,84,38,361,1,-1,-1.000000
56,25,486,181,33,92,1,-1,-1.000000
57,1,-13,-18,245,662,1,-1,-1.000000
57,2,293,5,263,558,1,-1,-1.000000
57,3,108,22,139,404,1,-1,-1.000000
57,11,-1,84,39,363,1,-1,-1.000000
57,25,487,181,34,93,1,-1,-1.000000
58,1,-14,-19,245,663,1,-1,-1.000000
58,2,296,3,265,559,1,-1,-1.000000
58,3,109,21,139,408,1,-1,-1.000000
58,11,-1,84,39,365,1,-1,-1.000000
58,25,488,181,34,93,1,-1,-1.000000
59,1,-14,-18,245,663,1,-1,-1.000000
59,2,300,1,266,560,1,-1,-1.000000
59,3,111,20,140,411,1,-1,-1.000000
59,11,0,83,39,368,1,-1,-1.000000
59,25,490,180,34,94,1,-1,-1.000000
60,1,-14,-19,245,664,1,-1,-1.000000
60,2,303,-2,268,561,1,-1,-1.000000
60,3,112,19,140,415,1,-1,-1.000000
60,11,0,82,40,370,1,-1,-1.000000
60,25,491,180,34,94,1,-1,-1.000000
61,1,-14,-19,245,664,1,-1,-1.000000
61,2,306,-4,269,562,1,-1,-1.000000
61,3,114,18,140,418,1,-1,-1.000000
61,11,0,82,40,372,1,-1,-1.000000
61,25,491,179,35,95,1,-1,-1.000000
62,1,-15,-19,245,664,1,-1,-1.000000
62,2,309,-6,271,563,1,-1,-1.000000
62,3,115,19,139,416,1,-1,-1.000000
62,11,0,82,39,369,1,-1,-1.000000
62,25,492,179,35,95,1,-1,-1.000000
63,1,-15,-19,246,664,1,-1,-1.000000
63,2,312,-9,273,564,1,-1,-1.000000
63,3,117,20,138,414,1,-1,-1.000000
63,11,0,81,38,367,1,-1,-1.000000
63,25,494,178,35,96,1,-1,-1.000000
64,1,-15,-19,246,664,1,-1,-1.000000
64,2,316,-10,274,564,1,-1,-1.000000
64,3,118,21,137,412,1,-1,-1.000000
64,11,0,80,37,364,1,-1,-1.000000
64,25,495,178,36,96,1,-1,-1.000000
65,1,-15,-19,246,664,1,-1,-1.000000
65,2,319,-13,276,565,1,-1,-1.000000
65,3,120,22,136,410,1,-1,-1.000000
65,11,0,80,36,361,1,-1,-1.000000
65,15,575,196,17,48,0,-1,-1.000000
65,16,558,203,13,38,0,-1,-1.000000
65,25,496,177,36,97,1,-1,-1.000000
66,1,-15,-19,246,664,1,-1,-1.000000
66,2,320,-14,277,566,1,-1,-1.000000
66,3,118,20,137,413,1,-1,-1.000000
66,11,0,78,36,365,1,-1,-1.000000
66,15,576,195,17,50,0,-1,-1.000000
66,16,558,201,14,40,0,-1,-1.000000
66,25,496,177,36,97,1,-1,-1.000000
67,1,-16,-19,247,664,1,-1,-1.000000
67,2,322,-15,277,567,1,-1,-1.000000
67,3,117,18,138,416,1,-1,-1.000000
67,11,-1,77,37,369,1,-1,-1.000000
67,15,578,196,18,51,0,-1,-1.000000
67,16,558,199,16,42,0,-1,-1.000000
67,25,496,177,36,97,1,-1,-1.000000
68,1,-16,-19,247,664,1,-1,-1.000000
68,2,323,-17,278,568,1,-1,-1.000000
68,3,115,16,139,418,1,-1,-1.000000
68,11,-1,75,37,373,1,-1,-1.000000
68,15,579,195,18,53,0,-1,-1.000000
68,16,558,198,17,43,0,-1,-1.000000
68,25,496,177,36,96,1,-1,-1.000000
69,1,-16,-19,247,664,1,-1,-1.000000
69,2,325,-18,278,569,1,-1,-1.000000
69,3,114,14,140,421,1,-1,-1.000000
69,11,0,73,37,377,1,-1,-1.000000
69,15,581,195,18,54,0,-1,-1.000000
69,16,559,196,18,45,0,-1,-1.000000
69,17,303,173,27,89,1,-1,-1.000000
69,25,496,177,36,96,1,-1,-1.000000
69,148,289,178,24,77,1,-1,-1.000000
70,1,-16,-20,247,665,1,-1,-1.000000
70,2,325,-18,278,570,1,-1,-1.000000
70,3,117,14,137,420,1,-1,-1.000000
70,11,0,73,35,376,1,-1,-1.000000
70,15,582,195,19,54,0,-1,-1.000000
70,16,559,197,17,44,0,-1,-1.000000
70,17,303,174,26,88,1,-1,-1.000000
70,25,496,177,36,96,1,-1,-1.000000
70,148,288,178,25,78,1,-1,-1.000000
71,1,-16,-19,247,665,1,-1,-1.000000
71,2,325,-19,278,571,1,-1,-1.000000
71,3,121,14,135,420,1,-1,-1.000000
71,11,0,74,34,375,1,-1,-1.000000
71,15,583,195,21,54,0,-1,-1.000000
71,16,560,197,17,44,0,-1,-1.000000
71,17,303,175,26,86,1,-1,-1.000000
71,25,496,177,36,96,1,-1,-1.000000
71,148,289,178,25,78,1,-1,-1.000000
72,1,-16,-20,247,666,1,-1,-1.000000
72,2,324,-18,278,571,1,-1,-1.000000
72,3,125,14,132,419,1,-1,-1.000000
72,11,0,75,32,373,1,-1,-1.000000
72,15,585,195,22,53,0,-1,-1.000000
72,16,561,198,16,43,0,-1,-1.000000
72,17,302,176,25,85,1,-1,-1.000000
72,25,496,177,35,96,1,-1,-1.000000
72,148,289,178,26,79,1,-1,-1.000000
73,1,-16,-20,247,666,1,-1,-1.000000
73,2,324,-19,278,572,1,-1,-1.000000
73,3,129,14,129,418,1,-1,-1.000000
73,11,0,75,30,372,1,-1,-1.000000
73,15,586,195,23,53,0,-1,-1.000000
73,16,562,199,15,42,0,-1,-1.000000
73,17,303,177,24,83,1,-1,-1.000000
73,25,496,177,35,96,1,-1,-1.000000
73,148,289,178,26,79,1,-1,-1.000000
74,1,-17,-20,247,666,1,-1,-1.000000
74,2,324,-19,278,573,1,-1,-1.000000
74,3,129,13,130,420,1,-1,-1.000000
74,11,-1,75,31,366,1,-1,-1.000000
74,15,588,195,23,53,0,-1,-1.000000
74,16,562,199,15,42,0,-1,-1.000000
74,17,303,176,24,83,1,-1,-1.000000
74,25,495,177,35,96,1,-1,-1.000000
74,148,289,178,26,79,1,-1,-1.000000
75,1,-17,-20,248,666,1,-1,-1.000000
75,2,323,-19,278,574,1,-1,-1.000000
75,3,130,12,130,422,1,-1,-1.000000
75,11,0,76,31,359,1,-1,-1.000000
75,15,590,194,23,54,0,-1,-1.000000
75,16,562,199,15,42,0,-1,-1.000000
75,17,301,176,25,83,1,-1,-1.000000
75,25,495,176,35,97,1,-1,-1.000000
75,148,290,177,25,79,1,-1,-1.000000
76,1,-17,-20,248,666,1,-1,-1.000000
76,2,323,-19,278,574,1,-1,-1.000000
76,3,129,11,131,424,1,-1,-1.000000
76,11,0,75,32,353,1,-1,-1.000000
76,15,593,195,23,54,0,-1,-1.000000
76,16,562,199,15,42,0,-1,-1.000000
76,17,301,176,25,82,1,-1,-1.000000
76,25,496,176,34,97,1,-1,-1.000000
76,148,290,178,25,78,1,-1,-1.000000
77,1,-17,-20,248,666,1,-1,-1.000000
77,2,322,-19,278,575,1,-1,-1.000000
77,3,130,10,131,426,1,-1,-1.000000
77,11,0,76,32,346,1,-1,-1.000000
77,15,595,194,23,55,0,-1,-1.000000
77,16,562,199,15,42,0,-1,-1.000000
77,17,301,175,25,82,1,-1,-1.000000
77,25,496,176,34,97,1,-1,-1.000000
77,148,291,177,24,78,1,-1,-1.000000
78,1,-17,-21,248,667,1,-1,-1.000000
78,2,322,-19,278,576,1,-1,-1.000000
78,3,132,9,129,427,1,-1,-1.000000
78,11,0,76,32,352,1,-1,-1.000000
78,15,598,194,23,55,0,-1,-1.000000
78,16,562,199,15,42,0,-1,-1.000000
78,17,300,176,25,83,1,-1,-1.000000
78,25,496,176,34,97,1,-1,-1.000000
78,148,291,177,23,74,1,-1,-1.000000
79,1,-18,-20,249,667,1,-1,-1.000000
79,2,321,-19,278,577,1,-1,-1.000000
79,3,135,8,128,427,1,-1,-1.000000
79,11,-1,77,33,358,1,-1,-1.000000
79,15,600,193,24,56,0,-1,-1.000000
79,16,562,198,15,43,0,-1,-1.000000
79,17,300,176,26,84,1,-1,-1.000000
79,25,496,176,34,97,1,-1,-1.000000
79,148,290,177,23,70,1,-1,-1.000000
80,1,-18,-21,249,668,1,-1,-1.000000
80,2,321,-19,277,577,1,-1,-1.000000
80,3,137,7,126,428,1,-1,-1.000000
80,11,-1,77,33,364,1,-1,-1.000000
80,15,603,193,24,56,0,-1,-1.000000
80,16,562,199,15,43,0,-1,-1.000000
80,17,299,177,26,85,1,-1,-1.000000
80,25,496,176,34,97,1,-1,-1.000000
80,148,291,177,22,66,1,-1,-1.000000
81,1,-18,-21,249,668,1,-1,-1.000000
81,2,321,-19,277,578,1,-1,-1.000000
81,3,140,6,124,428,1,-1,-1.000000
81,11,0,77,33,370,1,-1,-1.000000
81,15,605,193,24,56,0,-1,-1.000000
81,16,562,199,15,43,0,-1,-1.000000
81,17,299,177,26,86,1,-1,-1.000000
81,25,496,176,34,97,1,-1,-1.000000
81,148,291,177,21,62,1,-1,-1.000000
82,1,-19,-21,249,668,1,-1,-1.000000
82,2,320,-19,277,579,1,-1,-1.000000
82,3,134,10,132,422,1,-1,-1.000000
82,11,0,79,32,356,1,-1,-1.000000
82,15,608,193,24,57,0,-1,-1.000000
82,16,562,198,15,44,0,-1,-1.000000
82,17,299,177,26,86,1,-1,-1.000000
82,25,496,176,34,97,1,-1,-1.000000
82,148,291,177,21,64,1,-1,-1.000000
83,1,-19,-21,250,668,1,-1,-1.000000
83,2,320,-19,277,580,1,-1,-1.000000
83,3,128,12,139,417,1,-1,-1.000000
83,11,-1,79,31,343,1,-1,-1.000000
83,15,610,193,24,57,0,-1,-1.000000
83,16,563,198,15,44,0,-1,-1.000000
83,17,299,177,26,86,1,-1,-1.000000
83,25,496,176,34,97,1,-1,-1.000000
83,148,290,177,22,66,1,-1,-1.000000
84,1,-19,-21,250,668,1,-1,-1.000000
84,2,320,-20,276,581,1,-1,-1.000000
84,3,122,16,147,411,1,-1,-1.000000
84,11,0,81,29,329,1,-1,-1.000000
84,15,613,192,24,58,0,-1,-1.000000
84,16,563,198,15,44,0,-1,-1.000000
84,17,299,176,26,87,1,-1,-1.000000
84,25,496,176,34,96,1,-1,-1.000000
84,148,290,177,22,67,1,-1,-1.000000
85,1,-19,-21,250,668,1,-1,-1.000000
85,2,320,-20,276,582,1,-1,-1.000000
85,3,117,19,154,405,1,-1,-1.000000
85,11,0,82,28,315,1,-1,-1.000000
85,15,615,192,24,58,0,-1,-1.000000
85,16,563,197,15,45,0,-1,-1.000000
85,17,298,176,26,87,1,-1,-1.000000
85,25,496,176,34,96,1,-1,-1.000000
85,148,290,177,22,69,1,-1,-1.000000
86,1,-19,-21,250,668,1,-1,-1.000000
86,2,320,-20,276,583,1,-1,-1.000000
86,3,113,20,154,405,1,-1,-1.000000
86,11,0,82,30,323,1,-1,-1.000000
86,15,618,193,24,57,0,-1,-1.000000
86,16,563,198,15,45,0,-1,-1.000000
86,17,298,176,26,87,1,-1,-1.000000
86,25,496,176,34,96,1,-1,-1.000000
86,148,289,177,22,71,1,-1,-1.000000
87,1,-20,-21,251,668,1,-1,-1.000000
87,2,319,-20,276,584,1,-1,-1.000000
87,3,109,21,154,405,1,-1,-1.000000
87,11,-1,83,33,331,1,-1,-1.000000
87,15,620,193,23,56,0,-1,-1.000000
87,16,563,198,15,45,0,-1,-1.000000
87,17,298,176,26,87,1,-1,-1.000000
87,25,496,176,34,96,1,-1,-1.000000
87,148,288,177,23,73,1,-1,-1.000000
88,1,-20,-21,251,668,1,-1,-1.000000
88,2,319,-20,276,584,1,-1,-1.000000
88,3,104,22,154,405,1,-1,-1.000000
88,11,-1,83,35,339,1,-1,-1.000000
88,15,623,194,23,55,0,-1,-1.000000
88,16,563,197,15,46,0,-1,-1.000000
88,17,298,175,26,87,1,-1,-1.000000
88,25,496,176,34,96,1,-1,-1.000000
88,148,288,177,23,74,1,-1,-1.000000
89,1,-20,-21,251,668,1,-1,-1.000000
89,2,318,-20,276,585,1,-1,-1.000000
89,3,100,23,154,405,1,-1,-1.000000
89,11,0,83,37,347,1,-1,-1.000000
89,15,626,194,22,54,0,-1,-1.000000
89,16,563,197,15,46,0,-1,-1.000000
89,17,298,175,26,87,1,-1,-1.000000
89,18,544,202,15,37,0,-1,-1.000000
89,25,496,176,34,96,1,-1,-1.000000
89,148,287,177,23,76,1,-1,-1.000000
90,1,-21,-22,251,669,1,-1,-1.000000
90,2,318,-20,276,586,1,-1,-1.000000
90,3,100,23,160,405,1,-1,-1.000000
90,11,0,83,34,343,1,-1,-1.000000
90,16,562,197,15,46,0,-1,-1.000000
90,17,298,174,26,88,1,-1,-1.000000
90,18,544,202,14,37,0,-1,-1.000000
90,25,496,176,34,96,1,-1,-1.000000
90,148,287,177,23,78,1,-1,-1.000000
91,1,-21,-21,252,669,1,-1,-1.000000
91,2,317,-20,276,587,1,-1,-1.000000
91,3,99,23,167,405,1,-1,-1.000000
91,11,0,83,30,339,1,-1,-1.000000
91,16,562,197,15,47,0,-1,-1.000000
91,17,297,174,26,88,1,-1,-1.000000
91,18,544,202,14,37,0,-1,-1.000000
91,25,496,176,34,96,1,-1,-1.000000
91,148,287,177,24,80,1,-1,-1.000000
92,1,-21,-22,252,670,1,-1,-1.000000
92,2,317,-21,275,588,1,-1,-1.000000
92,3,99,23,173,404,1,-1,-1.000000
92,11,-1,84,27,334,1,-1,-1.000000
92,16,561,197,15,47,0,-1,-1.000000
92,17,297,174,26,88,1,-1,-1.000000
92,18,544,202,13,37,0,-1,-1.000000
92,25,496,176,34,96,1,-1,-1.000000
92,148,286,177,24,81,1,-1,-1.000000
93,1,-21,-22,252,670,1,-1,-1.000000
93,2,317,-21,275,589,1,-1,-1.000000
93,3,100,23,179,404,1,-1,-1.000000
93,11,0,84,23,330,1,-1,-1.000000
93,16,561,196,16,48,0,-1,-1.000000
93,17,297,174,26,88,1,-1,-1.000000
93,18,544,203,13,37,0,-1,-1.000000
93,19,270,188,20,62,1,-1,-1.000000
93,20,328,173,27,91,1,-1,-1.000000
93,25,496,176,34,96,1,-1,-1.000000
93,148,286,177,24,83,1,-1,-1.000000
94,1,-21,-22,252,670,1,-1,-1.000000
94,2,316,-21,275,590,1,-1,-1.000000
94,3,102,23,177,406,1,-1,-1.000000
94,11,0,84,24,330,1,-1,-1.000000
94,16,560,196,16,48,0,-1,-1.000000
94,17,297,175,26,88,1,-1,-1.000000
94,18,545,203,12,37,0,-1,-1.000000
94,19,268,189,20,61,1,-1,-1.000000
94,20,329,173,26,90,1,-1,-1.000000
94,25,496,176,34,96,1,-1,-1.000000
94,148,287,178,23,82,1,-1,-1.000000
95,1,-21,-22,252,670,1,-1,-1.000000
95,2,316,-21,275,590,1,-1,-1.000000
95,3,105,22,175,409,1,-1,-1.000000
95,11,0,84,26,330,1,-1,-1.000000
95,16,560,197,16,48,0,-1,-1.000000
95,17,297,174,26,89,1,-1,-1.000000
95,18,544,203,11,37,0,-1,-1.000000
95,19,265,189,19,61,1,-1,-1.000000
95,20,330,173,25,90,1,-1,-1.000000
95,25,496,176,34,96,1,-1,-1.000000
95,148,287,179,23,82,1,-1,-1.000000
96,1,-21,-22,252,670,1,-1,-1.000000
96,2,316,-21,274,591,1,-1,-1.000000
96,3,109,22,172,411,1,-1,-1.000000
96,11,-1,84,27,330,1,-1,-1.000000
96,16,559,196,16,49,0,-1,-1.000000
96,17,297,175,25,89,1,-1,-1.000000
96,18,544,203,11,37,0,-1,-1.000000
96,19,263,190,19,60,1,-1,-1.000000
96,20,332,173,24,89,1,-1,-1.000000
96,25,496,176,34,96,1,-1,-1.000000
96,148,289,180,22,81,1,-1,-1.000000
97,1,-21,-22,252,670,1,-1,-1.000000
97,2,316,-21,274,591,1,-1,-1.000000
97,3,112,22,170,413,1,-1,-1.000000
97,11,0,84,28,330,1,-1,-1.000000
97,16,559,196,16,49,0,-1,-1.000000
97,17,298,175,25,89,1,-1,-1.000000
97,18,544,203,11,38,0,-1,-1.000000
97,19,261,191,18,59,1,-1,-1.000000
97,20,333,173,23,88,1,-1,-1.000000
97,25,496,176,34,96,1,-1,-1.000000
97,148,290,181,21,80,1,-1,-1.000000
98,1,-21,-23,252,671,1,-1,-1.000000
98,2,316,-21,274,592,1,-1,-1.000000
98,3,119,21,164,413,1,-1,-1.000000
98,11,-1,83,31,334,1,-1,-1.000000
98,16,558,196,17,49,0,-1,-1.000000
98,17,299,175,24,89,1,-1,-1.000000
98,18,544,202,11,39,0,-1,-1.000000
98,20,331,174,24,88,1,-1,-1.000000
98,25,496,176,34,96,1,-1,-1.000000
98,148,289,179,22,82,1,-1,-1.000000
99,1,-22,-22,253,671,1,-1,-1.000000
99,2,315,-21,274,593,1,-1,-1.000000
99,3,127,19,157,414,1,-1,-1.000000
99,11,0,82,33,338,1,-1,-1.000000
99,16,559,197,18,49,0,-1,-1.000000
99,17,300,177,23,88,1,-1,-1.000000
99,18,544,202,12,41,0,-1,-1.000000
99,20,329,173,25,89,1,-1,-1.000000
99,25,496,176,34,96,1,-1,-1.000000
99,148,289,179,22,83,1,-1,-1.000000
100,1,-22,-23,253,672,1,-1,-1.000000
100,2,315,-22,274,594,1,-1,-1.000000
100,3,134,17,151,414,1,-1,-1.000000
100,11,0,80,36,342,1,-1,-1.000000
100,16,559,198,18,48,0,-1,-1.000000
100,17,301,177,22,88,1,-1,-1.000000
100,18,542,201,13,43,0,-1,-1.000000
100,20,328,174,26,89,1,-1,-1.000000
100,25,496,176,34,96,1,-1,-1.000000
100,148,288,177,23,85,1,-1,-1.000000
101,1,-22,-23,253,672,1,-1,-1.000000
101,2,314,-22,274,595,1,-1,-1.000000
101,3,142,16,144,414,1,-1,-1.000000
101,11,0,79,38,346,1,-1,-1.000000
101,16,559,198,19,48,0,-1,-1.000000
101,17,302,178,21,87,1,-1,-1.000000
101,18,542,200,14,45,0,-1,-1.000000
101,20,326,174,27,89,1,-1,-1.000000
101,25,496,176,34,96,1,-1,-1.000000
101,148,288,176,23,86,1,-1,-1.000000
102,1,-23,-23,253,672,1,-1,-1.000000
102,2,314,-22,274,596,1,-1,-1.000000
102,3,142,16,144,414,1,-1,-1.000000
102,11,0,77,37,347,1,-1,-1.000000
102,16,559,198,19,48,0,-1,-1.000000
102,17,300,177,23,88,1,-1,-1.000000
102,18,541,200,14,45,0,-1,-1.000000
102,20,326,173,27,89,1,-1,-1.000000
102,25,496,176,34,96,1,-1,-1.000000
102,148,288,176,23,86,1,-1,-1.000000
103,1,-23,-23,254,672,1,-1,-1.000000
103,2,313,-22,274,597,1,-1,-1.000000
103,3,142,16,144,414,1,-1,-1.000000
103,11,-1,77,37,347,1,-1,-1.000000
103,16,559,198,19,48,0,-1,-1.000000
103,17,299,176,25,89,1,-1,-1.000000
103,18,541,198,14,46,0,-1,-1.000000
103,20,327,174,26,88,1,-1,-1.000000
103,25,496,176,34,96,1,-1,-1.000000
103,148,288,176,23,87,1,-1,-1.000000
104,1,-23,-23,254,672,1,-1,-1.000000
104,2,313,-22,273,597,1,-1,-1.000000
104,3,142,16,144,414,1,-1,-1.000000
104,11,0,75,36,348,1,-1,-1.000000
104,16,559,198,19,48,0,-1,-1.000000
104,17,298,176,26,89,1,-1,-1.000000
104,18,540,198,13,46,0,-1,-1.000000
104,20,327,173,26,88,1,-1,-1.000000
104,25,496,176,34,96,1,-1,-1.000000
104,148,289,176,22,87,1,-1,-1.000000
105,1,-23,-23,254,672,1,-1,-1.000000
105,2,313,-22,273,598,1,-1,-1.000000
105,3,142,16,144,414,1,-1,-1.000000
105,11,0,74,35,348,1,-1,-1.000000
105,16,559,198,19,48,0,-1,-1.000000
105,17,297,175,28,90,1,-1,-1.000000
105,18,540,197,13,46,0,-1,-1.000000
105,20,328,173,25,87,1,-1,-1.000000
105,25,496,176,34,96,1,-1,-1.000000
105,148,289,176,22,87,1,-1,-1.000000
106,1,-23,-23,254,672,1,-1,-1.000000
106,2,312,-22,273,599,1,-1,-1.000000
106,3,142,16,144,414,1,-1,-1.000000
106,11,0,75,36,346,1,-1,-1.000000
106,16,557,197,19,50,0,-1,-1.000000
106,17,297,175,28,90,1,-1,-1.000000
106,18,540,198,14,45,0,-1,-1.000000
106,20,328,173,25,87,1,-1,-1.000000
106,25,496,176,34,96,1,-1,-1.000000
106,148,289,176,22,87,1,-1,-1.000000
107,1,-23,-23,254,673,1,-1,-1.000000
107,2,312,-22,273,600,1,-1,-1.000000
107,3,142,16,144,414,1,-1,-1.000000
107,11,0,76,38,344,1,-1,-1.000000
107,16,556,197,20,52,0,-1,-1.000000
107,17,297,175,28,90,1,-1,-1.000000
107,18,539,198,15,45,0,-1,-1.000000
107,20,328,173,25,87,1,-1,-1.000000
107,25,496,176,34,96,1,-1,-1.000000
107,148,288,176,23,87,1,-1,-1.000000
108,1,-24,-23,254,673,1,-1,-1.000000
108,2,312,-23,272,601,1,-1,-1.000000
108,3,142,16,144,414,1,-1,-1.000000
108,11,-1,77,39,341,1,-1,-1.000000
108,16,555,197,20,53,0,-1,-1.000000
108,17,297,175,28,90,1,-1,-1.000000
108,18,539,198,15,44,0,-1,-1.000000
108,20,328,173,25,87,1,-1,-1.000000
108,25,496,176,34,96,1,-1,-1.000000
108,148,288,176,23,87,1,-1,-1.000000
109,1,-24,-23,254,673,1,-1,-1.000000
109,2,312,-23,272,602,1,-1,-1.000000
109,3,142,16,144,414,1,-1,-1.000000
109,11,0,78,40,339,1,-1,-1.000000
109,16,554,196,20,55,0,-1,-1.000000
109,17,297,175,28,90,1,-1,-1.000000
109,18,539,199,16,43,0,-1,-1.000000
109,20,328,173,25,87,1,-1,-1.000000
109,25,496,176,34,96,1,-1,-1.000000
109,148,289,176,23,87,1,-1,-1.000000
110,1,-24,-23,254,673,1,-1,-1.000000
110,2,312,-23,272,603,1,-1,-1.000000
110,3,142,16,144,414,1,-1,-1.000000
110,11,0,76,40,340,1,-1,-1.000000
110,16,553,196,20,55,0,-1,-1.000000
110,17,297,175,28,90,1,-1,-1.000000
110,18,539,199,16,43,0,-1,-1.000000
110,20,327,173,25,87,1,-1,-1.000000
110,25,496,176,34,96,1,-1,-1.000000
110,148,289,176,23,87,1,-1,-1.000000
111,1,-25,-24,255,674,1,-1,-1.000000
111,2,311,-23,272,604,1,-1,-1.000000
111,3,142,16,144,414,1,-1,-1.000000
111,11,0,74,39,341,1,-1,-1.000000
111,16,553,196,19,55,0,-1,-1.000000
111,17,297,175,28,90,1,-1,-1.000000
111,18,538,199,16,43,0,-1,-1.000000
111,20,327,173,26,88,1,-1,-1.000000
111,25,496,176,34,96,1,-1,-1.000000
111,148,289,176,23,87,1,-1,-1.000000
112,1,-25,-24,255,674,1,-1,-1.000000
112,2,311,-23,272,604,1,-1,-1.000000
112,3,142,16,144,414,1,-1,-1.000000
112,11,-1,73,39,341,1,-1,-1.000000
112,16,552,195,19,55,0,-1,-1.000000
112,17,297,175,28,90,1,-1,-1.000000
112,18,538,198,16,44,0,-1,-1.000000
112,20,327,173,26,88,1,-1,-1.000000
112,25,496,176,34,96,1,-1,-1.000000
112,148,290,176,22,87,1,-1,-1.000000
113,1,-25,-24,255,674,1,-1,-1.000000
113,2,310,-23,272,605,1,-1,-1.000000
113,3,142,16,144,414,1,-1,-1.000000
113,11,0,71,38,342,1,-1,-1.000000
113,16,552,196,18,54,0,-1,-1.000000
113,17,297,175,28,90,1,-1,-1.000000
113,18,537,198,16,44,0,-1,-1.000000
113,20,327,173,26,88,1,-1,-1.000000
113,25,496,176,34,96,1,-1,-1.000000
113,148,290,176,22,87,1,-1,-1.000000
114,1,-25,-24,256,674,1,-1,-1.000000
114,2,310,-23,272,606,1,-1,-1.000000
114,3,142,16,144,414,1,-1,-1.000000
114,11,0,69,39,348,1,-1,-1.000000
114,16,552,196,18,54,0,-1,-1.000000
114,17,297,175,28,90,1,-1,-1.000000
114,18,537,198,16,44,0,-1,-1.000000
114,20,327,173,26,88,1,-1,-1.000000
114,25,496,176,34,96,1,-1,-1.000000
114,148,290,176,22,87,1,-1,-1.000000
115,1,-26,-24,257,674,1,-1,-1.000000
115,2,309,-23,272,607,1,-1,-1.000000
115,3,142,16,144,414,1,-1,-1.000000
115,11,-1,68,41,354,1,-1,-1.000000
115,16,551,196,17,54,0,-1,-1.000000
115,17,297,175,28,90,1,-1,-1.000000
115,18,536,198,16,44,0,-1,-1.000000
115,20,327,173,26,88,1,-1,-1.000000
115,25,496,176,34,96,1,-1,-1.000000
115,148,290,176,22,87,1,-1,-1.000000
116,1,-25,-24,257,674,1,-1,-1.000000
116,2,309,-23,271,607,1,-1,-1.000000
116,3,142,16,144,414,1,-1,-1.000000
116,11,0,67,42,359,1,-1,-1.000000
116,16,550,195,17,54,0,-1,-1.000000
116,17,297,175,28,90,1,-1,-1.000000
116,18,536,197,15,44,0,-1,-1.000000
116,20,327,173,26,88,1,-1,-1.000000
116,25,496,176,34,96,1,-1,-1.000000
116,148,291,176,22,87,1,-1,-1.000000
117,1,-25,-24,258,674,1,-1,-1.000000
117,2,309,-23,271,608,1,-1,-1.000000
117,3,142,16,144,414,1,-1,-1.000000
117,11,0,65,43,365,1,-1,-1.000000
117,16,551,195,16,54,0,-1,-1.000000
117,17,297,175,28,90,1,-1,-1.000000
117,18,535,197,15,44,0,-1,-1.000000
117,20,327,173,26,88,1,-1,-1.000000
117,25,496,176,34,96,1,-1,-1.000000
117,148,291,176,22,87,1,-1,-1.000000
118,1,-25,-24,260,674,1,-1,-1.000000
118,2,308,-23,271,609,1,-1,-1.000000
118,3,143,17,144,414,1,-1,-1.000000
118,11,0,67,42,359,1,-1,-1.000000
118,16,550,195,16,54,0,-1,-1.000000
118,17,297,175,28,90,1,-1,-1.000000
118,18,535,196,15,45,0,-1,-1.000000
118,20,327,173,26,88,1,-1,-1.000000
118,25,496,176,34,96,1,-1,-1.000000
118,148,291,176,22,87,1,-1,-1.000000
119,1,-26,-24,262,674,1,-1,-1.000000
119,2,308,-24,271,610,1,-1,-1.000000
119,3,144,17,144,415,1,-1,-1.000000
119,11,0,70,41,352,1,-1,-1.000000
119,16,549,196,15,53,0,-1,-1.000000
119,17,297,175,28,90,1,-1,-1.000000
119,18,534,196,15,45,0,-1,-1.000000
119,20,327,173,26,89,1,-1,-1.000000
119,25,496,176,34,96,1,-1,-1.000000
119,148,291,176,22,87,1,-1,-1.000000
120,1,-26,-25,263,674,1,-1,-1.000000
120,2,308,-23,270,610,1,-1,-1.000000
120,3,144,17,144,415,1,-1,-1.000000
120,11,0,72,40,346,1,-1,-1.000000
120,16,549,195,15,53,0,-1,-1.000000
120,17,297,175,28,90,1,-1,-1.000000
120,18,534,196,15,45,0,-1,-1.000000
120,20,327,173,26,89,1,-1,-1.000000
120,25,496,176,34,96,1,-1,-1.000000
120,148,291,177,22,86,1,-1,-1.000000
121,1,-26,-25,265,674,1,-1,-1.000000
121,2,308,-24,270,611,1,-1,-1.000000
121,3,145,18,144,415,1,-1,-1.000000
121,11,0,75,39,339,1,-1,-1.000000
121,16,549,195,14,53,0,-1,-1.000000
121,17,297,175,28,90,1,-1,-1.000000
121,18,534,196,15,45,0,-1,-1.000000
121,20,327,173,26,89,1,-1,-1.000000
121,21,564,202,11,40,0,-1,-1.000000
121,25,496,176,34,96,1,-1,-1.000000
121,148,291,177,22,86,1,-1,-1.000000
122,1,-27,-25,267,674,1,-1,-1.000000
122,2,308,-24,270,612,1,-1,-1.000000
122,3,144,17,144,415,1,-1,-1.000000
122,11,0,77,40,340,1,-1,-1.000000
122,16,547,195,15,53,0,-1,-1.000000
122,17,297,175,28,90,1,-1,-1.000000
122,18,534,196,15,46,0,-1,-1.000000
122,20,327,173,26,89,1,-1,-1.000000
122,21,564,203,11,39,0,-1,-1.000000
122,25,496,176,34,96,1,-1,-1.000000
122,148,292,177,22,86,1,-1,-1.000000
123,1,-26,-25,268,674,1,-1,-1.000000
123,2,307,-24,270,613,1,-1,-1.000000
123,3,143,17,144,415,1,-1,-1.000000
123,11,0,81,41,340,1,-1,-1.000000
123,16,547,195,15,53,0,-1,-1.000000
123,17,297,175,28,90,1,-1,-1.000000
123,18,534,195,16,47,0,-1,-1.000000
123,20,327,173,26,89,1,-1,-1.000000
123,21,564,202,11,39,0,-1,-1.000000
123,25,496,176,34,96,1,-1,-1.000000
123,148,292,177,22,86,1,-1,-1.000000
124,1,-27,-25,270,673,1,-1,-1.000000
124,2,307,-24,270,613,1,-1,-1.000000
124,3,141,17,144,414,1,-1,-1.000000
124,11,0,83,42,341,1,-1,-1.000000
124,16,546,195,16,53,0,-1,-1.000000
124,17,297,175,28,90,1,-1,-1.000000
124,18,534,195,16,48,0,-1,-1.000000
124,20,327,173,26,89,1,-1,-1.000000
124,21,566,203,10,38,0,-1,-1.000000
124,25,496,176,33,96,1,-1,-1.000000
124,148,292,177,22,86,1,-1,-1.000000
125,1,-27,-25,271,673,1,-1,-1.000000
125,2,306,-24,270,614,1,-1,-1.000000
125,3,140,16,144,414,1,-1,-1.000000
125,11,0,86,43,341,1,-1,-1.000000
125,16,545,195,16,53,0,-1,-1.000000
125,17,297,175,28,90,1,-1,-1.000000
125,18,534,194,16,49,0,-1,-1.000000
125,20,327,173,26,89,1,-1,-1.000000
125,21,566,204,10,37,0,-1,-1.000000
125,25,496,176,33,96,1,-1,-1.000000
125,148,292,177,22,86,1,-1,-1.000000
126,1,-28,-25,273,673,1,-1,-1.000000
126,2,306,-24,270,615,1,-1,-1.000000
126,3,141,17,144,414,1,-1,-1.000000
126,11,0,86,46,336,1,-1,-1.000000
126,16,544,194,16,54,0,-1,-1.000000
126,17,297,175,28,90,1,-1,-1.000000
126,18,533,194,15,48,0,-1,-1.000000
126,20,327,173,26,89,1,-1,-1.000000
126,21,565,203,11,37,0,-1,-1.000000
126,25,496,176,33,96,1,-1,-1.000000
126,148,292,177,22,86,1,-1,-1.000000
127,1,-27,-25,274,673,1,-1,-1.000000
127,2,305,-24,270,616,1,-1,-1.000000
127,3,141,17,144,415,1,-1,-1.000000
127,11,0,86,48,331,1,-1,-1.000000
127,16,542,195,17,54,0,-1,-1.000000
127,17,297,175,28,90,1,-1,-1.000000
127,18,532,195,15,47,0,-1,-1.000000
127,20,327,173,26,89,1,-1,-1.000000
127,21,565,203,11,37,0,-1,-1.000000
127,25,496,176,33,96,1,-1,-1.000000
127,148,292,177,22,86,1,-1,-1.000000
128,1,-28,-26,276,673,1,-1,-1.000000
128,2,305,-25,269,617,1,-1,-1.000000
128,3,142,17,144,415,1,-1,-1.000000
128,11,-1,86,51,325,1,-1,-1.000000
128,16,541,194,17,55,0,-1,-1.000000
128,17,297,175,28,90,1,-1,-1.000000
128,18,532,195,14,46,0,-1,-1.000000
128,20,327,173,26,89,1,-1,-1.000000
128,21,565,204,12,36,0,-1,-1.000000
128,25,496,176,33,96,1,-1,-1.000000
128,148,292,177,22,86,1,-1,-1.000000
129,1,-28,-26,277,673,1,-1,-1.000000
129,2,305,-25,269,618,1,-1,-1.000000
129,3,142,18,144,415,1,-1,-1.000000
129,11,0,86,53,320,1,-1,-1.000000
129,16,541,194,17,55,0,-1,-1.000000
129,17,297,175,28,90,1,-1,-1.000000
129,18,531,195,13,45,0,-1,-1.000000
129,20,327,173,26,89,1,-1,-1.000000
129,21,565,204,12,36,0,-1,-1.000000
129,25,496,176,33,96,1,-1,-1.000000
129,148,292,177,23,86,1,-1,-1.000000
130,1,-29,-26,277,673,1,-1,-1.000000
130,2,304,-25,269,619,1,-1,-1.000000
130,3,142,18,144,415,1,-1,-1.000000
130,11,0,85,48,319,1,-1,-1.000000
130,16,540,194,18,55,0,-1,-1.000000
130,17,297,175,28,90,1,-1,-1.000000
130,18,528,196,15,45,0,-1,-1.000000
130,20,327,173,26,89,1,-1,-1.000000
130,21,563,203,13,37,0,-1,-1.000000
130,25,496,176,33,96,1,-1,-1.000000
130,148,292,177,23,86,1,-1,-1.000000
131,1,-29,-26,277,673,1,-1,-1.000000
131,2,304,-25,269,620,1,-1,-1.000000
131,3,142,18,144,415,1,-1,-1.000000
131,11,-1,84,43,319,1,-1,-1.000000
131,16,540,195,18,55,0,-1,-1.000000
131,17,297,175,28,90,1,-1,-1.000000
131,18,526,195,18,46,0,-1,-1.000000
131,20,327,173,26,90,1,-1,-1.000000
131,21,563,202,13,38,0,-1,-1.000000
131,25,496,176,33,97,1,-1,-1.000000
131,148,293,177,22,86,1,-1,-1.000000
132,1,-29,-26,276,672,1,-1,-1.000000
132,2,304,-25,268,620,1,-1,-1.000000
132,3,142,18,144,415,1,-1,-1.000000
132,11,0,83,37,318,1,-1,-1.000000
132,16,538,195,19,55,0,-1,-1.000000
132,17,297,175,28,90,1,-1,-1.000000
132,18,524,196,20,46,0,-1,-1.000000
132,20,327,173,26,90,1,-1,-1.000000
132,21,562,202,14,38,0,-1,-1.000000
132,25,496,176,33,97,1,-1,-1.000000
132,148,293,177,22,86,1,-1,-1.000000
133,1,-29,-26,276,672,1,-1,-1.000000
133,2,304,-25,268,621,1,-1,-1.000000
133,3,142,18,144,415,1,-1,-1.000000
133,11,0,82,32,317,1,-1,-1.000000
133,16,538,195,19,55,0,-1,-1.000000
133,17,297,175,28,90,1,-1,-1.000000
133,18,522,196,22,46,0,-1,-1.000000
133,20,327,173,26,90,1,-1,-1.000000
133,21,561,202,14,39,0,-1,-1.000000
133,25,496,176,33,97,1,-1,-1.000000
133,148,293,177,22,86,1,-1,-1.000000
134,1,-29,-26,274,672,1,-1,-1.000000
134,2,304,-25,268,622,1,-1,-1.000000
134,3,142,19,144,415,1,-1,-1.000000
134,11,0,82,36,323,1,-1,-1.000000
134,16,537,194,19,56,0,-1,-1.000000
134,17,297,175,28,90,1,-1,-1.000000
134,18,522,196,21,46,0,-1,-1.000000
134,20,327,173,26,90,1,-1,-1.000000
134,21,559,201,15,40,0,-1,-1.000000
134,25,496,176,33,97,1,-1,-1.000000
134,148,293,177,22,86,1,-1,-1.000000
135,1,-30,-26,272,672,1,-1,-1.000000
135,2,303,-25,268,623,1,-1,-1.000000
135,3,143,19,144,415,1,-1,-1.000000
135,11,0,82,40,329,1,-1,-1.000000
135,16,537,193,19,57,0,-1,-1.000000
135,17,297,175,28,90,1,-1,-1.000000
135,18,523,195,19,46,0,-1,-1.000000
135,20,327,173,26,90,1,-1,-1.000000
135,21,559,200,15,41,0,-1,-1.000000
135,25,496,176,33,97,1,-1,-1.000000
135,148,293,177,22,86,1,-1,-1.000000
136,1,-30,-26,269,671,1,-1,-1.000000
136,2,303,-26,268,624,1,-1,-1.000000
136,3,143,20,144,415,1,-1,-1.000000
136,11,0,82,43,335,1,-1,-1.000000
136,16,536,193,19,57,0,-1,-1.000000
136,17,297,175,28,90,1,-1,-1.000000
136,18,523,196,18,45,0,-1,-1.000000
136,20,327,173,26,90,1,-1,-1.000000
136,21,558,200,16,41,0,-1,-1.000000
136,25,496,176,33,97,1,-1,-1.000000
136,148,293,177,22,86,1,-1,-1.000000
137,1,-30,-26,267,671,1,-1,-1.000000
137,2,302,-26,268,625,1,-1,-1.000000
137,3,143,20,144,415,1,-1,-1.000000
137,11,0,82,47,341,1,-1,-1.000000
137,16,536,192,19,58,0,-1,-1.000000
137,17,297,175,28,90,1,-1,-1.000000
137,18,524,195,16,45,0,-1,-1.000000
137,20,327,173,26,90,1,-1,-1.000000
137,21,557,199,16,42,0,-1,-1.000000
137,22,583,197,19,47,0,-1,-1.000000
137,25,496,176,33,97,1,-1,-1.000000
137,148,293,177,22,86,1,-1,-1.000000
138,1,-31,-26,265,671,1,-1,-1.000000
138,2,302,-26,268,626,1,-1,-1.000000
138,3,143,20,144,415,1,-1,-1.000000
138,11,-1,81,43,345,1,-1,-1.000000
138,16,535,192,19,57,0,-1,-1.000000
138,17,297,175,28,90,1,-1,-1.000000
138,20,326,173,27,90,1,-1,-1.000000
138,21,557,199,16,42,0,-1,-1.000000
138,22,583,197,18,46,0,-1,-1.000000
138,25,495,176,33,97,1,-1,-1.000000
138,148,293,177,22,86,1,-1,-1.000000
139,1,-30,-27,262,672,1,-1,-1.000000
139,2,301,-26,268,627,1,-1,-1.000000
139,3,143,19,144,415,1,-1,-1.000000
139,11,-1,80,39,349,1,-1,-1.000000
139,16,535,191,19,57,0,-1,-1.000000
139,17,297,175,28,90,1,-1,-1.000000
139,20,327,173,27,90,1,-1,-1.000000
139,21,556,200,16,41,0,-1,-1.000000
139,22,582,198,17,45,0,-1,-1.000000
139,25,495,176,34,97,1,-1,-1.000000
139,148,293,176,22,87,1,-1,-1.000000
140,1,-30,-27,260,672,1,-1,-1.000000
140,2,301,-26,267,627,1,-1,-1.000000
140,3,142,19,144,415,1,-1,-1.000000
140,11,0,79,34,352,1,-1,-1.000000
140,16,535,191,18,56,0,-1,-1.000000
140,17,297,175,28,90,1,-1,-1.000000
140,20,327,174,28,89,1,-1,-1.000000
140,21,556,200,16,41,0,-1,-1.000000
140,22,582,199,16,43,0,-1,-1.000000
140,25,495,177,34,96,1,-1,-1.000000
140,148,293,176,22,87,1,-1,-1.000000
141,1,-30,-27,257,672,1,-1,-1.000000
141,2,301,-26,267,628,1,-1,-1.000000
141,3,142,18,144,415,1,-1,-1.000000
141,11,0,78,30,356,1,-1,-1.000000
141,16,535,191,18,55,0,-1,-1.000000
141,17,297,175,28,90,1,-1,-1.000000
141,20,327,174,28,89,1,-1,-1.000000
141,21,555,201,16,40,0,-1,-1.000000
141,22,582,199,15,42,0,-1,-1.000000
141,25,495,177,34,96,1,-1,-1.000000
141,148,293,176,22,87,1,-1,-1.000000
142,1,-30,-27,256,672,1,-1,-1.000000
142,2,300,-26,267,629,1,-1,-1.000000
142,3,142,18,144,415,1,-1,-1.000000
142,11,0,78,32,356,1,-1,-1.000000
142,16,533,191,19,56,0,-1,-1.000000
142,17,297,175,28,90,1,-1,-1.000000
142,21,555,201,16,42,0,-1,-1.000000
142,22,582,199,15,42,0,-1,-1.000000
142,25,495,177,34,96,1,-1,-1.000000
142,148,293,176,22,87,1,-1,-1.000000
143,1,-31,-27,255,672,1,-1,-1.000000
143,2,300,-27,267,630,1,-1,-1.000000
143,3,143,18,144,415,1,-1,-1.000000
143,11,1,80,33,355,1,-1,-1.000000
143,16,533,192,20,57,0,-1,-1.000000
143,17,297,175,28,90,1,-1,-1.000000
143,21,554,201,16,43,0,-1,-1.000000
143,22,582,199,16,42,0,-1,-1.000000
143,25,495,177,34,96,1,-1,-1.000000
143,148,293,176,22,87,1,-1,-1.000000
144,1,-31,-27,254,672,1,-1,-1.000000
144,2,300,-26,266,630,1,-1,-1.000000
144,3,143,18,144,415,1,-1,-1.000000
144,11,1,80,35,355,1,-1,-1.000000
144,16,532,192,20,58,0,-1,-1.000000
144,17,297,175,28,90,1,-1,-1.000000
144,21,554,201,15,45,0,-1,-1.000000
144,22,582,199,16,42,0,-1,-1.000000
144,25,495,177,34,96,1,-1,-1.000000
144,148,292,176,22,87,1,-1,-1.000000
145,1,-31,-27,253,672,1,-1,-1.000000
145,2,300,-27,266,631,1,-1,-1.000000
145,3,143,18,144,415,1,-1,-1.000000
145,11,2,81,36,354,1,-1,-1.000000
145,16,531,192,21,59,1,-1,-1.000000
145,17,297,175,28,90,1,-1,-1.000000
145,21,554,201,15,46,0,-1,-1.000000
145,22,582,200,16,41,0,-1,-1.000000
145,25,495,177,34,96,1,-1,-1.000000
145,148,291,176,23,87,1,-1,-1.000000
146,1,-28,-23,252,632,1,-1,-1.000000
146,2,306,-27,259,604,1,-1,-1.000000
146,3,143,18,144,415,1,-1,-1.000000
146,11,2,81,38,360,1,-1,-1.000000
146,16,530,192,21,60,1,-1,-1.000000
146,17,297,175,28,90,1,-1,-1.000000
146,21,553,200,15,46,0,-1,-1.000000
146,22,581,200,17,41,0,-1,-1.000000
146,25,495,177,34,96,1,-1,-1.000000
146,148,291,176,23,87,1,-1,-1.000000
147,1,-25,-18,250,592,1,-1,-1.000000
147,2,313,-27,252,578,1,-1,-1.000000
147,3,143,19,144,415,1,-1,-1.000000
147,11,1,81,40,365,1,-1,-1.000000
147,16,530,192,22,61,1,-1,-1.000000
147,17,297,175,28,90,1,-1,-1.000000
147,21,553,201,15,45,0,-1,-1.000000
147,22,581,200,17,41,0,-1,-1.000000
147,25,495,177,34,96,1,-1,-1.000000
147,148,291,176,23,87,1,-1,-1.000000
148,1,-23,-14,249,552,1,-1,-1.000000
148,2,320,-27,244,551,1,-1,-1.000000
148,3,143,19,144,415,1,-1,-1.000000
148,11,1,81,42,371,1,-1,-1.000000
148,16,529,192,22,62,1,-1,-1.000000
148,17,297,175,28,90,1,-1,-1.000000
148,21,553,200,15,45,0,-1,-1.000000
148,22,581,200,17,41,0,-1,-1.000000
148,25,495,177,34,96,1,-1,-1.000000
148,148,291,176,23,87,1,-1,-1.000000
149,1,-19,-10,247,512,1,-1,-1.000000
149,2,327,-27,237,524,1,-1,-1.000000
149,3,143,19,144,415,1,-1,-1.000000
149,11,0,81,44,376,1,-1,-1.000000
149,16,529,192,22,63,1,-1,-1.000000
149,17,297,175,28,90,1,-1,-1.000000
149,21,553,200,16,45,0,-1,-1.000000
149,22,581,200,18,41,0,-1,-1.000000
149,25,495,177,34,96,1,-1,-1.000000
149,148,291,176,23,87,1,-1,-1.000000
150,1,-23,-14,249,552,1,-1,-1.000000
150,2,320,-27,244,552,1,-1,-1.000000
150,3,143,19,144,415,1,-1,-1.000000
150,11,0,81,53,378,1,-1,-1.000000
150,16,528,193,22,63,1,-1,-1.000000
150,17,297,175,28,90,1,-1,-1.000000
150,21,553,200,16,44,0,-1,-1.000000
150,22,581,200,18,41,0,-1,-1.000000
150,25,495,177,34,96,1,-1,-1.000000
150,148,290,176,23,87,1,-1,-1.000000
151,1,-26,-19,252,593,1,-1,-1.000000
151,2,312,-27,251,581,1,-1,-1.000000
151,3,143,19,144,415,1,-1,-1.000000
151,11,1,79,62,381,1,-1,-1.000000
151,16,527,193,23,64,1,-1,-1.000000
151,17,297,175,28,90,1,-1,-1.000000
151,21,552,199,16,44,0,-1,-1.000000
151,22,581,201,18,40,0,-1,-1.000000
151,25,495,177,34,97,1,-1,-1.000000
151,148,290,176,24,87,1,-1,-1.000000
152,1,-30,-24,254,633,1,-1,-1.000000
152,2,305,-27,258,609,1,-1,-1.000000
152,3,143,18,144,415,1,-1,-1.000000
152,11,0,79,71,383,1,-1,-1.000000
152,16,526,193,23,65,1,-1,-1.000000
152,17,297,175,28,90,1,-1,-1.000000
152,21,552,200,16,43,0,-1,-1.000000
152,22,580,201,19,40,0,-1,-1.000000
152,25,495,177,33,97,1,-1,-1.000000
152,148,290,176,24,87,1,-1,-1.000000
153,1,-33,-28,256,673,1,-1,-1.000000
153,2,297,-27,265,637,1,-1,-1.000000
153,3,143,18,144,415,1,-1,-1.000000
153,11,1,78,80,385,1,-1,-1.000000
153,16,526,193,23,66,1,-1,-1.000000
153,17,297,175,28,90,1,-1,-1.000000
153,21,552,199,16,43,0,-1,-1.000000
153,22,581,201,19,40,0,-1,-1.000000
153,25,495,177,33,97,1,-1,-1.000000
153,148,289,176,24,87,1,-1,-1.000000
154,1,-33,-28,256,673,1,-1,-1.000000
154,2,296,-27,265,638,1,-1,-1.000000
154,3,143,19,144,415,1,-1,-1.000000
154,11,1,78,74,378,1,-1,-1.000000
154,16,526,194,23,64,1,-1,-1.000000
154,17,297,175,28,90,1,-1,-1.000000
154,21,551,200,17,42,0,-1,-1.000000
154,22,581,200,18,41,0,-1,-1.000000
154,25,495,177,33,97,1,-1,-1.000000
154,148,289,176,24,87,1,-1,-1.000000
155,1,-34,-28,257,674,1,-1,-1.000000
155,2,296,-27,265,639,1,-1,-1.000000
155,3,142,20,144,415,1,-1,-1.000000
155,11,1,78,68,372,1,-1,-1.000000
155,16,526,193,24,63,1,-1,-1.000000
155,17,297,175,28,90,1,-1,-1.000000
155,21,551,199,17,42,0,-1,-1.000000
155,22,581,200,17,42,0,-1,-1.000000
155,25,495,177,33,97,1,-1,-1.000000
155,148,288,176,25,87,1,-1,-1.000000
156,1,-34,-28,257,674,1,-1,-1.000000
156,2,295,-28,265,640,1,-1,-1.000000
156,3,142,20,144,415,1,-1,-1.000000
156,11,2,78,62,365,1,-1,-1.000000
156,16,526,194,24,61,1,-1,-1.000000
156,17,297,175,28,90,1,-1,-1.000000
156,21,550,200,18,41,0,-1,-1.000000
156,22,581,200,16,42,0,-1,-1.000000
156,25,495,177,33,97,1,-1,-1.000000
156,148,287,176,25,87,1,-1,-1.000000
157,1,-34,-28,257,674,1,-1,-1.000000
157,2,295,-28,265,641,1,-1,-1.000000
157,3,141,21,144,415,1,-1,-1.000000
157,11,1,79,57,358,1,-1,-1.000000
157,16,526,194,24,59,1,-1,-1.000000
157,17,297,175,28,90,1,-1,-1.000000
157,21,550,200,18,40,0,-1,-1.000000
157,22,581,199,15,43,0,-1,-1.000000
157,25,495,177,33,97,1,-1,-1.000000
157,148,287,176,25,87,1,-1,-1.000000
158,1,-35,-28,257,674,1,-1,-1.000000
158,2,294,-28,265,642,1,-1,-1.000000
158,3,141,21,144,415,1,-1,-1.000000
158,11,1,79,51,351,1,-1,-1.000000
158,16,526,193,22,59,1,-1,-1.000000
158,17,297,175,28,90,1,-1,-1.000000
158,21,549,200,17,42,0,-1,-1.000000
158,22,580,199,15,44,0,-1,-1.000000
158,25,495,177,33,97,1,-1,-1.000000
158,148,287,176,25,87,1,-1,-1.000000
159,1,-35,-29,258,675,1,-1,-1.000000
159,2,294,-28,265,643,1,-1,-1.000000
159,3,141,20,144,415,1,-1,-1.000000
159,11,1,78,45,345,1,-1,-1.000000
159,16,525,193,20,59,1,-1,-1.000000
159,17,297,175,28,90,1,-1,-1.000000
159,21,550,200,16,43,0,-1,-1.000000
159,22,579,199,16,44,0,-1,-1.000000
159,25,495,177,33,97,1,-1,-1.000000
159,148,287,176,26,87,1,-1,-1.000000
160,1,-35,-29,258,675,1,-1,-1.000000
160,2,294,-28,264,643,1,-1,-1.000000
160,3,140,20,144,415,1,-1,-1.000000
160,11,1,79,39,338,1,-1,-1.000000
160,16,525,193,17,58,0,-1,-1.000000
160,17,297,175,28,90,1,-1,-1.000000
160,21,549,200,15,45,0,-1,-1.000000
160,22,578,199,16,45,0,-1,-1.000000
160,25,495,177,33,97,1,-1,-1.000000
160,148,286,176,26,87,1,-1,-1.000000
161,1,-35,-29,258,675,1,-1,-1.000000
161,2,294,-28,264,644,1,-1,-1.000000
161,3,140,19,144,415,1,-1,-1.000000
161,11,2,79,33,331,1,-1,-1.000000
161,16,525,192,15,58,0,-1,-1.000000
161,17,297,175,28,90,1,-1,-1.000000
161,21,549,200,14,46,0,-1,-1.000000
161,22,577,199,16,45,0,-1,-1.000000
161,25,495,177,33,97,1,-1,-1.000000
161,148,286,176,26,87,1,-1,-1.000000
162,1,-35,-29,258,675,1,-1,-1.000000
162,2,294,-28,264,645,1,-1,-1.000000
162,3,140,19,144,415,1,-1,-1.000000
162,16,523,191,17,61,1,-1,-1.000000
162,21,549,200,14,46,0,-1,-1.000000
162,22,578,200,16,44,0,-1,-1.000000
162,25,495,177,33,97,1,-1,-1.000000
162,148,286,176,26,87,1,-1,-1.000000
163,1,-35,-29,258,676,1,-1,-1.000000
163,2,293,-28,264,646,1,-1,-1.000000
163,3,140,18,144,415,1,-1,-1.000000
163,16,521,189,19,64,1,-1,-1.000000
163,21,549,200,14,46,0,-1,-1.000000
163,22,578,200,15,44,0,-1,-1.000000
163,25,495,177,33,97,1,-1,-1.000000
163,148,284,176,27,87,1,-1,-1.000000
164,1,-35,-29,258,676,1,-1,-1.000000
164,2,293,-29,263,647,1,-1,-1.000000
164,3,140,18,144,415,1,-1,-1.000000
164,16,519,188,21,67,1,-1,-1.000000
164,21,549,199,14,46,0,-1,-1.000000
164,22,579,200,15,43,0,-1,-1.000000
164,25,495,177,33,97,1,-1,-1.000000
164,148,284,176,27,87,1,-1,-1.000000
165,1,-35,-29,258,676,1,-1,-1.000000
165,2,293,-29,263,648,1,-1,-1.000000
165,3,140,17,144,415,1,-1,-1.000000
165,16,518,186,23,70,1,-1,-1.000000
165,21,549,199,14,46,0,-1,-1.000000
165,22,580,201,14,42,0,-1,-1.000000
165,25,495,177,33,97,1,-1,-1.000000
165,148,284,176,27,87,1,-1,-1.000000
166,1,-35,-29,258,676,1,-1,-1.000000
166,2,292,-29,263,649,1,-1,-1.000000
166,3,139,16,144,419,1,-1,-1.000000
166,16,518,187,24,69,1,-1,-1.000000
166,21,548,198,15,48,0,-1,-1.000000
166,22,578,201,15,42,0,-1,-1.000000
166,25,495,177,33,97,1,-1,-1.000000
166,148,284,176,27,87,1,-1,-1.000000
167,1,-36,-30,259,677,1,-1,-1.000000
167,2,292,-29,264,650,1,-1,-1.000000
167,3,138,15,145,424,1,-1,-1.000000
167,16,517,188,25,68,1,-1,-1.000000
167,21,548,198,15,49,0,-1,-1.000000
167,22,577,201,16,42,0,-1,-1.000000
167,25,495,177,33,97,1,-1,-1.000000
167,148,284,176,27,87,1,-1,-1.000000
168,1,-36,-30,259,677,1,-1,-1.000000
168,2,291,-29,264,650,1,-1,-1.000000
168,3,137,14,145,428,1,-1,-1.000000
168,16,517,188,26,67,1,-1,-1.000000
168,21,548,196,16,51,0,-1,-1.000000
168,22,575,201,17,42,0,-1,-1.000000
168,25,495,177,33,97,1,-1,-1.000000
168,148,285,176,26,87,1,-1,-1.000000
169,1,-36,-30,259,677,1,-1,-1.000000
169,2,291,-29,264,651,1,-1,-1.000000
169,3,137,13,145,432,1,-1,-1.000000
169,16,516,189,27,66,1,-1,-1.000000
169,21,548,196,16,52,0,-1,-1.000000
169,22,574,201,18,42,0,-1,-1.000000
169,25,495,177,33,97,1,-1,-1.000000
169,148,285,176,26,87,1,-1,-1.000000
170,1,-37,-30,259,677,1,-1,-1.000000
170,2,291,-29,264,652,1,-1,-1.000000
170,3,136,12,147,433,1,-1,-1.000000
170,16,515,189,27,66,1,-1,-1.000000
170,21,548,197,16,51,0,-1,-1.000000
170,22,574,201,18,42,0,-1,-1.000000
170,25,495,177,33,97,1,-1,-1.000000
170,148,285,176,26,87,1,-1,-1.000000
171,1,-37,-30,260,677,1,-1,-1.000000
171,2,290,-30,264,653,1,-1,-1.000000
171,3,136,12,148,434,1,-1,-1.000000
171,16,515,189,27,66,1,-1,-1.000000
171,21,548,196,16,51,0,-1,-1.000000
171,22,573,200,18,43,0,-1,-1.000000
171,25,495,177,33,97,1,-1,-1.000000
171,148,285,176,26,87,1,-1,-1.000000
172,1,-37,-30,260,677,1,-1,-1.000000
172,2,290,-29,263,653,1,-1,-1.000000
172,3,135,12,150,434,1,-1,-1.000000
172,16,516,189,26,66,1,-1,-1.000000
172,21,547,197,17,50,0,-1,-1.000000
172,22,573,200,18,43,0,-1,-1.000000
172,25,495,177,33,97,1,-1,-1.000000
172,148,285,176,26,87,1,-1,-1.000000
173,1,-37,-30,260,677,1,-1,-1.000000
173,2,290,-30,263,654,1,-1,-1.000000
173,3,135,11,151,435,1,-1,-1.000000
173,16,516,189,26,66,1,-1,-1.000000
173,21,547,196,17,50,0,-1,-1.000000
173,22,572,200,18,43,0,-1,-1.000000
173,25,495,177,33,97,1,-1,-1.000000
173,148,285,176,26,87,1,-1,-1.000000
174,1,-37,-30,260,677,1,-1,-1.000000
174,2,289,-30,263,655,1,-1,-1.000000
174,3,135,11,151,435,1,-1,-1.000000
174,16,516,189,26,66,1,-1,-1.000000
174,21,547,197,17,49,0,-1,-1.000000
174,22,572,200,18,43,0,-1,-1.000000
174,25,495,177,33,97,1,-1,-1.000000
174,148,285,176,26,87,1,-1,-1.000000
175,1,-38,-30,261,678,1,-1,-1.000000
175,2,289,-30,263,656,1,-1,-1.000000
175,3,135,11,151,435,1,-1,-1.000000
175,16,516,189,26,66,1,-1,-1.000000
175,21,547,197,17,49,0,-1,-1.000000
175,22,571,200,18,44,0,-1,-1.000000
175,25,495,177,34,97,1,-1,-1.000000
175,148,285,176,26,87,1,-1,-1.000000
176,1,-38,-30,261,678,1,-1,-1.000000
176,2,289,-30,262,656,1,-1,-1.000000
176,3,135,11,151,435,1,-1,-1.000000
176,16,516,190,25,65,1,-1,-1.000000
176,21,546,197,17,48,0,-1,-1.000000
176,22,571,200,17,44,0,-1,-1.000000
176,25,495,178,34,96,1,-1,-1.000000
176,148,285,176,26,87,1,-1,-1.000000
177,1,-38,-30,261,678,1,-1,-1.000000
177,2,289,-30,262,657,1,-1,-1.000000
177,3,135,11,151,435,1,-1,-1.000000
177,16,516,190,25,65,1,-1,-1.000000
177,21,546,198,17,47,0,-1,-1.000000
177,22,570,200,17,44,0,-1,-1.000000
177,25,495,178,34,96,1,-1,-1.000000
177,148,285,176,26,87,1,-1,-1.000000
178,1,-38,-30,262,678,1,-1,-1.000000
178,2,289,-30,262,658,1,-1,-1.000000
178,3,135,11,151,435,1,-1,-1.000000
178,16,516,190,25,65,1,-1,-1.000000
178,21,546,197,18,47,0,-1,-1.000000
178,22,570,200,17,44,0,-1,-1.000000
178,25,495,178,34,96,1,-1,-1.000000
178,148,285,176,26,87,1,-1,-1.000000
179,1,-38,-31,262,679,1,-1,-1.000000
179,2,288,-30,262,659,1,-1,-1.000000
179,3,135,11,151,435,1,-1,-1.000000
179,16,516,190,25,65,1,-1,-1.000000
179,21,546,198,18,46,0,-1,-1.000000
179,22,569,199,17,45,0,-1,-1.000000
179,25,495,178,34,96,1,-1,-1.000000
179,148,285,176,26,87,1,-1,-1.000000
180,1,-39,-31,263,679,1,-1,-1.000000
180,2,288,-31,262,660,1,-1,-1.000000
180,3,135,11,151,435,1,-1,-1.000000
180,16,517,190,24,65,1,-1,-1.000000
180,21,546,197,18,46,0,-1,-1.000000
180,22,569,199,17,45,0,-1,-1.000000
180,25,495,178,34,96,1,-1,-1.000000
180,148,285,176,25,87,1,-1,-1.000000
181,1,-39,-31,263,679,1,-1,-1.000000
181,2,287,-31,262,661,1,-1,-1.000000
181,3,135,11,151,435,1,-1,-1.000000
181,16,517,190,24,65,1,-1,-1.000000
181,21,546,198,18,45,0,-1,-1.000000
181,22,569,199,17,45,0,-1,-1.000000
181,23,583,202,13,37,0,-1,-1.000000
181,25,495,178,34,96,1,-1,-1.000000
181,148,285,176,25,87,1,-1,-1.000000
182,1,-39,-31,263,679,1,-1,-1.000000
182,2,287,-31,262,662,1,-1,-1.000000
182,3,135,11,151,435,1,-1,-1.000000
182,16,518,189,24,66,1,-1,-1.000000
182,21,546,198,18,45,0,-1,-1.000000
182,22,567,199,17,44,0,-1,-1.000000
182,23,583,202,14,37,0,-1,-1.000000
182,25,495,178,34,96,1,-1,-1.000000
182,148,285,176,25,87,1,-1,-1.000000
183,1,-39,-31,263,679,1,-1,-1.000000
183,2,286,-31,262,663,1,-1,-1.000000
183,3,135,11,151,435,1,-1,-1.000000
183,16,520,189,24,67,1,-1,-1.000000
183,21,545,198,19,45,0,-1,-1.000000
183,22,566,199,17,43,0,-1,-1.000000
183,23,583,203,14,37,0,-1,-1.000000
183,25,495,178,34,96,1,-1,-1.000000
183,148,285,176,25,87,1,-1,-1.000000
184,1,-39,-31,263,679,1,-1,-1.000000
184,2,286,-31,261,663,1,-1,-1.000000
184,3,135,11,151,435,1,-1,-1.000000
184,16,521,189,23,67,1,-1,-1.000000
184,21,545,199,19,44,0,-1,-1.000000
184,22,565,198,17,42,0,-1,-1.000000
184,23,582,203,15,37,0,-1,-1.000000
184,25,495,178,33,96,1,-1,-1.000000
184,148,285,176,25,87,1,-1,-1.000000
185,1,-39,-31,263,679,1,-1,-1.000000
185,2,286,-31,261,664,1,-1,-1.000000
185,3,135,11,151,435,1,-1,-1.000000
185,16,523,188,23,68,1,-1,-1.000000
185,21,546,199,19,44,0,-1,-1.000000
185,22,564,198,17,41,0,-1,-1.000000
185,23,583,203,15,37,0,-1,-1.000000
185,24,296,175,28,90,1,-1,-1.000000
185,25,495,178,33,96,1,-1,-1.000000
185,148,286,176,25,87,1,-1,-1.000000
186,1,-40,-31,263,679,1,-1,-1.000000
186,2,285,-31,261,665,1,-1,-1.000000
186,3,135,11,151,435,1,-1,-1.000000
186,16,523,188,23,68,1,-1,-1.000000
186,21,546,198,19,45,0,-1,-1.000000
186,22,565,199,16,42,0,-1,-1.000000
186,23,583,203,14,37,0,-1,-1.000000
186,24,296,175,28,90,1,-1,-1.000000
186,25,494,178,33,96,1,-1,-1.000000
186,148,286,176,25,87,1,-1,-1.000000
187,1,-40,-32,264,680,1,-1,-1.000000
187,2,285,-31,261,666,1,-1,-1.000000
187,3,135,11,151,435,1,-1,-1.000000
187,16,524,187,23,69,1,-1,-1.000000
187,21,546,198,19,45,0,-1,-1.000000
187,22,565,199,15,44,0,-1,-1.000000
187,23,583,204,14,36,0,-1,-1.000000
187,24,296,175,28,90,1,-1,-1.000000
187,25,494,178,33,97,1,-1,-1.000000
187,148,286,176,25,87,1,-1,-1.000000
188,1,-40,-32,264,680,1,-1,-1.000000
188,2,285,-31,260,666,1,-1,-1.000000
188,3,135,11,151,435,1,-1,-1.000000
188,16,525,187,22,69,1,-1,-1.000000
188,21,547,196,18,46,0,-1,-1.000000
188,22,567,199,13,45,0,-1,-1.000000
188,23,583,204,13,36,0,-1,-1.000000
188,24,296,175,28,90,1,-1,-1.000000
188,25,494,178,33,97,1,-1,-1.000000
188,148,287,176,24,87,1,-1,-1.000000
189,1,-40,-32,264,680,1,-1,-1.000000
189,2,285,-31,260,667,1,-1,-1.000000
189,3,135,11,151,435,1,-1,-1.000000
189,16,526,187,22,69,1,-1,-1.000000
189,21,547,196,18,46,0,-1,-1.000000
189,22,568,200,12,46,0,-1,-1.000000
189,23,584,205,12,35,0,-1,-1.000000
189,24,296,175,28,90,1,-1,-1.000000
189,25,494,178,33,97,1,-1,-1.000000
189,148,287,176,24,87,1,-1,-1.000000
190,1,-40,-32,264,680,1,-1,-1.000000
190,2,285,-31,260,668,1,-1,-1.000000
190,3,135,11,151,435,1,-1,-1.000000
190,16,526,187,23,70,1,-1,-1.000000
190,21,547,197,18,46,0,-1,-1.000000
190,22,567,200,13,45,0,-1,-1.000000
190,23,582,204,13,36,0,-1,-1.000000
190,24,296,175,28,90,1,-1,-1.000000
190,25,493,178,33,97,1,-1,-1.000000
190,148,287,176,24,87,1,-1,-1.000000
191,1,-41,-32,265,680,1,-1,-1.000000
191,2,284,-31,260,669,1,-1,-1.000000
191,3,135,11,151,435,1,-1,-1.000000
191,16,526,185,24,72,1,-1,-1.000000
191,21,545,197,19,46,0,-1,-1.000000
191,22,567,200,14,44,0,-1,-1.000000
191,23,581,204,13,36,0,-1,-1.000000
191,24,296,175,28,90,1,-1,-1.000000
191,25,493,178,33,97,1,-1,-1.000000
191,148,287,176,24,87,1,-1,-1.000000
192,1,-41,-32,265,680,1,-1,-1.000000
192,2,284,-32,260,670,1,-1,-1.000000
192,3,135,11,151,435,1,-1,-1.000000
192,16,527,185,24,73,1,-1,-1.000000
192,21,545,198,19,46,0,-1,-1.000000
192,22,565,200,15,42,0,-1,-1.000000
192,23,580,202,14,37,0,-1,-1.000000
192,24,296,175,28,90,1,-1,-1.000000
192,25,493,179,33,96,1,-1,-1.000000
192,148,287,176,24,87,1,-1,-1.000000
193,1,-41,-32,265,680,1,-1,-1.000000
193,2,283,-32,260,671,1,-1,-1.000000
193,3,135,11,151,435,1,-1,-1.000000
193,16,527,184,25,74,1,-1,-1.000000
193,21,545,198,19,46,0,-1,-1.000000
193,22,565,200,16,41,0,-1,-1.000000
193,23,579,202,14,37,0,-1,-1.000000
193,24,296,175,28,90,1,-1,-1.000000
193,25,493,179,33,96,1,-1,-1.000000
193,148,287,176,24,87,1,-1,-1.000000
194,1,-41,-32,266,680,1,-1,-1.000000
194,2,283,-32,260,672,1,-1,-1.000000
194,3,134,11,151,435,1,-1,-1.000000
194,16,527,184,26,75,1,-1,-1.000000
194,21,546,197,18,49,0,-1,-1.000000
194,22,565,199,16,43,0,-1,-1.000000
194,23,580,202,13,37,0,-1,-1.000000
194,24,295,175,28,90,1,-1,-1.000000
194,25,492,179,33,96,1,-1,-1.000000
194,148,288,176,25,88,1,-1,-1.000000
195,1,-41,-33,266,681,1,-1,-1.000000
195,2,282,-32,260,672,1,-1,-1.000000
195,3,133,11,151,436,1,-1,-1.000000
195,16,527,186,26,75,1,-1,-1.000000
195,21,547,195,17,52,0,-1,-1.000000
195,22,563,199,17,45,0,-1,-1.000000
195,23,580,203,13,37,0,-1,-1.000000
195,24,295,175,28,90,1,-1,-1.000000
195,25,492,179,33,97,1,-1,-1.000000
195,148,291,175,26,89,1,-1,-1.000000
196,1,-42,-33,267,681,1,-1,-1.000000
196,2,282,-32,259,673,1,-1,-1.000000
196,3,132,11,151,436,1,-1,-1.000000
196,16,526,186,27,76,1,-1,-1.000000
196,21,549,195,16,54,0,-1,-1.000000
196,22,563,199,17,46,0,-1,-1.000000
196,23,582,204,12,36,0,-1,-1.000000
196,24,294,175,28,90,1,-1,-1.000000
196,25,492,179,33,97,1,-1,-1.000000
196,148,292,176,27,89,1,-1,-1.000000
197,1,-42,-33,267,681,1,-1,-1.000000
197,2,282,-32,259,673,1,-1,-1.000000
197,3,131,11,151,436,1,-1,-1.000000
197,16,527,187,27,76,1,-1,-1.000000
197,21,550,193,15,57,0,-1,-1.000000
197,22,563,198,17,48,0,-1,-1.000000
197,23,583,204,11,36,0,-1,-1.000000
197,24,294,175,28,90,1,-1,-1.000000
197,25,492,179,33,97,1,-1,-1.000000
197,148,286,174,26,89,1,-1,-1.000000
198,1,-43,-33,267,681,1,-1,-1.000000
198,2,281,-32,259,674,1,-1,-1.000000
198,3,127,11,151,436,1,-1,-1.000000
198,16,527,186,27,77,1,-1,-1.000000
198,21,549,193,16,56,0,-1,-1.000000
198,22,562,198,17,48,0,-1,-1.000000
198,23,582,204,11,36,0,-1,-1.000000
198,24,293,175,27,90,1,-1,-1.000000
198,25,491,179,33,97,1,-1,-1.000000
198,148,292,175,27,89,1,-1,-1.000000
199,1,-43,-33,268,681,1,-1,-1.000000
199,2,281,-32,259,675,1,-1,-1.000000
199,3,123,10,151,436,1,-1,-1.000000
199,16,527,184,27,79,1,-1,-1.000000
199,21,547,194,17,55,0,-1,-1.000000
199,22,562,199,17,47,0,-1,-1.000000
199,23,582,205,12,36,0,-1,-1.000000
199,24,293,175,27,90,1,-1,-1.000000
199,25,491,179,34,97,1,-1,-1.000000
199,148,290,177,27,87,1,-1,-1.000000
200,1,-43,-33,268,681,1,-1,-1.000000
200,2,281,-33,258,676,1,-1,-1.000000
200,3,121,11,150,435,1,-1,-1.000000
200,16,527,183,27,80,1,-1,-1.000000
200,21,546,194,17,54,0,-1,-1.000000
200,22,563,198,16,47,0,-1,-1.000000
200,23,581,205,12,36,0,-1,-1.000000
200,24,292,175,27,90,1,-1,-1.000000
200,25,491,180,34,96,1,-1,-1.000000
200,148,289,177,26,86,1,-1,-1.000000
201,1,-43,-33,268,681,1,-1,-1.000000
201,2,281,-33,258,677,1,-1,-1.000000
201,3,117,10,150,435,1,-1,-1.000000
201,16,528,182,27,81,1,-1,-1.000000
201,21,545,194,18,53,0,-1,-1.000000
201,22,563,199,16,46,0,-1,-1.000000
201,23,581,205,12,36,0,-1,-1.000000
201,24,292,175,27,90,1,-1,-1.000000
201,25,491,180,34,96,1,-1,-1.000000
201,148,288,178,25,84,1,-1,-1.000000
202,1,-43,-33,267,681,1,-1,-1.000000
202,2,281,-33,258,678,1,-1,-1.000000
202,3,115,11,150,429,1,-1,-1.000000
202,16,528,182,26,82,1,-1,-1.000000
202,21,543,194,19,54,0,-1,-1.000000
202,22,560,200,17,46,0,-1,-1.000000
202,24,291,175,27,90,1,-1,-1.000000
202,25,491,180,34,96,1,-1,-1.000000
202,148,287,177,25,85,1,-1,-1.000000
203,1,-43,-33,266,682,1,-1,-1.000000
203,2,280,-33,258,679,1,-1,-1.000000
203,3,111,13,151,423,1,-1,-1.000000
203,16,529,183,24,82,1,-1,-1.000000
203,21,542,192,20,56,0,-1,-1.000000
203,22,558,200,17,46,0,-1,-1.000000
203,24,290,175,28,90,1,-1,-1.000000
203,25,491,180,34,97,1,-1,-1.000000
203,148,287,178,24,85,1,-1,-1.000000
204,1,-43,-33,265,682,1,-1,-1.000000
204,2,280,-33,258,679,1,-1,-1.000000
204,3,109,15,151,416,1,-1,-1.000000
204,16,528,182,23,83,1,-1,-1.000000
204,21,539,192,21,57,0,-1,-1.000000
204,22,555,201,18,46,0,-1,-1.000000
204,24,290,175,28,90,1,-1,-1.000000
204,25,491,180,33,97,1,-1,-1.000000
204,148,286,177,24,86,1,-1,-1.000000
205,1,-43,-33,264,682,1,-1,-1.000000
205,2,279,-33,258,680,1,-1,-1.000000
205,3,107,16,151,410,1,-1,-1.000000
205,16,529,183,21,83,1,-1,-1.000000
205,21,538,191,22,58,0,-1,-1.000000
205,22,553,201,18,46,0,-1,-1.000000
205,24,289,175,28,90,1,-1,-1.000000
205,25,491,180,33,97,1,-1,-1.000000
205,148,286,177,23,86,1,-1,-1.000000
206,1,-43,-33,260,683,1,-1,-1.000000
206,2,279,-33,258,681,1,-1,-1.000000
206,3,109,21,148,405,1,-1,-1.000000
206,16,526,183,23,83,1,-1,-1.000000
206,21,538,191,22,58,0,-1,-1.000000
206,22,553,201,18,46,0,-1,-1.000000
206,25,490,180,33,97,1,-1,-1.000000
207,1,-43,-33,256,684,1,-1,-1.000000
207,2,278,-33,258,682,1,-1,-1.000000
207,3,111,25,145,400,1,-1,-1.000000
207,16,524,183,25,82,1,-1,-1.000000
207,21,538,193,22,57,0,-1,-1.000000
207,22,553,200,18,47,0,-1,-1.000000
207,25,490,180,33,97,1,-1,-1.000000
208,1,-43,-33,251,685,1,-1,-1.000000
208,2,278,-34,257,683,1,-1,-1.000000
208,3,114,30,141,395,1,-1,-1.000000
208,16,522,183,26,82,1,-1,-1.000000
208,21,538,193,21,57,0,-1,-1.000000
208,22,552,200,18,47,0,-1,-1.000000
208,25,490,181,33,96,1,-1,-1.000000
209,1,-43,-33,247,686,1,-1,-1.000000
209,2,278,-34,257,684,1,-1,-1.000000
209,3,117,34,138,390,1,-1,-1.000000
209,16,520,183,28,81,1,-1,-1.000000
209,21,538,194,21,56,0,-1,-1.000000
209,22,552,200,18,47,0,-1,-1.000000
209,25,490,181,33,96,1,-1,-1.000000
210,1,-44,-33,243,687,1,-1,-1.000000
210,2,278,-33,255,681,1,-1,-1.000000
210,3,122,40,138,384,1,-1,-1.000000
210,16,519,183,27,82,1,-1,-1.000000
210,21,538,195,20,55,0,-1,-1.000000
210,22,552,201,17,46,0,-1,-1.000000
210,25,489,181,33,96,1,-1,-1.000000
211,1,-44,-33,239,688,1,-1,-1.000000
211,2,279,-31,254,678,1,-1,-1.000000
211,3,127,45,139,379,1,-1,-1.000000
211,16,520,181,25,84,1,-1,-1.000000
211,21,538,195,19,55,0,-1,-1.000000
211,22,553,201,16,45,0,-1,-1.000000
211,25,489,181,33,96,1,-1,-1.000000
212,1,-43,-33,234,688,1,-1,-1.000000
212,2,279,-30,252,675,1,-1,-1.000000
212,3,132,50,139,373,1,-1,-1.000000
212,16,520,181,24,85,1,-1,-1.000000
212,21,538,195,18,54,0,-1,-1.000000
212,22,554,202,14,44,0,-1,-1.000000
212,25,488,181,33,96,1,-1,-1.000000
213,1,-43,-33,230,689,1,-1,-1.000000
213,2,280,-29,250,672,1,-1,-1.000000
213,3,138,56,139,367,1,-1,-1.000000
213,16,520,180,22,86,1,-1,-1.000000
213,21,538,196,17,53,0,-1,-1.000000
213,22,555,202,13,43,0,-1,-1.000000
213,25,488,181,33,96,1,-1,-1.000000
214,1,-43,-33,232,689,1,-1,-1.000000
214,2,282,-24,243,658,1,-1,-1.000000
214,3,146,56,135,361,1,-1,-1.000000
214,16,518,179,23,87,1,-1,-1.000000
214,21,537,195,17,54,0,-1,-1.000000
214,22,551,201,14,44,0,-1,-1.000000
214,25,486,181,33,96,1,-1,-1.000000
215,1,-43,-33,233,689,1,-1,-1.000000
215,2,285,-18,237,644,1,-1,-1.000000
215,3,154,57,131,355,1,-1,-1.000000
215,16,518,180,24,87,1,-1,-1.000000
215,21,537,195,18,54,0,-1,-1.000000
215,22,547,200,16,45,0,-1,-1.000000
215,25,485,180,33,96,1,-1,-1.000000
216,1,-44,-33,235,688,1,-1,-1.000000
216,2,288,-12,230,629,1,-1,-1.000000
216,3,162,57,127,349,1,-1,-1.000000
216,16,516,179,25,88,1,-1,-1.000000
216,21,536,194,18,55,0,-1,-1.000000
216,22,543,198,17,46,0,-1,-1.000000
216,25,484,180,33,96,1,-1,-1.000000
217,1,-43,-33,236,688,1,-1,-1.000000
217,2,291,-7,223,615,1,-1,-1.000000
217,3,171,57,123,343,1,-1,-1.000000
217,16,515,179,26,88,1,-1,-1.000000
217,21,536,194,18,55,0,-1,-1.000000
217,22,540,197,18,47,0,-1,-1.000000
217,25,483,179,33,96,1,-1,-1.000000
218,1,-43,-33,240,687,1,-1,-1.000000
218,2,293,-1,217,601,1,-1,-1.000000
218,3,174,65,121,333,1,-1,-1.000000
218,16,512,180,28,87,1,-1,-1.000000
218,21,537,195,18,55,0,-1,-1.000000
218,25,482,179,33,96,1,-1,-1.000000
219,1,-43,-33,244,686,1,-1,-1.000000
219,2,297,4,210,587,1,-1,-1.000000
219,3,178,72,120,324,1,-1,-1.000000
219,16,510,180,30,87,1,-1,-1.000000
219,21,536,195,19,55,0,-1,-1.000000
219,25,481,180,34,96,1,-1,-1.000000
220,1,-43,-33,247,685,1,-1,-1.000000
220,2,299,10,204,573,1,-1,-1.000000
220,3,181,79,118,314,1,-1,-1.000000
220,16,507,181,31,86,1,-1,-1.000000
220,21,537,196,19,55,0,-1,-1.000000
220,25,481,180,34,96,1,-1,-1.000000
221,1,-43,-33,251,684,1,-1,-1.000000
221,2,302,15,197,559,1,-1,-1.000000
221,3,185,87,116,304,1,-1,-1.000000
221,16,505,182,33,85,1,-1,-1.000000
221,21,538,196,19,55,0,-1,-1.000000
221,25,480,180,34,96,1,-1,-1.000000
222,1,-42,-32,253,681,1,-1,-1.000000
222,2,305,20,190,545,1,-1,-1.000000
222,3,192,89,109,296,1,-1,-1.000000
222,16,505,183,32,85,1,-1,-1.000000
222,21,538,196,20,56,0,-1,-1.000000
222,25,480,181,34,96,1,-1,-1.000000
223,1,-41,-32,255,678,1,-1,-1.000000
223,2,308,26,184,531,1,-1,-1.000000
223,3,201,91,102,288,1,-1,-1.000000
223,16,504,184,31,86,1,-1,-1.000000
223,21,537,196,22,57,0,-1,-1.000000
223,25,481,181,34,96,1,-1,-1.000000
224,1,-40,-30,257,674,1,-1,-1.000000
224,2,310,32,177,516,1,-1,-1.000000
224,3,209,94,94,279,1,-1,-1.000000
224,16,504,185,30,86,1,-1,-1.000000
224,21,537,196,23,57,0,-1,-1.000000
224,25,481,182,33,96,1,-1,-1.000000
225,1,-39,-30,259,671,1,-1,-1.000000
225,2,314,37,170,502,1,-1,-1.000000
225,3,217,96,87,271,1,-1,-1.000000
225,16,504,186,29,86,1,-1,-1.000000
225,21,537,196,24,58,0,-1,-1.000000
225,25,482,182,33,96,1,-1,-1.000000
225,26,287,172,33,102,1,-1,-1.000000
225,27,565,201,12,41,0,-1,-1.000000
226,1,-35,-27,256,660,1,-1,-1.000000
226,2,316,42,163,488,1,-1,-1.000000
226,3,223,99,86,263,1,-1,-1.000000
226,16,505,185,28,88,1,-1,-1.000000
226,21,538,196,24,59,1,-1,-1.000000
226,25,482,182,33,96,1,-1,-1.000000
226,26,285,172,33,101,1,-1,-1.000000
226,27,565,202,13,41,0,-1,-1.000000
227,1,-31,-24,253,649,1,-1,-1.000000
227,2,319,48,157,474,1,-1,-1.000000
227,3,229,100,85,256,1,-1,-1.000000
227,16,505,185,28,89,1,-1,-1.000000
227,21,540,196,24,60,1,-1,-1.000000
227,25,483,182,34,96,1,-1,-1.000000
227,26,284,171,32,100,1,-1,-1.000000
227,27,565,203,15,40,0,-1,-1.000000
228,1,-27,-20,249,637,1,-1,-1.000000
228,2,322,54,150,459,1,-1,-1.000000
228,3,236,103,83,248,1,-1,-1.000000
228,16,506,183,27,91,1,-1,-1.000000
228,21,541,196,24,60,1,-1,-1.000000
228,25,483,182,34,96,1,-1,-1.000000
228,26,282,171,32,99,1,-1,-1.000000
228,27,566,204,16,40,0,-1,-1.000000
229,1,-22,-17,246,626,1,-1,-1.000000
229,2,325,59,143,445,1,-1,-1.000000
229,3,243,105,82,240,1,-1,-1.000000
229,16,507,183,26,92,1,-1,-1.000000
229,21,542,196,24,61,1,-1,-1.000000
229,25,484,182,34,96,1,-1,-1.000000
229,26,280,170,32,98,1,-1,-1.000000
229,27,567,205,17,39,0,-1,-1.000000
229,28,450,168,33,119,1,-1,-1.000000
230,1,-18,-14,243,615,1,-1,-1.000000
230,2,332,61,142,439,1,-1,-1.000000
230,3,246,108,82,236,1,-1,-1.000000
230,16,508,183,28,93,1,-1,-1.000000
230,21,546,196,23,62,1,-1,-1.000000
230,25,486,182,32,100,1,-1,-1.000000
230,26,278,170,31,97,1,-1,-1.000000
230,28,452,165,33,124,1,-1,-1.000000
231,1,-13,-10,240,604,1,-1,-1.000000
231,2,338,64,141,432,1,-1,-1.000000
231,3,250,113,81,231,1,-1,-1.000000
231,16,508,182,30,95,1,-1,-1.000000
231,21,552,197,22,62,1,-1,-1.000000
231,25,487,182,31,103,1,-1,-1.000000
231,26,276,169,31,97,1,-1,-1.000000
231,28,454,163,33,128,1,-1,-1.000000
232,1,-10,-7,237,593,1,-1,-1.000000
232,2,345,66,140,426,1,-1,-1.000000
232,3,253,116,81,227,1,-1,-1.000000
232,16,509,182,31,96,1,-1,-1.000000
232,21,556,196,21,63,1,-1,-1.000000
232,25,489,182,29,107,1,-1,-1.000000
232,26,274,168,31,96,1,-1,-1.000000
232,28,457,160,32,133,1,-1,-1.000000
233,1,-5,-4,234,582,1,-1,-1.000000
233,2,352,69,139,419,1,-1,-1.000000
233,3,257,120,80,222,1,-1,-1.000000
233,16,510,182,33,97,1,-1,-1.000000
233,21,561,197,20,63,1,-1,-1.000000
233,25,492,182,27,110,1,-1,-1.000000
233,26,273,168,30,95,1,-1,-1.000000
233,28,459,158,32,137,1,-1,-1.000000
234,1,-1,-1,234,571,1,-1,-1.000000
234,2,360,71,140,415,1,-1,-1.000000
234,3,264,120,77,219,1,-1,-1.000000
234,16,515,180,33,100,1,-1,-1.000000
234,21,566,196,23,65,1,-1,-1.000000
234,26,271,167,30,94,1,-1,-1.000000
234,28,466,157,35,136,1,-1,-1.000000
235,1,3,2,234,560,1,-1,-1.000000
235,2,368,73,141,411,1,-1,-1.000000
235,3,272,119,75,216,1,-1,-1.000000
235,16,520,179,33,102,1,-1,-1.000000
235,21,572,195,26,67,1,-1,-1.000000
235,26,269,167,30,93,1,-1,-1.000000
235,28,473,156,39,135,1,-1,-1.000000
236,1,7,6,233,548,1,-1,-1.000000
236,2,376,74,142,407,1,-1,-1.000000
236,3,280,119,72,213,1,-1,-1.000000
236,16,525,177,33,105,1,-1,-1.000000
236,21,577,193,29,69,1,-1,-1.000000
236,26,267,166,29,92,1,-1,-1.000000
236,28,481,155,42,134,1,-1,-1.000000
237,1,12,9,233,537,1,-1,-1.000000
237,2,384,76,143,403,1,-1,-1.000000
237,3,288,118,69,210,1,-1,-1.000000
237,16,530,176,33,107,1,-1,-1.000000
237,21,583,192,32,71,1,-1,-1.000000
237,26,266,166,29,91,1,-1,-1.000000
237,28,489,154,45,133,1,-1,-1.000000
237,29,9,112,73,239,1,-1,-1.000000
237,30,236,173,43,98,1,-1,-1.000000
237,31,349,179,28,83,1,-1,-1.000000
238,1,16,11,235,529,1,-1,-1.000000
238,2,390,77,143,399,1,-1,-1.000000
238,3,294,120,68,207,1,-1,-1.000000
238,21,586,191,31,72,1,-1,-1.000000
238,26,260,163,33,100,1,-1,-1.000000
238,28,490,151,51,142,1,-1,-1.000000
238,29,19,113,71,227,1,-1,-1.000000
238,31,352,178,28,84,1,-1,-1.000000
239,1,22,13,236,522,1,-1,-1.000000
239,2,397,79,143,395,1,-1,-1.000000
239,3,300,121,66,205,1,-1,-1.000000
239,21,590,189,29,73,1,-1,-1.000000
239,26,254,160,38,109,1,-1,-1.000000
239,28,493,147,56,152,1,-1,-1.000000
239,29,29,114,69,215,1,-1,-1.000000
239,31,354,177,28,85,1,-1,-1.000000
240,1,26,15,238,514,1,-1,-1.000000
240,2,405,80,142,391,1,-1,-1.000000
240,3,305,123,65,202,1,-1,-1.000000
240,21,594,189,28,73,1,-1,-1.000000
240,26,249,157,42,117,1,-1,-1.000000
240,28,494,144,62,161,1,-1,-1.000000
240,29,39,115,67,203,1,-1,-1.000000
240,31,357,176,27,86,1,-1,-1.000000
241,1,31,17,239,506,1,-1,-1.000000
241,2,412,81,142,387,1,-1,-1.000000
241,3,312,125,63,199,1,-1,-1.000000
241,21,598,187,26,74,1,-1,-1.000000
241,26,243,154,46,126,1,-1,-1.000000
241,28,496,141,67,170,1,-1,-1.000000
241,29,49,116,65,191,1,-1,-1.000000
241,31,360,175,27,87,1,-1,-1.000000
241,32,393,175,30,86,1,-1,-1.000000
242,1,38,16,236,507,1,-1,-1.000000
242,2,417,82,141,383,1,-1,-1.000000
242,3,309,124,67,198,1,-1,-1.000000
242,26,233,153,47,128,1,-1,-1.000000
242,28,501,137,67,176,1,-1,-1.000000
242,32,391,175,31,86,1,-1,-1.000000
243,1,44,15,234,508,1,-1,-1.000000
243,2,423,82,139,379,1,-1,-1.000000
243,3,307,122,71,197,1,-1,-1.000000
243,26,224,153,48,130,1,-1,-1.000000
243,28,507,134,68,182,1,-1,-1.000000
243,32,390,175,31,86,1,-1,-1.000000
244,1,51,13,231,509,1,-1,-1.000000
244,2,429,83,138,375,1,-1,-1.000000
244,3,306,121,74,196,1,-1,-1.000000
244,26,213,152,49,132,1,-1,-1.000000
244,28,512,130,68,188,1,-1,-1.000000
244,32,388,174,32,86,1,-1,-1.000000
245,1,58,12,228,510,1,-1,-1.000000
245,2,435,83,136,371,1,-1,-1.000000
245,3,304,119,78,195,1,-1,-1.000000
245,26,204,152,50,134,1,-1,-1.000000
245,28,518,126,68,194,1,-1,-1.000000
245,32,387,174,32,86,1,-1,-1.000000
245,33,411,171,33,112,1,-1,-1.000000
245,34,3,163,51,92,1,-1,-1.000000
245,35,527,-35,168,541,1,-1,-1.000000
246,1,65,11,226,511,1,-1,-1.000000
246,2,440,84,135,367,1,-1,-1.000000
246,3,307,119,75,194,1,-1,-1.000000
246,26,194,151,51,136,1,-1,-1.000000
246,28,525,123,66,200,1,-1,-1.000000
246,32,388,173,31,87,1,-1,-1.000000
246,33,411,170,34,112,1,-1,-1.000000
246,35,518,-32,180,538,1,-1,-1.000000
247,1,71,10,223,512,1,-1,-1.000000
247,2,447,85,133,363,1,-1,-1.000000
247,3,310,121,72,192,1,-1,-1.000000
247,26,185,151,52,138,1,-1,-1.000000
247,28,531,121,65,205,1,-1,-1.000000
247,32,388,172,31,88,1,-1,-1.000000
247,33,411,169,35,112,1,-1,-1.000000
247,35,508,-28,193,535,1,-1,-1.000000
248,1,78,9,221,513,1,-1,-1.000000
248,2,453,85,132,359,1,-1,-1.000000
248,3,314,121,68,191,1,-1,-1.000000
248,26,176,151,52,139,1,-1,-1.000000
248,28,538,117,63,211,1,-1,-1.000000
248,32,390,172,30,88,1,-1,-1.000000
248,33,411,168,35,112,1,-1,-1.000000
248,35,499,-24,205,531,1,-1,-1.000000
249,1,85,8,218,514,1,-1,-1.000000
249,2,459,86,130,355,1,-1,-1.000000
249,3,317,122,65,189,1,-1,-1.000000
249,26,165,150,53,141,1,-1,-1.000000
249,28,546,115,61,216,1,-1,-1.000000
249,32,391,171,29,89,1,-1,-1.000000
249,33,412,167,36,112,1,-1,-1.000000
249,35,490,-21,217,528,1,-1,-1.000000
249,36,82,171,34,86,1,-1,-1.000000
249,37,31,193,15,41,0,-1,-1.000000
249,38,288,169,26,94,1,-1,-1.000000
250,1,91,12,219,512,1,-1,-1.000000
250,2,473,90,125,354,1,-1,-1.000000
250,3,321,124,65,188,1,-1,-1.000000
250,26,156,150,54,143,1,-1,-1.000000
250,32,392,171,31,92,1,-1,-1.000000
250,33,414,168,36,115,1,-1,-1.000000
250,35,498,-20,208,528,1,-1,-1.000000
250,36,74,172,37,89,1,-1,-1.000000
250,37,33,196,16,39,0,-1,-1.000000
251,1,98,15,220,510,1,-1,-1.000000
251,2,486,94,121,353,1,-1,-1.000000
251,3,326,126,65,186,1,-1,-1.000000
251,26,146,149,55,145,1,-1,-1.000000
251,32,395,171,32,95,1,-1,-1.000000
251,33,415,168,37,118,1,-1,-1.000000
251,35,506,-19,198,528,1,-1,-1.000000
251,36,67,172,40,92,1,-1,-1.000000
251,37,35,198,17,38,0,-1,-1.000000
252,1,105,19,220,508,1,-1,-1.000000
252,2,501,98,116,352,1,-1,-1.000000
252,3,331,128,65,185,1,-1,-1.000000
252,26,137,149,56,147,1,-1,-1.000000
252,32,396,172,34,97,1,-1,-1.000000
252,33,417,169,37,121,1,-1,-1.000000
252,35,513,-19,189,528,1,-1,-1.000000
252,36,59,174,42,94,1,-1,-1.000000
252,37,38,201,17,36,0,-1,-1.000000
253,1,111,22,221,506,1,-1,-1.000000
253,2,515,102,111,351,1,-1,-1.000000
253,3,336,130,65,183,1,-1,-1.000000
253,26,127,148,57,149,1,-1,-1.000000
253,32,398,172,35,100,1,-1,-1.000000
253,33,420,169,37,124,1,-1,-1.000000
253,35,522,-18,179,528,1,-1,-1.000000
253,36,64,181,44,84,1,-1,-1.000000
253,37,41,204,18,34,0,-1,-1.000000
253,39,463,144,54,177,1,-1,-1.000000
253,40,63,180,54,96,1,-1,-1.000000
253,41,315,186,28,81,1,-1,-1.000000
253,42,504,142,34,159,1,-1,-1.000000
254,1,114,25,223,504,1,-1,-1.000000
254,2,523,107,112,349,1,-1,-1.000000
254,3,337,131,64,181,1,-1,-1.000000
254,26,117,145,57,154,1,-1,-1.000000
254,33,419,169,37,126,1,-1,-1.000000
254,35,522,-21,182,533,1,-1,-1.000000
254,36,56,179,45,88,1,-1,-1.000000
254,39,454,141,58,184,1,-1,-1.000000
254,40,44,175,48,100,1,-1,-1.000000
254,42,502,142,38,157,1,-1,-1.000000
255,1,118,27,224,502,1,-1,-1.000000
255,2,531,112,114,347,1,-1,-1.000000
255,3,338,132,63,179,1,-1,-1.000000
255,26,107,141,57,159,1,-1,-1.000000
255,33,420,167,36,129,1,-1,-1.000000
255,35,521,-25,185,539,1,-1,-1.000000
255,36,49,179,46,91,1,-1,-1.000000
255,39,444,139,63,190,1,-1,-1.000000
255,40,36,175,51,103,1,-1,-1.000000
255,42,500,143,42,155,1,-1,-1.000000
256,1,121,31,226,499,1,-1,-1.000000
256,2,539,117,115,344,1,-1,-1.000000
256,3,339,133,62,177,1,-1,-1.000000
256,26,97,138,57,164,1,-1,-1.000000
256,33,420,167,36,131,1,-1,-1.000000
256,35,522,-29,187,544,1,-1,-1.000000
256,36,41,177,47,95,1,-1,-1.000000
256,39,435,135,67,197,1,-1,-1.000000
256,40,28,177,53,105,1,-1,-1.000000
256,42,498,143,46,153,1,-1,-1.000000
257,1,125,33,227,497,1,-1,-1.000000
257,2,548,122,116,342,1,-1,-1.000000
257,3,340,134,61,175,1,-1,-1.000000
257,26,88,134,57,169,1,-1,-1.000000
257,33,420,166,35,133,1,-1,-1.000000
257,35,522,-32,190,549,1,-1,-1.000000
257,36,34,176,48,98,1,-1,-1.000000
257,39,427,133,71,203,1,-1,-1.000000
257,40,21,177,56,108,1,-1,-1.000000
257,42,496,143,50,151,1,-1,-1.000000
257,43,495,164,48,149,1,-1,-1.000000
257,44,59,149,80,147,1,-1,-1.000000
257,45,397,167,20,117,1,-1,-1.000000
258,1,122,30,228,499,1,-1,-1.000000
258,2,551,113,116,348,1,-1,-1.000000
258,3,336,137,60,174,1,-1,-1.000000
258,26,58,131,69,175,1,-1,-1.000000
258,33,414,165,37,137,1,-1,-1.000000
258,35,513,-27,208,551,1,-1,-1.000000
258,39,410,131,75,212,1,-1,-1.000000
258,42,488,143,54,158,1,-1,-1.000000
258,43,486,164,55,153,1,-1,-1.000000
258,45,397,166,22,116,1,-1,-1.000000
259,1,119,27,229,500,1,-1,-1.000000
259,2,555,105,116,354,1,-1,-1.000000
259,3,332,139,60,173,1,-1,-1.000000
259,26,29,130,81,180,1,-1,-1.000000
259,33,408,163,39,141,1,-1,-1.000000
259,35,503,-22,227,553,1,-1,-1.000000
259,39,394,128,80,222,1,-1,-1.000000
259,42,479,144,57,165,1,-1,-1.000000
259,43,477,164,61,157,1,-1,-1.000000
259,45,396,166,23,114,1,-1,-1.000000
260,1,116,24,229,502,1,-1,-1.000000
260,2,558,97,116,359,1,-1,-1.000000
260,3,328,143,59,171,1,-1,-1.000000
260,26,1,127,92,186,1,-1,-1.000000
260,33,403,163,41,144,1,-1,-1.000000
260,35,494,-17,245,555,1,-1,-1.000000
260,39,378,126,84,231,1,-1,-1.000000
260,42,471,144,61,172,1,-1,-1.000000
260,43,469,163,68,161,1,-1,-1.000000
260,45,396,165,25,113,1,-1,-1.000000
261,1,114,21,230,503,1,-1,-1.000000
261,2,562,89,116,365,1,-1,-1.000000
261,3,325,145,58,170,1,-1,-1.000000
261,26,-28,125,104,191,1,-1,-1.000000
261,33,397,161,43,148,1,-1,-1.000000
261,35,486,-12,263,557,1,-1,-1.000000
261,39,362,124,88,240,1,-1,-1.000000
261,42,463,144,64,179,1,-1,-1.000000
261,43,460,163,74,165,1,-1,-1.000000
261,45,397,165,26,111,1,-1,-1.000000
262,1,103,16,233,509,1,-1,-1.000000
262,2,565,80,116,371,1,-1,-1.000000
262,3,323,145,58,169,1,-1,-1.000000
262,33,391,160,45,152,1,-1,-1.000000
262,35,473,-16,256,549,1,-1,-1.000000
262,39,339,119,93,250,1,-1,-1.000000
262,42,457,134,66,183,1,-1,-1.000000
262,43,454,161,75,168,1,-1,-1.000000
262,45,397,164,28,110,1,-1,-1.000000
263,1,93,11,236,516,1,-1,-1.000000
263,2,567,72,117,377,1,-1,-1.000000
263,3,322,145,57,168,1,-1,-1.000000
263,33,386,158,47,156,1,-1,-1.000000
263,35,459,-22,250,542,1,-1,-1.000000
263,39,317,112,98,261,1,-1,-1.000000
263,42,452,124,67,188,1,-1,-1.000000
263,43,449,158,75,171,1,-1,-1.000000
263,45,396,163,30,109,1,-1,-1.000000
264,1,83,6,238,522,1,-1,-1.000000
264,2,571,64,117,382,1,-1,-1.000000
264,3,320,144,57,167,1,-1,-1.000000
264,33,380,158,49,159,1,-1,-1.000000
264,35,445,-26,243,534,1,-1,-1.000000
264,39,293,107,103,271,1,-1,-1.000000
264,42,446,114,69,192,1,-1,-1.000000
264,43,443,156,76,174,1,-1,-1.000000
264,45,396,162,31,107,1,-1,-1.000000
265,1,72,1,241,528,1,-1,-1.000000
265,2,574,55,117,388,1,-1,-1.000000
265,3,319,144,56,166,1,-1,-1.000000
265,33,375,156,51,163,1,-1,-1.000000
265,35,432,-31,236,526,1,-1,-1.000000
265,39,271,101,108,281,1,-1,-1.000000
265,42,440,104,71,197,1,-1,-1.000000
265,43,438,153,76,177,1,-1,-1.000000
265,45,396,161,33,106,1,-1,-1.000000
266,1,64,-9,242,535,1,-1,-1.000000
266,2,577,47,117,394,1,-1,-1.000000
266,3,316,140,55,165,1,-1,-1.000000
266,33,368,151,54,164,1,-1,-1.000000
266,35,429,-33,245,536,1,-1,-1.000000
266,39,239,92,125,289,1,-1,-1.000000
266,42,435,94,72,201,1,-1,-1.000000
266,43,437,144,74,184,1,-1,-1.000000
266,45,396,161,34,104,1,-1,-1.000000
267,1,56,-18,244,542,1,-1,-1.000000
267,2,581,38,117,400,1,-1,-1.000000
267,3,313,137,55,163,1,-1,-1.000000
267,33,360,146,57,165,1,-1,-1.000000
267,35,427,-34,254,546,1,-1,-1.000000
267,39,206,84,143,296,1,-1,-1.000000
267,42,430,84,74,206,1,-1,-1.000000
267,43,435,135,73,191,1,-1,-1.000000
267,45,396,160,36,103,1,-1,-1.000000
268,1,48,-28,245,549,1,-1,-1.000000
268,2,584,31,117,405,1,-1,-1.000000
268,3,311,132,54,162,1,-1,-1.000000
268,33,353,141,60,165,1,-1,-1.000000
268,35,424,-35,263,555,1,-1,-1.000000
268,39,175,75,160,304,1,-1,-1.000000
268,42,424,74,76,210,1,-1,-1.000000
268,43,434,126,71,198,1,-1,-1.000000
268,45,396,160,37,101,1,-1,-1.000000
269,1,41,-38,246,556,1,-1,-1.000000
269,2,588,22,117,411,1,-1,-1.000000
269,3,309,129,53,160,1,-1,-1.000000
269,33,345,136,63,166,1,-1,-1.000000
269,35,422,-37,272,565,1,-1,-1.000000
269,39,143,67,177,311,1,-1,-1.000000
269,42,418,64,77,214,1,-1,-1.000000
269,43,434,117,69,205,1,-1,-1.000000
269,45,396,159,39,100,1,-1,-1.000000
269,46,255,145,46,138,1,-1,-1.000000
269,149,277,154,36,107,1,-1,-1.000000
270,1,39,-33,244,549,1,-1,-1.000000
270,2,587,17,120,390,1,-1,-1.000000
270,3,309,129,53,158,1,-1,-1.000000
270,33,338,114,62,171,1,-1,-1.000000
270,35,419,-32,272,558,1,-1,-1.000000
270,39,108,51,163,327,1,-1,-1.000000
270,42,412,54,79,219,1,-1,-1.000000
270,43,432,117,73,208,1,-1,-1.000000
270,45,390,139,39,102,1,-1,-1.000000
270,46,254,124,49,139,1,-1,-1.000000
270,149,276,134,38,111,1,-1,-1.000000
271,1,38,-28,241,542,1,-1,-1.000000
271,2,586,12,123,368,1,-1,-1.000000
271,3,309,128,53,157,1,-1,-1.000000
271,33,330,92,62,177,1,-1,-1.000000
271,35,416,-27,272,551,1,-1,-1.000000
271,39,73,34,150,344,1,-1,-1.000000
271,42,407,44,81,223,1,-1,-1.000000
271,43,430,118,77,211,1,-1,-1.000000
271,45,386,120,38,104,1,-1,-1.000000
271,46,255,104,51,140,1,-1,-1.000000
271,149,274,112,41,116,1,-1,-1.000000
272,1,36,-23,239,535,1,-1,-1.000000
272,2,586,7,126,347,1,-1,-1.000000
272,3,309,128,53,155,1,-1,-1.000000
272,33,322,70,61,182,1,-1,-1.000000
272,35,413,-23,272,544,1,-1,-1.000000
272,39,37,18,136,360,1,-1,-1.000000
272,42,402,34,82,228,1,-1,-1.000000
272,43,429,118,80,214,1,-1,-1.000000
272,45,381,101,38,105,1,-1,-1.000000
272,46,255,84,54,140,1,-1,-1.000000
272,149,273,92,43,120,1,-1,-1.000000
273,1,34,-18,237,529,1,-1,-1.000000
273,2,585,2,129,325,1,-1,-1.000000
273,3,310,128,53,154,1,-1,-1.000000
273,33,315,48,60,187,1,-1,-1.000000
273,35,411,-18,272,537,1,-1,-1.000000
273,39,2,2,122,376,1,-1,-1.000000
273,42,396,24,84,232,1,-1,-1.000000
273,43,427,118,84,217,1,-1,-1.000000
273,45,376,81,37,107,1,-1,-1.000000
273,46,255,63,56,141,1,-1,-1.000000
273,47,273,71,45,124,1,-1,-1.000000
273,149,264,103,41,119,1,-1,-1.000000
274,1,34,-13,234,522,1,-1,-1.000000
274,2,585,11,123,325,1,-1,-1.000000
274,3,311,128,52,152,1,-1,-1.000000
274,33,306,65,63,191,1,-1,-1.000000
274,35,408,-12,272,529,1,-1,-1.000000
274,42,396,41,82,228,1,-1,-1.000000
274,43,425,119,88,219,1,-1,-1.000000
274,45,376,100,36,104,1,-1,-1.000000
274,46,266,89,44,126,1,-1,-1.000000
274,47,267,89,44,126,1,-1,-1.000000
274,149,255,115,40,117,1,-1,-1.000000
275,1,32,-8,232,515,1,-1,-1.000000
275,2,585,20,118,325,1,-1,-1.000000
275,3,311,128,52,150,1,-1,-1.000000
275,33,297,82,67,194,1,-1,-1.000000
275,35,405,-7,272,522,1,-1,-1.000000
275,42,397,58,80,223,1,-1,-1.000000
275,43,423,120,92,222,1,-1,-1.000000
275,45,376,119,34,101,1,-1,-1.000000
275,46,259,107,44,128,1,-1,-1.000000
275,47,259,106,44,128,1,-1,-1.000000
275,149,247,127,38,116,1,-1,-1.000000
276,1,30,-3,229,508,1,-1,-1.000000
276,2,585,30,112,324,1,-1,-1.000000
276,3,312,127,52,149,1,-1,-1.000000
276,33,289,99,70,198,1,-1,-1.000000
276,35,402,-3,272,515,1,-1,-1.000000
276,42,397,75,78,219,1,-1,-1.000000
276,43,421,120,95,225,1,-1,-1.000000
276,45,375,139,33,97,1,-1,-1.000000
276,46,257,114,43,128,1,-1,-1.000000
276,47,252,124,43,130,1,-1,-1.000000
276,149,237,138,37,115,1,-1,-1.000000
277,1,29,2,227,501,1,-1,-1.000000
277,2,585,39,106,324,1,-1,-1.000000
277,3,312,127,52,147,1,-1,-1.000000
277,33,281,116,73,201,1,-1,-1.000000
277,35,399,2,272,508,1,-1,-1.000000
277,42,397,92,76,214,1,-1,-1.000000
277,43,420,120,99,228,1,-1,-1.000000
277,45,376,158,31,94,1,-1,-1.000000
277,46,254,120,43,128,1,-1,-1.000000
277,47,246,142,42,132,1,-1,-1.000000
277,48,180,109,67,205,1,-1,-1.000000
277,149,228,149,35,114,1,-1,-1.000000
278,1,22,2,210,499,1,-1,-1.000000
278,2,570,44,105,318,1,-1,-1.000000
278,3,300,130,53,146,1,-1,-1.000000
278,33,258,113,76,210,1,-1,-1.000000
278,35,379,2,268,507,1,-1,-1.000000
278,42,377,84,83,225,1,-1,-1.000000
278,43,397,108,108,248,1,-1,-1.000000
278,46,252,126,43,129,1,-1,-1.000000
278,47,228,143,43,136,1,-1,-1.000000
278,48,169,114,70,205,1,-1,-1.000000
279,1,15,2,194,497,1,-1,-1.000000
279,2,557,47,104,313,1,-1,-1.000000
279,3,290,132,54,145,1,-1,-1.000000
279,33,235,110,79,219,1,-1,-1.000000
279,35,359,2,263,506,1,-1,-1.000000
279,42,357,77,90,236,1,-1,-1.000000
279,43,374,96,117,268,1,-1,-1.000000
279,46,249,132,43,129,1,-1,-1.000000
279,47,212,145,44,140,1,-1,-1.000000
279,48,158,121,73,204,1,-1,-1.000000
280,1,8,2,177,494,1,-1,-1.000000
280,2,543,52,102,307,1,-1,-1.000000
280,3,279,135,54,144,1,-1,-1.000000
280,33,212,107,82,228,1,-1,-1.000000
280,35,338,2,259,505,1,-1,-1.000000
280,42,337,69,97,247,1,-1,-1.000000
280,43,351,84,125,287,1,-1,-1.000000
280,46,247,139,43,129,1,-1,-1.000000
280,47,194,148,46,143,1,-1,-1.000000
280,48,147,126,75,204,1,-1,-1.000000
281,1,2,2,160,492,1,-1,-1.000000
281,2,529,56,101,301,1,-1,-1.000000
281,3,268,137,55,143,1,-1,-1.000000
281,33,189,104,85,237,1,-1,-1.000000
281,35,319,2,254,504,1,-1,-1.000000
281,42,317,61,104,258,1,-1,-1.000000
281,43,329,72,134,307,1,-1,-1.000000
281,46,244,145,43,129,1,-1,-1.000000
281,47,177,150,47,147,1,-1,-1.000000
281,48,137,132,78,203,1,-1,-1.000000
282,1,2,9,154,493,1,-1,-1.000000
282,2,524,64,109,305,1,-1,-1.000000
282,3,273,144,52,142,1,-1,-1.000000
282,33,180,103,86,248,1,-1,-1.000000
282,35,341,2,259,505,1,-1,-1.000000
282,42,316,63,104,267,1,-1,-1.000000
282,43,330,75,134,318,1,-1,-1.000000
282,46,243,152,42,129,1,-1,-1.000000
282,47,160,151,48,151,1,-1,-1.000000
282,48,152,135,75,200,1,-1,-1.000000
283,1,2,16,148,494,1,-1,-1.000000
283,2,518,71,118,310,1,-1,-1.000000
283,3,278,151,50,142,1,-1,-1.000000
283,33,170,102,88,259,1,-1,-1.000000
283,35,363,2,264,505,1,-1,-1.000000
283,42,314,65,105,276,1,-1,-1.000000
283,43,331,78,133,328,1,-1,-1.000000
283,46,240,157,42,130,1,-1,-1.000000
283,47,143,153,49,155,1,-1,-1.000000
283,48,166,138,73,198,1,-1,-1.000000
284,1,2,23,142,495,1,-1,-1.000000
284,2,513,79,126,314,1,-1,-1.000000
284,3,283,158,47,141,1,-1,-1.000000
284,33,161,101,89,269,1,-1,-1.000000
284,35,385,2,269,506,1,-1,-1.000000
284,42,313,68,105,284,1,-1,-1.000000
284,43,331,81,133,339,1,-1,-1.000000
284,46,238,164,42,130,1,-1,-1.000000
284,47,126,156,50,158,1,-1,-1.000000
284,48,182,141,70,195,1,-1,-1.000000
285,1,2,30,136,496,1,-1,-1.000000
285,2,507,87,134,318,1,-1,-1.000000
285,3,289,165,44,140,1,-1,-1.000000
285,33,152,100,90,280,1,-1,-1.000000
285,35,407,2,274,506,1,-1,-1.000000
285,42,313,70,105,293,1,-1,-1.000000
285,43,333,84,132,349,1,-1,-1.000000
285,46,235,170,42,130,1,-1,-1.000000
285,47,109,158,51,162,1,-1,-1.000000
285,48,197,144,67,192,1,-1,-1.000000
286,1,2,33,143,495,1,-1,-1.000000
286,3,304,165,44,139,1,-1,-1.000000
286,33,161,100,92,290,1,-1,-1.000000
286,35,441,2,255,507,1,-1,-1.000000
286,42,327,67,104,301,1,-1,-1.000000
286,43,353,77,132,366,1,-1,-1.000000
286,46,248,172,43,129,1,-1,-1.000000
286,47,113,157,55,164,1,-1,-1.000000
286,48,212,147,64,189,1,-1,-1.000000
287,1,2,36,150,494,1,-1,-1.000000
287,3,318,166,44,137,1,-1,-1.000000
287,33,169,99,94,301,1,-1,-1.000000
287,35,477,2,235,508,1,-1,-1.000000
287,42,340,64,104,309,1,-1,-1.000000
287,43,373,68,132,384,1,-1,-1.000000
287,46,262,172,44,129,1,-1,-1.000000
287,47,118,158,59,165,1,-1,-1.000000
287,48,227,150,62,187,1,-1,-1.000000
288,1,2,38,157,493,1,-1,-1.000000
288,3,333,166,43,136,1,-1,-1.000000
288,33,178,98,95,311,1,-1,-1.000000
288,35,512,2,216,508,1,-1,-1.000000
288,42,354,61,103,316,1,-1,-1.000000
288,43,392,61,132,401,1,-1,-1.000000
288,46,275,174,45,128,1,-1,-1.000000
288,47,123,157,62,167,1,-1,-1.000000
288,48,241,153,59,184,1,-1,-1.000000
289,1,2,41,164,492,1,-1,-1.000000
289,3,348,167,43,134,1,-1,-1.000000
289,33,187,98,97,321,1,-1,-1.000000
289,35,547,2,196,509,1,-1,-1.000000
289,42,368,58,102,324,1,-1,-1.000000
289,43,412,53,132,418,1,-1,-1.000000
289,46,289,175,46,127,1,-1,-1.000000
289,47,132,154,60,179,1,-1,-1.000000
289,48,257,156,56,181,1,-1,-1.000000
289,49,489,73,112,358,1,-1,-1.000000
290,1,2,42,174,491,1,-1,-1.000000
290,3,363,167,44,134,1,-1,-1.000000
290,33,199,92,101,337,1,-1,-1.000000
290,42,381,48,105,345,1,-1,-1.000000
290,43,430,40,155,442,1,-1,-1.000000
290,46,303,174,45,129,1,-1,-1.000000
290,47,131,155,73,172,1,-1,-1.000000
290,48,275,157,58,182,1,-1,-1.000000
291,1,2,43,184,490,1,-1,-1.000000
291,3,378,169,46,133,1,-1,-1.000000
291,33,211,85,105,353,1,-1,-1.000000
291,42,395,40,108,365,1,-1,-1.000000
291,43,450,28,178,465,1,-1,-1.000000
291,46,318,175,45,130,1,-1,-1.000000
291,47,135,154,80,176,1,-1,-1.000000
291,48,292,159,61,183,1,-1,-1.000000
292,1,2,45,194,488,1,-1,-1.000000
292,3,393,169,47,133,1,-1,-1.000000
292,33,223,80,109,368,1,-1,-1.000000
292,42,409,30,110,386,1,-1,-1.000000
292,43,468,14,201,489,1,-1,-1.000000
292,46,333,174,44,132,1,-1,-1.000000
292,47,139,153,86,179,1,-1,-1.000000
292,48,310,161,63,183,1,-1,-1.000000
293,1,2,46,204,487,1,-1,-1.000000
293,3,409,170,48,132,1,-1,-1.000000
293,33,236,73,113,384,1,-1,-1.000000
293,42,423,21,113,406,1,-1,-1.000000
293,43,487,2,224,512,1,-1,-1.000000
293,46,348,174,43,133,1,-1,-1.000000
293,47,142,151,93,183,1,-1,-1.000000
293,48,329,162,65,184,1,-1,-1.000000
293,50,195,190,32,119,1,-1,-1.000000
294,1,8,47,208,486,1,-1,-1.000000
294,3,419,169,50,134,1,-1,-1.000000
294,33,235,61,124,403,1,-1,-1.000000
294,42,433,17,126,421,1,-1,-1.000000
294,46,353,173,43,132,1,-1,-1.000000
294,47,130,146,95,194,1,-1,-1.000000
294,48,343,162,67,182,1,-1,-1.000000
294,50,202,190,36,119,1,-1,-1.000000
295,1,14,49,212,484,1,-1,-1.000000
295,3,428,166,51,137,1,-1,-1.000000
295,33,233,51,136,421,1,-1,-1.000000
295,42,442,11,140,437,1,-1,-1.000000
295,46,359,172,43,131,1,-1,-1.000000
295,47,118,140,97,205,1,-1,-1.000000
295,48,358,162,70,180,1,-1,-1.000000
295,50,210,190,39,119,1,-1,-1.000000
296,1,19,50,216,483,1,-1,-1.000000
296,3,438,165,53,139,1,-1,-1.000000
296,33,232,39,147,440,1,-1,-1.000000
296,42,451,7,153,452,1,-1,-1.000000
296,46,366,172,42,129,1,-1,-1.000000
296,47,106,135,99,216,1,-1,-1.000000
296,48,372,162,72,177,1,-1,-1.000000
296,50,217,189,43,119,1,-1,-1.000000
297,1,25,52,220,481,1,-1,-1.000000
297,3,448,163,54,141,1,-1,-1.000000
297,33,231,28,158,458,1,-1,-1.000000
297,42,461,2,166,467,1,-1,-1.000000
297,46,372,172,42,128,1,-1,-1.000000
297,47,96,129,100,227,1,-1,-1.000000
297,48,387,162,74,175,1,-1,-1.000000
297,50,225,189,46,119,1,-1,-1.000000
297,51,2,122,76,220,1,-1,-1.000000
297,52,345,178,46,133,1,-1,-1.000000
298,1,31,52,220,480,1,-1,-1.000000
298,3,453,164,51,138,1,-1,-1.000000
298,33,220,21,164,472,1,-1,-1.000000
298,42,470,2,160,470,1,-1,-1.000000
298,46,378,171,42,127,1,-1,-1.000000
298,47,84,124,102,238,1,-1,-1.000000
298,48,399,163,69,173,1,-1,-1.000000
298,50,228,188,46,120,1,-1,-1.000000
298,52,349,174,50,136,1,-1,-1.000000
299,1,37,52,219,478,1,-1,-1.000000
299,3,459,166,48,134,1,-1,-1.000000
299,33,209,15,170,485,1,-1,-1.000000
299,42,478,2,155,473,1,-1,-1.000000
299,46,384,170,42,126,1,-1,-1.000000
299,47,72,118,104,249,1,-1,-1.000000
299,48,412,164,64,171,1,-1,-1.000000
299,50,229,187,47,122,1,-1,-1.000000
299,52,352,169,54,139,1,-1,-1.000000
300,1,42,52,219,477,1,-1,-1.000000
300,3,464,167,45,131,1,-1,-1.000000
300,33,198,8,176,499,1,-1,-1.000000
300,42,487,2,149,475,1,-1,-1.000000
300,46,390,170,41,124,1,-1,-1.000000
300,47,60,114,106,259,1,-1,-1.000000
300,48,424,165,59,168,1,-1,-1.000000
300,50,232,186,47,123,1,-1,-1.000000
300,52,356,166,57,141,1,-1,-1.000000
301,1,49,52,218,475,1,-1,-1.000000
301,3,470,169,42,127,1,-1,-1.000000
301,33,187,2,182,512,1,-1,-1.000000
301,42,497,2,143,478,1,-1,-1.000000
301,46,396,169,41,123,1,-1,-1.000000
301,47,49,108,108,270,1,-1,-1.000000
301,48,437,166,54,166,1,-1,-1.000000
301,50,234,185,48,124,1,-1,-1.000000
301,52,360,161,61,144,1,-1,-1.000000
301,60,2,148,60,166,1,-1,-1.000000
302,1,54,52,218,473,1,-1,-1.000000
302,3,470,169,42,126,1,-1,-1.000000
302,33,154,2,192,506,1,-1,-1.000000
302,42,509,2,135,480,1,-1,-1.000000
302,46,398,171,39,121,1,-1,-1.000000
302,47,37,103,110,281,1,-1,-1.000000
302,48,443,165,58,167,1,-1,-1.000000
302,50,237,184,48,125,1,-1,-1.000000
302,52,365,160,57,146,1,-1,-1.000000
302,60,2,145,63,170,1,-1,-1.000000
303,1,58,52,217,471,1,-1,-1.000000
303,3,469,170,41,125,1,-1,-1.000000
303,33,121,2,202,500,1,-1,-1.000000
303,42,521,2,128,483,1,-1,-1.000000
303,46,401,173,37,119,1,-1,-1.000000
303,47,25,97,111,292,1,-1,-1.000000
303,48,449,164,62,168,1,-1,-1.000000
303,50,239,183,48,127,1,-1,-1.000000
303,52,370,160,53,148,1,-1,-1.000000
303,60,3,142,67,173,1,-1,-1.000000
304,1,63,51,217,469,1,-1,-1.000000
304,3,469,170,41,124,1,-1,-1.000000
304,33,88,1,212,494,1,-1,-1.000000
304,42,534,2,120,485,1,-1,-1.000000
304,46,404,175,35,116,1,-1,-1.000000
304,47,13,92,113,303,1,-1,-1.000000
304,48,455,164,65,168,1,-1,-1.000000
304,50,241,182,49,128,1,-1,-1.000000
304,52,375,160,49,149,1,-1,-1.000000
304,60,4,139,70,177,1,-1,-1.000000
305,1,68,51,216,467,1,-1,-1.000000
305,3,468,170,41,123,1,-1,-1.000000
305,33,55,1,222,488,1,-1,-1.000000
305,42,546,2,112,487,1,-1,-1.000000
305,46,407,177,33,114,1,-1,-1.000000
305,47,2,86,115,314,1,-1,-1.000000
305,48,461,163,69,169,1,-1,-1.000000
305,50,244,181,49,129,1,-1,-1.000000
305,52,381,159,45,151,1,-1,-1.000000
305,53,527,138,76,238,1,-1,-1.000000
305,54,293,154,60,167,1,-1,-1.000000
305,55,261,154,58,154,1,-1,-1.000000
305,56,337,190,51,125,1,-1,-1.000000
305,57,444,206,23,58,0,-1,-1.000000
305,60,4,135,74,181,1,-1,-1.000000
306,1,73,51,216,465,1,-1,-1.000000
306,3,469,170,40,122,1,-1,-1.000000
306,46,403,178,33,113,1,-1,-1.000000
306,50,247,179,49,131,1,-1,-1.000000
306,52,381,160,53,150,1,-1,-1.000000
306,53,519,133,87,249,1,-1,-1.000000
306,54,297,153,64,167,1,-1,-1.000000
306,55,254,151,59,157,1,-1,-1.000000
306,56,342,188,50,127,1,-1,-1.000000
306,60,4,133,77,184,1,-1,-1.000000
307,1,77,51,215,463,1,-1,-1.000000
307,3,468,171,40,121,1,-1,-1.000000
307,46,400,178,33,112,1,-1,-1.000000
307,50,250,178,50,132,1,-1,-1.000000
307,52,382,161,61,149,1,-1,-1.000000
307,53,512,128,97,260,1,-1,-1.000000
307,54,301,152,68,168,1,-1,-1.000000
307,55,249,148,59,159,1,-1,-1.000000
307,56,347,187,49,128,1,-1,-1.000000
307,60,5,129,81,188,1,-1,-1.000000
308,1,82,50,215,461,1,-1,-1.000000
308,3,468,171,39,120,1,-1,-1.000000
308,46,397,179,33,111,1,-1,-1.000000
308,50,253,176,50,134,1,-1,-1.000000
308,52,383,161,69,148,1,-1,-1.000000
308,53,505,122,108,271,1,-1,-1.000000
308,54,305,151,71,168,1,-1,-1.000000
308,55,243,145,60,162,1,-1,-1.000000
308,56,352,184,47,130,1,-1,-1.000000
308,60,6,126,84,192,1,-1,-1.000000
309,1,87,50,214,459,1,-1,-1.000000
309,3,468,171,39,119,1,-1,-1.000000
309,46,394,180,33,110,1,-1,-1.000000
309,50,256,175,50,135,1,-1,-1.000000
309,52,384,162,77,147,1,-1,-1.000000
309,53,498,117,118,282,1,-1,-1.000000
309,54,309,150,75,168,1,-1,-1.000000
309,55,237,142,60,164,1,-1,-1.000000
309,56,358,183,46,131,1,-1,-1.000000
309,58,100,102,94,310,1,-1,-1.000000
309,59,83,173,29,103,1,-1,-1.000000
309,60,6,123,87,195,1,-1,-1.000000
310,1,91,50,214,459,1,-1,-1.000000
310,3,462,172,40,118,1,-1,-1.000000
310,46,391,180,33,109,1,-1,-1.000000
310,50,255,175,51,138,1,-1,-1.000000
310,52,386,161,72,150,1,-1,-1.000000
310,53,495,112,120,299,1,-1,-1.000000
310,54,305,151,75,170,1,-1,-1.000000
310,55,229,139,61,167,1,-1,-1.000000
310,56,357,184,49,132,1,-1,-1.000000
310,58,76,90,96,334,1,-1,-1.000000
310,60,7,120,91,199,1,-1,-1.000000
311,1,95,50,214,458,1,-1,-1.000000
311,3,456,174,40,117,1,-1,-1.000000
311,46,388,181,33,108,1,-1,-1.000000
311,50,255,174,52,142,1,-1,-1.000000
311,52,387,161,68,153,1,-1,-1.000000
311,53,493,108,122,316,1,-1,-1.000000
311,54,302,152,74,172,1,-1,-1.000000
311,55,222,137,62,170,1,-1,-1.000000
311,56,356,187,52,132,1,-1,-1.000000
311,58,51,77,98,359,1,-1,-1.000000
311,60,8,116,94,203,1,-1,-1.000000
312,1,99,50,214,458,1,-1,-1.000000
312,3,449,175,41,116,1,-1,-1.000000
312,46,386,182,32,107,1,-1,-1.000000
312,50,255,174,52,145,1,-1,-1.000000
312,52,389,161,63,155,1,-1,-1.000000
312,53,490,103,123,333,1,-1,-1.000000
312,54,298,153,74,174,1,-1,-1.000000
312,55,215,133,63,174,1,-1,-1.000000
312,56,356,188,54,133,1,-1,-1.000000
312,58,27,64,100,383,1,-1,-1.000000
312,60,8,114,98,206,1,-1,-1.000000
313,1,103,50,214,457,1,-1,-1.000000
313,3,443,176,41,115,1,-1,-1.000000
313,46,383,182,32,106,1,-1,-1.000000
313,50,255,174,53,148,1,-1,-1.000000
313,52,391,160,58,158,1,-1,-1.000000
313,53,488,98,125,350,1,-1,-1.000000
313,54,294,154,73,176,1,-1,-1.000000
313,55,208,131,63,177,1,-1,-1.000000
313,56,355,190,57,133,1,-1,-1.000000
313,58,2,52,102,407,1,-1,-1.000000
313,60,9,110,101,210,1,-1,-1.000000
313,61,302,207,23,61,1,-1,-1.000000
314,1,108,50,214,457,1,-1,-1.000000
314,46,380,183,32,105,1,-1,-1.000000
314,50,255,171,57,154,1,-1,-1.000000
314,52,393,158,64,162,1,-1,-1.000000
314,53,488,87,133,370,1,-1,-1.000000
314,54,303,152,72,182,1,-1,-1.000000
314,55,201,128,64,180,1,-1,-1.000000
314,56,361,189,65,138,1,-1,-1.000000
314,60,13,117,93,204,1,-1,-1.000000
314,61,296,206,23,61,1,-1,-1.000000
315,1,113,50,214,457,1,-1,-1.000000
315,46,377,184,32,104,1,-1,-1.000000
315,50,256,167,62,160,1,-1,-1.000000
315,52,396,157,70,165,1,-1,-1.000000
315,53,488,76,142,390,1,-1,-1.000000
315,54,312,150,71,189,1,-1,-1.000000
315,55,193,126,65,183,1,-1,-1.000000
315,56,368,189,72,143,1,-1,-1.000000
315,60,17,125,85,197,1,-1,-1.000000
315,61,290,205,23,60,1,-1,-1.000000
316,1,118,50,213,457,1,-1,-1.000000
316,46,374,184,32,103,1,-1,-1.000000
316,50,256,165,66,165,1,-1,-1.000000
316,52,398,155,75,169,1,-1,-1.000000
316,53,489,65,150,410,1,-1,-1.000000
316,54,321,148,69,195,1,-1,-1.000000
316,55,186,123,66,186,1,-1,-1.000000
316,56,374,189,80,147,1,-1,-1.000000
316,60,22,132,76,191,1,-1,-1.000000
316,61,284,204,23,60,1,-1,-1.000000
317,1,123,50,213,457,1,-1,-1.000000
317,46,371,185,32,102,1,-1,-1.000000
317,50,257,161,70,171,1,-1,-1.000000
317,52,401,154,81,172,1,-1,-1.000000
317,53,489,54,158,430,1,-1,-1.000000
317,54,331,146,68,201,1,-1,-1.000000
317,55,178,120,67,189,1,-1,-1.000000
317,56,380,188,87,152,1,-1,-1.000000
317,60,26,140,68,184,1,-1,-1.000000
317,61,278,202,23,60,1,-1,-1.000000
317,62,477,211,17,51,0,-1,-1.000000
318,1,128,50,213,457,1,-1,-1.000000
318,50,270,159,72,172,1,-1,-1.000000
318,52,416,149,76,177,1,-1,-1.000000
318,53,509,41,172,449,1,-1,-1.000000
318,54,333,139,77,207,1,-1,-1.000000
318,55,172,117,68,193,1,-1,-1.000000
318,56,400,185,78,154,1,-1,-1.000000
318,60,30,138,70,183,1,-1,-1.000000
318,61,272,202,23,59,1,-1,-1.000000
318,62,481,209,18,51,0,-1,-1.000000
319,1,133,50,213,457,1,-1,-1.000000
319,50,283,157,73,173,1,-1,-1.000000
319,52,432,146,70,181,1,-1,-1.000000
319,53,528,28,186,469,1,-1,-1.000000
319,54,336,131,85,213,1,-1,-1.000000
319,55,165,114,68,196,1,-1,-1.000000
319,56,419,181,69,157,1,-1,-1.000000
319,60,34,135,72,183,1,-1,-1.000000
319,61,266,200,23,59,1,-1,-1.000000
319,62,485,205,18,52,0,-1,-1.000000
320,1,138,50,213,457,1,-1,-1.000000
320,50,296,154,75,174,1,-1,-1.000000
320,52,446,141,65,186,1,-1,-1.000000
320,53,548,15,200,488,1,-1,-1.000000
320,54,339,125,94,218,1,-1,-1.000000
320,55,157,112,69,199,1,-1,-1.000000
320,56,439,177,60,159,1,-1,-1.000000
320,60,38,132,73,182,1,-1,-1.000000
320,61,260,200,23,58,0,-1,-1.000000
320,62,488,203,19,52,0,-1,-1.000000
321,1,143,50,213,457,1,-1,-1.000000
321,50,310,152,76,175,1,-1,-1.000000
321,52,462,137,59,190,1,-1,-1.000000
321,53,567,2,214,507,1,-1,-1.000000
321,54,342,117,102,224,1,-1,-1.000000
321,55,150,109,70,202,1,-1,-1.000000
321,56,459,174,51,161,1,-1,-1.000000
321,60,43,130,75,181,1,-1,-1.000000
321,61,254,199,23,58,0,-1,-1.000000
321,62,492,200,19,53,0,-1,-1.000000
321,63,523,168,60,132,1,-1,-1.000000
322,1,153,46,213,457,1,-1,-1.000000
322,50,320,148,77,178,1,-1,-1.000000
322,52,473,134,73,190,1,-1,-1.000000
322,54,359,113,98,228,1,-1,-1.000000
322,55,142,102,77,214,1,-1,-1.000000
322,56,472,168,63,167,1,-1,-1.000000
322,60,51,128,75,180,1,-1,-1.000000
322,61,249,197,22,58,0,-1,-1.000000
322,62,496,197,20,53,0,-1,-1.000000
322,63,521,164,60,136,1,-1,-1.000000
323,1,164,42,213,458,1,-1,-1.000000
323,50,332,143,77,182,1,-1,-1.000000
323,52,485,129,86,191,1,-1,-1.000000
323,54,377,110,94,232,1,-1,-1.000000
323,55,134,95,83,226,1,-1,-1.000000
323,56,486,161,75,174,1,-1,-1.000000
323,60,60,124,74,180,1,-1,-1.000000
323,61,243,197,22,57,0,-1,-1.000000
323,62,500,195,20,53,0,-1,-1.000000
323,63,518,158,61,141,1,-1,-1.000000
324,1,175,38,213,458,1,-1,-1.000000
324,50,343,138,78,185,1,-1,-1.000000
324,52,496,126,100,191,1,-1,-1.000000
324,54,394,106,89,236,1,-1,-1.000000
324,55,127,88,90,238,1,-1,-1.000000
324,56,499,154,87,180,1,-1,-1.000000
324,60,68,122,74,179,1,-1,-1.000000
324,61,237,195,22,57,0,-1,-1.000000
324,62,503,191,21,54,0,-1,-1.000000
324,63,516,154,61,145,1,-1,-1.000000
325,1,186,34,213,458,1,-1,-1.000000
325,50,354,134,78,188,1,-1,-1.000000
325,52,507,122,113,191,1,-1,-1.000000
325,54,412,102,85,240,1,-1,-1.000000
325,55,119,81,96,250,1,-1,-1.000000
325,56,513,148,99,186,1,-1,-1.000000
325,60,76,119,73,178,1,-1,-1.000000
325,61,231,194,22,57,0,-1,-1.000000
325,62,508,189,21,54,0,-1,-1.000000
325,63,514,149,61,150,1,-1,-1.000000
325,64,2,134,30,156,1,-1,-1.000000
325,65,551,148,57,137,1,-1,-1.000000
326,1,192,33,213,458,1,-1,-1.000000
326,50,360,133,84,190,1,-1,-1.000000
326,52,515,118,111,196,1,-1,-1.000000
326,54,415,99,90,245,1,-1,-1.000000
326,55,107,80,96,259,1,-1,-1.000000
326,56,524,146,99,189,1,-1,-1.000000
326,60,70,120,76,178,1,-1,-1.000000
326,61,225,193,22,56,0,-1,-1.000000
326,62,501,188,21,55,0,-1,-1.000000
326,63,512,144,61,154,1,-1,-1.000000
326,64,1,131,35,159,1,-1,-1.000000
326,65,545,146,56,141,1,-1,-1.000000
327,1,199,32,213,458,1,-1,-1.000000
327,50,365,133,89,192,1,-1,-1.000000
327,52,524,114,110,201,1,-1,-1.000000
327,54,418,96,96,249,1,-1,-1.000000
327,55,94,79,97,267,1,-1,-1.000000
327,56,535,144,99,192,1,-1,-1.000000
327,60,64,120,79,179,1,-1,-1.000000
327,61,219,192,22,56,0,-1,-1.000000
327,62,495,186,21,56,0,-1,-1.000000
327,63,510,140,62,158,1,-1,-1.000000
327,64,2,127,40,162,1,-1,-1.000000
327,65,538,145,56,145,1,-1,-1.000000
328,1,205,31,213,458,1,-1,-1.000000
328,50,371,133,95,193,1,-1,-1.000000
328,52,533,111,108,205,1,-1,-1.000000
328,54,420,93,101,254,1,-1,-1.000000
328,55,82,78,97,276,1,-1,-1.000000
328,56,547,142,98,195,1,-1,-1.000000
328,60,58,121,82,179,1,-1,-1.000000
328,61,213,191,22,55,0,-1,-1.000000
328,62,488,185,21,57,0,-1,-1.000000
328,63,508,134,62,163,1,-1,-1.000000
328,64,2,124,44,165,1,-1,-1.000000
328,65,531,143,55,149,1,-1,-1.000000
329,1,212,30,213,458,1,-1,-1.000000
329,50,377,132,100,195,1,-1,-1.000000
329,52,542,107,106,210,1,-1,-1.000000
329,54,424,90,106,258,1,-1,-1.000000
329,55,71,77,97,284,1,-1,-1.000000
329,56,558,140,98,198,1,-1,-1.000000
329,60,52,122,85,179,1,-1,-1.000000
329,61,207,190,22,55,0,-1,-1.000000
329,62,482,184,21,57,0,-1,-1.000000
329,63,506,130,62,167,1,-1,-1.000000
329,64,2,120,49,168,1,-1,-1.000000
329,65,525,141,54,153,1,-1,-1.000000
330,1,213,29,213,458,1,-1,-1.000000
330,50,387,130,95,201,1,-1,-1.000000
330,52,544,106,105,215,1,-1,-1.000000
330,54,431,89,102,260,1,-1,-1.000000
330,55,54,66,96,301,1,-1,-1.000000
330,56,570,143,94,195,1,-1,-1.000000
330,60,49,120,80,181,1,-1,-1.000000
330,61,196,190,22,55,0,-1,-1.000000
330,62,475,183,21,58,0,-1,-1.000000
330,63,499,127,62,171,1,-1,-1.000000
330,64,2,120,53,169,1,-1,-1.000000
330,65,518,140,53,156,1,-1,-1.000000
331,1,215,29,213,458,1,-1,-1.000000
331,50,397,129,89,207,1,-1,-1.000000
331,52,547,105,104,219,1,-1,-1.000000
331,54,439,89,98,262,1,-1,-1.000000
331,55,36,56,95,318,1,-1,-1.000000
331,56,581,146,90,192,1,-1,-1.000000
331,60,46,119,75,182,1,-1,-1.000000
331,61,184,190,23,55,0,-1,-1.000000
331,62,469,182,21,59,1,-1,-1.000000
331,63,492,125,61,175,1,-1,-1.000000
331,64,3,119,58,171,1,-1,-1.000000
331,65,511,139,53,160,1,-1,-1.000000
332,1,217,28,213,458,1,-1,-1.000000
332,50,408,127,84,213,1,-1,-1.000000
332,52,550,104,102,224,1,-1,-1.000000
332,54,446,88,93,264,1,-1,-1.000000
332,55,19,45,94,335,1,-1,-1.000000
332,56,593,148,86,189,1,-1,-1.000000
332,60,43,117,69,184,1,-1,-1.000000
332,61,173,190,23,55,0,-1,-1.000000
332,62,463,180,21,60,1,-1,-1.000000
332,63,485,123,61,178,1,-1,-1.000000
332,64,4,119,62,172,1,-1,-1.000000
332,65,505,137,52,164,1,-1,-1.000000
333,1,219,27,213,458,1,-1,-1.000000
333,50,418,125,78,219,1,-1,-1.000000
333,52,553,103,101,228,1,-1,-1.000000
333,54,454,87,89,266,1,-1,-1.000000
333,55,2,34,93,352,1,-1,-1.000000
333,56,604,151,82,186,1,-1,-1.000000
333,60,41,116,64,185,1,-1,-1.000000
333,61,163,190,23,55,0,-1,-1.000000
333,62,456,179,21,61,1,-1,-1.000000
333,63,480,121,60,182,1,-1,-1.000000
333,64,5,118,66,173,1,-1,-1.000000
333,65,499,135,51,168,1,-1,-1.000000
334,1,219,26,213,459,1,-1,-1.000000
334,50,418,123,84,219,1,-1,-1.000000
334,52,558,101,97,227,1,-1,-1.000000
334,54,457,82,96,271,1,-1,-1.000000
334,60,37,113,64,185,1,-1,-1.000000
334,61,150,189,22,54,0,-1,-1.000000
334,62,450,177,21,62,1,-1,-1.000000
334,63,473,118,60,186,1,-1,-1.000000
334,64,5,118,71,174,1,-1,-1.000000
335,1,219,25,213,460,1,-1,-1.000000
335,50,417,121,91,220,1,-1,-1.000000
335,52,563,101,94,225,1,-1,-1.000000
335,54,459,77,103,276,1,-1,-1.000000
335,60,31,112,65,184,1,-1,-1.000000
335,61,137,187,21,54,0,-1,-1.000000
335,62,443,177,21,62,1,-1,-1.000000
335,63,466,115,59,190,1,-1,-1.000000
335,64,6,117,75,176,1,-1,-1.000000
336,1,219,25,213,460,1,-1,-1.000000
336,50,417,119,97,220,1,-1,-1.000000
336,52,568,99,90,224,1,-1,-1.000000
336,54,462,71,109,281,1,-1,-1.000000
336,60,27,109,65,184,1,-1,-1.000000
336,61,124,186,20,53,0,-1,-1.000000
336,62,437,175,21,63,1,-1,-1.000000
336,63,459,114,59,193,1,-1,-1.000000
336,64,6,117,79,177,1,-1,-1.000000
337,1,220,24,213,461,1,-1,-1.000000
337,50,417,117,103,220,1,-1,-1.000000
337,52,573,98,86,222,1,-1,-1.000000
337,54,465,66,116,286,1,-1,-1.000000
337,60,23,107,65,183,1,-1,-1.000000
337,61,111,185,19,52,0,-1,-1.000000
337,62,431,174,21,64,1,-1,-1.000000
337,63,453,111,58,197,1,-1,-1.000000
337,64,7,117,84,178,1,-1,-1.000000
337,66,395,155,40,102,1,-1,-1.000000
337,67,205,193,14,40,0,-1,-1.000000
338,1,228,21,213,464,1,-1,-1.000000
338,50,431,118,91,221,1,-1,-1.000000
338,52,583,98,81,224,1,-1,-1.000000
338,54,471,65,118,290,1,-1,-1.000000
338,60,26,109,66,182,1,-1,-1.000000
338,63,447,110,59,201,1,-1,-1.000000
338,64,8,117,88,179,1,-1,-1.000000
338,67,201,194,14,41,0,-1,-1.000000
339,1,238,19,212,466,1,-1,-1.000000
339,50,446,118,78,222,1,-1,-1.000000
339,52,593,98,77,225,1,-1,-1.000000
339,54,477,64,120,293,1,-1,-1.000000
339,60,28,110,67,181,1,-1,-1.000000
339,63,443,108,60,206,1,-1,-1.000000
339,64,9,115,92,181,1,-1,-1.000000
339,67,196,194,15,42,0,-1,-1.000000
340,1,247,16,212,469,1,-1,-1.000000
340,50,460,120,66,222,1,-1,-1.000000
340,52,604,98,72,227,1,-1,-1.000000
340,54,482,63,122,297,1,-1,-1.000000
340,60,32,112,68,180,1,-1,-1.000000
340,63,437,106,61,210,1,-1,-1.000000
340,64,9,115,97,182,1,-1,-1.000000
340,67,192,195,15,43,0,-1,-1.000000
341,1,256,14,211,471,1,-1,-1.000000
341,50,475,120,53,223,1,-1,-1.000000
341,52,614,98,67,228,1,-1,-1.000000
341,54,488,62,124,300,1,-1,-1.000000
341,60,34,112,70,180,1,-1,-1.000000
341,63,432,105,62,214,1,-1,-1.000000
341,64,10,115,101,183,1,-1,-1.000000
341,67,188,195,15,44,0,-1,-1.000000
341,68,230,167,36,93,1,-1,-1.000000
342,1,264,11,211,474,1,-1,-1.000000
342,50,485,119,62,227,1,-1,-1.000000
342,54,507,61,127,305,1,-1,-1.000000
342,60,37,114,71,179,1,-1,-1.000000
342,63,431,104,67,221,1,-1,-1.000000
342,64,8,117,93,180,1,-1,-1.000000
342,67,187,196,15,44,0,-1,-1.000000
342,68,224,167,39,94,1,-1,-1.000000
343,1,274,9,210,477,1,-1,-1.000000
343,50,495,118,71,231,1,-1,-1.000000
343,54,528,61,130,310,1,-1,-1.000000
343,60,40,115,72,178,1,-1,-1.000000
343,63,432,101,71,229,1,-1,-1.000000
343,64,6,118,86,177,1,-1,-1.000000
343,67,187,197,15,44,0,-1,-1.000000
343,68,219,166,42,96,1,-1,-1.000000
344,1,283,7,210,479,1,-1,-1.000000
344,50,505,118,80,234,1,-1,-1.000000
344,54,547,61,133,314,1,-1,-1.000000
344,60,43,117,73,177,1,-1,-1.000000
344,63,432,100,76,236,1,-1,-1.000000
344,64,4,121,78,173,1,-1,-1.000000
344,67,188,198,14,44,0,-1,-1.000000
344,68,212,165,45,97,1,-1,-1.000000
345,1,292,4,209,482,1,-1,-1.000000
345,50,515,117,89,238,1,-1,-1.000000
345,54,567,60,136,319,1,-1,-1.000000
345,60,46,118,74,176,1,-1,-1.000000
345,63,432,98,80,243,1,-1,-1.000000
345,64,2,122,70,170,1,-1,-1.000000
345,67,188,199,14,44,0,-1,-1.000000
345,68,207,165,48,98,1,-1,-1.000000
346,1,297,3,210,483,1,-1,-1.000000
346,50,536,116,87,243,1,-1,-1.000000
346,60,56,122,76,173,1,-1,-1.000000
346,63,444,94,80,252,1,-1,-1.000000
346,64,13,123,66,171,1,-1,-1.000000
346,68,207,166,48,101,1,-1,-1.000000
347,1,302,3,210,484,1,-1,-1.000000
347,50,557,114,85,248,1,-1,-1.000000
347,60,67,125,78,171,1,-1,-1.000000
347,63,457,89,79,261,1,-1,-1.000000
347,64,24,124,63,172,1,-1,-1.000000
347,68,206,167,48,103,1,-1,-1.000000
348,1,306,3,211,484,1,-1,-1.000000
348,50,580,113,82,253,1,-1,-1.000000
348,60,77,129,80,168,1,-1,-1.000000
348,63,469,86,79,269,1,-1,-1.000000
348,64,35,125,59,173,1,-1,-1.000000
348,68,206,168,47,106,1,-1,-1.000000
349,1,311,2,211,485,1,-1,-1.000000
349,50,601,111,80,258,1,-1,-1.000000
349,60,87,133,82,165,1,-1,-1.000000
349,63,482,81,78,278,1,-1,-1.000000
349,64,47,126,55,174,1,-1,-1.000000
349,68,206,169,47,108,1,-1,-1.000000
349,69,4,199,14,34,0,-1,-1.000000
350,1,313,2,212,485,1,-1,-1.000000
350,60,99,130,78,167,1,-1,-1.000000
350,63,490,73,87,301,1,-1,-1.000000
350,64,53,127,60,168,1,-1,-1.000000
350,68,202,167,48,109,1,-1,-1.000000
351,1,316,2,212,485,1,-1,-1.000000
351,60,109,126,75,170,1,-1,-1.000000
351,63,498,65,96,325,1,-1,-1.000000
351,64,58,128,65,162,1,-1,-1.000000
351,68,198,163,48,111,1,-1,-1.000000
352,1,317,2,213,485,1,-1,-1.000000
352,60,121,123,71,172,1,-1,-1.000000
352,63,507,57,104,348,1,-1,-1.000000
352,64,64,128,70,156,1,-1,-1.000000
352,68,193,161,49,112,1,-1,-1.000000
353,1,320,2,213,485,1,-1,-1.000000
353,60,133,120,67,174,1,-1,-1.000000
353,63,515,49,113,371,1,-1,-1.000000
353,64,70,129,75,150,1,-1,-1.000000
353,68,190,158,49,113,1,-1,-1.000000
353,70,2,46,50,311,1,-1,-1.000000
353,71,503,58,80,305,1,-1,-1.000000
354,1,322,2,214,485,1,-1,-1.000000
354,60,140,120,69,174,1,-1,-1.000000
354,63,529,37,111,398,1,-1,-1.000000
354,64,83,128,69,153,1,-1,-1.000000
354,68,184,155,49,116,1,-1,-1.000000
354,70,2,45,64,312,1,-1,-1.000000
354,71,507,49,84,317,1,-1,-1.000000
355,1,325,1,214,486,1,-1,-1.000000
355,60,147,120,71,174,1,-1,-1.000000
355,63,544,25,110,425,1,-1,-1.000000
355,64,96,128,64,156,1,-1,-1.000000
355,68,178,152,49,118,1,-1,-1.000000
355,70,1,43,79,314,1,-1,-1.000000
355,71,511,40,87,329,1,-1,-1.000000
356,1,327,1,215,486,1,-1,-1.000000
356,60,154,119,73,174,1,-1,-1.000000
356,63,558,14,108,451,1,-1,-1.000000
356,64,109,127,58,159,1,-1,-1.000000
356,68,172,149,49,121,1,-1,-1.000000
356,70,1,42,93,315,1,-1,-1.000000
356,71,514,30,91,341,1,-1,-1.000000
357,1,330,1,215,486,1,-1,-1.000000
357,60,161,119,75,174,1,-1,-1.000000
357,63,573,2,106,478,1,-1,-1.000000
357,64,122,126,52,162,1,-1,-1.000000
357,68,166,146,49,123,1,-1,-1.000000
357,70,2,41,107,316,1,-1,-1.000000
357,71,519,21,94,353,1,-1,-1.000000
358,1,332,3,215,484,1,-1,-1.000000
358,60,167,127,70,173,1,-1,-1.000000
358,64,119,135,60,162,1,-1,-1.000000
358,68,155,155,48,124,1,-1,-1.000000
358,70,2,50,102,316,1,-1,-1.000000
358,71,514,20,113,371,1,-1,-1.000000
359,1,335,5,216,482,1,-1,-1.000000
359,60,173,136,66,172,1,-1,-1.000000
359,64,117,144,68,161,1,-1,-1.000000
359,68,144,163,47,126,1,-1,-1.000000
359,70,2,60,96,316,1,-1,-1.000000
359,71,510,19,133,389,1,-1,-1.000000
360,1,337,8,216,479,1,-1,-1.000000
360,60,178,145,61,170,1,-1,-1.000000
360,64,114,153,75,161,1,-1,-1.000000
360,68,133,171,46,127,1,-1,-1.000000
360,70,1,69,91,316,1,-1,-1.000000
360,71,506,18,152,406,1,-1,-1.000000
361,1,340,10,216,477,1,-1,-1.000000
361,60,185,153,56,169,1,-1,-1.000000
361,64,112,162,83,160,1,-1,-1.000000
361,68,122,180,45,128,1,-1,-1.000000
361,70,2,78,85,316,1,-1,-1.000000
361,71,502,17,171,424,1,-1,-1.000000
362,1,344,10,217,481,1,-1,-1.000000
362,60,186,159,56,165,1,-1,-1.000000
362,64,119,163,76,160,1,-1,-1.000000
362,68,108,180,51,133,1,-1,-1.000000
362,70,1,81,85,316,1,-1,-1.000000
362,71,510,13,161,441,1,-1,-1.000000
363,1,348,10,218,485,1,-1,-1.000000
363,60,187,163,56,162,1,-1,-1.000000
363,64,126,165,70,159,1,-1,-1.000000
363,68,95,180,58,137,1,-1,-1.000000
363,70,1,84,85,316,1,-1,-1.000000
363,71,518,10,151,458,1,-1,-1.000000
364,1,353,10,218,489,1,-1,-1.000000
364,60,188,169,56,158,1,-1,-1.000000
364,64,133,165,63,159,1,-1,-1.000000
364,68,81,180,64,142,1,-1,-1.000000
364,70,2,87,84,316,1,-1,-1.000000
364,71,526,6,141,475,1,-1,-1.000000
365,1,357,10,219,493,1,-1,-1.000000
365,60,189,174,56,154,1,-1,-1.000000
365,64,141,167,56,158,1,-1,-1.000000
365,68,68,180,70,146,1,-1,-1.000000
365,70,2,90,84,316,1,-1,-1.000000
365,71,535,2,131,492,1,-1,-1.000000
365,72,319,239,16,34,0,-1,-1.000000
366,1,364,9,219,493,1,-1,-1.000000
366,60,198,169,59,156,1,-1,-1.000000
366,64,147,165,58,155,1,-1,-1.000000
366,70,1,87,97,314,1,-1,-1.000000
366,72,320,235,15,34,0,-1,-1.000000
367,1,372,8,219,493,1,-1,-1.000000
367,60,209,164,62,158,1,-1,-1.000000
367,64,152,164,60,152,1,-1,-1.000000
367,70,1,84,110,313,1,-1,-1.000000
367,72,322,231,14,35,0,-1,-1.000000
368,1,380,6,219,493,1,-1,-1.000000
368,60,218,159,65,160,1,-1,-1.000000
368,64,158,162,61,149,1,-1,-1.000000
368,70,1,81,122,311,1,-1,-1.000000
368,72,322,227,13,35,0,-1,-1.000000
369,1,388,5,219,493,1,-1,-1.000000
369,60,228,154,68,162,1,-1,-1.000000
369,64,164,160,63,146,1,-1,-1.000000
369,70,1,78,135,309,1,-1,-1.000000
369,72,324,223,12,35,0,-1,-1.000000
370,1,395,4,219,493,1,-1,-1.000000
370,60,232,155,65,161,1,-1,-1.000000
370,64,173,159,61,149,1,-1,-1.000000
370,70,8,78,134,309,1,-1,-1.000000
370,72,324,224,12,34,0,-1,-1.000000
371,1,403,4,219,492,1,-1,-1.000000
371,60,237,155,61,160,1,-1,-1.000000
371,64,184,158,58,151,1,-1,-1.000000
371,70,15,79,133,309,1,-1,-1.000000
371,72,325,224,12,34,0,-1,-1.000000
372,1,410,2,219,492,1,-1,-1.000000
372,60,242,156,58,159,1,-1,-1.000000
372,64,194,157,56,154,1,-1,-1.000000
372,70,23,80,131,308,1,-1,-1.000000
372,72,325,224,12,33,0,-1,-1.000000
373,1,418,2,219,491,1,-1,-1.000000
373,60,247,156,54,158,1,-1,-1.000000
373,64,204,156,53,156,1,-1,-1.000000
373,70,31,80,130,308,1,-1,-1.000000
373,72,325,225,12,32,0,-1,-1.000000
373,73,2,110,45,266,1,-1,-1.000000
373,74,181,216,22,53,0,-1,-1.000000
374,1,425,2,219,490,1,-1,-1.000000
374,60,253,157,55,157,1,-1,-1.000000
374,64,209,156,53,155,1,-1,-1.000000
374,70,32,81,129,307,1,-1,-1.000000
374,73,2,105,48,277,1,-1,-1.000000
374,74,182,216,22,53,0,-1,-1.000000
375,1,433,2,219,489,1,-1,-1.000000
375,60,260,157,57,157,1,-1,-1.000000
375,64,214,157,54,154,1,-1,-1.000000
375,70,35,81,128,307,1,-1,-1.000000
375,73,2,101,51,288,1,-1,-1.000000
375,74,183,216,23,53,0,-1,-1.000000
376,1,441,2,219,487,1,-1,-1.000000
376,60,267,158,58,156,1,-1,-1.000000
376,64,220,157,54,153,1,-1,-1.000000
376,70,36,81,127,306,1,-1,-1.000000
376,73,2,96,54,299,1,-1,-1.000000
376,74,184,216,23,53,0,-1,-1.000000
377,1,449,2,219,486,1,-1,-1.000000
377,60,274,159,59,155,1,-1,-1.000000
377,64,225,157,54,152,1,-1,-1.000000
377,70,38,82,126,305,1,-1,-1.000000
377,73,2,91,57,310,1,-1,-1.000000
377,74,186,216,23,53,0,-1,-1.000000
377,75,459,192,28,90,1,-1,-1.000000
377,76,447,190,25,84,1,-1,-1.000000
378,1,473,2,219,486,1,-1,-1.000000
378,60,277,160,57,156,1,-1,-1.000000
378,64,228,160,53,151,1,-1,-1.000000
378,70,39,80,124,310,1,-1,-1.000000
378,73,1,86,53,311,1,-1,-1.000000
378,74,183,217,23,53,0,-1,-1.000000
378,75,458,194,29,90,1,-1,-1.000000
378,76,446,193,26,83,1,-1,-1.000000
379,1,498,2,219,487,1,-1,-1.000000
379,60,282,159,54,158,1,-1,-1.000000
379,64,232,163,52,150,1,-1,-1.000000
379,70,40,77,123,315,1,-1,-1.000000
379,73,2,82,48,311,1,-1,-1.000000
379,74,180,218,23,53,0,-1,-1.000000
379,75,457,195,30,90,1,-1,-1.000000
379,76,445,196,28,81,1,-1,-1.000000
380,1,523,2,219,487,1,-1,-1.000000
380,60,285,160,52,159,1,-1,-1.000000
380,64,235,165,51,149,1,-1,-1.000000
380,70,41,75,121,320,1,-1,-1.000000
380,73,2,77,44,312,1,-1,-1.000000
380,74,177,219,23,53,0,-1,-1.000000
380,75,456,197,31,90,1,-1,-1.000000
380,76,444,199,29,80,1,-1,-1.000000
381,1,548,2,219,487,1,-1,-1.000000
381,60,289,160,49,160,1,-1,-1.000000
381,64,239,168,50,148,1,-1,-1.000000
381,70,43,72,119,325,1,-1,-1.000000
381,73,2,73,39,312,1,-1,-1.000000
381,74,174,220,23,53,0,-1,-1.000000
381,75,455,198,32,90,1,-1,-1.000000
381,76,444,202,30,78,1,-1,-1.000000
381,77,524,165,48,168,1,-1,-1.000000
382,60,287,160,52,159,1,-1,-1.000000
382,64,237,167,50,147,1,-1,-1.000000
382,70,32,70,119,331,1,-1,-1.000000
382,74,167,219,23,53,0,-1,-1.000000
382,75,452,198,31,89,1,-1,-1.000000
382,76,441,200,29,77,1,-1,-1.000000
382,77,522,161,52,174,1,-1,-1.000000
383,60,284,160,56,158,1,-1,-1.000000
383,64,236,165,49,147,1,-1,-1.000000
383,70,22,67,119,337,1,-1,-1.000000
383,74,160,218,23,53,0,-1,-1.000000
383,75,451,197,30,88,1,-1,-1.000000
383,76,439,198,28,77,1,-1,-1.000000
383,77,521,158,56,180,1,-1,-1.000000
384,60,281,159,59,157,1,-1,-1.000000
384,64,234,164,49,146,1,-1,-1.000000
384,70,12,66,119,342,1,-1,-1.000000
384,74,153,217,23,53,0,-1,-1.000000
384,75,448,197,29,87,1,-1,-1.000000
384,76,435,196,27,76,1,-1,-1.000000
384,77,519,154,60,186,1,-1,-1.000000
385,60,279,159,62,156,1,-1,-1.000000
385,64,233,163,48,145,1,-1,-1.000000
385,70,2,63,119,348,1,-1,-1.000000
385,74,147,216,23,53,0,-1,-1.000000
385,75,446,196,28,86,1,-1,-1.000000
385,76,433,194,26,75,1,-1,-1.000000
385,77,517,150,64,192,1,-1,-1.000000
386,60,278,160,61,157,1,-1,-1.000000
386,64,231,165,50,145,1,-1,-1.000000
386,70,2,64,116,349,1,-1,-1.000000
386,74,138,217,24,54,0,-1,-1.000000
386,75,441,197,28,86,1,-1,-1.000000
386,76,428,195,26,75,1,-1,-1.000000
386,77,519,147,68,205,1,-1,-1.000000
387,60,278,160,59,159,1,-1,-1.000000
387,64,229,168,51,144,1,-1,-1.000000
387,70,2,66,113,350,1,-1,-1.000000
387,74,130,217,24,56,0,-1,-1.000000
387,75,436,199,28,85,1,-1,-1.000000
387,76,422,196,26,75,1,-1,-1.000000
387,77,521,144,72,218,1,-1,-1.000000
388,60,278,160,58,160,1,-1,-1.000000
388,64,227,169,53,144,1,-1,-1.000000
388,70,2,68,110,350,1,-1,-1.000000
388,74,120,217,25,57,0,-1,-1.000000
388,75,431,199,27,85,1,-1,-1.000000
388,76,417,197,26,75,1,-1,-1.000000
388,77,523,141,75,230,1,-1,-1.000000
389,60,278,161,56,161,1,-1,-1.000000
389,64,226,172,54,143,1,-1,-1.000000
389,70,2,69,107,351,1,-1,-1.000000
389,74,112,218,25,58,0,-1,-1.000000
389,75,427,201,27,84,1,-1,-1.000000
389,76,411,198,26,75,1,-1,-1.000000
389,77,525,138,79,243,1,-1,-1.000000
390,60,273,162,55,158,1,-1,-1.000000
390,64,222,171,53,143,1,-1,-1.000000
390,70,1,72,97,349,1,-1,-1.000000
390,74,100,217,25,59,1,-1,-1.000000
390,75,419,199,28,85,1,-1,-1.000000
390,76,404,197,26,77,1,-1,-1.000000
390,77,518,129,95,258,1,-1,-1.000000
391,60,268,164,54,155,1,-1,-1.000000
391,64,217,170,53,143,1,-1,-1.000000
391,70,2,75,86,347,1,-1,-1.000000
391,74,89,215,24,61,1,-1,-1.000000
391,75,410,199,29,85,1,-1,-1.000000
391,76,397,196,25,78,1,-1,-1.000000
391,77,512,120,110,273,1,-1,-1.000000
392,60,264,166,52,151,1,-1,-1.000000
392,64,214,168,52,143,1,-1,-1.000000
392,70,2,78,76,345,1,-1,-1.000000
392,74,77,214,24,62,1,-1,-1.000000
392,75,403,197,29,86,1,-1,-1.000000
392,76,389,195,25,80,1,-1,-1.000000
392,77,505,111,126,287,1,-1,-1.000000
393,60,259,167,51,148,1,-1,-1.000000
393,64,210,167,51,143,1,-1,-1.000000
393,70,2,81,65,343,1,-1,-1.000000
393,74,66,213,23,63,1,-1,-1.000000
393,75,395,196,30,86,1,-1,-1.000000
393,76,383,194,24,81,1,-1,-1.000000
393,77,499,102,141,302,1,-1,-1.000000
394,60,256,167,53,149,1,-1,-1.000000
394,64,208,168,52,143,1,-1,-1.000000
394,74,58,213,23,63,1,-1,-1.000000
394,75,389,196,32,86,1,-1,-1.000000
394,76,380,194,24,80,1,-1,-1.000000
394,77,499,93,149,326,1,-1,-1.000000
395,60,254,167,55,151,1,-1,-1.000000
395,64,206,168,53,143,1,-1,-1.000000
395,74,51,214,24,63,1,-1,-1.000000
395,75,383,197,33,86,1,-1,-1.000000
395,76,376,195,25,78,1,-1,-1.000000
395,77,499,85,157,349,1,-1,-1.000000
396,60,251,167,57,152,1,-1,-1.000000
396,64,205,169,54,143,1,-1,-1.000000
396,74,44,214,24,63,1,-1,-1.000000
396,75,377,197,35,86,1,-1,-1.000000
396,76,372,195,25,77,1,-1,-1.000000
396,77,499,75,165,373,1,-1,-1.000000
397,60,249,167,59,153,1,-1,-1.000000
397,64,203,169,55,143,1,-1,-1.000000
397,74,37,214,24,63,1,-1,-1.000000
397,75,372,197,36,86,1,-1,-1.000000
397,76,369,197,25,75,1,-1,-1.000000
397,77,500,67,173,396,1,-1,-1.000000
398,60,249,166,56,152,1,-1,-1.000000
398,64,202,167,53,145,1,-1,-1.000000
398,74,29,214,25,64,1,-1,-1.000000
398,75,370,198,33,84,1,-1,-1.000000
398,76,366,197,25,74,1,-1,-1.000000
398,77,516,56,175,419,1,-1,-1.000000
399,60,248,165,54,152,1,-1,-1.000000
399,64,201,165,51,147,1,-1,-1.000000
399,74,22,212,26,66,1,-1,-1.000000
399,75,369,199,30,82,1,-1,-1.000000
399,76,363,198,26,72,1,-1,-1.000000
399,77,534,44,176,442,1,-1,-1.000000
400,60,248,164,51,151,1,-1,-1.000000
400,64,201,163,48,149,1,-1,-1.000000
400,74,15,212,26,67,1,-1,-1.000000
400,75,366,200,27,80,1,-1,-1.000000
400,76,359,198,26,71,1,-1,-1.000000
400,77,550,33,178,465,1,-1,-1.000000
401,60,248,163,48,150,1,-1,-1.000000
401,64,200,161,46,151,1,-1,-1.000000
401,74,8,211,27,68,1,-1,-1.000000
401,75,365,201,24,78,1,-1,-1.000000
401,76,356,199,26,69,1,-1,-1.000000
401,77,567,21,179,488,1,-1,-1.000000
402,60,245,163,52,150,1,-1,-1.000000
402,64,198,162,50,150,1,-1,-1.000000
402,74,6,211,23,68,1,-1,-1.000000
402,75,362,199,25,79,1,-1,-1.000000
402,76,354,197,26,70,1,-1,-1.000000
403,60,242,162,56,150,1,-1,-1.000000
403,64,197,164,54,149,1,-1,-1.000000
403,74,5,211,19,69,1,-1,-1.000000
403,75,361,196,26,80,1,-1,-1.000000
403,76,352,195,26,71,1,-1,-1.000000
404,60,239,163,59,149,1,-1,-1.000000
404,64,195,166,57,147,1,-1,-1.000000
404,74,3,211,15,69,1,-1,-1.000000
404,75,358,195,27,80,1,-1,-1.000000
404,76,349,194,26,71,1,-1,-1.000000
405,60,236,162,63,149,1,-1,-1.000000
405,64,194,167,61,146,1,-1,-1.000000
405,74,2,211,11,69,1,-1,-1.000000
405,75,356,192,28,81,1,-1,-1.000000
405,76,347,192,26,72,1,-1,-1.000000
405,78,298,212,17,39,0,-1,-1.000000
406,60,239,160,60,149,1,-1,-1.000000
406,64,194,165,57,144,1,-1,-1.000000
406,75,354,191,29,81,1,-1,-1.000000
406,76,345,190,27,73,1,-1,-1.000000
407,60,242,158,57,149,1,-1,-1.000000
407,64,194,164,54,142,1,-1,-1.000000
407,75,353,190,30,81,1,-1,-1.000000
407,76,343,189,28,74,1,-1,-1.000000
408,60,245,155,54,149,1,-1,-1.000000
408,64,194,162,50,140,1,-1,-1.000000
408,75,352,189,30,80,1,-1,-1.000000
408,76,342,188,28,74,1,-1,-1.000000
409,60,248,153,51,149,1,-1,-1.000000
409,64,194,160,46,138,1,-1,-1.000000
409,75,350,188,31,80,1,-1,-1.000000
409,76,340,186,29,75,1,-1,-1.000000
410,60,246,154,50,149,1,-1,-1.000000
410,64,191,160,46,138,1,-1,-1.000000
410,75,346,187,30,80,1,-1,-1.000000
410,76,336,186,27,74,1,-1,-1.000000
411,60,244,154,48,149,1,-1,-1.000000
411,64,186,161,47,138,1,-1,-1.000000
411,75,341,186,29,80,1,-1,-1.000000
411,76,332,187,25,72,1,-1,-1.000000
412,60,241,156,47,148,1,-1,-1.000000
412,64,183,162,47,137,1,-1,-1.000000
412,75,337,185,27,80,1,-1,-1.000000
412,76,328,186,23,71,1,-1,-1.000000
413,60,239,156,45,148,1,-1,-1.000000
413,64,180,162,47,137,1,-1,-1.000000
413,75,333,184,26,80,1,-1,-1.000000
413,76,324,187,21,69,1,-1,-1.000000
414,60,233,159,46,146,1,-1,-1.000000
414,64,176,163,48,138,1,-1,-1.000000
414,75,326,187,27,79,1,-1,-1.000000
414,76,317,188,22,70,1,-1,-1.000000
415,60,227,161,46,144,1,-1,-1.000000
415,64,172,165,49,138,1,-1,-1.000000
415,75,320,190,27,78,1,-1,-1.000000
415,76,309,190,24,71,1,-1,-1.000000
416,60,220,165,47,141,1,-1,-1.000000
416,64,168,166,49,139,1,-1,-1.000000
416,75,314,192,28,77,1,-1,-1.000000
416,76,302,191,25,72,1,-1,-1.000000
417,60,214,167,47,139,1,-1,-1.000000
417,64,165,168,50,139,1,-1,-1.000000
417,75,308,195,28,76,1,-1,-1.000000
417,76,295,192,26,73,1,-1,-1.000000
417,79,540,40,155,401,1,-1,-1.000000
417,80,569,132,91,232,1,-1,-1.000000
418,60,210,165,47,138,1,-1,-1.000000
418,64,160,167,50,138,1,-1,-1.000000
418,75,301,194,29,76,1,-1,-1.000000
418,76,290,192,26,71,1,-1,-1.000000
418,79,524,40,162,402,1,-1,-1.000000
419,60,207,165,47,136,1,-1,-1.000000
419,64,154,166,51,136,1,-1,-1.000000
419,75,296,192,30,76,1,-1,-1.000000
419,76,285,192,27,70,1,-1,-1.000000
419,79,508,39,170,404,1,-1,-1.000000
