1,1,1367,393,73,225,1,-1,-1.000000
1,2,1477,417,73,175,1,-1,-1.000000
1,3,669,411,79,205,1,-1,-1.000000
1,4,1219,409,47,121,1,-1,-1.000000
1,5,469,431,71,175,1,-1,-1.000000
1,6,725,419,65,183,1,-1,-1.000000
1,9,549,435,59,169,1,-1,-1.000000
1,13,621,421,55,135,1,-1,-1.000000
1,15,1171,417,37,103,1,-1,-1.000000
1,17,591,425,55,177,1,-1,-1.000000
2,1,1365,393,73,227,1,-1,-1.000000
2,2,1469,417,73,175,1,-1,-1.000000
2,3,663,411,79,205,1,-1,-1.000000
2,4,1213,409,47,121,1,-1,-1.000000
2,5,463,429,71,177,1,-1,-1.000000
2,6,717,419,65,183,1,-1,-1.000000
2,9,543,435,59,169,1,-1,-1.000000
2,13,617,421,55,135,1,-1,-1.000000
2,15,1163,419,37,103,1,-1,-1.000000
2,17,585,425,55,177,1,-1,-1.000000
3,1,1363,393,75,231,1,-1,-1.000000
3,2,1463,419,73,175,1,-1,-1.000000
3,3,657,411,81,207,1,-1,-1.000000
3,4,1207,409,47,121,1,-1,-1.000000
3,5,457,429,73,177,1,-1,-1.000000
3,6,709,419,65,183,1,-1,-1.000000
3,9,537,435,61,169,1,-1,-1.000000
3,13,613,421,55,137,1,-1,-1.000000
3,15,1157,421,37,103,1,-1,-1.000000
3,17,579,425,57,179,1,-1,-1.000000
4,1,1361,393,77,233,1,-1,-1.000000
4,2,1457,419,73,175,1,-1,-1.000000
4,3,653,413,81,207,1,-1,-1.000000
4,4,1201,409,47,121,1,-1,-1.000000
4,5,453,429,71,177,1,-1,-1.000000
4,6,703,419,65,185,1,-1,-1.000000
4,9,533,435,59,171,1,-1,-1.000000
4,13,609,423,55,135,1,-1,-1.000000
4,15,1151,423,37,103,1,-1,-1.000000
4,17,575,427,57,177,1,-1,-1.000000
5,1,1361,393,77,237,1,-1,-1.000000
5,2,1451,421,73,175,1,-1,-1.000000
5,3,647,413,83,209,1,-1,-1.000000
5,4,1195,409,47,121,1,-1,-1.000000
5,5,447,429,73,177,1,-1,-1.000000
5,6,695,421,65,183,1,-1,-1.000000
5,9,527,437,61,169,1,-1,-1.000000
5,13,605,423,55,137,1,-1,-1.000000
5,15,1145,425,37,103,1,-1,-1.000000
5,17,569,427,57,179,1,-1,-1.000000
6,1,1359,393,77,239,1,-1,-1.000000
6,2,1445,421,73,175,1,-1,-1.000000
6,3,641,413,85,209,1,-1,-1.000000
6,4,1189,409,47,121,1,-1,-1.000000
6,5,443,429,73,179,1,-1,-1.000000
6,6,687,421,65,185,1,-1,-1.000000
6,9,523,437,59,171,1,-1,-1.000000
6,13,601,425,55,135,1,-1,-1.000000
6,15,1139,427,37,105,1,-1,-1.000000
6,17,565,429,57,177,1,-1,-1.000000
7,1,1357,393,79,243,1,-1,-1.000000
7,2,1439,423,73,175,1,-1,-1.000000
7,3,637,415,85,209,1,-1,-1.000000
7,4,1185,409,47,121,1,-1,-1.000000
7,5,437,429,73,179,1,-1,-1.000000
7,6,681,421,65,185,1,-1,-1.000000
7,9,517,437,61,171,1,-1,-1.000000
7,13,597,425,55,137,1,-1,-1.000000
7,15,1135,427,37,105,1,-1,-1.000000
7,17,559,429,59,179,1,-1,-1.000000
8,1,1355,393,81,245,1,-1,-1.000000
8,2,1433,423,73,175,1,-1,-1.000000
8,3,631,415,85,211,1,-1,-1.000000
8,4,1183,411,47,121,1,-1,-1.000000
8,5,431,429,75,179,1,-1,-1.000000
8,6,673,423,65,185,1,-1,-1.000000
8,9,513,437,59,173,1,-1,-1.000000
8,13,593,425,55,137,1,-1,-1.000000
8,15,1131,427,37,105,1,-1,-1.000000
8,17,553,429,59,179,1,-1,-1.000000
9,1,1355,395,81,247,1,-1,-1.000000
9,2,1427,425,73,175,1,-1,-1.000000
9,3,627,417,85,211,1,-1,-1.000000
9,4,1183,413,47,121,1,-1,-1.000000
9,5,427,427,73,181,1,-1,-1.000000
9,6,665,423,65,185,1,-1,-1.000000
9,9,507,439,61,171,1,-1,-1.000000
9,13,589,427,57,137,1,-1,-1.000000
9,15,1127,427,37,105,1,-1,-1.000000
9,17,549,431,59,179,1,-1,-1.000000
10,1,1357,395,81,249,1,-1,-1.000000
10,2,1421,425,73,175,1,-1,-1.000000
10,3,621,417,87,213,1,-1,-1.000000
10,4,1181,415,47,121,1,-1,-1.000000
10,5,421,427,75,181,1,-1,-1.000000
10,6,659,423,65,185,1,-1,-1.000000
10,9,503,439,59,173,1,-1,-1.000000
10,13,585,427,57,137,1,-1,-1.000000
10,15,1125,427,37,105,1,-1,-1.000000
10,17,543,431,61,179,1,-1,-1.000000
11,1,1359,395,83,251,1,-1,-1.000000
11,2,1415,427,73,175,1,-1,-1.000000
11,3,615,417,89,213,1,-1,-1.000000
11,4,1181,417,47,121,1,-1,-1.000000
11,5,417,427,75,183,1,-1,-1.000000
11,6,651,423,65,187,1,-1,-1.000000
11,9,497,439,61,173,1,-1,-1.000000
11,13,581,429,57,137,1,-1,-1.000000
11,15,1121,427,37,107,1,-1,-1.000000
11,17,539,433,61,179,1,-1,-1.000000
12,1,1363,395,83,255,1,-1,-1.000000
12,2,1409,427,73,175,1,-1,-1.000000
12,3,611,419,89,213,1,-1,-1.000000
12,4,1177,415,47,121,1,-1,-1.000000
12,5,411,427,75,183,1,-1,-1.000000
12,6,643,425,65,185,1,-1,-1.000000
12,9,493,441,61,173,1,-1,-1.000000
12,13,577,429,57,137,1,-1,-1.000000
12,15,1117,427,37,107,1,-1,-1.000000
12,17,537,431,61,179,1,-1,-1.000000
13,1,1365,395,85,257,1,-1,-1.000000
13,2,1403,429,73,175,1,-1,-1.000000
13,3,605,419,91,215,1,-1,-1.000000
13,4,1173,415,47,121,1,-1,-1.000000
13,5,405,427,77,183,1,-1,-1.000000
13,6,637,425,65,187,1,-1,-1.000000
13,9,487,439,61,173,1,-1,-1.000000
13,13,573,429,57,139,1,-1,-1.000000
13,15,1115,429,37,105,1,-1,-1.000000
13,17,535,431,61,179,1,-1,-1.000000
14,1,1369,395,85,261,1,-1,-1.000000
14,2,1397,429,73,175,1,-1,-1.000000
14,3,601,421,89,215,1,-1,-1.000000
14,4,1169,415,47,121,1,-1,-1.000000
14,5,401,427,75,183,1,-1,-1.000000
14,6,629,425,65,187,1,-1,-1.000000
14,9,483,437,61,175,1,-1,-1.000000
14,13,569,431,57,137,1,-1,-1.000000
14,15,1111,429,37,105,1,-1,-1.000000
14,17,533,429,61,181,1,-1,-1.000000
15,1,1371,395,87,263,1,-1,-1.000000
15,2,1391,431,73,175,1,-1,-1.000000
15,3,595,421,91,215,1,-1,-1.000000
15,4,1165,415,47,121,1,-1,-1.000000
15,5,395,427,77,183,1,-1,-1.000000
15,6,623,427,65,187,1,-1,-1.000000
15,9,479,437,61,175,1,-1,-1.000000
15,13,565,431,57,139,1,-1,-1.000000
15,15,1107,429,37,107,1,-1,-1.000000
15,17,531,429,63,181,1,-1,-1.000000
16,1,1375,395,87,267,1,-1,-1.000000
16,2,1385,431,73,175,1,-1,-1.000000
16,3,589,421,93,217,1,-1,-1.000000
16,4,1161,415,47,121,1,-1,-1.000000
16,5,391,427,77,185,1,-1,-1.000000
16,6,609,427,65,187,1,-1,-1.000000
16,9,469,437,61,177,1,-1,-1.000000
16,13,563,433,57,139,1,-1,-1.000000
16,15,1105,429,37,107,1,-1,-1.000000
16,17,521,431,63,181,1,-1,-1.000000
17,1,1371,395,87,271,1,-1,-1.000000
17,2,1379,433,73,175,1,-1,-1.000000
17,3,585,423,93,217,1,-1,-1.000000
17,4,1157,415,47,121,1,-1,-1.000000
17,5,379,429,77,185,1,-1,-1.000000
17,6,595,427,65,189,1,-1,-1.000000
17,9,461,439,61,177,1,-1,-1.000000
17,13,555,433,57,139,1,-1,-1.000000
17,15,1101,429,37,107,1,-1,-1.000000
17,17,513,433,63,181,1,-1,-1.000000
18,1,1367,397,87,273,1,-1,-1.000000
18,2,1373,433,73,175,1,-1,-1.000000
18,3,579,423,95,219,1,-1,-1.000000
18,4,1155,415,47,121,1,-1,-1.000000
18,5,367,431,79,187,1,-1,-1.000000
18,6,583,429,65,189,1,-1,-1.000000
18,9,451,441,61,177,1,-1,-1.000000
18,13,547,435,57,139,1,-1,-1.000000
18,15,1097,429,37,107,1,-1,-1.000000
18,17,505,437,63,181,1,-1,-1.000000
19,1,1363,397,89,277,1,-1,-1.000000
19,2,1367,435,73,175,1,-1,-1.000000
19,3,575,425,95,219,1,-1,-1.000000
19,4,1145,419,47,121,1,-1,-1.000000
19,5,357,433,77,187,1,-1,-1.000000
19,6,569,429,65,189,1,-1,-1.000000
19,9,443,443,61,177,1,-1,-1.000000
19,13,539,435,59,139,1,-1,-1.000000
19,15,1095,431,37,107,1,-1,-1.000000
19,17,495,439,65,181,1,-1,-1.000000
20,1,1361,399,87,279,1,-1,-1.000000
20,2,1361,435,73,175,1,-1,-1.000000
20,3,555,425,97,223,1,-1,-1.000000
20,4,1137,423,45,121,1,-1,-1.000000
20,5,345,437,79,187,1,-1,-1.000000
20,6,557,431,65,189,1,-1,-1.000000
20,9,433,445,61,177,1,-1,-1.000000
20,13,531,437,59,139,1,-1,-1.000000
20,15,1081,431,37,107,1,-1,-1.000000
20,17,487,441,65,181,1,-1,-1.000000
21,1,1357,399,89,283,1,-1,-1.000000
21,2,1355,437,73,175,1,-1,-1.000000
21,3,537,425,97,227,1,-1,-1.000000
21,4,1129,429,45,121,1,-1,-1.000000
21,5,335,439,77,187,1,-1,-1.000000
21,6,543,431,65,191,1,-1,-1.000000
21,9,425,447,61,177,1,-1,-1.000000
21,13,525,439,59,139,1,-1,-1.000000
21,15,1067,433,37,107,1,-1,-1.000000
21,17,479,445,65,181,1,-1,-1.000000
22,1,1353,401,89,285,1,-1,-1.000000
22,2,1337,437,73,175,1,-1,-1.000000
22,3,517,427,99,229,1,-1,-1.000000
22,4,1113,429,45,121,1,-1,-1.000000
22,5,323,441,79,189,1,-1,-1.000000
22,6,531,433,65,189,1,-1,-1.000000
22,9,415,449,61,177,1,-1,-1.000000
22,13,511,439,59,139,1,-1,-1.000000
22,15,1053,435,37,107,1,-1,-1.000000
22,17,461,445,65,181,1,-1,-1.000000
23,1,1351,403,89,287,1,-1,-1.000000
23,2,1319,437,73,175,1,-1,-1.000000
23,3,499,427,99,233,1,-1,-1.000000
23,4,1097,431,45,121,1,-1,-1.000000
23,5,313,445,79,189,1,-1,-1.000000
23,6,517,433,65,191,1,-1,-1.000000
23,9,407,451,61,177,1,-1,-1.000000
23,13,497,439,59,139,1,-1,-1.000000
23,15,1039,437,37,107,1,-1,-1.000000
23,17,445,445,65,181,1,-1,-1.000000
24,1,1335,403,89,289,1,-1,-1.000000
24,2,1301,437,73,175,1,-1,-1.000000
24,3,479,429,101,235,1,-1,-1.000000
24,4,1081,431,45,121,1,-1,-1.000000
24,5,293,445,79,189,1,-1,-1.000000
24,6,505,435,65,191,1,-1,-1.000000
24,9,399,453,61,177,1,-1,-1.000000
24,13,483,439,61,141,1,-1,-1.000000
24,15,1025,437,37,107,1,-1,-1.000000
24,17,427,445,65,183,1,-1,-1.000000
25,1,1319,403,91,293,1,-1,-1.000000
25,2,1283,437,73,175,1,-1,-1.000000
25,3,461,429,103,239,1,-1,-1.000000
25,4,1067,433,45,121,1,-1,-1.000000
25,5,275,445,79,191,1,-1,-1.000000
25,6,491,435,65,191,1,-1,-1.000000
25,9,377,453,61,177,1,-1,-1.000000
25,13,471,441,59,139,1,-1,-1.000000
25,15,1011,439,37,107,1,-1,-1.000000
25,17,411,445,65,183,1,-1,-1.000000
26,1,1305,403,89,297,1,-1,-1.000000
26,2,1267,437,73,175,1,-1,-1.000000
26,3,441,429,105,243,1,-1,-1.000000
26,4,1051,433,45,121,1,-1,-1.000000
26,5,257,447,79,191,1,-1,-1.000000
26,6,479,437,65,191,1,-1,-1.000000
26,9,355,455,61,177,1,-1,-1.000000
26,13,457,441,59,139,1,-1,-1.000000
26,15,997,441,39,107,1,-1,-1.000000
26,17,393,445,65,185,1,-1,-1.000000
27,1,1289,403,91,301,1,-1,-1.000000
27,2,1249,437,73,175,1,-1,-1.000000
27,3,423,431,105,245,1,-1,-1.000000
27,4,1035,435,45,121,1,-1,-1.000000
27,5,237,447,81,193,1,-1,-1.000000
27,6,465,437,65,193,1,-1,-1.000000
27,9,333,457,61,177,1,-1,-1.000000
27,13,443,441,61,141,1,-1,-1.000000
27,15,983,443,39,107,1,-1,-1.000000
27,17,377,445,65,185,1,-1,-1.000000
28,1,1275,405,91,303,1,-1,-1.000000
28,2,1231,437,73,175,1,-1,-1.000000
28,3,403,431,107,251,1,-1,-1.000000
28,4,1021,435,45,121,1,-1,-1.000000
28,5,219,447,81,193,1,-1,-1.000000
28,6,453,439,65,193,1,-1,-1.000000
28,9,313,457,61,179,1,-1,-1.000000
28,13,431,441,59,141,1,-1,-1.000000
28,15,969,443,39,107,1,-1,-1.000000
28,17,359,445,65,185,1,-1,-1.000000
29,1,1269,405,91,305,1,-1,-1.000000
29,2,1213,437,73,175,1,-1,-1.000000
29,3,385,433,107,253,1,-1,-1.000000
29,4,1005,437,45,121,1,-1,-1.000000
29,5,201,449,81,193,1,-1,-1.000000
29,6,429,439,65,193,1,-1,-1.000000
29,9,291,459,61,179,1,-1,-1.000000
29,13,417,443,59,139,1,-1,-1.000000
29,15,955,445,39,107,1,-1,-1.000000
29,17,343,445,65,187,1,-1,-1.000000
30,1,1263,405,93,309,1,-1,-1.000000
30,2,1195,437,73,175,1,-1,-1.000000
30,3,365,433,109,257,1,-1,-1.000000
30,4,989,437,45,121,1,-1,-1.000000
30,5,181,449,83,195,1,-1,-1.000000
30,6,407,441,65,193,1,-1,-1.000000
30,9,269,461,61,179,1,-1,-1.000000
30,13,403,443,61,141,1,-1,-1.000000
30,15,941,447,39,107,1,-1,-1.000000
30,17,325,445,65,187,1,-1,-1.000000
31,1,1259,407,91,311,1,-1,-1.000000
31,2,1179,437,73,175,1,-1,-1.000000
31,3,347,433,111,261,1,-1,-1.000000
31,4,975,439,45,121,1,-1,-1.000000
31,5,163,449,83,197,1,-1,-1.000000
31,6,383,441,65,193,1,-1,-1.000000
31,9,249,463,61,179,1,-1,-1.000000
31,13,391,443,59,141,1,-1,-1.000000
31,15,927,449,39,107,1,-1,-1.000000
31,17,309,447,65,187,1,-1,-1.000000
32,1,1253,407,93,315,1,-1,-1.000000
32,2,1167,441,73,175,1,-1,-1.000000
32,3,327,435,113,263,1,-1,-1.000000
32,4,963,441,45,121,1,-1,-1.000000
32,5,145,451,83,195,1,-1,-1.000000
32,6,361,443,65,193,1,-1,-1.000000
32,9,235,463,61,179,1,-1,-1.000000
32,13,377,443,59,141,1,-1,-1.000000
32,15,915,451,39,107,1,-1,-1.000000
32,17,297,447,65,189,1,-1,-1.000000
33,1,1247,407,93,319,1,-1,-1.000000
33,2,1155,445,73,175,1,-1,-1.000000
33,3,309,435,113,267,1,-1,-1.000000
33,4,953,443,45,121,1,-1,-1.000000
33,5,125,451,85,197,1,-1,-1.000000
33,6,351,443,65,193,1,-1,-1.000000
33,9,221,463,63,179,1,-1,-1.000000
33,13,363,445,61,141,1,-1,-1.000000
33,15,905,451,39,107,1,-1,-1.000000
33,17,287,449,65,189,1,-1,-1.000000
34,1,1243,409,93,321,1,-1,-1.000000
34,2,1143,449,73,175,1,-1,-1.000000
34,3,289,437,115,269,1,-1,-1.000000
34,4,941,445,45,121,1,-1,-1.000000
34,5,107,451,85,199,1,-1,-1.000000
34,6,341,443,65,193,1,-1,-1.000000
34,9,209,463,61,181,1,-1,-1.000000
34,13,349,445,61,141,1,-1,-1.000000
34,15,897,453,39,107,1,-1,-1.000000
34,17,275,451,65,189,1,-1,-1.000000
35,1,1237,409,93,325,1,-1,-1.000000
35,2,1131,455,73,175,1,-1,-1.000000
35,3,271,437,115,273,1,-1,-1.000000
35,4,931,447,45,121,1,-1,-1.000000
35,5,89,453,85,199,1,-1,-1.000000
35,6,331,443,65,193,1,-1,-1.000000
35,9,195,463,63,181,1,-1,-1.000000
35,13,337,445,59,141,1,-1,-1.000000
35,15,889,453,39,107,1,-1,-1.000000
35,17,265,453,65,189,1,-1,-1.000000
36,1,1233,411,93,327,1,-1,-1.000000
36,2,1123,453,73,175,1,-1,-1.000000
36,3,253,439,117,277,1,-1,-1.000000
36,4,921,449,45,121,1,-1,-1.000000
36,5,79,451,85,199,1,-1,-1.000000
36,6,323,443,65,195,1,-1,-1.000000
36,9,183,463,63,183,1,-1,-1.000000
36,13,323,445,61,143,1,-1,-1.000000
36,15,879,455,39,107,1,-1,-1.000000
36,17,253,453,65,191,1,-1,-1.000000
37,1,1231,409,97,331,1,-1,-1.000000
37,2,1117,451,73,175,1,-1,-1.000000
37,3,237,437,119,281,1,-1,-1.000000
37,4,915,445,45,121,1,-1,-1.000000
37,5,71,449,85,201,1,-1,-1.000000
37,6,313,443,65,195,1,-1,-1.000000
37,9,173,461,63,183,1,-1,-1.000000
37,13,309,447,61,141,1,-1,-1.000000
37,15,871,455,39,107,1,-1,-1.000000
37,17,243,455,65,191,1,-1,-1.000000
38,1,1231,407,99,337,1,-1,-1.000000
38,2,1111,449,73,175,1,-1,-1.000000
38,3,223,437,119,285,1,-1,-1.000000
38,4,909,441,45,121,1,-1,-1.000000
38,5,63,449,85,201,1,-1,-1.000000
38,6,303,443,65,195,1,-1,-1.000000
38,9,165,461,63,183,1,-1,-1.000000
38,13,297,447,59,141,1,-1,-1.000000
38,15,863,457,39,107,1,-1,-1.000000
38,17,231,457,65,191,1,-1,-1.000000
39,1,1231,405,101,341,1,-1,-1.000000
39,2,1103,447,73,175,1,-1,-1.000000
39,3,209,437,121,287,1,-1,-1.000000
39,4,903,439,45,121,1,-1,-1.000000
39,5,53,447,87,201,1,-1,-1.000000
39,6,293,443,67,195,1,-1,-1.000000
39,9,157,461,63,183,1,-1,-1.000000
39,13,283,447,61,143,1,-1,-1.000000
39,15,857,455,39,107,1,-1,-1.000000
39,17,221,459,65,191,1,-1,-1.000000
40,1,1231,405,105,345,1,-1,-1.000000
40,2,1097,445,73,175,1,-1,-1.000000
40,3,195,437,121,291,1,-1,-1.000000
40,4,897,435,45,121,1,-1,-1.000000
40,5,45,445,87,203,1,-1,-1.000000
40,6,285,443,65,197,1,-1,-1.000000
40,9,147,459,63,185,1,-1,-1.000000
40,13,269,447,61,143,1,-1,-1.000000
40,15,851,453,39,107,1,-1,-1.000000
40,17,211,457,65,191,1,-1,-1.000000
41,1,1231,403,107,349,1,-1,-1.000000
41,2,1091,443,73,175,1,-1,-1.000000
41,3,181,437,123,295,1,-1,-1.000000
41,4,891,433,45,121,1,-1,-1.000000
41,5,37,445,87,203,1,-1,-1.000000
41,6,275,443,65,197,1,-1,-1.000000
41,9,137,459,63,185,1,-1,-1.000000
41,13,257,449,61,143,1,-1,-1.000000
41,15,845,451,39,109,1,-1,-1.000000
41,17,203,457,65,191,1,-1,-1.000000
42,1,1231,401,109,355,1,-1,-1.000000
42,2,1083,441,73,175,1,-1,-1.000000
42,3,165,437,125,297,1,-1,-1.000000
42,4,885,433,45,121,1,-1,-1.000000
42,5,29,445,85,203,1,-1,-1.000000
42,6,265,443,67,197,1,-1,-1.000000
42,9,127,459,63,185,1,-1,-1.000000
42,13,251,447,61,143,1,-1,-1.000000
42,15,841,451,39,107,1,-1,-1.000000
42,17,193,455,65,193,1,-1,-1.000000
43,1,1229,399,115,359,1,-1,-1.000000
43,2,1077,439,73,175,1,-1,-1.000000
43,3,151,437,127,301,1,-1,-1.000000
43,4,881,433,45,121,1,-1,-1.000000
43,5,21,445,83,203,1,-1,-1.000000
43,6,255,443,67,197,1,-1,-1.000000
43,7,911,437,41,105,1,-1,-1.000000
43,9,117,459,63,185,1,-1,-1.000000
43,13,245,447,61,143,1,-1,-1.000000
43,15,835,449,39,109,1,-1,-1.000000
43,17,185,455,65,193,1,-1,-1.000000
44,1,1229,399,117,363,1,-1,-1.000000
44,2,1071,439,73,175,1,-1,-1.000000
44,3,137,437,127,303,1,-1,-1.000000
44,4,875,433,45,121,1,-1,-1.000000
44,5,15,445,79,205,1,-1,-1.000000
44,6,247,443,65,199,1,-1,-1.000000
44,7,905,435,41,105,1,-1,-1.000000
44,9,107,459,63,185,1,-1,-1.000000
44,13,239,447,61,143,1,-1,-1.000000
44,15,829,447,39,109,1,-1,-1.000000
44,17,175,453,65,195,1,-1,-1.000000
45,1,1229,397,119,367,1,-1,-1.000000
45,2,1063,437,73,175,1,-1,-1.000000
45,3,123,437,129,307,1,-1,-1.000000
45,4,871,433,45,121,1,-1,-1.000000
45,5,7,445,77,205,1,-1,-1.000000
45,6,237,443,67,199,1,-1,-1.000000
45,7,901,433,41,107,1,-1,-1.000000
45,9,97,459,63,185,1,-1,-1.000000
45,13,233,447,61,143,1,-1,-1.000000
45,15,823,447,39,107,1,-1,-1.000000
45,17,167,453,65,193,1,-1,-1.000000
46,1,1229,395,121,373,1,-1,-1.000000
46,2,1055,437,73,175,1,-1,-1.000000
46,3,109,437,129,311,1,-1,-1.000000
46,4,865,433,45,121,1,-1,-1.000000
46,5,1,447,73,205,1,-1,-1.000000
46,6,227,443,67,199,1,-1,-1.000000
46,7,897,433,41,107,1,-1,-1.000000
46,9,87,459,63,185,1,-1,-1.000000
46,13,227,445,61,145,1,-1,-1.000000
46,15,819,445,39,109,1,-1,-1.000000
46,17,157,451,65,195,1,-1,-1.000000
47,1,1229,393,125,377,1,-1,-1.000000
47,2,1047,437,73,175,1,-1,-1.000000
47,3,93,437,133,313,1,-1,-1.000000
47,4,861,433,45,121,1,-1,-1.000000
47,5,1,447,61,205,1,-1,-1.000000
47,6,217,443,67,199,1,-1,-1.000000
47,7,891,431,43,109,1,-1,-1.000000
47,9,77,457,63,187,1,-1,-1.000000
47,13,221,445,63,145,1,-1,-1.000000
47,15,813,443,39,109,1,-1,-1.000000
47,17,149,451,65,195,1,-1,-1.000000
48,1,1229,393,127,381,1,-1,-1.000000
48,2,1039,435,73,175,1,-1,-1.000000
48,3,79,437,133,317,1,-1,-1.000000
48,4,855,433,45,121,1,-1,-1.000000
48,5,1,447,51,207,1,-1,-1.000000
48,6,209,443,67,201,1,-1,-1.000000
48,7,887,431,43,109,1,-1,-1.000000
48,9,67,457,63,187,1,-1,-1.000000
48,13,215,445,63,143,1,-1,-1.000000
48,15,807,443,39,109,1,-1,-1.000000
48,17,139,449,65,197,1,-1,-1.000000
49,1,1227,391,131,385,1,-1,-1.000000
49,2,1031,435,73,175,1,-1,-1.000000
49,3,65,437,135,319,1,-1,-1.000000
49,4,851,433,45,121,1,-1,-1.000000
49,5,1,447,41,209,1,-1,-1.000000
49,6,199,443,67,201,1,-1,-1.000000
49,7,883,429,41,109,1,-1,-1.000000
49,9,57,457,63,187,1,-1,-1.000000
49,13,209,445,63,143,1,-1,-1.000000
49,15,801,441,39,109,1,-1,-1.000000
49,17,131,449,65,197,1,-1,-1.000000
50,1,1227,389,135,391,1,-1,-1.000000
50,2,1023,435,73,175,1,-1,-1.000000
50,3,51,437,135,323,1,-1,-1.000000
50,4,845,433,45,121,1,-1,-1.000000
50,5,1,447,31,211,1,-1,-1.000000
50,6,189,443,67,201,1,-1,-1.000000
50,7,877,429,43,109,1,-1,-1.000000
50,9,47,457,63,187,1,-1,-1.000000
50,13,203,445,63,143,1,-1,-1.000000
50,15,797,439,39,109,1,-1,-1.000000
50,17,123,449,63,195,1,-1,-1.000000
51,1,1227,387,137,395,1,-1,-1.000000
51,2,1015,435,73,175,1,-1,-1.000000
51,3,37,437,137,327,1,-1,-1.000000
51,4,841,433,45,121,1,-1,-1.000000
51,6,181,445,67,201,1,-1,-1.000000
51,7,873,427,43,111,1,-1,-1.000000
51,9,37,457,63,187,1,-1,-1.000000
51,13,197,443,63,145,1,-1,-1.000000
51,15,791,437,39,111,1,-1,-1.000000
51,17,113,447,65,197,1,-1,-1.000000
52,1,1227,387,139,399,1,-1,-1.000000
52,2,1007,433,73,175,1,-1,-1.000000
52,3,29,431,125,335,1,-1,-1.000000
52,4,835,431,45,121,1,-1,-1.000000
52,6,171,443,67,201,1,-1,-1.000000
52,7,869,427,43,111,1,-1,-1.000000
52,9,27,457,63,187,1,-1,-1.000000
52,13,191,443,63,145,1,-1,-1.000000
52,15,785,437,39,109,1,-1,-1.000000
52,17,105,447,63,197,1,-1,-1.000000
53,1,1227,385,141,403,1,-1,-1.000000
53,2,999,433,73,175,1,-1,-1.000000
53,3,21,427,115,343,1,-1,-1.000000
53,4,829,429,45,121,1,-1,-1.000000
53,6,161,443,69,201,1,-1,-1.000000
53,7,863,425,45,113,1,-1,-1.000000
53,13,185,443,65,145,1,-1,-1.000000
53,15,779,435,39,111,1,-1,-1.000000
53,17,95,445,65,199,1,-1,-1.000000
54,1,1227,383,145,409,1,-1,-1.000000
54,2,991,433,73,175,1,-1,-1.000000
54,3,15,421,103,351,1,-1,-1.000000
54,4,823,429,45,121,1,-1,-1.000000
54,6,151,441,69,201,1,-1,-1.000000
54,7,859,425,43,111,1,-1,-1.000000
54,13,179,443,65,143,1,-1,-1.000000
54,15,775,433,39,111,1,-1,-1.000000
54,17,87,445,63,199,1,-1,-1.000000
55,1,1225,381,149,413,1,-1,-1.000000
55,2,985,433,71,175,1,-1,-1.000000
55,3,7,417,93,359,1,-1,-1.000000
55,4,817,427,45,121,1,-1,-1.000000
55,6,141,441,71,201,1,-1,-1.000000
55,7,855,423,43,113,1,-1,-1.000000
55,13,173,441,65,145,1,-1,-1.000000
55,15,769,433,39,109,1,-1,-1.000000
55,17,77,443,65,199,1,-1,-1.000000
56,1,1225,381,151,417,1,-1,-1.000000
56,2,979,431,71,175,1,-1,-1.000000
56,4,811,427,45,121,1,-1,-1.000000
56,6,131,439,73,203,1,-1,-1.000000
56,7,849,423,45,113,1,-1,-1.000000
56,13,167,441,65,145,1,-1,-1.000000
56,15,763,431,39,111,1,-1,-1.000000
56,17,69,443,63,199,1,-1,-1.000000
57,1,1225,379,155,421,1,-1,-1.000000
57,2,975,429,71,175,1,-1,-1.000000
57,4,805,425,45,121,1,-1,-1.000000
57,6,121,439,73,201,1,-1,-1.000000
57,7,845,421,45,115,1,-1,-1.000000
57,13,161,441,65,145,1,-1,-1.000000
57,15,757,429,39,111,1,-1,-1.000000
57,17,59,441,65,201,1,-1,-1.000000
58,1,1225,377,157,427,1,-1,-1.000000
58,2,969,429,71,175,1,-1,-1.000000
58,4,799,423,45,121,1,-1,-1.000000
58,6,111,437,75,203,1,-1,-1.000000
58,7,841,421,45,115,1,-1,-1.000000
58,13,155,441,65,145,1,-1,-1.000000
58,15,753,429,39,111,1,-1,-1.000000
58,17,51,441,63,201,1,-1,-1.000000
59,1,1225,375,159,431,1,-1,-1.000000
59,2,965,427,71,175,1,-1,-1.000000
59,4,793,423,45,121,1,-1,-1.000000
59,6,101,437,75,201,1,-1,-1.000000
59,7,839,419,45,117,1,-1,-1.000000
59,13,151,441,65,145,1,-1,-1.000000
59,15,747,431,39,111,1,-1,-1.000000
59,17,43,441,63,201,1,-1,-1.000000
60,1,1225,375,163,435,1,-1,-1.000000
60,2,959,427,71,175,1,-1,-1.000000
60,4,787,421,45,121,1,-1,-1.000000
60,6,91,435,77,203,1,-1,-1.000000
60,7,839,419,45,117,1,-1,-1.000000
60,13,147,441,65,145,1,-1,-1.000000
60,15,741,433,39,111,1,-1,-1.000000
60,17,37,441,63,201,1,-1,-1.000000
61,1,1233,373,165,445,1,-1,-1.000000
61,2,955,425,71,175,1,-1,-1.000000
61,4,781,421,45,121,1,-1,-1.000000
61,6,81,435,79,203,1,-1,-1.000000
61,7,837,419,45,117,1,-1,-1.000000
61,13,143,441,65,145,1,-1,-1.000000
61,15,735,435,39,111,1,-1,-1.000000
61,17,31,441,63,203,1,-1,-1.000000
62,1,1243,371,167,455,1,-1,-1.000000
62,2,949,425,71,175,1,-1,-1.000000
62,4,779,419,45,121,1,-1,-1.000000
62,6,75,433,77,205,1,-1,-1.000000
62,7,837,419,45,117,1,-1,-1.000000
62,13,141,441,65,147,1,-1,-1.000000
62,15,729,439,39,111,1,-1,-1.000000
62,17,25,443,63,203,1,-1,-1.000000
63,1,1253,369,169,465,1,-1,-1.000000
63,2,945,423,71,175,1,-1,-1.000000
63,4,777,419,45,121,1,-1,-1.000000
63,6,71,433,75,205,1,-1,-1.000000
63,7,835,419,47,119,1,-1,-1.000000
63,13,137,443,65,145,1,-1,-1.000000
63,15,727,437,39,111,1,-1,-1.000000
63,17,19,443,63,203,1,-1,-1.000000
64,1,1261,367,173,475,1,-1,-1.000000
64,2,941,423,71,175,1,-1,-1.000000
64,4,775,419,45,121,1,-1,-1.000000
64,6,65,433,75,205,1,-1,-1.000000
64,7,835,419,45,119,1,-1,-1.000000
64,13,135,443,65,147,1,-1,-1.000000
64,15,725,435,39,111,1,-1,-1.000000
64,17,13,445,63,203,1,-1,-1.000000
65,1,1271,365,175,485,1,-1,-1.000000
65,2,937,423,71,175,1,-1,-1.000000
65,4,773,419,45,121,1,-1,-1.000000
65,6,61,433,73,207,1,-1,-1.000000
65,7,833,419,47,119,1,-1,-1.000000
65,13,131,443,65,147,1,-1,-1.000000
65,15,725,433,39,111,1,-1,-1.000000
65,17,7,445,63,205,1,-1,-1.000000
66,1,1281,363,175,495,1,-1,-1.000000
66,2,933,423,71,175,1,-1,-1.000000
66,4,771,419,45,121,1,-1,-1.000000
66,6,55,433,73,207,1,-1,-1.000000
66,7,833,419,45,119,1,-1,-1.000000
66,13,129,445,65,147,1,-1,-1.000000
66,15,723,431,39,111,1,-1,-1.000000
66,17,1,447,63,205,1,-1,-1.000000
67,1,1289,361,179,505,1,-1,-1.000000
67,2,929,423,71,175,1,-1,-1.000000
67,4,769,419,45,121,1,-1,-1.000000
67,6,51,433,69,207,1,-1,-1.000000
67,7,831,419,47,119,1,-1,-1.000000
67,13,125,443,65,147,1,-1,-1.000000
67,15,723,429,39,111,1,-1,-1.000000
67,17,1,443,57,201,1,-1,-1.000000
68,1,1299,359,181,515,1,-1,-1.000000
68,2,925,423,71,175,1,-1,-1.000000
68,4,767,417,45,123,1,-1,-1.000000
68,6,45,433,69,207,1,-1,-1.000000
68,7,831,419,47,121,1,-1,-1.000000
68,13,121,443,65,145,1,-1,-1.000000
68,15,721,427,39,111,1,-1,-1.000000
68,17,1,439,51,197,1,-1,-1.000000
69,1,1309,357,183,525,1,-1,-1.000000
69,2,921,423,71,175,1,-1,-1.000000
69,4,765,417,45,123,1,-1,-1.000000
69,6,41,433,67,209,1,-1,-1.000000
69,7,829,417,47,123,1,-1,-1.000000
69,13,119,441,65,147,1,-1,-1.000000
69,15,721,425,39,113,1,-1,-1.000000
70,1,1317,355,187,535,1,-1,-1.000000
70,2,917,423,71,175,1,-1,-1.000000
70,4,763,417,45,123,1,-1,-1.000000
70,6,35,431,67,211,1,-1,-1.000000
70,7,829,417,47,123,1,-1,-1.000000
70,13,115,441,65,145,1,-1,-1.000000
70,15,717,425,39,113,1,-1,-1.000000
71,1,1327,353,187,545,1,-1,-1.000000
71,2,913,423,71,175,1,-1,-1.000000
71,4,761,417,47,123,1,-1,-1.000000
71,6,31,431,65,211,1,-1,-1.000000
71,7,827,417,47,123,1,-1,-1.000000
71,8,525,433,33,87,1,-1,-1.000000
71,12,71,415,75,203,1,-1,-1.000000
71,13,111,439,65,147,1,-1,-1.000000
71,15,715,425,39,113,1,-1,-1.000000
72,1,1337,351,189,555,1,-1,-1.000000
72,2,911,423,71,175,1,-1,-1.000000
72,4,759,417,47,121,1,-1,-1.000000
72,6,25,431,63,211,1,-1,-1.000000
72,7,827,417,47,123,1,-1,-1.000000
72,8,523,431,33,87,1,-1,-1.000000
72,12,65,413,75,203,1,-1,-1.000000
72,13,109,439,65,145,1,-1,-1.000000
72,15,713,425,39,113,1,-1,-1.000000
73,1,1345,349,193,565,1,-1,-1.000000
73,2,907,423,71,175,1,-1,-1.000000
73,4,757,417,47,121,1,-1,-1.000000
73,6,21,431,61,213,1,-1,-1.000000
73,7,825,417,49,125,1,-1,-1.000000
73,8,523,431,33,87,1,-1,-1.000000
73,12,59,413,77,203,1,-1,-1.000000
73,13,105,437,65,147,1,-1,-1.000000
73,15,711,425,39,113,1,-1,-1.000000
74,1,1355,347,195,575,1,-1,-1.000000
74,2,903,423,71,175,1,-1,-1.000000
74,4,755,415,47,123,1,-1,-1.000000
74,6,15,431,61,213,1,-1,-1.000000
74,7,825,417,47,125,1,-1,-1.000000
74,8,523,429,33,89,1,-1,-1.000000
74,12,53,413,79,203,1,-1,-1.000000
74,13,103,437,65,145,1,-1,-1.000000
74,15,709,425,39,113,1,-1,-1.000000
75,1,1365,345,197,585,1,-1,-1.000000
75,2,899,423,71,175,1,-1,-1.000000
75,4,753,415,47,123,1,-1,-1.000000
75,6,11,431,59,213,1,-1,-1.000000
75,7,823,417,49,125,1,-1,-1.000000
75,8,521,429,33,89,1,-1,-1.000000
75,12,49,411,77,205,1,-1,-1.000000
75,13,99,435,65,147,1,-1,-1.000000
75,15,705,425,41,113,1,-1,-1.000000
76,1,1375,343,199,595,1,-1,-1.000000
76,2,895,423,71,175,1,-1,-1.000000
76,4,753,415,45,123,1,-1,-1.000000
76,6,5,431,59,213,1,-1,-1.000000
76,7,823,417,47,125,1,-1,-1.000000
76,8,521,429,33,87,1,-1,-1.000000
76,12,43,411,79,205,1,-1,-1.000000
76,13,95,435,65,145,1,-1,-1.000000
76,15,703,425,41,113,1,-1,-1.000000
77,1,1391,339,205,607,1,-1,-1.000000
77,2,891,423,71,175,1,-1,-1.000000
77,4,751,415,45,123,1,-1,-1.000000
77,7,821,417,49,125,1,-1,-1.000000
77,8,521,427,33,89,1,-1,-1.000000
77,12,37,411,81,205,1,-1,-1.000000
77,13,93,433,65,145,1,-1,-1.000000
77,15,701,425,41,113,1,-1,-1.000000
78,1,1409,335,209,621,1,-1,-1.000000
78,2,887,423,71,175,1,-1,-1.000000
78,4,749,415,45,123,1,-1,-1.000000
78,7,821,417,49,127,1,-1,-1.000000
78,8,519,427,33,89,1,-1,-1.000000
78,12,33,409,79,207,1,-1,-1.000000
78,13,89,433,65,145,1,-1,-1.000000
78,15,699,425,41,113,1,-1,-1.000000
79,1,1427,331,213,633,1,-1,-1.000000
79,2,883,423,71,175,1,-1,-1.000000
79,4,747,415,45,123,1,-1,-1.000000
79,7,819,415,49,127,1,-1,-1.000000
79,8,519,425,33,91,1,-1,-1.000000
79,12,27,409,81,207,1,-1,-1.000000
79,13,87,431,65,145,1,-1,-1.000000
79,15,697,425,41,113,1,-1,-1.000000
80,1,1443,327,219,647,1,-1,-1.000000
80,2,881,425,71,175,1,-1,-1.000000
80,4,745,413,45,125,1,-1,-1.000000
80,7,817,413,49,129,1,-1,-1.000000
80,8,519,425,33,89,1,-1,-1.000000
80,12,21,409,83,207,1,-1,-1.000000
80,13,83,431,65,145,1,-1,-1.000000
80,14,467,421,59,127,1,-1,-1.000000
80,15,695,425,41,115,1,-1,-1.000000
81,1,1461,325,223,659,1,-1,-1.000000
81,2,877,423,71,175,1,-1,-1.000000
81,4,743,413,47,125,1,-1,-1.000000
81,7,815,411,51,129,1,-1,-1.000000
81,8,517,425,33,89,1,-1,-1.000000
81,12,17,407,81,209,1,-1,-1.000000
81,13,79,429,65,145,1,-1,-1.000000
81,14,461,419,59,127,1,-1,-1.000000
81,15,693,423,41,115,1,-1,-1.000000
82,1,1479,321,227,671,1,-1,-1.000000
82,2,873,421,71,175,1,-1,-1.000000
82,4,741,413,47,123,1,-1,-1.000000
82,7,815,411,49,129,1,-1,-1.000000
82,8,517,423,33,91,1,-1,-1.000000
82,12,11,407,83,209,1,-1,-1.000000
82,13,77,429,65,145,1,-1,-1.000000
82,14,455,417,61,129,1,-1,-1.000000
82,15,693,421,41,115,1,-1,-1.000000
83,1,1497,317,231,685,1,-1,-1.000000
83,2,871,419,71,175,1,-1,-1.000000
83,4,739,413,47,123,1,-1,-1.000000
83,7,813,409,51,129,1,-1,-1.000000
83,8,517,423,33,91,1,-1,-1.000000
83,12,5,407,85,209,1,-1,-1.000000
83,13,73,427,65,145,1,-1,-1.000000
83,14,451,415,59,129,1,-1,-1.000000
83,15,691,419,41,115,1,-1,-1.000000
84,1,1513,313,237,697,1,-1,-1.000000
84,2,867,417,71,175,1,-1,-1.000000
84,4,737,413,47,123,1,-1,-1.000000
84,7,811,407,51,131,1,-1,-1.000000
84,8,517,423,33,91,1,-1,-1.000000
84,12,1,407,85,209,1,-1,-1.000000
84,13,71,427,65,145,1,-1,-1.000000
84,14,445,415,61,129,1,-1,-1.000000
84,15,691,417,41,115,1,-1,-1.000000
85,1,1531,309,241,711,1,-1,-1.000000
85,2,863,415,71,175,1,-1,-1.000000
85,4,735,413,47,123,1,-1,-1.000000
85,7,811,407,51,131,1,-1,-1.000000
85,8,517,421,33,91,1,-1,-1.000000
85,12,1,405,79,211,1,-1,-1.000000
85,13,69,425,65,145,1,-1,-1.000000
85,14,441,413,59,129,1,-1,-1.000000
85,15,689,417,41,115,1,-1,-1.000000
86,1,1549,307,245,723,1,-1,-1.000000
86,2,861,415,71,173,1,-1,-1.000000
86,4,733,411,47,125,1,-1,-1.000000
86,7,811,405,51,131,1,-1,-1.000000
86,8,519,419,33,93,1,-1,-1.000000
86,12,1,405,75,211,1,-1,-1.000000
86,13,69,425,65,145,1,-1,-1.000000
86,14,435,411,61,131,1,-1,-1.000000
86,15,689,415,41,115,1,-1,-1.000000
87,1,1567,303,249,735,1,-1,-1.000000
87,2,859,413,71,173,1,-1,-1.000000
87,4,731,411,47,125,1,-1,-1.000000
87,7,811,403,53,133,1,-1,-1.000000
87,8,521,419,33,93,1,-1,-1.000000
87,12,1,405,71,211,1,-1,-1.000000
87,13,69,425,65,145,1,-1,-1.000000
87,14,429,411,61,129,1,-1,-1.000000
87,15,687,413,41,115,1,-1,-1.000000
88,1,1583,299,255,749,1,-1,-1.000000
88,2,857,413,71,173,1,-1,-1.000000
88,4,729,411,47,125,1,-1,-1.000000
88,7,813,403,51,131,1,-1,-1.000000
88,8,523,417,33,93,1,-1,-1.000000
88,12,1,405,65,213,1,-1,-1.000000
88,13,69,425,63,145,1,-1,-1.000000
88,14,425,409,61,131,1,-1,-1.000000
88,15,687,411,41,115,1,-1,-1.000000
89,1,1601,295,259,761,1,-1,-1.000000
89,2,855,411,71,173,1,-1,-1.000000
89,4,727,411,47,125,1,-1,-1.000000
89,7,813,401,53,133,1,-1,-1.000000
89,8,525,417,33,93,1,-1,-1.000000
89,12,1,405,61,213,1,-1,-1.000000
89,13,69,425,63,145,1,-1,-1.000000
89,14,419,407,61,131,1,-1,-1.000000
89,15,685,411,41,115,1,-1,-1.000000
90,1,1619,291,263,775,1,-1,-1.000000
90,2,855,411,71,173,1,-1,-1.000000
90,4,725,411,47,125,1,-1,-1.000000
90,7,813,399,53,135,1,-1,-1.000000
90,8,527,415,33,95,1,-1,-1.000000
90,12,1,405,57,213,1,-1,-1.000000
90,13,67,423,65,145,1,-1,-1.000000
90,14,415,407,61,131,1,-1,-1.000000
90,15,685,409,41,115,1,-1,-1.000000
91,2,853,409,71,173,1,-1,-1.000000
91,4,725,411,47,125,1,-1,-1.000000
91,7,815,399,53,133,1,-1,-1.000000
91,8,529,415,33,93,1,-1,-1.000000
91,12,1,405,53,215,1,-1,-1.000000
91,13,67,423,63,145,1,-1,-1.000000
91,14,411,405,61,131,1,-1,-1.000000
91,15,683,407,41,115,1,-1,-1.000000
92,2,851,409,71,173,1,-1,-1.000000
92,4,723,409,47,125,1,-1,-1.000000
92,7,815,397,53,135,1,-1,-1.000000
92,8,531,413,33,95,1,-1,-1.000000
92,12,1,403,49,215,1,-1,-1.000000
92,13,67,423,63,145,1,-1,-1.000000
92,14,407,403,61,133,1,-1,-1.000000
92,15,683,405,41,115,1,-1,-1.000000
93,2,851,407,71,173,1,-1,-1.000000
93,4,721,407,47,125,1,-1,-1.000000
93,7,817,397,53,135,1,-1,-1.000000
93,8,533,413,33,95,1,-1,-1.000000
93,12,1,401,47,215,1,-1,-1.000000
93,13,67,423,63,145,1,-1,-1.000000
93,14,403,403,61,131,1,-1,-1.000000
93,15,681,403,41,115,1,-1,-1.000000
94,2,849,407,71,173,1,-1,-1.000000
94,4,721,405,47,125,1,-1,-1.000000
94,7,817,395,53,135,1,-1,-1.000000
94,8,535,411,33,95,1,-1,-1.000000
94,12,1,401,45,215,1,-1,-1.000000
94,13,67,423,63,145,1,-1,-1.000000
94,14,401,401,59,133,1,-1,-1.000000
94,15,681,403,41,115,1,-1,-1.000000
95,2,847,405,71,173,1,-1,-1.000000
95,4,719,403,47,127,1,-1,-1.000000
95,7,817,393,55,137,1,-1,-1.000000
95,8,537,411,33,95,1,-1,-1.000000
95,12,1,399,43,215,1,-1,-1.000000
95,13,65,421,63,145,1,-1,-1.000000
95,14,397,399,61,133,1,-1,-1.000000
95,15,679,401,41,115,1,-1,-1.000000
96,2,847,405,71,173,1,-1,-1.000000
96,4,719,403,47,125,1,-1,-1.000000
96,7,819,393,53,137,1,-1,-1.000000
96,8,539,409,33,97,1,-1,-1.000000
96,12,1,397,39,217,1,-1,-1.000000
96,13,63,419,63,145,1,-1,-1.000000
96,14,393,399,61,133,1,-1,-1.000000
96,15,679,399,41,115,1,-1,-1.000000
97,2,843,403,71,173,1,-1,-1.000000
97,4,717,401,47,125,1,-1,-1.000000
97,7,819,391,55,137,1,-1,-1.000000
97,8,541,409,33,95,1,-1,-1.000000
97,12,1,397,37,215,1,-1,-1.000000
97,13,61,419,63,145,1,-1,-1.000000
97,14,391,397,59,133,1,-1,-1.000000
97,15,677,397,41,115,1,-1,-1.000000
98,2,841,403,71,171,1,-1,-1.000000
98,4,717,399,47,125,1,-1,-1.000000
98,7,821,391,53,137,1,-1,-1.000000
98,8,543,407,33,97,1,-1,-1.000000
98,12,1,395,35,215,1,-1,-1.000000
98,13,61,417,63,145,1,-1,-1.000000
98,14,387,395,59,135,1,-1,-1.000000
98,15,677,397,41,115,1,-1,-1.000000
99,2,839,401,71,173,1,-1,-1.000000
99,4,715,397,47,127,1,-1,-1.000000
99,7,821,389,55,139,1,-1,-1.000000
99,8,545,407,33,97,1,-1,-1.000000
99,12,1,393,33,217,1,-1,-1.000000
99,13,59,417,63,145,1,-1,-1.000000
99,14,383,395,59,133,1,-1,-1.000000
99,15,675,397,41,115,1,-1,-1.000000
100,2,837,401,71,171,1,-1,-1.000000
100,4,715,395,47,127,1,-1,-1.000000
100,7,821,387,55,139,1,-1,-1.000000
100,8,545,405,33,97,1,-1,-1.000000
100,12,1,393,29,215,1,-1,-1.000000
100,13,57,415,63,145,1,-1,-1.000000
100,14,381,393,59,135,1,-1,-1.000000
100,15,675,397,41,115,1,-1,-1.000000
101,2,835,399,71,173,1,-1,-1.000000
101,4,713,395,47,125,1,-1,-1.000000
101,7,823,387,55,139,1,-1,-1.000000
101,8,545,405,33,97,1,-1,-1.000000
101,10,1795,371,125,525,1,-1,-1.000000
101,12,1,391,27,217,1,-1,-1.000000
101,13,57,415,61,143,1,-1,-1.000000
101,14,377,391,59,135,1,-1,-1.000000
101,15,673,397,41,115,1,-1,-1.000000
102,2,833,399,69,171,1,-1,-1.000000
102,4,711,393,47,125,1,-1,-1.000000
102,7,823,385,55,141,1,-1,-1.000000
102,8,545,403,33,99,1,-1,-1.000000
102,10,1787,371,131,527,1,-1,-1.000000
102,12,1,389,25,217,1,-1,-1.000000
102,13,55,413,63,145,1,-1,-1.000000
102,14,373,391,59,135,1,-1,-1.000000
102,15,673,397,41,115,1,-1,-1.000000
103,2,831,397,69,173,1,-1,-1.000000
103,4,711,391,47,127,1,-1,-1.000000
103,7,825,385,55,139,1,-1,-1.000000
103,8,545,403,33,97,1,-1,-1.000000
103,10,1781,373,135,527,1,-1,-1.000000
103,12,1,389,23,217,1,-1,-1.000000
103,13,53,413,63,143,1,-1,-1.000000
103,14,369,389,59,135,1,-1,-1.000000
103,15,671,397,41,115,1,-1,-1.000000
104,2,829,397,69,171,1,-1,-1.000000
104,4,709,389,47,127,1,-1,-1.000000
104,7,825,383,55,141,1,-1,-1.000000
104,8,545,401,35,99,1,-1,-1.000000
104,10,1775,373,139,529,1,-1,-1.000000
104,12,1,387,23,217,1,-1,-1.000000
104,13,53,411,61,145,1,-1,-1.000000
104,14,367,387,57,137,1,-1,-1.000000
104,15,671,397,41,115,1,-1,-1.000000
105,2,825,395,71,171,1,-1,-1.000000
105,4,709,387,47,127,1,-1,-1.000000
105,7,825,381,57,143,1,-1,-1.000000
105,8,545,401,35,99,1,-1,-1.000000
105,10,1769,375,143,529,1,-1,-1.000000
105,12,1,385,25,219,1,-1,-1.000000
105,13,51,409,61,145,1,-1,-1.000000
105,14,363,387,59,135,1,-1,-1.000000
105,15,669,397,41,115,1,-1,-1.000000
106,2,823,395,71,171,1,-1,-1.000000
106,4,707,387,47,125,1,-1,-1.000000
106,7,827,381,55,141,1,-1,-1.000000
106,8,545,399,35,101,1,-1,-1.000000
106,10,1763,377,149,531,1,-1,-1.000000
106,12,1,385,27,219,1,-1,-1.000000
106,13,49,409,63,143,1,-1,-1.000000
106,14,359,385,59,137,1,-1,-1.000000
106,15,669,397,41,115,1,-1,-1.000000
106,24,289,405,33,81,1,-1,-1.000000
107,2,821,393,69,171,1,-1,-1.000000
107,4,707,385,47,127,1,-1,-1.000000
107,7,827,379,57,143,1,-1,-1.000000
107,8,547,399,33,99,1,-1,-1.000000
107,10,1757,377,153,533,1,-1,-1.000000
107,12,1,383,29,221,1,-1,-1.000000
107,13,47,407,63,145,1,-1,-1.000000
107,14,357,383,57,137,1,-1,-1.000000
107,15,669,397,41,115,1,-1,-1.000000
107,24,289,405,33,81,1,-1,-1.000000
108,2,819,393,69,171,1,-1,-1.000000
108,4,705,383,47,127,1,-1,-1.000000
108,7,829,379,57,143,1,-1,-1.000000
108,8,547,397,33,101,1,-1,-1.000000
108,10,1751,379,157,533,1,-1,-1.000000
108,12,1,383,29,219,1,-1,-1.000000
108,13,47,407,61,143,1,-1,-1.000000
108,14,353,383,57,137,1,-1,-1.000000
108,15,669,397,41,115,1,-1,-1.000000
108,24,289,405,33,81,1,-1,-1.000000
109,2,817,391,69,171,1,-1,-1.000000
109,4,705,381,47,127,1,-1,-1.000000
109,7,831,377,57,145,1,-1,-1.000000
109,8,547,397,35,101,1,-1,-1.000000
109,10,1745,379,161,535,1,-1,-1.000000
109,12,1,381,31,221,1,-1,-1.000000
109,13,45,405,61,145,1,-1,-1.000000
109,14,349,381,57,137,1,-1,-1.000000
109,15,669,397,41,115,1,-1,-1.000000
109,24,289,405,33,83,1,-1,-1.000000
110,2,815,391,69,171,1,-1,-1.000000
110,4,703,379,47,127,1,-1,-1.000000
110,7,833,377,57,145,1,-1,-1.000000
110,8,547,395,35,103,1,-1,-1.000000
110,10,1739,381,165,535,1,-1,-1.000000
110,12,1,381,33,221,1,-1,-1.000000
110,13,43,405,63,143,1,-1,-1.000000
110,14,347,381,57,137,1,-1,-1.000000
110,15,671,397,41,115,1,-1,-1.000000
110,24,289,407,35,81,1,-1,-1.000000
111,2,813,389,69,171,1,-1,-1.000000
111,4,703,379,47,127,1,-1,-1.000000
111,7,835,377,57,145,1,-1,-1.000000
111,8,547,395,35,101,1,-1,-1.000000
111,10,1733,383,171,537,1,-1,-1.000000
111,12,1,379,35,223,1,-1,-1.000000
111,13,43,403,61,143,1,-1,-1.000000
111,14,347,381,57,137,1,-1,-1.000000
111,15,671,397,41,115,1,-1,-1.000000
111,22,731,387,47,109,1,-1,-1.000000
111,24,289,407,35,83,1,-1,-1.000000
112,2,811,389,69,171,1,-1,-1.000000
112,4,705,379,47,127,1,-1,-1.000000
112,7,837,377,57,147,1,-1,-1.000000
112,8,547,393,35,103,1,-1,-1.000000
112,10,1735,379,169,539,1,-1,-1.000000
112,12,1,379,37,223,1,-1,-1.000000
112,13,41,403,61,143,1,-1,-1.000000
112,14,349,383,57,137,1,-1,-1.000000
112,15,673,397,41,115,1,-1,-1.000000
112,22,733,387,49,109,1,-1,-1.000000
112,23,297,391,45,103,1,-1,-1.000000
112,24,291,407,33,83,1,-1,-1.000000
113,2,811,389,69,171,1,-1,-1.000000
113,4,707,379,47,127,1,-1,-1.000000
113,7,839,377,57,147,1,-1,-1.000000
113,8,547,393,35,103,1,-1,-1.000000
113,10,1739,377,165,541,1,-1,-1.000000
113,12,1,377,35,225,1,-1,-1.000000
113,13,39,401,61,143,1,-1,-1.000000
113,14,349,383,59,139,1,-1,-1.000000
113,15,673,397,41,115,1,-1,-1.000000
113,22,737,389,49,109,1,-1,-1.000000
113,23,303,389,45,103,1,-1,-1.000000
113,24,291,407,33,83,1,-1,-1.000000
114,2,813,391,69,171,1,-1,-1.000000
114,4,709,381,47,127,1,-1,-1.000000
114,7,841,377,57,147,1,-1,-1.000000
114,8,549,393,35,103,1,-1,-1.000000
114,10,1741,375,165,541,1,-1,-1.000000
114,12,1,377,35,225,1,-1,-1.000000
114,13,39,401,61,143,1,-1,-1.000000
114,14,351,385,57,139,1,-1,-1.000000
114,15,675,397,41,115,1,-1,-1.000000
114,22,741,389,49,109,1,-1,-1.000000
114,23,311,389,45,103,1,-1,-1.000000
114,24,291,409,35,83,1,-1,-1.000000
115,2,813,393,69,171,1,-1,-1.000000
115,4,711,381,47,127,1,-1,-1.000000
115,7,843,377,57,149,1,-1,-1.000000
115,8,553,395,35,103,1,-1,-1.000000
115,10,1745,373,161,543,1,-1,-1.000000
115,12,1,377,35,225,1,-1,-1.000000
115,13,47,401,61,143,1,-1,-1.000000
115,14,351,387,59,139,1,-1,-1.000000
115,15,675,397,41,115,1,-1,-1.000000
115,22,745,391,49,109,1,-1,-1.000000
115,23,319,387,45,105,1,-1,-1.000000
115,24,291,409,35,83,1,-1,-1.000000
116,2,815,393,69,171,1,-1,-1.000000
116,4,713,381,47,127,1,-1,-1.000000
116,7,845,377,57,149,1,-1,-1.000000
116,8,559,397,35,105,1,-1,-1.000000
116,10,1749,371,159,543,1,-1,-1.000000
116,12,1,377,35,225,1,-1,-1.000000
116,13,57,401,61,143,1,-1,-1.000000
116,14,353,387,59,139,1,-1,-1.000000
116,15,677,397,41,115,1,-1,-1.000000
116,22,749,391,49,111,1,-1,-1.000000
116,23,325,387,45,105,1,-1,-1.000000
116,24,291,409,35,85,1,-1,-1.000000
117,2,815,395,69,171,1,-1,-1.000000
117,4,715,383,47,127,1,-1,-1.000000
117,7,847,377,57,149,1,-1,-1.000000
117,8,565,401,35,105,1,-1,-1.000000
117,10,1751,367,157,547,1,-1,-1.000000
117,12,1,377,35,225,1,-1,-1.000000
117,13,67,403,61,143,1,-1,-1.000000
117,14,353,389,59,139,1,-1,-1.000000
117,15,685,397,39,115,1,-1,-1.000000
117,22,753,393,49,109,1,-1,-1.000000
117,23,333,387,45,103,1,-1,-1.000000
117,24,291,409,35,85,1,-1,-1.000000
118,2,817,397,69,171,1,-1,-1.000000
118,4,717,383,47,127,1,-1,-1.000000
118,7,849,377,59,151,1,-1,-1.000000
118,8,575,401,35,105,1,-1,-1.000000
118,10,1755,365,153,547,1,-1,-1.000000
118,12,1,375,39,227,1,-1,-1.000000
118,13,77,403,61,143,1,-1,-1.000000
118,14,355,389,59,141,1,-1,-1.000000
118,15,693,397,39,115,1,-1,-1.000000
118,22,757,393,49,111,1,-1,-1.000000
118,23,341,385,45,105,1,-1,-1.000000
118,24,293,411,35,85,1,-1,-1.000000
119,2,823,395,69,171,1,-1,-1.000000
119,4,719,385,47,127,1,-1,-1.000000
119,7,859,375,59,151,1,-1,-1.000000
119,8,587,401,35,105,1,-1,-1.000000
119,10,1757,363,153,549,1,-1,-1.000000
119,12,1,375,43,227,1,-1,-1.000000
119,13,87,405,61,143,1,-1,-1.000000
119,14,355,391,61,141,1,-1,-1.000000
119,15,701,397,39,115,1,-1,-1.000000
119,22,761,395,49,111,1,-1,-1.000000
119,23,347,385,45,105,1,-1,-1.000000
119,24,303,409,35,85,1,-1,-1.000000
120,2,831,393,69,171,1,-1,-1.000000
120,4,727,383,47,127,1,-1,-1.000000
120,7,869,373,59,153,1,-1,-1.000000
120,8,597,401,35,105,1,-1,-1.000000
120,10,1761,361,149,549,1,-1,-1.000000
120,12,1,375,49,227,1,-1,-1.000000
120,13,97,405,61,143,1,-1,-1.000000
120,14,357,393,61,141,1,-1,-1.000000
120,15,709,397,39,115,1,-1,-1.000000
120,22,771,393,49,111,1,-1,-1.000000
120,23,355,383,45,107,1,-1,-1.000000
120,24,313,407,35,85,1,-1,-1.000000
121,2,839,391,69,171,1,-1,-1.000000
121,4,735,383,47,127,1,-1,-1.000000
121,7,879,373,59,153,1,-1,-1.000000
121,8,609,401,35,105,1,-1,-1.000000
121,10,1765,359,147,551,1,-1,-1.000000
121,12,1,375,53,229,1,-1,-1.000000
121,13,107,405,61,143,1,-1,-1.000000
121,14,365,389,61,141,1,-1,-1.000000
121,15,717,397,39,115,1,-1,-1.000000
121,22,781,391,49,111,1,-1,-1.000000
121,23,363,383,45,107,1,-1,-1.000000
121,24,323,405,35,87,1,-1,-1.000000
122,2,847,389,69,171,1,-1,-1.000000
122,4,743,383,47,127,1,-1,-1.000000
122,7,889,371,59,153,1,-1,-1.000000
122,8,619,401,35,105,1,-1,-1.000000
122,10,1767,355,145,553,1,-1,-1.000000
122,12,1,375,59,229,1,-1,-1.000000
122,13,117,407,61,143,1,-1,-1.000000
122,14,373,387,63,141,1,-1,-1.000000
122,15,723,393,39,115,1,-1,-1.000000
122,22,791,389,49,111,1,-1,-1.000000
122,23,369,383,45,105,1,-1,-1.000000
122,24,333,403,35,87,1,-1,-1.000000
123,2,855,387,69,171,1,-1,-1.000000
123,4,751,381,49,129,1,-1,-1.000000
123,7,899,371,59,153,1,-1,-1.000000
123,8,631,401,35,105,1,-1,-1.000000
123,10,1771,353,141,555,1,-1,-1.000000
123,12,1,375,63,229,1,-1,-1.000000
123,13,127,407,61,143,1,-1,-1.000000
123,14,383,385,61,141,1,-1,-1.000000
123,15,731,391,39,115,1,-1,-1.000000
123,22,801,387,49,111,1,-1,-1.000000
123,23,377,381,45,107,1,-1,-1.000000
123,24,343,403,35,87,1,-1,-1.000000
124,2,863,385,69,171,1,-1,-1.000000
124,4,759,381,49,127,1,-1,-1.000000
124,7,909,369,59,155,1,-1,-1.000000
124,8,643,401,35,107,1,-1,-1.000000
124,10,1773,351,141,555,1,-1,-1.000000
124,12,1,373,67,231,1,-1,-1.000000
124,13,137,409,61,143,1,-1,-1.000000
124,14,391,383,63,141,1,-1,-1.000000
124,15,739,389,39,115,1,-1,-1.000000
124,22,811,385,49,111,1,-1,-1.000000
124,23,385,381,45,107,1,-1,-1.000000
124,24,353,401,35,87,1,-1,-1.000000
125,2,871,383,69,171,1,-1,-1.000000
125,4,769,381,47,127,1,-1,-1.000000
125,7,919,367,59,155,1,-1,-1.000000
125,8,651,397,35,107,1,-1,-1.000000
125,10,1777,349,137,557,1,-1,-1.000000
125,12,1,373,73,233,1,-1,-1.000000
125,13,145,405,61,143,1,-1,-1.000000
125,14,401,381,63,141,1,-1,-1.000000
125,15,745,387,39,115,1,-1,-1.000000
125,22,821,383,49,111,1,-1,-1.000000
125,23,393,379,45,109,1,-1,-1.000000
125,24,363,399,35,89,1,-1,-1.000000
126,2,879,383,69,171,1,-1,-1.000000
126,4,777,379,47,129,1,-1,-1.000000
126,7,929,367,59,155,1,-1,-1.000000
126,8,659,395,35,107,1,-1,-1.000000
126,10,1781,347,135,557,1,-1,-1.000000
126,12,1,373,77,233,1,-1,-1.000000
126,13,155,403,61,143,1,-1,-1.000000
126,14,409,379,63,141,1,-1,-1.000000
126,15,753,385,39,115,1,-1,-1.000000
126,22,831,381,49,111,1,-1,-1.000000
126,23,399,379,45,107,1,-1,-1.000000
126,24,373,397,35,89,1,-1,-1.000000
127,2,885,381,69,171,1,-1,-1.000000
127,4,785,379,49,129,1,-1,-1.000000
127,7,939,365,59,157,1,-1,-1.000000
127,8,667,391,37,109,1,-1,-1.000000
127,10,1783,343,133,561,1,-1,-1.000000
127,12,1,373,83,233,1,-1,-1.000000
127,13,165,401,61,143,1,-1,-1.000000
127,14,417,377,65,141,1,-1,-1.000000
127,15,761,383,39,115,1,-1,-1.000000
127,22,841,379,49,111,1,-1,-1.000000
127,23,407,379,45,107,1,-1,-1.000000
127,24,383,397,35,89,1,-1,-1.000000
128,2,893,379,69,171,1,-1,-1.000000
128,4,793,379,49,127,1,-1,-1.000000
128,7,949,365,61,157,1,-1,-1.000000
128,8,677,389,35,109,1,-1,-1.000000
128,10,1787,341,129,561,1,-1,-1.000000
128,12,1,373,87,233,1,-1,-1.000000
128,13,173,399,61,143,1,-1,-1.000000
128,14,427,375,63,141,1,-1,-1.000000
128,15,769,381,39,115,1,-1,-1.000000
128,22,849,375,49,111,1,-1,-1.000000
128,23,415,377,45,109,1,-1,-1.000000
128,24,391,395,35,89,1,-1,-1.000000
129,2,901,377,69,171,1,-1,-1.000000
129,4,801,377,49,129,1,-1,-1.000000
129,7,957,361,61,159,1,-1,-1.000000
129,8,685,387,37,109,1,-1,-1.000000
129,10,1789,339,129,563,1,-1,-1.000000
129,12,1,373,93,235,1,-1,-1.000000
129,13,183,397,61,143,1,-1,-1.000000
129,14,435,373,65,141,1,-1,-1.000000
129,15,777,379,39,115,1,-1,-1.000000
129,22,857,373,49,111,1,-1,-1.000000
129,23,421,377,45,109,1,-1,-1.000000
129,24,399,395,35,89,1,-1,-1.000000
130,2,909,375,69,171,1,-1,-1.000000
130,4,809,377,49,129,1,-1,-1.000000
130,7,965,359,63,159,1,-1,-1.000000
130,8,693,383,37,111,1,-1,-1.000000
130,10,1793,337,125,563,1,-1,-1.000000
130,12,3,371,93,235,1,-1,-1.000000
130,13,193,395,61,143,1,-1,-1.000000
130,14,445,371,65,141,1,-1,-1.000000
130,15,785,379,41,115,1,-1,-1.000000
130,22,865,371,49,111,1,-1,-1.000000
130,23,429,375,45,111,1,-1,-1.000000
130,24,407,393,37,91,1,-1,-1.000000
131,2,917,373,69,171,1,-1,-1.000000
131,4,819,377,49,129,1,-1,-1.000000
131,7,975,357,61,159,1,-1,-1.000000
131,8,703,381,35,111,1,-1,-1.000000
131,10,1797,335,123,565,1,-1,-1.000000
131,12,5,369,95,237,1,-1,-1.000000
131,13,201,393,61,143,1,-1,-1.000000
131,14,451,369,65,141,1,-1,-1.000000
131,15,795,379,39,115,1,-1,-1.000000
131,22,873,369,49,111,1,-1,-1.000000
131,23,437,375,45,109,1,-1,-1.000000
131,24,417,393,35,91,1,-1,-1.000000
132,2,925,371,69,171,1,-1,-1.000000
132,4,823,375,49,129,1,-1,-1.000000
132,7,983,355,63,159,1,-1,-1.000000
132,8,711,377,37,113,1,-1,-1.000000
132,10,1797,333,123,567,1,-1,-1.000000
132,12,7,369,95,235,1,-1,-1.000000
132,13,211,391,61,143,1,-1,-1.000000
132,14,457,369,67,141,1,-1,-1.000000
132,15,803,379,41,115,1,-1,-1.000000
132,22,881,367,49,111,1,-1,-1.000000
132,23,443,375,45,109,1,-1,-1.000000
132,24,425,391,37,93,1,-1,-1.000000
133,2,933,369,69,171,1,-1,-1.000000
133,4,827,373,49,129,1,-1,-1.000000
133,7,993,353,63,161,1,-1,-1.000000
133,8,719,375,37,113,1,-1,-1.000000
133,10,1797,333,123,567,1,-1,-1.000000
133,12,9,367,97,237,1,-1,-1.000000
133,13,221,389,61,143,1,-1,-1.000000
133,14,465,367,65,143,1,-1,-1.000000
133,15,811,379,41,115,1,-1,-1.000000
133,22,889,365,49,111,1,-1,-1.000000
133,23,451,373,45,111,1,-1,-1.000000
133,24,433,391,37,93,1,-1,-1.000000
134,2,941,369,69,171,1,-1,-1.000000
134,4,831,371,49,131,1,-1,-1.000000
134,7,999,351,63,163,1,-1,-1.000000
134,8,729,373,37,113,1,-1,-1.000000
134,10,1797,331,123,569,1,-1,-1.000000
134,12,11,365,97,239,1,-1,-1.000000
134,13,231,387,61,143,1,-1,-1.000000
134,14,471,367,67,143,1,-1,-1.000000
134,15,821,379,41,115,1,-1,-1.000000
134,22,897,363,49,111,1,-1,-1.000000
134,23,459,373,45,111,1,-1,-1.000000
134,24,443,391,37,93,1,-1,-1.000000
135,2,943,367,69,171,1,-1,-1.000000
135,4,835,371,49,129,1,-1,-1.000000
135,7,1005,349,63,165,1,-1,-1.000000
135,8,733,371,37,113,1,-1,-1.000000
135,10,1797,331,123,571,1,-1,-1.000000
135,12,15,365,97,237,1,-1,-1.000000
135,13,235,385,61,143,1,-1,-1.000000
135,14,479,367,67,143,1,-1,-1.000000
135,15,825,377,41,115,1,-1,-1.000000
135,22,905,361,49,111,1,-1,-1.000000
135,23,467,373,45,111,1,-1,-1.000000
135,24,445,389,37,93,1,-1,-1.000000
136,2,947,367,69,171,1,-1,-1.000000
136,4,839,369,49,129,1,-1,-1.000000
136,7,1011,349,63,165,1,-1,-1.000000
136,8,737,369,37,113,1,-1,-1.000000
136,10,1797,329,123,573,1,-1,-1.000000
136,12,17,363,97,239,1,-1,-1.000000
136,13,241,383,61,143,1,-1,-1.000000
136,14,485,365,67,143,1,-1,-1.000000
136,15,829,375,41,115,1,-1,-1.000000
136,22,913,359,49,111,1,-1,-1.000000
136,23,469,371,45,111,1,-1,-1.000000
136,24,449,387,37,95,1,-1,-1.000000
137,2,949,365,69,171,1,-1,-1.000000
137,4,843,367,49,131,1,-1,-1.000000
137,7,1017,347,63,167,1,-1,-1.000000
137,8,743,367,37,115,1,-1,-1.000000
137,10,1797,329,123,573,1,-1,-1.000000
137,12,19,363,99,239,1,-1,-1.000000
137,13,247,381,61,143,1,-1,-1.000000
137,14,493,365,67,143,1,-1,-1.000000
137,15,835,373,41,115,1,-1,-1.000000
137,22,917,357,49,111,1,-1,-1.000000
137,23,473,371,45,111,1,-1,-1.000000
137,24,453,387,37,93,1,-1,-1.000000
138,2,953,365,69,171,1,-1,-1.000000
138,4,847,367,49,129,1,-1,-1.000000
138,7,1023,347,65,167,1,-1,-1.000000
138,8,747,365,37,115,1,-1,-1.000000
138,10,1797,327,123,577,1,-1,-1.000000
138,12,21,361,99,239,1,-1,-1.000000
138,13,253,381,61,143,1,-1,-1.000000
138,14,499,363,67,145,1,-1,-1.000000
138,15,839,371,41,117,1,-1,-1.000000
138,22,923,357,49,111,1,-1,-1.000000
138,23,477,371,45,111,1,-1,-1.000000
138,24,457,385,37,95,1,-1,-1.000000
139,2,955,363,69,171,1,-1,-1.000000
139,4,851,365,49,129,1,-1,-1.000000
139,7,1029,345,65,169,1,-1,-1.000000
139,8,753,363,37,117,1,-1,-1.000000
139,10,1797,327,123,577,1,-1,-1.000000
139,12,23,359,101,241,1,-1,-1.000000
139,13,259,379,61,143,1,-1,-1.000000
139,14,507,363,67,145,1,-1,-1.000000
139,15,843,369,41,117,1,-1,-1.000000
139,22,927,355,49,111,1,-1,-1.000000
139,23,481,369,45,113,1,-1,-1.000000
139,24,459,383,39,95,1,-1,-1.000000
140,2,959,363,69,171,1,-1,-1.000000
140,4,855,363,49,131,1,-1,-1.000000
140,7,1035,345,65,169,1,-1,-1.000000
140,8,757,361,37,117,1,-1,-1.000000
140,10,1797,325,123,579,1,-1,-1.000000
140,12,27,359,99,241,1,-1,-1.000000
140,13,263,377,61,143,1,-1,-1.000000
140,14,513,363,69,145,1,-1,-1.000000
140,15,849,369,41,115,1,-1,-1.000000
140,22,933,355,49,111,1,-1,-1.000000
140,23,485,369,45,111,1,-1,-1.000000
140,24,463,383,39,95,1,-1,-1.000000
141,2,961,361,69,171,1,-1,-1.000000
141,4,859,363,49,129,1,-1,-1.000000
141,7,1041,343,65,171,1,-1,-1.000000
141,8,761,361,39,117,1,-1,-1.000000
141,10,1797,325,123,581,1,-1,-1.000000
141,12,29,357,101,241,1,-1,-1.000000
141,13,269,377,61,141,1,-1,-1.000000
141,14,519,361,69,145,1,-1,-1.000000
141,15,853,367,41,115,1,-1,-1.000000
141,22,939,355,49,111,1,-1,-1.000000
141,23,489,369,45,111,1,-1,-1.000000
141,24,467,381,37,97,1,-1,-1.000000
142,2,965,361,69,171,1,-1,-1.000000
142,4,863,361,49,129,1,-1,-1.000000
142,7,1047,343,65,171,1,-1,-1.000000
142,8,767,359,37,117,1,-1,-1.000000
142,10,1797,325,123,581,1,-1,-1.000000
142,12,31,357,103,241,1,-1,-1.000000
142,13,275,375,61,143,1,-1,-1.000000
142,14,527,361,69,145,1,-1,-1.000000
142,15,857,365,41,117,1,-1,-1.000000
142,22,943,353,49,111,1,-1,-1.000000
142,23,493,369,45,111,1,-1,-1.000000
142,24,471,379,37,97,1,-1,-1.000000
143,2,969,359,69,171,1,-1,-1.000000
143,4,867,359,49,131,1,-1,-1.000000
143,7,1053,341,67,173,1,-1,-1.000000
143,8,771,357,39,119,1,-1,-1.000000
143,10,1797,323,123,583,1,-1,-1.000000
143,12,33,355,103,243,1,-1,-1.000000
143,13,281,373,61,143,1,-1,-1.000000
143,14,533,359,69,147,1,-1,-1.000000
143,15,863,363,41,117,1,-1,-1.000000
143,22,949,353,49,111,1,-1,-1.000000
143,23,497,367,45,113,1,-1,-1.000000
143,24,473,379,39,97,1,-1,-1.000000
144,2,971,359,69,171,1,-1,-1.000000
144,4,871,357,49,131,1,-1,-1.000000
144,7,1059,341,67,173,1,-1,-1.000000
144,8,777,355,37,119,1,-1,-1.000000
144,10,1797,323,123,583,1,-1,-1.000000
144,12,35,353,105,243,1,-1,-1.000000
144,13,287,373,61,141,1,-1,-1.000000
144,14,541,359,69,147,1,-1,-1.000000
144,15,867,361,41,117,1,-1,-1.000000
144,22,953,351,49,111,1,-1,-1.000000
144,23,501,367,45,113,1,-1,-1.000000
144,24,477,377,39,97,1,-1,-1.000000
145,2,975,357,69,171,1,-1,-1.000000
145,4,875,357,49,129,1,-1,-1.000000
145,7,1065,339,67,175,1,-1,-1.000000
145,8,781,353,37,119,1,-1,-1.000000
145,10,1797,321,123,587,1,-1,-1.000000
145,12,39,353,103,243,1,-1,-1.000000
145,13,291,371,61,141,1,-1,-1.000000
145,14,547,359,71,147,1,-1,-1.000000
145,15,871,359,41,117,1,-1,-1.000000
145,22,959,351,49,111,1,-1,-1.000000
145,23,505,367,45,111,1,-1,-1.000000
145,24,481,375,39,99,1,-1,-1.000000
146,2,977,357,69,171,1,-1,-1.000000
146,4,879,355,49,131,1,-1,-1.000000
146,7,1071,339,67,175,1,-1,-1.000000
146,8,785,351,39,121,1,-1,-1.000000
146,10,1797,321,123,587,1,-1,-1.000000
146,12,41,351,105,245,1,-1,-1.000000
146,13,297,369,61,143,1,-1,-1.000000
146,14,555,357,69,147,1,-1,-1.000000
146,15,877,359,41,117,1,-1,-1.000000
146,22,965,351,49,111,1,-1,-1.000000
146,23,509,365,45,113,1,-1,-1.000000
146,24,485,375,39,99,1,-1,-1.000000
147,2,981,355,69,171,1,-1,-1.000000
147,4,883,353,49,131,1,-1,-1.000000
147,7,1077,337,67,177,1,-1,-1.000000
147,8,791,349,37,121,1,-1,-1.000000
147,10,1797,319,123,589,1,-1,-1.000000
147,12,43,349,105,245,1,-1,-1.000000
147,13,303,367,61,143,1,-1,-1.000000
147,14,561,357,71,147,1,-1,-1.000000
147,15,877,357,41,117,1,-1,-1.000000
147,22,969,349,49,111,1,-1,-1.000000
147,23,513,365,45,113,1,-1,-1.000000
147,24,489,373,39,99,1,-1,-1.000000
148,2,983,355,69,171,1,-1,-1.000000
148,4,887,353,49,129,1,-1,-1.000000
148,7,1083,337,69,179,1,-1,-1.000000
148,8,795,349,39,121,1,-1,-1.000000
148,10,1797,319,123,591,1,-1,-1.000000
148,12,45,349,107,245,1,-1,-1.000000
148,13,309,367,61,141,1,-1,-1.000000
148,14,569,355,69,149,1,-1,-1.000000
148,15,879,357,41,117,1,-1,-1.000000
148,22,975,349,49,111,1,-1,-1.000000
148,23,517,365,45,113,1,-1,-1.000000
148,24,493,371,39,99,1,-1,-1.000000
149,2,987,353,69,171,1,-1,-1.000000
149,4,891,351,49,131,1,-1,-1.000000
149,7,1083,335,69,179,1,-1,-1.000000
149,8,801,347,37,121,1,-1,-1.000000
149,10,1797,317,123,593,1,-1,-1.000000
149,12,47,347,107,247,1,-1,-1.000000
149,13,315,365,61,141,1,-1,-1.000000
149,14,575,355,71,149,1,-1,-1.000000
149,15,881,355,41,119,1,-1,-1.000000
149,22,979,347,49,111,1,-1,-1.000000
149,23,521,365,45,113,1,-1,-1.000000
149,24,497,369,39,99,1,-1,-1.000000
150,2,991,353,69,171,1,-1,-1.000000
150,4,895,349,49,131,1,-1,-1.000000
150,7,1085,335,69,179,1,-1,-1.000000
150,8,805,345,39,123,1,-1,-1.000000
150,10,1797,317,123,593,1,-1,-1.000000
150,12,51,347,107,245,1,-1,-1.000000
150,13,319,363,61,143,1,-1,-1.000000
150,14,583,355,71,149,1,-1,-1.000000
150,15,883,355,41,117,1,-1,-1.000000
150,22,985,347,49,111,1,-1,-1.000000
150,23,523,363,45,113,1,-1,-1.000000
150,24,501,367,39,101,1,-1,-1.000000
151,2,993,351,69,171,1,-1,-1.000000
151,4,901,349,49,131,1,-1,-1.000000
151,7,1087,333,69,181,1,-1,-1.000000
151,8,809,343,39,123,1,-1,-1.000000
151,10,1797,317,123,595,1,-1,-1.000000
151,12,53,345,107,247,1,-1,-1.000000
151,13,325,363,61,141,1,-1,-1.000000
151,14,585,353,71,149,1,-1,-1.000000
151,15,885,353,41,119,1,-1,-1.000000
151,18,1,385,67,209,1,-1,-1.000000
151,22,991,347,49,111,1,-1,-1.000000
151,23,527,361,45,113,1,-1,-1.000000
151,24,505,365,39,101,1,-1,-1.000000
152,2,997,351,69,171,1,-1,-1.000000
152,4,899,347,49,131,1,-1,-1.000000
152,7,1087,333,71,181,1,-1,-1.000000
152,8,815,341,39,125,1,-1,-1.000000
152,10,1789,315,131,597,1,-1,-1.000000
152,12,55,343,109,249,1,-1,-1.000000
152,13,331,361,61,141,1,-1,-1.000000
152,14,589,351,71,151,1,-1,-1.000000
152,15,887,353,41,119,1,-1,-1.000000
152,18,1,383,65,209,1,-1,-1.000000
152,22,991,345,49,111,1,-1,-1.000000
152,23,529,359,45,115,1,-1,-1.000000
152,24,509,363,39,101,1,-1,-1.000000
153,2,999,349,69,171,1,-1,-1.000000
153,4,899,347,49,131,1,-1,-1.000000
153,7,1089,331,71,183,1,-1,-1.000000
153,8,819,339,39,125,1,-1,-1.000000
153,10,1783,315,137,597,1,-1,-1.000000
153,12,57,343,109,247,1,-1,-1.000000
153,13,337,359,61,141,1,-1,-1.000000
153,14,593,351,71,151,1,-1,-1.000000
153,15,889,353,41,117,1,-1,-1.000000
153,18,1,383,63,209,1,-1,-1.000000
153,22,991,345,49,111,1,-1,-1.000000
153,23,533,357,45,115,1,-1,-1.000000
153,24,513,361,39,101,1,-1,-1.000000
154,2,1003,349,69,171,1,-1,-1.000000
154,4,899,345,49,133,1,-1,-1.000000
154,7,1091,331,71,183,1,-1,-1.000000
154,8,825,339,39,125,1,-1,-1.000000
154,10,1777,313,143,599,1,-1,-1.000000
154,12,59,341,111,249,1,-1,-1.000000
154,13,343,359,61,141,1,-1,-1.000000
154,14,597,349,71,151,1,-1,-1.000000
154,15,891,351,41,119,1,-1,-1.000000
154,18,1,383,61,209,1,-1,-1.000000
154,22,993,345,49,111,1,-1,-1.000000
154,23,535,355,47,115,1,-1,-1.000000
154,24,517,359,39,103,1,-1,-1.000000
155,2,1005,347,69,171,1,-1,-1.000000
155,4,897,345,49,131,1,-1,-1.000000
155,7,1093,329,71,185,1,-1,-1.000000
155,8,823,339,39,125,1,-1,-1.000000
155,10,1771,313,149,599,1,-1,-1.000000
155,12,63,341,111,249,1,-1,-1.000000
155,13,339,359,61,141,1,-1,-1.000000
155,14,601,349,71,151,1,-1,-1.000000
155,15,893,351,41,119,1,-1,-1.000000
155,18,1,383,59,209,1,-1,-1.000000
155,22,993,345,49,111,1,-1,-1.000000
155,23,539,353,45,117,1,-1,-1.000000
155,24,513,359,39,103,1,-1,-1.000000
156,2,1009,347,69,171,1,-1,-1.000000
156,4,897,343,49,133,1,-1,-1.000000
156,7,1093,329,71,185,1,-1,-1.000000
156,8,823,339,39,127,1,-1,-1.000000
156,10,1765,311,155,601,1,-1,-1.000000
156,12,55,341,113,249,1,-1,-1.000000
156,13,337,359,61,141,1,-1,-1.000000
156,14,603,347,73,153,1,-1,-1.000000
156,15,895,349,41,119,1,-1,-1.000000
156,18,1,383,59,209,1,-1,-1.000000
156,22,993,345,49,111,1,-1,-1.000000
156,23,541,351,47,117,1,-1,-1.000000
156,24,511,359,39,103,1,-1,-1.000000
157,2,1013,347,69,171,1,-1,-1.000000
157,4,897,343,49,133,1,-1,-1.000000
157,7,1095,327,71,187,1,-1,-1.000000
157,8,823,339,39,127,1,-1,-1.000000
157,10,1757,311,163,601,1,-1,-1.000000
157,12,49,341,113,251,1,-1,-1.000000
157,13,333,359,61,141,1,-1,-1.000000
157,14,607,345,73,153,1,-1,-1.000000
157,15,897,349,41,119,1,-1,-1.000000
157,18,1,381,57,209,1,-1,-1.000000
157,22,995,343,49,111,1,-1,-1.000000
157,23,545,351,47,117,1,-1,-1.000000
157,24,507,359,41,105,1,-1,-1.000000
158,2,1009,347,69,171,1,-1,-1.000000
158,4,895,341,49,133,1,-1,-1.000000
158,7,1097,327,71,187,1,-1,-1.000000
158,8,821,341,39,127,1,-1,-1.000000
158,10,1751,309,169,603,1,-1,-1.000000
158,12,43,341,113,251,1,-1,-1.000000
158,13,331,359,61,141,1,-1,-1.000000
158,14,611,345,73,153,1,-1,-1.000000
158,15,899,349,41,119,1,-1,-1.000000
158,18,1,381,55,209,1,-1,-1.000000
158,22,995,343,49,111,1,-1,-1.000000
158,23,539,351,47,117,1,-1,-1.000000
158,24,505,359,39,105,1,-1,-1.000000
159,2,1005,347,69,171,1,-1,-1.000000
159,4,895,341,49,133,1,-1,-1.000000
159,7,1099,325,71,189,1,-1,-1.000000
159,8,821,341,39,127,1,-1,-1.000000
159,10,1745,309,175,603,1,-1,-1.000000
159,12,37,343,113,251,1,-1,-1.000000
159,13,329,359,61,141,1,-1,-1.000000
159,14,615,343,73,155,1,-1,-1.000000
159,15,893,347,41,119,1,-1,-1.000000
159,18,1,381,53,209,1,-1,-1.000000
159,22,995,343,49,111,1,-1,-1.000000
159,23,535,351,47,119,1,-1,-1.000000
159,24,503,361,39,105,1,-1,-1.000000
160,2,1001,347,69,171,1,-1,-1.000000
160,4,895,341,49,133,1,-1,-1.000000
160,7,1099,325,73,189,1,-1,-1.000000
160,8,821,341,39,129,1,-1,-1.000000
160,10,1739,307,181,605,1,-1,-1.000000
160,12,31,343,113,253,1,-1,-1.000000
160,13,325,359,61,141,1,-1,-1.000000
160,14,619,343,73,155,1,-1,-1.000000
160,15,889,347,41,119,1,-1,-1.000000
160,18,1,381,51,209,1,-1,-1.000000
160,22,997,343,49,111,1,-1,-1.000000
160,23,529,351,47,119,1,-1,-1.000000
160,24,499,361,41,105,1,-1,-1.000000
161,2,997,349,69,169,1,-1,-1.000000
161,4,887,341,51,133,1,-1,-1.000000
161,7,1101,323,73,191,1,-1,-1.000000
161,8,821,343,39,129,1,-1,-1.000000
161,10,1733,307,187,607,1,-1,-1.000000
161,12,25,343,113,253,1,-1,-1.000000
161,13,323,359,61,141,1,-1,-1.000000
161,14,611,341,73,157,1,-1,-1.000000
161,15,885,345,41,119,1,-1,-1.000000
161,22,997,343,49,111,1,-1,-1.000000
161,23,525,353,47,119,1,-1,-1.000000
161,24,497,361,39,105,1,-1,-1.000000
162,2,993,349,69,169,1,-1,-1.000000
162,4,881,341,51,133,1,-1,-1.000000
162,7,1103,323,73,191,1,-1,-1.000000
162,8,815,345,39,129,1,-1,-1.000000
162,10,1721,305,193,607,1,-1,-1.000000
162,12,19,345,113,253,1,-1,-1.000000
162,13,321,359,61,141,1,-1,-1.000000
162,14,605,341,73,157,1,-1,-1.000000
162,15,881,345,41,119,1,-1,-1.000000
162,22,999,343,49,111,1,-1,-1.000000
162,23,519,353,47,119,1,-1,-1.000000
162,24,493,361,41,107,1,-1,-1.000000
163,2,989,349,69,169,1,-1,-1.000000
163,4,875,341,51,133,1,-1,-1.000000
163,7,1105,323,73,191,1,-1,-1.000000
163,8,809,347,39,129,1,-1,-1.000000
163,10,1709,305,201,607,1,-1,-1.000000
163,12,13,345,113,253,1,-1,-1.000000
163,13,317,359,61,141,1,-1,-1.000000
163,14,599,341,73,157,1,-1,-1.000000
163,15,875,345,41,119,1,-1,-1.000000
163,22,991,341,49,113,1,-1,-1.000000
163,23,515,353,47,121,1,-1,-1.000000
163,24,491,361,41,107,1,-1,-1.000000
164,2,985,351,69,169,1,-1,-1.000000
164,4,869,341,51,133,1,-1,-1.000000
164,7,1099,321,73,193,1,-1,-1.000000
164,8,803,349,41,129,1,-1,-1.000000
164,10,1697,303,209,609,1,-1,-1.000000
164,12,7,345,113,255,1,-1,-1.000000
164,13,315,359,61,141,1,-1,-1.000000
164,14,593,341,73,157,1,-1,-1.000000
164,15,871,343,41,119,1,-1,-1.000000
164,22,985,341,49,113,1,-1,-1.000000
164,23,509,353,47,121,1,-1,-1.000000
164,24,489,363,41,107,1,-1,-1.000000
165,2,975,349,69,169,1,-1,-1.000000
165,4,863,341,51,133,1,-1,-1.000000
165,7,1093,321,73,193,1,-1,-1.000000
165,8,793,347,41,129,1,-1,-1.000000
165,10,1685,303,217,609,1,-1,-1.000000
165,13,313,361,61,139,1,-1,-1.000000
165,14,585,341,73,157,1,-1,-1.000000
165,15,867,343,41,119,1,-1,-1.000000
165,22,979,341,49,113,1,-1,-1.000000
165,23,505,355,47,121,1,-1,-1.000000
165,24,479,363,41,107,1,-1,-1.000000
166,2,965,349,69,169,1,-1,-1.000000
166,4,857,341,51,133,1,-1,-1.000000
166,7,1087,321,73,193,1,-1,-1.000000
166,8,785,347,41,129,1,-1,-1.000000
166,10,1673,301,213,611,1,-1,-1.000000
166,13,301,361,61,139,1,-1,-1.000000
166,14,579,341,73,157,1,-1,-1.000000
166,15,863,341,41,121,1,-1,-1.000000
166,22,973,341,49,113,1,-1,-1.000000
166,23,497,353,47,121,1,-1,-1.000000
166,24,471,363,41,107,1,-1,-1.000000
167,2,957,349,69,169,1,-1,-1.000000
167,4,851,341,51,133,1,-1,-1.000000
167,7,1081,321,73,193,1,-1,-1.000000
167,8,777,347,41,129,1,-1,-1.000000
167,10,1661,301,209,613,1,-1,-1.000000
167,13,291,361,61,139,1,-1,-1.000000
167,14,573,339,73,159,1,-1,-1.000000
167,15,857,341,41,119,1,-1,-1.000000
167,22,967,341,49,113,1,-1,-1.000000
167,23,491,351,47,123,1,-1,-1.000000
167,24,461,363,41,109,1,-1,-1.000000
168,2,947,349,69,169,1,-1,-1.000000
168,4,845,341,51,133,1,-1,-1.000000
168,7,1075,321,75,193,1,-1,-1.000000
168,8,769,345,41,131,1,-1,-1.000000
168,10,1649,301,207,615,1,-1,-1.000000
168,13,281,361,61,139,1,-1,-1.000000
168,14,567,339,73,159,1,-1,-1.000000
168,15,853,341,41,119,1,-1,-1.000000
168,22,961,341,49,113,1,-1,-1.000000
168,23,485,351,47,121,1,-1,-1.000000
168,24,453,363,41,109,1,-1,-1.000000
169,2,939,349,69,169,1,-1,-1.000000
169,4,839,341,51,133,1,-1,-1.000000
169,7,1071,321,75,193,1,-1,-1.000000
169,8,761,345,41,131,1,-1,-1.000000
169,10,1637,299,203,617,1,-1,-1.000000
169,13,271,361,61,139,1,-1,-1.000000
169,14,559,339,73,159,1,-1,-1.000000
169,15,849,339,41,121,1,-1,-1.000000
169,22,955,341,49,113,1,-1,-1.000000
169,23,477,349,47,123,1,-1,-1.000000
169,24,443,363,41,111,1,-1,-1.000000
170,2,929,349,69,169,1,-1,-1.000000
170,4,833,341,51,133,1,-1,-1.000000
170,7,1067,321,75,193,1,-1,-1.000000
170,8,753,345,41,131,1,-1,-1.000000
170,10,1625,299,199,619,1,-1,-1.000000
170,13,261,361,61,139,1,-1,-1.000000
170,14,553,339,73,159,1,-1,-1.000000
170,15,845,339,41,119,1,-1,-1.000000
170,22,947,341,49,113,1,-1,-1.000000
170,23,471,349,47,121,1,-1,-1.000000
170,24,435,365,41,109,1,-1,-1.000000
171,2,919,349,69,169,1,-1,-1.000000
171,4,827,341,51,133,1,-1,-1.000000
171,7,1063,321,75,195,1,-1,-1.000000
171,8,745,343,41,133,1,-1,-1.000000
171,10,1615,299,195,621,1,-1,-1.000000
171,13,251,361,61,139,1,-1,-1.000000
171,14,547,339,73,159,1,-1,-1.000000
171,15,839,337,41,121,1,-1,-1.000000
171,22,941,341,49,113,1,-1,-1.000000
171,23,465,347,47,123,1,-1,-1.000000
171,24,425,365,43,109,1,-1,-1.000000
172,2,911,349,69,169,1,-1,-1.000000
172,4,821,341,51,133,1,-1,-1.000000
172,7,1059,321,77,195,1,-1,-1.000000
172,8,737,343,41,133,1,-1,-1.000000
172,10,1605,299,195,621,1,-1,-1.000000
172,13,241,361,61,139,1,-1,-1.000000
172,14,541,339,73,159,1,-1,-1.000000
172,15,835,337,41,119,1,-1,-1.000000
172,22,935,341,49,113,1,-1,-1.000000
172,23,457,347,47,121,1,-1,-1.000000
172,24,417,365,41,111,1,-1,-1.000000
173,2,901,349,69,169,1,-1,-1.000000
173,4,815,341,51,133,1,-1,-1.000000
173,7,1057,321,75,197,1,-1,-1.000000
173,8,729,343,41,133,1,-1,-1.000000
173,10,1595,299,197,623,1,-1,-1.000000
173,11,1793,271,127,641,1,-1,-1.000000
173,13,231,361,61,139,1,-1,-1.000000
173,14,535,339,73,159,1,-1,-1.000000
173,15,831,337,41,119,1,-1,-1.000000
173,22,929,341,49,113,1,-1,-1.000000
173,23,451,345,47,123,1,-1,-1.000000
173,24,407,365,43,111,1,-1,-1.000000
174,2,893,349,69,169,1,-1,-1.000000
174,4,809,341,51,133,1,-1,-1.000000
174,7,1053,321,75,197,1,-1,-1.000000
174,8,721,343,41,133,1,-1,-1.000000
174,10,1587,299,197,625,1,-1,-1.000000
174,11,1783,271,135,641,1,-1,-1.000000
174,13,221,361,61,139,1,-1,-1.000000
174,14,533,337,73,159,1,-1,-1.000000
174,15,827,335,41,121,1,-1,-1.000000
174,22,923,341,49,113,1,-1,-1.000000
174,23,445,343,47,125,1,-1,-1.000000
174,24,399,365,41,113,1,-1,-1.000000
175,2,891,345,69,169,1,-1,-1.000000
175,4,803,341,51,133,1,-1,-1.000000
175,7,1049,321,77,197,1,-1,-1.000000
175,8,719,343,41,133,1,-1,-1.000000
175,10,1577,299,197,627,1,-1,-1.000000
175,11,1775,271,143,643,1,-1,-1.000000
175,13,219,359,61,139,1,-1,-1.000000
175,14,531,335,73,161,1,-1,-1.000000
175,15,821,335,41,119,1,-1,-1.000000
175,22,917,341,49,113,1,-1,-1.000000
175,23,437,343,47,123,1,-1,-1.000000
175,24,389,365,43,113,1,-1,-1.000000
176,2,889,343,69,169,1,-1,-1.000000
176,4,797,341,51,133,1,-1,-1.000000
176,7,1045,321,77,199,1,-1,-1.000000
176,8,717,343,41,133,1,-1,-1.000000
176,10,1569,299,197,629,1,-1,-1.000000
176,11,1767,271,151,645,1,-1,-1.000000
176,13,219,357,61,139,1,-1,-1.000000
176,14,529,335,75,159,1,-1,-1.000000
176,15,817,333,41,121,1,-1,-1.000000
176,22,911,341,49,115,1,-1,-1.000000
176,23,431,341,47,125,1,-1,-1.000000
176,24,381,367,43,113,1,-1,-1.000000
177,2,887,341,69,169,1,-1,-1.000000
177,4,791,341,51,133,1,-1,-1.000000
177,7,1041,321,77,199,1,-1,-1.000000
177,8,717,345,41,133,1,-1,-1.000000
177,10,1559,299,199,631,1,-1,-1.000000
177,11,1759,271,159,647,1,-1,-1.000000
177,13,219,355,61,139,1,-1,-1.000000
177,14,529,333,73,161,1,-1,-1.000000
177,15,813,333,41,121,1,-1,-1.000000
177,22,909,337,49,115,1,-1,-1.000000
177,23,425,341,47,123,1,-1,-1.000000
177,24,379,363,43,113,1,-1,-1.000000
178,2,885,339,69,169,1,-1,-1.000000
178,4,785,341,51,135,1,-1,-1.000000
178,7,1039,323,77,199,1,-1,-1.000000
178,8,715,341,41,133,1,-1,-1.000000
178,10,1549,299,199,631,1,-1,-1.000000
178,11,1751,271,167,649,1,-1,-1.000000
178,13,219,353,61,139,1,-1,-1.000000
178,14,527,333,75,159,1,-1,-1.000000
178,15,809,333,41,119,1,-1,-1.000000
178,22,907,335,49,115,1,-1,-1.000000
178,23,417,339,47,125,1,-1,-1.000000
178,24,377,361,43,113,1,-1,-1.000000
179,2,883,335,69,169,1,-1,-1.000000
179,4,783,339,51,135,1,-1,-1.000000
179,7,1039,319,77,201,1,-1,-1.000000
179,8,713,337,41,135,1,-1,-1.000000
179,10,1541,299,199,633,1,-1,-1.000000
179,11,1743,271,175,649,1,-1,-1.000000
179,13,219,353,61,137,1,-1,-1.000000
179,14,525,331,75,161,1,-1,-1.000000
179,15,803,331,41,121,1,-1,-1.000000
179,22,907,333,49,115,1,-1,-1.000000
179,23,411,339,47,123,1,-1,-1.000000
179,24,375,359,45,113,1,-1,-1.000000
180,2,881,333,69,169,1,-1,-1.000000
180,4,781,339,51,135,1,-1,-1.000000
180,7,1039,317,77,203,1,-1,-1.000000
180,8,711,333,43,135,1,-1,-1.000000
180,10,1531,299,201,635,1,-1,-1.000000
180,11,1735,271,183,651,1,-1,-1.000000
180,13,219,351,61,137,1,-1,-1.000000
180,14,525,331,75,161,1,-1,-1.000000
180,15,799,331,41,121,1,-1,-1.000000
180,22,905,331,49,115,1,-1,-1.000000
180,23,405,337,47,125,1,-1,-1.000000
180,24,375,355,43,115,1,-1,-1.000000
181,2,879,331,69,169,1,-1,-1.000000
181,4,779,337,51,135,1,-1,-1.000000
181,7,1039,315,77,205,1,-1,-1.000000
181,8,711,331,41,135,1,-1,-1.000000
181,10,1523,301,201,635,1,-1,-1.000000
181,11,1727,271,191,653,1,-1,-1.000000
181,13,219,349,59,139,1,-1,-1.000000
181,14,523,329,75,161,1,-1,-1.000000
181,15,795,329,41,121,1,-1,-1.000000
181,22,903,327,49,115,1,-1,-1.000000
181,23,399,337,47,125,1,-1,-1.000000
181,24,373,353,43,115,1,-1,-1.000000
182,2,877,329,69,169,1,-1,-1.000000
182,4,777,337,51,135,1,-1,-1.000000
182,7,1039,311,79,207,1,-1,-1.000000
182,8,709,327,43,135,1,-1,-1.000000
182,10,1513,301,201,637,1,-1,-1.000000
182,11,1717,273,201,653,1,-1,-1.000000
182,13,219,347,59,139,1,-1,-1.000000
182,14,523,329,75,161,1,-1,-1.000000
182,15,791,329,41,121,1,-1,-1.000000
182,22,903,325,49,115,1,-1,-1.000000
182,23,397,335,47,125,1,-1,-1.000000
182,24,371,351,45,115,1,-1,-1.000000
182,25,939,331,43,103,1,-1,-1.000000
183,2,875,329,69,169,1,-1,-1.000000
183,4,777,335,51,137,1,-1,-1.000000
183,7,1039,309,79,209,1,-1,-1.000000
183,8,707,323,43,137,1,-1,-1.000000
183,10,1503,301,203,639,1,-1,-1.000000
183,11,1709,273,209,655,1,-1,-1.000000
183,13,219,345,59,139,1,-1,-1.000000
183,14,521,329,77,161,1,-1,-1.000000
183,15,787,329,41,121,1,-1,-1.000000
183,20,823,321,45,119,1,-1,-1.000000
183,22,901,323,49,115,1,-1,-1.000000
183,23,395,335,47,125,1,-1,-1.000000
183,24,369,349,45,115,1,-1,-1.000000
183,25,925,329,43,103,1,-1,-1.000000
184,2,873,329,69,169,1,-1,-1.000000
184,4,775,335,51,135,1,-1,-1.000000
184,7,1039,307,79,211,1,-1,-1.000000
184,8,707,321,43,137,1,-1,-1.000000
184,10,1495,301,203,641,1,-1,-1.000000
184,11,1701,273,217,657,1,-1,-1.000000
184,13,219,345,59,137,1,-1,-1.000000
184,14,521,327,75,163,1,-1,-1.000000
184,15,787,329,41,121,1,-1,-1.000000
184,20,821,321,45,119,1,-1,-1.000000
184,22,901,321,49,115,1,-1,-1.000000
184,23,393,335,47,125,1,-1,-1.000000
184,24,369,345,43,117,1,-1,-1.000000
184,25,911,327,45,103,1,-1,-1.000000
185,2,871,329,69,169,1,-1,-1.000000
185,4,773,333,51,137,1,-1,-1.000000
185,7,1039,303,81,213,1,-1,-1.000000
185,8,705,321,43,137,1,-1,-1.000000
185,10,1485,301,203,641,1,-1,-1.000000
185,11,1693,273,225,657,1,-1,-1.000000
185,13,217,343,61,137,1,-1,-1.000000
185,14,519,327,77,163,1,-1,-1.000000
185,15,787,331,41,121,1,-1,-1.000000
185,20,821,321,45,119,1,-1,-1.000000
185,22,901,321,49,115,1,-1,-1.000000
185,23,391,333,49,127,1,-1,-1.000000
185,24,367,343,45,117,1,-1,-1.000000
185,25,899,327,43,103,1,-1,-1.000000
186,2,871,331,69,167,1,-1,-1.000000
186,4,771,333,51,135,1,-1,-1.000000
186,7,1039,301,81,215,1,-1,-1.000000
186,8,705,323,43,137,1,-1,-1.000000
186,10,1477,301,203,643,1,-1,-1.000000
186,11,1685,273,233,659,1,-1,-1.000000
186,13,217,341,61,137,1,-1,-1.000000
186,14,519,327,77,163,1,-1,-1.000000
186,15,789,331,41,121,1,-1,-1.000000
186,20,821,321,45,121,1,-1,-1.000000
186,22,903,323,49,115,1,-1,-1.000000
186,23,391,333,47,127,1,-1,-1.000000
186,24,365,341,45,117,1,-1,-1.000000
186,25,885,325,45,103,1,-1,-1.000000
187,2,869,331,69,167,1,-1,-1.000000
187,4,771,331,51,137,1,-1,-1.000000
187,7,1039,299,81,217,1,-1,-1.000000
187,8,705,325,43,137,1,-1,-1.000000
187,10,1467,301,205,645,1,-1,-1.000000
187,11,1677,273,241,661,1,-1,-1.000000
187,13,217,339,61,137,1,-1,-1.000000
187,14,517,325,77,165,1,-1,-1.000000
187,15,789,333,41,121,1,-1,-1.000000
187,20,819,323,45,119,1,-1,-1.000000
187,22,905,323,49,115,1,-1,-1.000000
187,23,389,333,47,127,1,-1,-1.000000
187,24,365,339,45,117,1,-1,-1.000000
187,25,871,323,45,103,1,-1,-1.000000
188,2,867,331,69,169,1,-1,-1.000000
188,4,769,331,51,137,1,-1,-1.000000
188,7,1039,297,83,219,1,-1,-1.000000
188,8,705,325,43,139,1,-1,-1.000000
188,10,1457,301,205,647,1,-1,-1.000000
188,11,1669,273,249,663,1,-1,-1.000000
188,13,217,337,59,139,1,-1,-1.000000
188,14,517,325,77,165,1,-1,-1.000000
188,15,789,333,41,121,1,-1,-1.000000
188,20,819,323,45,119,1,-1,-1.000000
188,22,907,325,49,115,1,-1,-1.000000
188,23,387,333,49,127,1,-1,-1.000000
188,24,363,339,45,117,1,-1,-1.000000
188,25,859,323,45,103,1,-1,-1.000000
189,2,865,331,69,169,1,-1,-1.000000
189,4,767,329,51,137,1,-1,-1.000000
189,7,1041,297,83,221,1,-1,-1.000000
189,8,703,327,45,139,1,-1,-1.000000
189,10,1449,301,205,649,1,-1,-1.000000
189,11,1661,273,257,665,1,-1,-1.000000
189,13,217,337,59,137,1,-1,-1.000000
189,14,515,325,79,165,1,-1,-1.000000
189,15,791,335,41,121,1,-1,-1.000000
189,20,819,323,45,121,1,-1,-1.000000
189,22,909,325,49,115,1,-1,-1.000000
189,23,385,331,49,127,1,-1,-1.000000
189,24,363,339,45,117,1,-1,-1.000000
189,25,861,325,45,103,1,-1,-1.000000
190,2,865,333,69,167,1,-1,-1.000000
190,4,765,329,51,137,1,-1,-1.000000
190,7,1043,299,83,223,1,-1,-1.000000
190,8,703,329,45,139,1,-1,-1.000000
190,10,1439,301,207,651,1,-1,-1.000000
190,11,1653,275,265,665,1,-1,-1.000000
190,13,217,335,59,137,1,-1,-1.000000
190,14,515,325,79,165,1,-1,-1.000000
190,15,791,335,41,121,1,-1,-1.000000
190,20,819,323,45,121,1,-1,-1.000000
190,22,911,327,49,115,1,-1,-1.000000
190,23,383,331,49,127,1,-1,-1.000000
190,24,361,339,47,119,1,-1,-1.000000
190,25,863,327,45,103,1,-1,-1.000000
191,2,863,333,69,167,1,-1,-1.000000
191,4,765,329,51,137,1,-1,-1.000000
191,7,1045,301,85,225,1,-1,-1.000000
191,8,703,329,45,141,1,-1,-1.000000
191,10,1431,303,207,651,1,-1,-1.000000
191,11,1643,279,265,665,1,-1,-1.000000
191,13,217,333,59,137,1,-1,-1.000000
191,14,513,323,79,165,1,-1,-1.000000
191,15,791,337,41,121,1,-1,-1.000000
191,20,817,325,45,119,1,-1,-1.000000
191,22,913,329,49,115,1,-1,-1.000000
191,23,383,331,47,127,1,-1,-1.000000
191,24,361,339,45,119,1,-1,-1.000000
191,25,865,329,45,103,1,-1,-1.000000
192,2,861,333,69,167,1,-1,-1.000000
192,4,765,329,51,137,1,-1,-1.000000
192,7,1047,303,85,227,1,-1,-1.000000
192,8,703,331,45,141,1,-1,-1.000000
192,10,1423,303,207,653,1,-1,-1.000000
192,11,1633,283,267,667,1,-1,-1.000000
192,13,217,331,59,137,1,-1,-1.000000
192,14,513,323,79,165,1,-1,-1.000000
192,15,793,337,41,123,1,-1,-1.000000
192,20,817,325,45,121,1,-1,-1.000000
192,22,913,329,49,115,1,-1,-1.000000
192,23,381,329,49,129,1,-1,-1.000000
192,24,359,339,47,119,1,-1,-1.000000
192,25,867,331,45,103,1,-1,-1.000000
193,2,859,333,69,167,1,-1,-1.000000
193,4,767,331,51,137,1,-1,-1.000000
193,7,1049,305,87,229,1,-1,-1.000000
193,8,703,333,45,141,1,-1,-1.000000
193,10,1417,305,207,653,1,-1,-1.000000
193,11,1623,287,269,669,1,-1,-1.000000
193,13,217,329,59,137,1,-1,-1.000000
193,14,511,323,81,165,1,-1,-1.000000
193,15,793,339,41,121,1,-1,-1.000000
193,20,817,325,45,121,1,-1,-1.000000
193,22,915,329,49,115,1,-1,-1.000000
193,23,379,329,49,129,1,-1,-1.000000
193,24,359,339,47,121,1,-1,-1.000000
193,25,869,335,45,103,1,-1,-1.000000
194,2,859,335,69,167,1,-1,-1.000000
194,4,769,333,51,137,1,-1,-1.000000
194,7,1051,307,87,231,1,-1,-1.000000
194,8,703,333,47,141,1,-1,-1.000000
194,10,1409,305,209,655,1,-1,-1.000000
194,11,1615,291,269,671,1,-1,-1.000000
194,13,217,329,59,137,1,-1,-1.000000
194,14,511,321,79,167,1,-1,-1.000000
194,15,793,339,41,123,1,-1,-1.000000
194,20,817,327,45,121,1,-1,-1.000000
194,22,917,331,49,115,1,-1,-1.000000
194,23,377,329,49,129,1,-1,-1.000000
194,24,357,339,47,121,1,-1,-1.000000
194,25,871,337,45,103,1,-1,-1.000000
195,2,861,337,69,167,1,-1,-1.000000
195,4,769,333,51,139,1,-1,-1.000000
195,7,1053,309,89,233,1,-1,-1.000000
195,8,705,335,47,141,1,-1,-1.000000
195,10,1403,307,209,655,1,-1,-1.000000
195,11,1615,291,269,673,1,-1,-1.000000
195,13,223,329,59,137,1,-1,-1.000000
195,14,509,321,81,167,1,-1,-1.000000
195,15,795,341,41,121,1,-1,-1.000000
195,20,819,327,45,121,1,-1,-1.000000
195,22,919,331,49,115,1,-1,-1.000000
195,23,377,329,49,129,1,-1,-1.000000
195,24,357,339,47,121,1,-1,-1.000000
195,25,875,339,45,103,1,-1,-1.000000
196,2,863,339,69,167,1,-1,-1.000000
196,4,771,335,51,139,1,-1,-1.000000
196,7,1055,311,89,235,1,-1,-1.000000
196,8,707,335,47,143,1,-1,-1.000000
196,10,1395,307,211,659,1,-1,-1.000000
196,11,1617,293,269,675,1,-1,-1.000000
196,13,231,331,59,137,1,-1,-1.000000
196,14,509,321,81,167,1,-1,-1.000000
196,15,795,341,41,123,1,-1,-1.000000
196,20,821,329,45,121,1,-1,-1.000000
196,22,919,331,49,115,1,-1,-1.000000
196,23,381,329,49,129,1,-1,-1.000000
196,24,357,341,47,121,1,-1,-1.000000
196,25,877,341,45,103,1,-1,-1.000000
197,2,867,341,69,167,1,-1,-1.000000
197,4,773,337,51,137,1,-1,-1.000000
197,7,1059,313,89,237,1,-1,-1.000000
197,8,709,337,47,141,1,-1,-1.000000
197,10,1389,309,209,659,1,-1,-1.000000
197,11,1617,295,271,675,1,-1,-1.000000
197,13,237,333,59,137,1,-1,-1.000000
197,14,507,319,81,169,1,-1,-1.000000
197,15,795,343,41,121,1,-1,-1.000000
197,20,825,331,45,121,1,-1,-1.000000
197,22,921,333,49,115,1,-1,-1.000000
197,23,387,331,49,129,1,-1,-1.000000
197,24,357,341,47,121,1,-1,-1.000000
197,25,879,343,45,103,1,-1,-1.000000
198,2,869,345,69,167,1,-1,-1.000000
198,4,773,337,51,139,1,-1,-1.000000
198,7,1065,315,89,237,1,-1,-1.000000
198,8,711,337,47,143,1,-1,-1.000000
198,10,1381,309,211,661,1,-1,-1.000000
198,11,1619,295,269,679,1,-1,-1.000000
198,13,245,335,59,137,1,-1,-1.000000
198,14,507,319,81,169,1,-1,-1.000000
198,15,797,343,41,123,1,-1,-1.000000
198,20,827,331,45,121,1,-1,-1.000000
198,22,923,333,49,115,1,-1,-1.000000
198,23,393,333,49,129,1,-1,-1.000000
198,24,357,341,47,121,1,-1,-1.000000
198,25,881,347,45,103,1,-1,-1.000000
199,2,873,347,69,167,1,-1,-1.000000
199,4,775,339,51,139,1,-1,-1.000000
199,7,1071,317,91,239,1,-1,-1.000000
199,8,713,339,47,143,1,-1,-1.000000
199,10,1375,311,211,661,1,-1,-1.000000
199,11,1619,297,271,679,1,-1,-1.000000
199,13,251,337,59,137,1,-1,-1.000000
199,14,505,319,83,169,1,-1,-1.000000
199,15,797,345,41,121,1,-1,-1.000000
199,20,829,333,45,121,1,-1,-1.000000
199,22,925,335,49,115,1,-1,-1.000000
199,23,397,333,49,131,1,-1,-1.000000
199,24,359,341,47,121,1,-1,-1.000000
199,25,883,349,45,103,1,-1,-1.000000
200,2,875,349,69,167,1,-1,-1.000000
200,4,777,341,51,139,1,-1,-1.000000
200,7,1079,319,91,241,1,-1,-1.000000
200,8,715,341,47,143,1,-1,-1.000000
200,10,1367,311,213,663,1,-1,-1.000000
200,11,1621,299,271,681,1,-1,-1.000000
200,13,259,339,59,137,1,-1,-1.000000
200,14,505,319,83,169,1,-1,-1.000000
200,15,797,345,41,123,1,-1,-1.000000
200,20,833,335,45,121,1,-1,-1.000000
200,22,931,335,49,117,1,-1,-1.000000
200,23,403,335,49,131,1,-1,-1.000000
200,24,365,341,47,121,1,-1,-1.000000
200,25,885,351,45,103,1,-1,-1.000000
201,2,879,353,69,167,1,-1,-1.000000
201,4,779,343,51,139,1,-1,-1.000000
201,7,1085,321,91,243,1,-1,-1.000000
201,8,723,343,47,143,1,-1,-1.000000
201,10,1361,313,213,665,1,-1,-1.000000
201,11,1621,299,271,683,1,-1,-1.000000
201,13,265,339,59,137,1,-1,-1.000000
201,14,511,321,83,169,1,-1,-1.000000
201,15,799,347,41,123,1,-1,-1.000000
201,20,841,337,47,123,1,-1,-1.000000
201,22,939,337,49,117,1,-1,-1.000000
201,23,409,337,49,131,1,-1,-1.000000
201,24,371,343,47,121,1,-1,-1.000000
201,25,889,353,45,103,1,-1,-1.000000
202,2,887,355,69,167,1,-1,-1.000000
202,4,785,343,51,139,1,-1,-1.000000
202,7,1091,323,93,245,1,-1,-1.000000
202,8,731,345,47,143,1,-1,-1.000000
202,10,1365,313,213,667,1,-1,-1.000000
202,11,1623,301,271,685,1,-1,-1.000000
202,13,273,341,59,137,1,-1,-1.000000
202,14,517,325,85,169,1,-1,-1.000000
202,15,805,347,41,123,1,-1,-1.000000
202,20,851,341,47,123,1,-1,-1.000000
202,22,947,339,49,117,1,-1,-1.000000
202,23,415,337,49,131,1,-1,-1.000000
202,24,377,343,47,123,1,-1,-1.000000
202,25,891,355,45,103,1,-1,-1.000000
203,2,895,359,69,167,1,-1,-1.000000
203,4,793,343,51,139,1,-1,-1.000000
203,7,1099,325,93,247,1,-1,-1.000000
203,8,739,347,47,143,1,-1,-1.000000
203,10,1369,315,213,669,1,-1,-1.000000
203,11,1623,303,273,685,1,-1,-1.000000
203,13,279,343,59,137,1,-1,-1.000000
203,14,523,327,85,171,1,-1,-1.000000
203,15,811,347,41,125,1,-1,-1.000000
203,20,861,345,47,123,1,-1,-1.000000
203,22,955,341,49,117,1,-1,-1.000000
203,23,419,339,49,131,1,-1,-1.000000
203,24,383,345,47,123,1,-1,-1.000000
203,25,893,359,45,103,1,-1,-1.000000
204,2,905,363,69,167,1,-1,-1.000000
204,4,801,345,51,139,1,-1,-1.000000
204,7,1111,327,95,249,1,-1,-1.000000
204,8,747,351,47,143,1,-1,-1.000000
204,10,1373,317,215,669,1,-1,-1.000000
204,11,1625,303,273,689,1,-1,-1.000000
204,13,287,345,59,137,1,-1,-1.000000
204,14,531,331,85,169,1,-1,-1.000000
204,15,817,349,41,123,1,-1,-1.000000
204,20,871,349,47,123,1,-1,-1.000000
204,22,963,343,49,117,1,-1,-1.000000
204,23,425,341,49,131,1,-1,-1.000000
204,24,389,347,49,123,1,-1,-1.000000
204,25,895,361,45,103,1,-1,-1.000000
205,2,909,363,69,167,1,-1,-1.000000
205,4,807,345,51,139,1,-1,-1.000000
205,7,1125,329,95,251,1,-1,-1.000000
205,8,753,351,47,143,1,-1,-1.000000
205,10,1377,319,215,671,1,-1,-1.000000
205,11,1625,305,273,689,1,-1,-1.000000
205,13,295,347,57,137,1,-1,-1.000000
205,14,537,333,85,171,1,-1,-1.000000
205,15,823,349,41,125,1,-1,-1.000000
205,20,881,353,47,123,1,-1,-1.000000
205,22,971,345,49,117,1,-1,-1.000000
205,23,431,341,49,133,1,-1,-1.000000
205,24,397,347,47,125,1,-1,-1.000000
205,25,897,363,45,103,1,-1,-1.000000
206,2,913,363,69,167,1,-1,-1.000000
206,4,815,347,51,139,1,-1,-1.000000
206,7,1137,331,97,253,1,-1,-1.000000
206,8,761,351,47,143,1,-1,-1.000000
206,10,1381,321,217,673,1,-1,-1.000000
206,11,1627,307,273,691,1,-1,-1.000000
206,13,301,349,59,137,1,-1,-1.000000
206,14,543,337,87,171,1,-1,-1.000000
206,15,829,351,41,123,1,-1,-1.000000
206,20,891,357,47,123,1,-1,-1.000000
206,22,977,347,49,117,1,-1,-1.000000
206,23,435,343,49,133,1,-1,-1.000000
206,24,403,349,47,125,1,-1,-1.000000
206,25,899,365,45,103,1,-1,-1.000000
207,2,919,363,69,167,1,-1,-1.000000
207,4,823,347,51,139,1,-1,-1.000000
207,7,1151,333,97,255,1,-1,-1.000000
207,8,769,351,47,143,1,-1,-1.000000
207,10,1385,323,217,673,1,-1,-1.000000
207,11,1627,307,275,693,1,-1,-1.000000
207,13,309,351,57,137,1,-1,-1.000000
207,14,551,339,85,171,1,-1,-1.000000
207,15,835,351,41,125,1,-1,-1.000000
207,20,895,357,47,123,1,-1,-1.000000
207,22,985,349,49,117,1,-1,-1.000000
207,23,441,345,49,133,1,-1,-1.000000
207,24,409,351,47,125,1,-1,-1.000000
207,25,903,369,45,103,1,-1,-1.000000
208,2,923,363,69,167,1,-1,-1.000000
208,4,829,349,51,139,1,-1,-1.000000
208,7,1165,337,97,257,1,-1,-1.000000
208,8,775,351,49,145,1,-1,-1.000000
208,10,1389,325,217,675,1,-1,-1.000000
208,11,1629,309,273,695,1,-1,-1.000000
208,13,315,351,59,137,1,-1,-1.000000
208,14,557,343,87,171,1,-1,-1.000000
208,15,841,353,41,123,1,-1,-1.000000
208,20,901,357,47,123,1,-1,-1.000000
208,22,993,351,49,117,1,-1,-1.000000
208,23,447,345,49,133,1,-1,-1.000000
208,24,415,351,49,125,1,-1,-1.000000
208,25,903,367,45,105,1,-1,-1.000000
209,2,929,363,69,167,1,-1,-1.000000
209,4,837,349,51,139,1,-1,-1.000000
209,7,1171,335,99,261,1,-1,-1.000000
209,8,783,351,49,145,1,-1,-1.000000
209,10,1393,327,219,675,1,-1,-1.000000
209,11,1629,311,275,695,1,-1,-1.000000
209,13,323,353,57,137,1,-1,-1.000000
209,14,563,345,87,173,1,-1,-1.000000
209,15,847,353,41,125,1,-1,-1.000000
209,20,907,357,47,125,1,-1,-1.000000
209,22,1001,353,49,117,1,-1,-1.000000
209,23,453,347,49,133,1,-1,-1.000000
209,24,421,353,49,125,1,-1,-1.000000
209,25,905,367,45,105,1,-1,-1.000000
210,2,933,365,69,165,1,-1,-1.000000
210,4,845,351,51,139,1,-1,-1.000000
210,7,1179,335,99,263,1,-1,-1.000000
210,8,791,351,49,145,1,-1,-1.000000
210,10,1397,329,219,677,1,-1,-1.000000
210,11,1631,311,275,699,1,-1,-1.000000
210,13,329,355,59,137,1,-1,-1.000000
210,14,571,349,87,173,1,-1,-1.000000
210,15,853,355,41,123,1,-1,-1.000000
210,20,913,359,47,123,1,-1,-1.000000
210,22,1009,355,49,117,1,-1,-1.000000
210,23,457,349,49,133,1,-1,-1.000000
210,24,427,355,49,125,1,-1,-1.000000
210,25,907,367,45,105,1,-1,-1.000000
211,2,939,365,69,165,1,-1,-1.000000
211,4,851,351,51,139,1,-1,-1.000000
211,7,1185,333,101,267,1,-1,-1.000000
211,8,797,351,51,147,1,-1,-1.000000
211,10,1401,331,221,679,1,-1,-1.000000
211,11,1631,313,277,699,1,-1,-1.000000
211,13,337,357,57,137,1,-1,-1.000000
211,14,573,347,87,175,1,-1,-1.000000
211,15,859,355,41,125,1,-1,-1.000000
211,20,919,359,47,125,1,-1,-1.000000
211,22,1017,357,49,117,1,-1,-1.000000
211,23,463,349,49,135,1,-1,-1.000000
211,24,435,355,47,127,1,-1,-1.000000
211,25,909,367,45,105,1,-1,-1.000000
212,2,943,365,69,165,1,-1,-1.000000
212,4,859,353,51,139,1,-1,-1.000000
212,7,1193,333,101,269,1,-1,-1.000000
212,8,805,351,51,147,1,-1,-1.000000
212,10,1399,333,221,679,1,-1,-1.000000
212,11,1633,315,275,701,1,-1,-1.000000
212,13,343,359,59,137,1,-1,-1.000000
212,14,577,347,87,175,1,-1,-1.000000
212,15,865,355,41,125,1,-1,-1.000000
212,20,923,359,47,125,1,-1,-1.000000
212,22,1023,357,49,117,1,-1,-1.000000
212,23,469,351,49,135,1,-1,-1.000000
212,24,441,357,49,127,1,-1,-1.000000
212,25,909,367,45,105,1,-1,-1.000000
213,2,949,365,69,167,1,-1,-1.000000
213,4,867,353,51,139,1,-1,-1.000000
213,7,1201,331,101,273,1,-1,-1.000000
213,8,813,351,51,147,1,-1,-1.000000
213,10,1397,335,223,681,1,-1,-1.000000
213,11,1633,315,277,703,1,-1,-1.000000
213,13,351,361,57,137,1,-1,-1.000000
213,14,579,347,87,175,1,-1,-1.000000
213,15,871,357,41,125,1,-1,-1.000000
213,20,929,361,47,123,1,-1,-1.000000
213,22,1029,357,49,117,1,-1,-1.000000
213,23,475,353,49,135,1,-1,-1.000000
213,24,447,359,49,127,1,-1,-1.000000
213,25,911,367,45,105,1,-1,-1.000000
214,2,953,365,69,167,1,-1,-1.000000
214,4,875,355,51,139,1,-1,-1.000000
214,7,1207,331,105,275,1,-1,-1.000000
214,8,821,353,51,147,1,-1,-1.000000
214,10,1397,337,223,683,1,-1,-1.000000
214,11,1635,317,277,705,1,-1,-1.000000
214,13,359,363,57,137,1,-1,-1.000000
214,14,583,347,87,175,1,-1,-1.000000
214,15,877,357,41,125,1,-1,-1.000000
214,20,935,361,47,125,1,-1,-1.000000
214,22,1035,359,49,117,1,-1,-1.000000
214,23,477,351,49,135,1,-1,-1.000000
214,24,453,359,49,129,1,-1,-1.000000
214,25,913,367,45,105,1,-1,-1.000000
215,2,959,365,69,167,1,-1,-1.000000
215,4,877,355,51,139,1,-1,-1.000000
215,7,1215,329,105,281,1,-1,-1.000000
215,8,823,351,51,149,1,-1,-1.000000
215,10,1395,339,223,685,1,-1,-1.000000
215,11,1635,319,277,705,1,-1,-1.000000
215,13,361,361,57,137,1,-1,-1.000000
215,14,585,347,89,177,1,-1,-1.000000
215,15,883,359,41,125,1,-1,-1.000000
215,20,941,361,47,125,1,-1,-1.000000
215,22,1041,359,49,117,1,-1,-1.000000
215,23,479,351,49,135,1,-1,-1.000000
215,24,459,361,49,129,1,-1,-1.000000
215,25,915,367,45,105,1,-1,-1.000000
216,2,963,367,69,165,1,-1,-1.000000
216,4,879,355,51,139,1,-1,-1.000000
216,7,1223,329,105,283,1,-1,-1.000000
216,8,825,351,51,149,1,-1,-1.000000
216,10,1395,341,223,687,1,-1,-1.000000
216,11,1637,319,277,709,1,-1,-1.000000
216,13,365,361,57,137,1,-1,-1.000000
216,14,589,347,87,177,1,-1,-1.000000
216,15,889,359,41,125,1,-1,-1.000000
216,20,947,363,47,125,1,-1,-1.000000
216,22,1047,359,49,117,1,-1,-1.000000
216,23,481,351,49,135,1,-1,-1.000000
216,24,467,363,49,129,1,-1,-1.000000
216,25,917,367,45,105,1,-1,-1.000000
217,2,969,367,69,165,1,-1,-1.000000
217,4,881,355,51,139,1,-1,-1.000000
217,7,1229,327,107,287,1,-1,-1.000000
217,8,827,351,51,149,1,-1,-1.000000
217,10,1393,343,225,687,1,-1,-1.000000
217,11,1637,321,279,709,1,-1,-1.000000
217,13,369,361,57,137,1,-1,-1.000000
217,14,591,347,89,177,1,-1,-1.000000
217,15,895,361,41,125,1,-1,-1.000000
217,20,949,361,47,125,1,-1,-1.000000
217,22,1055,361,49,117,1,-1,-1.000000
217,23,483,351,49,135,1,-1,-1.000000
217,24,467,361,49,129,1,-1,-1.000000
217,25,917,367,45,105,1,-1,-1.000000
218,2,973,367,69,165,1,-1,-1.000000
218,4,883,355,51,139,1,-1,-1.000000
218,7,1237,327,107,289,1,-1,-1.000000
218,8,829,351,53,149,1,-1,-1.000000
218,10,1391,345,225,689,1,-1,-1.000000
218,11,1639,323,279,711,1,-1,-1.000000
218,13,373,361,57,137,1,-1,-1.000000
218,14,595,347,87,177,1,-1,-1.000000
218,15,901,361,41,125,1,-1,-1.000000
218,20,953,361,47,125,1,-1,-1.000000
218,22,1057,359,49,117,1,-1,-1.000000
218,23,485,349,49,137,1,-1,-1.000000
218,24,469,359,49,131,1,-1,-1.000000
218,25,919,367,45,105,1,-1,-1.000000
219,2,979,367,69,165,1,-1,-1.000000
219,4,885,355,51,139,1,-1,-1.000000
219,7,1245,325,107,293,1,-1,-1.000000
219,8,833,351,51,149,1,-1,-1.000000
219,10,1391,347,225,691,1,-1,-1.000000
219,11,1637,321,279,713,1,-1,-1.000000
219,13,377,359,57,137,1,-1,-1.000000
219,14,597,347,89,177,1,-1,-1.000000
219,15,909,363,41,125,1,-1,-1.000000
219,20,957,361,47,125,1,-1,-1.000000
219,22,1059,359,49,117,1,-1,-1.000000
219,23,487,349,51,137,1,-1,-1.000000
219,24,469,359,49,129,1,-1,-1.000000
219,25,921,367,45,105,1,-1,-1.000000
220,2,983,367,69,165,1,-1,-1.000000
220,4,887,355,51,141,1,-1,-1.000000
220,7,1251,325,111,295,1,-1,-1.000000
220,8,835,349,51,151,1,-1,-1.000000
220,10,1389,349,227,693,1,-1,-1.000000
220,11,1635,319,281,715,1,-1,-1.000000
220,13,381,359,57,137,1,-1,-1.000000
220,14,601,347,89,179,1,-1,-1.000000
220,15,911,361,41,125,1,-1,-1.000000
220,20,961,361,47,125,1,-1,-1.000000
220,22,1063,359,49,117,1,-1,-1.000000
220,23,489,349,51,137,1,-1,-1.000000
220,24,471,357,49,131,1,-1,-1.000000
220,25,923,367,45,105,1,-1,-1.000000
221,2,989,369,69,165,1,-1,-1.000000
221,4,889,355,51,141,1,-1,-1.000000
221,7,1259,323,111,299,1,-1,-1.000000
221,8,837,349,53,151,1,-1,-1.000000
221,10,1389,351,227,695,1,-1,-1.000000
221,11,1635,319,281,715,1,-1,-1.000000
221,13,385,359,57,137,1,-1,-1.000000
221,14,599,345,89,179,1,-1,-1.000000
221,15,913,359,41,127,1,-1,-1.000000
221,20,965,359,47,127,1,-1,-1.000000
221,22,1065,359,49,117,1,-1,-1.000000
221,23,491,349,51,137,1,-1,-1.000000
221,24,471,355,51,131,1,-1,-1.000000
221,25,923,367,45,105,1,-1,-1.000000
222,2,991,367,69,165,1,-1,-1.000000
222,4,891,355,51,141,1,-1,-1.000000
222,7,1267,323,111,303,1,-1,-1.000000
222,8,839,349,53,151,1,-1,-1.000000
222,10,1387,349,227,693,1,-1,-1.000000
222,11,1633,317,283,717,1,-1,-1.000000
222,13,389,359,57,137,1,-1,-1.000000
222,14,597,343,89,181,1,-1,-1.000000
222,15,915,359,43,125,1,-1,-1.000000
222,20,969,359,47,127,1,-1,-1.000000
222,22,1067,359,49,117,1,-1,-1.000000
222,23,493,347,51,139,1,-1,-1.000000
222,24,473,355,49,131,1,-1,-1.000000
222,25,925,367,45,105,1,-1,-1.000000
223,2,995,365,69,165,1,-1,-1.000000
223,4,895,357,51,139,1,-1,-1.000000
223,7,1273,323,113,305,1,-1,-1.000000
223,8,841,349,53,151,1,-1,-1.000000
223,10,1387,347,227,693,1,-1,-1.000000
223,11,1633,317,283,719,1,-1,-1.000000
223,13,393,359,57,137,1,-1,-1.000000
223,14,595,341,91,181,1,-1,-1.000000
223,15,919,357,41,127,1,-1,-1.000000
223,20,971,359,49,127,1,-1,-1.000000
223,22,1071,359,49,117,1,-1,-1.000000
223,23,495,347,51,139,1,-1,-1.000000
223,24,473,353,51,131,1,-1,-1.000000
223,25,927,367,45,105,1,-1,-1.000000
224,2,997,365,69,165,1,-1,-1.000000
224,4,897,357,51,139,1,-1,-1.000000
224,7,1281,321,113,309,1,-1,-1.000000
224,8,845,349,53,151,1,-1,-1.000000
224,10,1387,345,225,693,1,-1,-1.000000
224,11,1631,315,285,721,1,-1,-1.000000
224,13,397,357,57,137,1,-1,-1.000000
224,14,593,339,91,183,1,-1,-1.000000
224,15,921,357,41,125,1,-1,-1.000000
224,20,975,359,49,127,1,-1,-1.000000
224,22,1073,359,49,117,1,-1,-1.000000
224,23,497,347,51,139,1,-1,-1.000000
224,24,475,351,49,133,1,-1,-1.000000
224,25,929,367,45,105,1,-1,-1.000000
225,2,1001,363,69,165,1,-1,-1.000000
225,4,899,357,51,139,1,-1,-1.000000
225,7,1287,321,117,311,1,-1,-1.000000
225,8,847,347,53,151,1,-1,-1.000000
225,10,1385,343,227,693,1,-1,-1.000000
225,11,1631,313,283,723,1,-1,-1.000000
225,13,401,357,57,137,1,-1,-1.000000
225,14,591,337,91,183,1,-1,-1.000000
225,15,923,355,43,127,1,-1,-1.000000
225,20,979,359,49,127,1,-1,-1.000000
225,22,1075,359,49,117,1,-1,-1.000000
225,23,501,347,51,139,1,-1,-1.000000
225,24,475,351,51,131,1,-1,-1.000000
225,25,931,367,45,105,1,-1,-1.000000
226,2,1003,361,69,165,1,-1,-1.000000
226,4,901,357,51,141,1,-1,-1.000000
226,7,1295,319,117,315,1,-1,-1.000000
226,8,849,345,55,153,1,-1,-1.000000
226,10,1385,341,227,693,1,-1,-1.000000
226,11,1629,313,285,723,1,-1,-1.000000
226,13,405,357,57,137,1,-1,-1.000000
226,14,591,337,91,183,1,-1,-1.000000
226,15,927,355,41,125,1,-1,-1.000000
226,20,983,357,47,127,1,-1,-1.000000
226,22,1079,359,49,117,1,-1,-1.000000
226,23,501,345,51,139,1,-1,-1.000000
226,24,477,349,51,133,1,-1,-1.000000
226,25,931,365,45,105,1,-1,-1.000000
227,2,1007,361,69,165,1,-1,-1.000000
227,4,903,357,51,141,1,-1,-1.000000
227,7,1303,319,117,317,1,-1,-1.000000
227,8,853,345,53,151,1,-1,-1.000000
227,10,1385,339,225,693,1,-1,-1.000000
227,11,1629,311,285,727,1,-1,-1.000000
227,13,409,357,57,137,1,-1,-1.000000
227,14,593,335,91,183,1,-1,-1.000000
227,15,929,353,41,127,1,-1,-1.000000
227,20,987,357,47,127,1,-1,-1.000000
227,22,1081,359,49,117,1,-1,-1.000000
227,23,503,343,51,139,1,-1,-1.000000
227,24,477,347,51,133,1,-1,-1.000000
227,25,931,363,45,107,1,-1,-1.000000
228,2,1009,359,69,165,1,-1,-1.000000
228,4,905,357,51,141,1,-1,-1.000000
228,7,1309,317,119,321,1,-1,-1.000000
228,8,855,343,55,153,1,-1,-1.000000
228,10,1383,337,227,691,1,-1,-1.000000
228,11,1627,311,287,727,1,-1,-1.000000
228,13,413,357,57,137,1,-1,-1.000000
228,14,597,333,91,183,1,-1,-1.000000
228,15,931,353,43,125,1,-1,-1.000000
228,20,991,357,47,127,1,-1,-1.000000
228,22,1083,359,49,117,1,-1,-1.000000
228,23,503,341,51,141,1,-1,-1.000000
228,24,479,347,51,133,1,-1,-1.000000
228,25,931,361,47,107,1,-1,-1.000000
229,2,1013,359,69,163,1,-1,-1.000000
229,4,907,357,51,141,1,-1,-1.000000
229,7,1317,317,119,325,1,-1,-1.000000
229,8,859,341,53,153,1,-1,-1.000000
229,10,1383,335,225,691,1,-1,-1.000000
229,11,1627,309,287,729,1,-1,-1.000000
229,13,417,353,57,137,1,-1,-1.000000
229,14,601,331,91,185,1,-1,-1.000000
229,15,935,351,41,127,1,-1,-1.000000
229,20,993,357,49,127,1,-1,-1.000000
229,22,1087,359,49,117,1,-1,-1.000000
229,23,505,341,51,139,1,-1,-1.000000
229,24,481,345,51,135,1,-1,-1.000000
229,25,933,361,45,107,1,-1,-1.000000
230,2,1015,357,69,165,1,-1,-1.000000
230,4,909,357,51,141,1,-1,-1.000000
230,7,1325,315,119,329,1,-1,-1.000000
230,8,861,341,55,153,1,-1,-1.000000
230,10,1383,333,225,691,1,-1,-1.000000
230,11,1625,307,289,731,1,-1,-1.000000
230,13,423,349,57,137,1,-1,-1.000000
230,14,605,329,91,185,1,-1,-1.000000
230,15,937,351,41,125,1,-1,-1.000000
230,20,997,355,49,129,1,-1,-1.000000
230,22,1089,357,49,117,1,-1,-1.000000
230,23,505,339,51,141,1,-1,-1.000000
230,24,481,343,51,135,1,-1,-1.000000
230,25,933,359,45,107,1,-1,-1.000000
231,2,1019,355,69,165,1,-1,-1.000000
231,4,913,359,51,141,1,-1,-1.000000
231,7,1331,315,123,331,1,-1,-1.000000
231,8,865,339,55,153,1,-1,-1.000000
231,10,1383,331,225,691,1,-1,-1.000000
231,11,1625,307,287,733,1,-1,-1.000000
231,13,427,345,57,137,1,-1,-1.000000
231,14,609,327,91,187,1,-1,-1.000000
231,15,939,349,43,127,1,-1,-1.000000
231,20,1001,355,49,129,1,-1,-1.000000
231,22,1093,355,49,117,1,-1,-1.000000
231,23,507,337,51,141,1,-1,-1.000000
231,24,483,343,51,135,1,-1,-1.000000
231,25,933,357,47,109,1,-1,-1.000000
232,2,1023,355,67,165,1,-1,-1.000000
232,4,915,357,51,141,1,-1,-1.000000
232,7,1339,313,123,335,1,-1,-1.000000
232,8,867,337,55,155,1,-1,-1.000000
232,10,1381,329,225,691,1,-1,-1.000000
232,11,1623,305,289,735,1,-1,-1.000000
232,13,433,341,57,137,1,-1,-1.000000
232,14,613,325,91,187,1,-1,-1.000000
232,15,943,349,41,127,1,-1,-1.000000
232,20,1005,355,49,129,1,-1,-1.000000
232,22,1097,353,49,117,1,-1,-1.000000
232,23,507,335,51,141,1,-1,-1.000000
232,24,483,341,51,135,1,-1,-1.000000
232,25,933,357,47,107,1,-1,-1.000000
233,2,1025,353,69,165,1,-1,-1.000000
233,4,919,355,51,141,1,-1,-1.000000
233,7,1347,313,123,337,1,-1,-1.000000
233,8,871,337,55,153,1,-1,-1.000000
233,10,1381,327,225,691,1,-1,-1.000000
233,11,1623,305,289,735,1,-1,-1.000000
233,13,437,337,57,137,1,-1,-1.000000
233,14,617,325,91,187,1,-1,-1.000000
233,15,945,347,41,127,1,-1,-1.000000
233,20,1009,355,49,129,1,-1,-1.000000
233,22,1101,353,49,117,1,-1,-1.000000
233,23,509,335,51,141,1,-1,-1.000000
233,24,485,339,51,137,1,-1,-1.000000
233,25,935,355,45,109,1,-1,-1.000000
234,2,1029,353,67,163,1,-1,-1.000000
234,4,921,353,51,141,1,-1,-1.000000
234,7,1353,311,125,341,1,-1,-1.000000
234,8,873,335,55,155,1,-1,-1.000000
234,10,1381,325,223,691,1,-1,-1.000000
234,11,1621,303,291,737,1,-1,-1.000000
234,13,443,333,57,137,1,-1,-1.000000
234,14,619,323,93,187,1,-1,-1.000000
234,15,947,347,43,127,1,-1,-1.000000
234,20,1013,355,49,129,1,-1,-1.000000
234,22,1105,351,49,117,1,-1,-1.000000
234,23,509,333,51,141,1,-1,-1.000000
234,24,485,339,53,135,1,-1,-1.000000
234,25,935,353,47,109,1,-1,-1.000000
235,2,1031,351,69,165,1,-1,-1.000000
235,4,925,351,51,143,1,-1,-1.000000
235,7,1361,311,125,343,1,-1,-1.000000
235,8,877,333,55,155,1,-1,-1.000000
235,10,1379,323,225,689,1,-1,-1.000000
235,11,1621,301,291,741,1,-1,-1.000000
235,13,447,331,57,137,1,-1,-1.000000
235,14,623,321,93,187,1,-1,-1.000000
235,15,951,345,41,127,1,-1,-1.000000
235,20,1015,353,49,129,1,-1,-1.000000
235,22,1109,349,49,117,1,-1,-1.000000
235,23,511,331,51,143,1,-1,-1.000000
235,24,487,337,51,137,1,-1,-1.000000
235,25,935,353,47,109,1,-1,-1.000000
236,2,1035,349,67,165,1,-1,-1.000000
236,4,927,351,51,141,1,-1,-1.000000
236,7,1369,311,127,347,1,-1,-1.000000
236,8,879,333,55,155,1,-1,-1.000000
236,10,1379,321,225,689,1,-1,-1.000000
236,11,1619,301,293,741,1,-1,-1.000000
236,13,451,331,57,137,1,-1,-1.000000
236,14,627,319,93,189,1,-1,-1.000000
236,15,953,345,41,127,1,-1,-1.000000
236,20,1017,351,49,129,1,-1,-1.000000
236,22,1113,347,49,119,1,-1,-1.000000
236,23,511,331,53,141,1,-1,-1.000000
236,24,487,335,53,137,1,-1,-1.000000
236,25,935,351,49,109,1,-1,-1.000000
237,2,1037,349,69,163,1,-1,-1.000000
237,4,931,349,51,141,1,-1,-1.000000
237,7,1379,307,129,353,1,-1,-1.000000
237,8,883,331,55,155,1,-1,-1.000000
237,10,1379,319,223,689,1,-1,-1.000000
237,11,1619,299,291,743,1,-1,-1.000000
237,13,455,329,57,137,1,-1,-1.000000
237,14,631,317,93,189,1,-1,-1.000000
237,15,955,343,43,127,1,-1,-1.000000
237,20,1021,349,49,129,1,-1,-1.000000
237,22,1117,347,49,117,1,-1,-1.000000
237,23,513,329,51,143,1,-1,-1.000000
237,24,489,335,53,137,1,-1,-1.000000
237,25,937,349,47,111,1,-1,-1.000000
238,2,1041,347,67,165,1,-1,-1.000000
238,4,933,347,51,141,1,-1,-1.000000
238,7,1389,305,131,359,1,-1,-1.000000
238,8,885,329,57,157,1,-1,-1.000000
238,10,1377,317,225,689,1,-1,-1.000000
238,11,1617,299,293,743,1,-1,-1.000000
238,13,459,329,57,137,1,-1,-1.000000
238,14,635,315,93,191,1,-1,-1.000000
238,15,957,343,43,127,1,-1,-1.000000
238,20,1023,347,49,129,1,-1,-1.000000
238,22,1121,345,49,117,1,-1,-1.000000
238,23,513,327,53,143,1,-1,-1.000000
238,24,489,333,53,137,1,-1,-1.000000
238,25,937,349,47,109,1,-1,-1.000000
239,2,1043,347,69,163,1,-1,-1.000000
239,4,937,345,51,143,1,-1,-1.000000
239,7,1401,301,131,367,1,-1,-1.000000
239,8,889,329,55,155,1,-1,-1.000000
239,10,1377,315,223,689,1,-1,-1.000000
239,11,1617,297,293,747,1,-1,-1.000000
239,13,465,329,57,137,1,-1,-1.000000
239,14,639,313,93,191,1,-1,-1.000000
239,15,961,341,41,127,1,-1,-1.000000
239,20,1025,345,49,131,1,-1,-1.000000
239,22,1125,343,49,119,1,-1,-1.000000
239,23,515,325,51,143,1,-1,-1.000000
239,24,491,331,53,139,1,-1,-1.000000
239,25,937,347,49,111,1,-1,-1.000000
240,2,1047,345,67,163,1,-1,-1.000000
240,4,939,343,51,143,1,-1,-1.000000
240,7,1411,299,133,373,1,-1,-1.000000
240,8,891,327,57,157,1,-1,-1.000000
240,10,1377,313,223,689,1,-1,-1.000000
240,11,1615,295,295,749,1,-1,-1.000000
240,13,469,327,57,137,1,-1,-1.000000
240,14,643,313,93,191,1,-1,-1.000000
240,15,963,341,43,127,1,-1,-1.000000
240,19,3,327,65,195,1,-1,-1.000000
240,20,1029,343,49,131,1,-1,-1.000000
240,22,1129,343,49,117,1,-1,-1.000000
240,23,515,325,53,143,1,-1,-1.000000
240,24,491,331,53,137,1,-1,-1.000000
240,25,939,345,47,111,1,-1,-1.000000
241,2,1049,343,69,165,1,-1,-1.000000
241,4,943,343,51,141,1,-1,-1.000000
241,7,1423,295,133,381,1,-1,-1.000000
241,8,895,325,55,157,1,-1,-1.000000
241,10,1377,313,223,687,1,-1,-1.000000
241,11,1615,295,295,749,1,-1,-1.000000
241,13,473,327,57,137,1,-1,-1.000000
241,14,643,311,93,191,1,-1,-1.000000
241,15,965,339,43,127,1,-1,-1.000000
241,19,3,325,67,195,1,-1,-1.000000
241,20,1031,341,49,131,1,-1,-1.000000
241,22,1133,341,49,117,1,-1,-1.000000
241,23,517,323,51,143,1,-1,-1.000000
241,24,493,329,53,139,1,-1,-1.000000
241,25,939,345,47,111,1,-1,-1.000000
242,2,1053,343,67,163,1,-1,-1.000000
242,4,945,341,51,141,1,-1,-1.000000
242,7,1433,293,135,385,1,-1,-1.000000
242,8,897,325,57,157,1,-1,-1.000000
242,10,1377,309,223,691,1,-1,-1.000000
242,11,1613,293,297,751,1,-1,-1.000000
242,13,477,327,57,137,1,-1,-1.000000
242,14,645,309,93,193,1,-1,-1.000000
242,15,969,339,41,127,1,-1,-1.000000
242,19,5,325,67,193,1,-1,-1.000000
242,20,1033,339,49,131,1,-1,-1.000000
242,22,1137,339,49,119,1,-1,-1.000000
242,23,517,321,53,145,1,-1,-1.000000
242,24,495,327,53,141,1,-1,-1.000000
242,25,939,343,49,111,1,-1,-1.000000
243,2,1057,341,67,165,1,-1,-1.000000
243,4,949,339,51,143,1,-1,-1.000000
243,7,1443,289,137,393,1,-1,-1.000000
243,8,901,323,55,157,1,-1,-1.000000
243,10,1377,307,225,693,1,-1,-1.000000
243,11,1613,293,297,753,1,-1,-1.000000
243,13,483,325,57,137,1,-1,-1.000000
243,14,645,309,95,193,1,-1,-1.000000
243,15,971,337,43,129,1,-1,-1.000000
243,19,7,323,67,195,1,-1,-1.000000
243,20,1037,337,49,131,1,-1,-1.000000
243,22,1141,337,49,119,1,-1,-1.000000
243,23,519,319,51,145,1,-1,-1.000000
243,24,495,327,53,139,1,-1,-1.000000
243,25,939,341,49,113,1,-1,-1.000000
244,2,1059,341,67,163,1,-1,-1.000000
244,4,951,337,51,143,1,-1,-1.000000
244,7,1455,287,139,399,1,-1,-1.000000
244,8,903,323,57,157,1,-1,-1.000000
244,10,1377,305,227,695,1,-1,-1.000000
244,11,1615,291,295,753,1,-1,-1.000000
244,13,487,325,57,137,1,-1,-1.000000
244,14,647,307,95,193,1,-1,-1.000000
244,15,973,337,43,127,1,-1,-1.000000
244,19,9,323,67,193,1,-1,-1.000000
244,20,1039,337,49,131,1,-1,-1.000000
244,22,1145,337,49,117,1,-1,-1.000000
244,23,519,319,53,145,1,-1,-1.000000
244,24,497,325,53,141,1,-1,-1.000000
244,25,941,341,47,111,1,-1,-1.000000
245,2,1063,339,67,163,1,-1,-1.000000
245,4,955,335,51,143,1,-1,-1.000000
245,7,1465,283,141,407,1,-1,-1.000000
245,8,905,321,59,159,1,-1,-1.000000
245,10,1377,303,227,697,1,-1,-1.000000
245,11,1617,289,295,755,1,-1,-1.000000
245,13,491,325,57,137,1,-1,-1.000000
245,14,649,307,93,193,1,-1,-1.000000
245,15,977,335,41,129,1,-1,-1.000000
245,19,11,321,67,195,1,-1,-1.000000
245,20,1041,335,49,131,1,-1,-1.000000
245,22,1149,335,49,119,1,-1,-1.000000
245,23,521,317,53,145,1,-1,-1.000000
245,24,497,323,53,141,1,-1,-1.000000
245,25,941,339,49,113,1,-1,-1.000000
246,2,1065,337,67,165,1,-1,-1.000000
246,4,957,335,51,141,1,-1,-1.000000
246,7,1477,281,141,413,1,-1,-1.000000
246,8,909,319,57,159,1,-1,-1.000000
246,10,1377,301,229,699,1,-1,-1.000000
246,11,1619,287,293,755,1,-1,-1.000000
246,13,495,323,57,137,1,-1,-1.000000
246,14,649,305,95,195,1,-1,-1.000000
246,15,979,335,43,127,1,-1,-1.000000
246,19,13,321,67,193,1,-1,-1.000000
246,20,1045,333,49,131,1,-1,-1.000000
246,22,1153,333,49,119,1,-1,-1.000000
246,23,523,315,51,145,1,-1,-1.000000
246,24,499,323,53,141,1,-1,-1.000000
246,25,941,337,49,113,1,-1,-1.000000
247,2,1069,337,67,163,1,-1,-1.000000
247,4,961,333,51,143,1,-1,-1.000000
247,7,1487,277,143,421,1,-1,-1.000000
247,8,911,319,59,159,1,-1,-1.000000
247,10,1377,299,231,701,1,-1,-1.000000
247,11,1621,285,293,757,1,-1,-1.000000
247,13,499,323,57,137,1,-1,-1.000000
247,14,651,303,95,195,1,-1,-1.000000
247,15,981,333,43,129,1,-1,-1.000000
247,19,15,319,67,195,1,-1,-1.000000
247,20,1047,331,49,131,1,-1,-1.000000
247,22,1157,331,49,119,1,-1,-1.000000
247,23,523,315,53,145,1,-1,-1.000000
247,24,499,321,55,141,1,-1,-1.000000
247,25,941,335,51,115,1,-1,-1.000000
248,2,1071,335,67,163,1,-1,-1.000000
248,4,963,331,51,143,1,-1,-1.000000
248,7,1497,275,145,425,1,-1,-1.000000
248,8,915,317,57,159,1,-1,-1.000000
248,10,1377,297,231,703,1,-1,-1.000000
248,11,1623,285,291,755,1,-1,-1.000000
248,13,505,321,57,137,1,-1,-1.000000
248,14,653,303,95,195,1,-1,-1.000000
248,15,985,333,41,127,1,-1,-1.000000
248,19,17,319,67,193,1,-1,-1.000000
248,20,1049,329,49,131,1,-1,-1.000000
248,22,1161,331,49,119,1,-1,-1.000000
248,23,525,313,51,145,1,-1,-1.000000
248,24,501,319,53,143,1,-1,-1.000000
248,25,943,335,49,113,1,-1,-1.000000
249,2,1075,335,67,163,1,-1,-1.000000
249,4,967,329,51,143,1,-1,-1.000000
249,7,1509,271,145,433,1,-1,-1.000000
249,8,917,315,59,161,1,-1,-1.000000
249,10,1377,295,233,705,1,-1,-1.000000
249,11,1625,283,291,757,1,-1,-1.000000
249,13,509,321,57,137,1,-1,-1.000000
249,14,653,301,95,197,1,-1,-1.000000
249,15,987,331,43,129,1,-1,-1.000000
249,19,17,317,69,195,1,-1,-1.000000
249,20,1053,327,49,133,1,-1,-1.000000
249,22,1165,329,49,119,1,-1,-1.000000
249,23,525,311,53,147,1,-1,-1.000000
249,24,501,319,55,141,1,-1,-1.000000
249,25,943,333,49,115,1,-1,-1.000000
250,2,1077,333,67,163,1,-1,-1.000000
250,4,969,327,51,143,1,-1,-1.000000
250,7,1519,269,147,439,1,-1,-1.000000
250,8,921,315,57,159,1,-1,-1.000000
250,10,1377,291,235,709,1,-1,-1.000000
250,11,1627,281,289,757,1,-1,-1.000000
250,13,513,321,57,137,1,-1,-1.000000
250,14,655,301,95,195,1,-1,-1.000000
250,15,989,331,43,127,1,-1,-1.000000
250,19,19,317,69,193,1,-1,-1.000000
250,20,1055,325,49,133,1,-1,-1.000000
250,22,1169,327,49,119,1,-1,-1.000000
250,23,527,309,51,147,1,-1,-1.000000
250,24,503,317,55,143,1,-1,-1.000000
250,25,943,331,51,115,1,-1,-1.000000
251,2,1081,331,67,163,1,-1,-1.000000
251,4,973,327,51,143,1,-1,-1.000000
251,7,1531,265,149,447,1,-1,-1.000000
251,8,923,313,59,161,1,-1,-1.000000
251,10,1377,289,235,711,1,-1,-1.000000
251,11,1629,279,289,759,1,-1,-1.000000
251,13,517,319,57,137,1,-1,-1.000000
251,14,657,299,95,197,1,-1,-1.000000
251,15,993,329,41,129,1,-1,-1.000000
251,19,21,315,69,195,1,-1,-1.000000
251,20,1057,323,49,133,1,-1,-1.000000
251,22,1173,327,49,119,1,-1,-1.000000
251,23,527,309,53,147,1,-1,-1.000000
251,24,503,315,55,143,1,-1,-1.000000
251,25,943,331,51,115,1,-1,-1.000000
252,2,1083,331,67,163,1,-1,-1.000000
252,4,973,325,53,143,1,-1,-1.000000
252,7,1541,263,151,453,1,-1,-1.000000
252,8,927,311,59,161,1,-1,-1.000000
252,10,1377,287,237,713,1,-1,-1.000000
252,11,1631,277,287,759,1,-1,-1.000000
252,13,523,319,57,137,1,-1,-1.000000
252,14,657,297,97,199,1,-1,-1.000000
252,15,995,329,43,127,1,-1,-1.000000
252,19,23,315,69,193,1,-1,-1.000000
252,20,1061,321,49,133,1,-1,-1.000000
252,22,1177,325,49,119,1,-1,-1.000000
252,23,529,307,51,147,1,-1,-1.000000
252,24,505,315,55,143,1,-1,-1.000000
252,25,945,329,49,115,1,-1,-1.000000
253,2,1087,329,67,163,1,-1,-1.000000
253,4,975,323,53,143,1,-1,-1.000000
253,7,1551,259,153,459,1,-1,-1.000000
253,8,929,311,59,161,1,-1,-1.000000
253,10,1377,285,239,715,1,-1,-1.000000
253,11,1635,277,285,759,1,-1,-1.000000
253,13,527,319,57,137,1,-1,-1.000000
253,14,659,297,95,197,1,-1,-1.000000
253,15,997,327,43,129,1,-1,-1.000000
253,19,25,313,69,195,1,-1,-1.000000
253,20,1063,319,49,133,1,-1,-1.000000
253,22,1181,323,49,119,1,-1,-1.000000
253,23,529,305,53,147,1,-1,-1.000000
253,24,505,313,55,143,1,-1,-1.000000
253,25,945,327,51,117,1,-1,-1.000000
254,2,1091,329,67,163,1,-1,-1.000000
254,4,977,321,53,143,1,-1,-1.000000
254,7,1563,257,153,465,1,-1,-1.000000
254,8,933,309,59,161,1,-1,-1.000000
254,10,1377,283,239,717,1,-1,-1.000000
254,11,1637,275,281,759,1,-1,-1.000000
254,13,531,317,57,137,1,-1,-1.000000
254,14,661,295,95,199,1,-1,-1.000000
254,15,1001,327,43,129,1,-1,-1.000000
254,19,27,313,69,193,1,-1,-1.000000
254,20,1067,319,49,133,1,-1,-1.000000
254,22,1185,321,49,119,1,-1,-1.000000
254,23,531,303,51,149,1,-1,-1.000000
254,24,507,311,55,145,1,-1,-1.000000
254,25,945,327,51,115,1,-1,-1.000000
255,2,1095,327,67,163,1,-1,-1.000000
255,4,979,319,53,143,1,-1,-1.000000
255,7,1573,253,155,473,1,-1,-1.000000
255,8,935,307,59,163,1,-1,-1.000000
255,10,1377,281,241,719,1,-1,-1.000000
255,11,1639,273,279,759,1,-1,-1.000000
255,13,535,317,57,137,1,-1,-1.000000
255,14,661,295,97,199,1,-1,-1.000000
255,15,1003,325,43,129,1,-1,-1.000000
255,19,29,311,69,195,1,-1,-1.000000
255,20,1069,317,49,133,1,-1,-1.000000
255,22,1191,319,49,119,1,-1,-1.000000
255,23,531,303,53,147,1,-1,-1.000000
255,24,509,311,55,145,1,-1,-1.000000
255,25,947,325,49,117,1,-1,-1.000000
256,2,1101,325,67,163,1,-1,-1.000000
256,4,979,317,55,143,1,-1,-1.000000
256,7,1585,251,155,479,1,-1,-1.000000
256,8,939,307,59,161,1,-1,-1.000000
256,10,1377,279,243,721,1,-1,-1.000000
256,11,1641,271,277,759,1,-1,-1.000000
256,13,541,317,57,137,1,-1,-1.000000
256,14,663,293,97,201,1,-1,-1.000000
256,15,1005,323,43,129,1,-1,-1.000000
256,19,31,311,69,193,1,-1,-1.000000
256,20,1073,315,49,133,1,-1,-1.000000
256,22,1195,317,49,119,1,-1,-1.000000
256,23,533,301,53,149,1,-1,-1.000000
256,24,509,309,55,145,1,-1,-1.000000
256,25,947,323,51,117,1,-1,-1.000000
257,2,1105,325,67,163,1,-1,-1.000000
257,4,981,315,55,145,1,-1,-1.000000
257,7,1595,247,157,487,1,-1,-1.000000
257,8,941,305,59,163,1,-1,-1.000000
257,10,1379,277,243,725,1,-1,-1.000000
257,11,1643,269,275,761,1,-1,-1.000000
257,13,543,315,57,137,1,-1,-1.000000
257,14,665,291,95,201,1,-1,-1.000000
257,15,1007,323,43,129,1,-1,-1.000000
257,19,31,309,71,195,1,-1,-1.000000
257,20,1075,313,49,133,1,-1,-1.000000
257,22,1199,317,49,119,1,-1,-1.000000
257,23,533,299,53,149,1,-1,-1.000000
257,24,511,307,55,147,1,-1,-1.000000
257,25,947,323,51,117,1,-1,-1.000000
258,2,1111,323,67,163,1,-1,-1.000000
258,4,983,313,55,145,1,-1,-1.000000
258,7,1607,245,159,493,1,-1,-1.000000
258,8,945,303,59,163,1,-1,-1.000000
258,10,1387,279,243,727,1,-1,-1.000000
258,11,1645,267,273,761,1,-1,-1.000000
258,13,547,313,57,137,1,-1,-1.000000
258,14,665,291,97,201,1,-1,-1.000000
258,15,1009,321,43,129,1,-1,-1.000000
258,19,33,309,71,193,1,-1,-1.000000
258,20,1079,311,49,135,1,-1,-1.000000
258,22,1203,315,49,119,1,-1,-1.000000
258,23,535,299,53,149,1,-1,-1.000000
258,24,511,307,57,145,1,-1,-1.000000
258,25,947,321,53,117,1,-1,-1.000000
259,2,1117,323,67,163,1,-1,-1.000000
259,4,985,311,55,145,1,-1,-1.000000
259,7,1633,241,159,499,1,-1,-1.000000
259,8,947,303,61,163,1,-1,-1.000000
259,10,1395,283,245,729,1,-1,-1.000000
259,11,1647,265,271,761,1,-1,-1.000000
259,13,551,311,57,137,1,-1,-1.000000
259,14,667,289,97,203,1,-1,-1.000000
259,15,1011,319,43,129,1,-1,-1.000000
259,19,35,307,71,195,1,-1,-1.000000
259,20,1081,311,49,133,1,-1,-1.000000
259,22,1209,313,49,119,1,-1,-1.000000
259,23,535,297,53,149,1,-1,-1.000000
259,24,513,305,55,147,1,-1,-1.000000
259,25,949,319,51,119,1,-1,-1.000000
260,2,1121,321,67,163,1,-1,-1.000000
260,4,987,311,55,143,1,-1,-1.000000
260,7,1659,237,161,507,1,-1,-1.000000
260,8,951,301,59,163,1,-1,-1.000000
260,10,1403,287,247,731,1,-1,-1.000000
260,11,1651,263,267,761,1,-1,-1.000000
260,13,555,309,57,137,1,-1,-1.000000
260,14,669,289,97,201,1,-1,-1.000000
260,15,1013,319,43,129,1,-1,-1.000000
260,19,37,307,71,193,1,-1,-1.000000
260,20,1085,309,49,133,1,-1,-1.000000
260,22,1213,311,49,119,1,-1,-1.000000
260,23,537,295,53,149,1,-1,-1.000000
260,24,513,303,57,147,1,-1,-1.000000
260,25,949,319,51,117,1,-1,-1.000000
261,2,1127,319,67,163,1,-1,-1.000000
261,4,987,309,57,143,1,-1,-1.000000
261,7,1685,235,161,511,1,-1,-1.000000
261,8,953,299,61,165,1,-1,-1.000000
261,10,1411,291,249,733,1,-1,-1.000000
261,11,1653,261,265,763,1,-1,-1.000000
261,13,557,309,57,135,1,-1,-1.000000
261,14,669,287,97,203,1,-1,-1.000000
261,15,1015,317,43,129,1,-1,-1.000000
261,19,39,305,71,195,1,-1,-1.000000
261,20,1087,307,51,135,1,-1,-1.000000
261,22,1217,309,49,119,1,-1,-1.000000
261,23,537,293,53,151,1,-1,-1.000000
261,24,515,303,55,147,1,-1,-1.000000
261,25,949,317,53,119,1,-1,-1.000000
262,2,1131,319,67,163,1,-1,-1.000000
262,4,989,307,57,143,1,-1,-1.000000
262,7,1711,231,163,519,1,-1,-1.000000
262,8,957,299,59,163,1,-1,-1.000000
262,10,1415,287,247,733,1,-1,-1.000000
262,11,1655,259,263,763,1,-1,-1.000000
262,13,561,307,57,135,1,-1,-1.000000
262,14,671,285,97,205,1,-1,-1.000000
262,15,1017,315,43,129,1,-1,-1.000000
262,19,41,305,71,193,1,-1,-1.000000
262,20,1091,305,49,135,1,-1,-1.000000
262,22,1223,309,49,119,1,-1,-1.000000
262,23,539,293,53,149,1,-1,-1.000000
262,24,515,301,57,147,1,-1,-1.000000
262,25,949,315,53,119,1,-1,-1.000000
263,2,1137,317,67,163,1,-1,-1.000000
263,4,991,305,57,145,1,-1,-1.000000
263,8,959,297,61,165,1,-1,-1.000000
263,10,1419,283,247,735,1,-1,-1.000000
263,11,1657,257,261,763,1,-1,-1.000000
263,13,565,305,57,137,1,-1,-1.000000
263,14,673,285,97,203,1,-1,-1.000000
263,15,1021,315,43,129,1,-1,-1.000000
263,19,43,303,71,195,1,-1,-1.000000
263,20,1093,305,51,133,1,-1,-1.000000
263,22,1223,307,49,119,1,-1,-1.000000
263,23,539,291,53,151,1,-1,-1.000000
263,24,517,299,57,149,1,-1,-1.000000
263,25,951,315,51,119,1,-1,-1.000000
264,2,1143,317,67,163,1,-1,-1.000000
264,4,993,303,57,145,1,-1,-1.000000
264,8,963,297,61,165,1,-1,-1.000000
264,10,1423,279,247,737,1,-1,-1.000000
264,11,1659,255,259,765,1,-1,-1.000000
264,13,569,303,57,137,1,-1,-1.000000
264,14,673,283,99,205,1,-1,-1.000000
264,15,1023,313,43,129,1,-1,-1.000000
264,19,45,303,71,193,1,-1,-1.000000
264,20,1097,303,49,133,1,-1,-1.000000
264,22,1225,307,49,119,1,-1,-1.000000
264,23,541,289,53,151,1,-1,-1.000000
264,24,517,299,57,147,1,-1,-1.000000
264,25,951,313,53,119,1,-1,-1.000000
265,2,1143,315,67,163,1,-1,-1.000000
265,4,993,301,59,145,1,-1,-1.000000
265,8,961,295,63,165,1,-1,-1.000000
265,10,1427,275,245,737,1,-1,-1.000000
265,11,1661,253,257,765,1,-1,-1.000000
265,13,571,303,57,135,1,-1,-1.000000
265,14,675,283,97,205,1,-1,-1.000000
265,15,1025,311,43,129,1,-1,-1.000000
265,19,47,303,71,193,1,-1,-1.000000
265,20,1099,301,51,135,1,-1,-1.000000
265,22,1227,305,49,119,1,-1,-1.000000
265,23,543,289,53,151,1,-1,-1.000000
265,24,519,297,57,149,1,-1,-1.000000
265,25,951,311,53,121,1,-1,-1.000000
266,2,1145,313,67,163,1,-1,-1.000000
266,4,995,299,59,145,1,-1,-1.000000
266,8,961,295,63,165,1,-1,-1.000000
266,10,1431,273,245,737,1,-1,-1.000000
266,11,1665,251,251,765,1,-1,-1.000000
266,13,575,301,57,135,1,-1,-1.000000
266,14,677,281,97,205,1,-1,-1.000000
266,15,1027,311,43,129,1,-1,-1.000000
266,19,45,303,71,193,1,-1,-1.000000
266,20,1103,299,51,135,1,-1,-1.000000
266,22,1227,305,49,119,1,-1,-1.000000
266,23,541,287,53,153,1,-1,-1.000000
266,24,521,297,57,149,1,-1,-1.000000
266,25,953,311,53,121,1,-1,-1.000000
267,2,1147,313,67,163,1,-1,-1.000000
267,4,997,297,59,145,1,-1,-1.000000
267,8,961,293,63,167,1,-1,-1.000000
267,10,1435,269,245,739,1,-1,-1.000000
267,11,1667,249,249,765,1,-1,-1.000000
267,13,579,299,57,135,1,-1,-1.000000
267,14,677,279,99,207,1,-1,-1.000000
267,15,1029,309,43,129,1,-1,-1.000000
267,19,43,303,71,193,1,-1,-1.000000
267,20,1105,299,51,133,1,-1,-1.000000
267,22,1229,305,49,119,1,-1,-1.000000
267,23,539,287,55,155,1,-1,-1.000000
267,24,517,297,57,149,1,-1,-1.000000
267,25,949,309,53,121,1,-1,-1.000000
268,2,1147,311,67,163,1,-1,-1.000000
268,4,999,295,59,145,1,-1,-1.000000
268,8,961,293,63,167,1,-1,-1.000000
268,10,1439,265,243,739,1,-1,-1.000000
268,11,1669,247,247,767,1,-1,-1.000000
268,13,583,297,57,135,1,-1,-1.000000
268,14,679,279,99,207,1,-1,-1.000000
268,15,1031,307,43,129,1,-1,-1.000000
268,19,41,303,73,193,1,-1,-1.000000
268,20,1109,297,51,135,1,-1,-1.000000
268,22,1231,303,49,119,1,-1,-1.000000
268,23,537,287,57,157,1,-1,-1.000000
268,24,515,297,57,149,1,-1,-1.000000
268,25,945,307,53,121,1,-1,-1.000000
269,2,1149,311,67,163,1,-1,-1.000000
269,4,1001,295,61,145,1,-1,-1.000000
269,8,961,291,63,169,1,-1,-1.000000
269,10,1443,261,243,741,1,-1,-1.000000
269,11,1671,245,245,767,1,-1,-1.000000
269,13,587,297,57,135,1,-1,-1.000000
269,14,681,277,97,207,1,-1,-1.000000
269,15,1033,307,43,129,1,-1,-1.000000
269,19,39,303,73,193,1,-1,-1.000000
269,20,1111,295,51,135,1,-1,-1.000000
269,22,1233,303,49,119,1,-1,-1.000000
269,23,535,287,57,159,1,-1,-1.000000
269,24,511,297,59,149,1,-1,-1.000000
269,25,941,305,53,123,1,-1,-1.000000
270,2,1151,309,67,163,1,-1,-1.000000
270,4,997,295,61,145,1,-1,-1.000000
270,8,959,291,65,169,1,-1,-1.000000
270,10,1447,257,243,743,1,-1,-1.000000
270,11,1673,243,243,767,1,-1,-1.000000
270,13,585,297,57,135,1,-1,-1.000000
270,14,681,277,99,207,1,-1,-1.000000
270,15,1035,305,43,129,1,-1,-1.000000
270,19,39,305,71,193,1,-1,-1.000000
270,20,1115,293,51,135,1,-1,-1.000000
270,22,1233,303,49,119,1,-1,-1.000000
270,23,533,287,59,161,1,-1,-1.000000
270,24,509,297,57,151,1,-1,-1.000000
270,25,937,305,55,121,1,-1,-1.000000
271,2,1151,307,67,163,1,-1,-1.000000
271,4,995,295,59,145,1,-1,-1.000000
271,8,959,289,65,171,1,-1,-1.000000
271,10,1453,255,241,743,1,-1,-1.000000
271,11,1675,241,241,769,1,-1,-1.000000
271,13,583,297,57,135,1,-1,-1.000000
271,14,683,275,99,209,1,-1,-1.000000
271,15,1039,305,43,129,1,-1,-1.000000
271,19,37,305,73,193,1,-1,-1.000000
271,20,1119,293,51,135,1,-1,-1.000000
271,22,1235,301,49,119,1,-1,-1.000000
271,23,531,287,61,163,1,-1,-1.000000
271,24,505,297,59,151,1,-1,-1.000000
271,25,933,303,55,123,1,-1,-1.000000
272,2,1153,307,67,163,1,-1,-1.000000
272,4,991,295,61,145,1,-1,-1.000000
272,8,959,289,65,171,1,-1,-1.000000
272,10,1449,253,239,743,1,-1,-1.000000
272,11,1679,239,237,769,1,-1,-1.000000
272,13,581,297,57,135,1,-1,-1.000000
272,14,685,275,99,209,1,-1,-1.000000
272,15,1031,303,43,129,1,-1,-1.000000
272,19,35,305,73,193,1,-1,-1.000000
272,20,1115,293,53,135,1,-1,-1.000000
272,22,1237,301,49,119,1,-1,-1.000000
272,23,531,287,61,165,1,-1,-1.000000
272,24,503,297,59,151,1,-1,-1.000000
272,25,929,301,55,123,1,-1,-1.000000
273,2,1155,305,67,163,1,-1,-1.000000
273,4,989,295,59,147,1,-1,-1.000000
273,8,959,287,65,173,1,-1,-1.000000
273,10,1445,251,239,745,1,-1,-1.000000
273,11,1681,237,235,769,1,-1,-1.000000
273,13,579,297,57,135,1,-1,-1.000000
273,14,677,275,99,209,1,-1,-1.000000
273,15,1025,303,43,129,1,-1,-1.000000
273,19,33,305,73,193,1,-1,-1.000000
273,20,1113,293,53,137,1,-1,-1.000000
273,22,1239,301,49,119,1,-1,-1.000000
273,23,523,285,61,165,1,-1,-1.000000
273,24,501,299,59,151,1,-1,-1.000000
273,25,927,301,55,123,1,-1,-1.000000
274,2,1157,305,67,163,1,-1,-1.000000
274,4,985,295,61,147,1,-1,-1.000000
274,8,959,287,65,173,1,-1,-1.000000
274,10,1441,249,239,745,1,-1,-1.000000
274,11,1683,235,233,769,1,-1,-1.000000
274,13,577,299,57,135,1,-1,-1.000000
274,14,671,275,99,211,1,-1,-1.000000
274,15,1019,303,43,129,1,-1,-1.000000
274,19,33,307,73,193,1,-1,-1.000000
274,20,1111,293,53,137,1,-1,-1.000000
274,22,1233,299,49,119,1,-1,-1.000000
274,23,515,283,63,167,1,-1,-1.000000
274,24,489,299,59,151,1,-1,-1.000000
274,25,919,299,55,123,1,-1,-1.000000
275,2,1151,303,67,163,1,-1,-1.000000
275,4,983,295,59,147,1,-1,-1.000000
275,8,951,285,65,175,1,-1,-1.000000
275,10,1437,247,239,747,1,-1,-1.000000
275,11,1685,233,231,771,1,-1,-1.000000
275,13,569,297,57,135,1,-1,-1.000000
275,14,665,275,99,211,1,-1,-1.000000
275,15,1013,301,43,131,1,-1,-1.000000
275,19,27,305,71,195,1,-1,-1.000000
275,20,1109,295,53,137,1,-1,-1.000000
275,22,1227,297,49,119,1,-1,-1.000000
275,23,507,281,65,169,1,-1,-1.000000
275,24,479,299,59,151,1,-1,-1.000000
275,25,911,297,55,125,1,-1,-1.000000
276,2,1145,303,67,163,1,-1,-1.000000
276,4,981,297,59,147,1,-1,-1.000000
276,8,943,285,65,175,1,-1,-1.000000
276,10,1435,245,237,749,1,-1,-1.000000
276,11,1687,231,229,771,1,-1,-1.000000
276,13,561,297,57,135,1,-1,-1.000000
276,14,659,275,99,213,1,-1,-1.000000
276,15,1007,301,43,131,1,-1,-1.000000
276,19,21,305,69,195,1,-1,-1.000000
276,20,1101,293,53,137,1,-1,-1.000000
276,22,1221,297,49,119,1,-1,-1.000000
276,23,501,279,63,171,1,-1,-1.000000
276,24,467,299,61,151,1,-1,-1.000000
276,25,903,297,55,123,1,-1,-1.000000
277,2,1139,301,67,163,1,-1,-1.000000
277,4,973,295,59,147,1,-1,-1.000000
277,8,935,285,65,175,1,-1,-1.000000
277,10,1431,243,235,749,1,-1,-1.000000
277,11,1689,229,227,771,1,-1,-1.000000
277,13,553,297,57,135,1,-1,-1.000000
277,14,651,275,101,213,1,-1,-1.000000
277,15,1001,301,43,129,1,-1,-1.000000
277,19,17,305,65,195,1,-1,-1.000000
277,20,1093,293,53,137,1,-1,-1.000000
277,22,1215,295,49,119,1,-1,-1.000000
277,23,493,279,65,171,1,-1,-1.000000
277,24,457,299,59,151,1,-1,-1.000000
277,25,895,295,55,125,1,-1,-1.000000
278,2,1133,301,67,163,1,-1,-1.000000
278,4,967,293,59,147,1,-1,-1.000000
278,8,927,285,65,175,1,-1,-1.000000
278,10,1427,241,235,751,1,-1,-1.000000
278,11,1693,227,223,773,1,-1,-1.000000
278,13,547,297,57,133,1,-1,-1.000000
278,14,645,275,101,215,1,-1,-1.000000
278,15,995,301,43,129,1,-1,-1.000000
278,19,11,305,63,195,1,-1,-1.000000
278,20,1087,293,53,137,1,-1,-1.000000
278,22,1209,293,49,121,1,-1,-1.000000
278,23,485,277,67,171,1,-1,-1.000000
278,24,447,299,59,153,1,-1,-1.000000
278,25,887,295,55,123,1,-1,-1.000000
279,2,1127,299,67,163,1,-1,-1.000000
279,4,959,293,59,147,1,-1,-1.000000
279,8,919,285,67,177,1,-1,-1.000000
279,10,1423,239,235,751,1,-1,-1.000000
279,11,1695,215,221,783,1,-1,-1.000000
279,13,539,297,57,133,1,-1,-1.000000
279,14,639,275,101,215,1,-1,-1.000000
279,15,987,299,43,131,1,-1,-1.000000
279,19,5,305,61,195,1,-1,-1.000000
279,20,1079,291,53,139,1,-1,-1.000000
279,22,1203,293,49,119,1,-1,-1.000000
279,23,479,275,67,173,1,-1,-1.000000
279,24,435,299,61,153,1,-1,-1.000000
279,25,879,293,55,125,1,-1,-1.000000
280,2,1121,299,67,163,1,-1,-1.000000
280,4,953,291,59,147,1,-1,-1.000000
280,8,911,283,67,179,1,-1,-1.000000
280,10,1419,237,235,753,1,-1,-1.000000
280,11,1697,203,221,793,1,-1,-1.000000
280,13,531,295,57,135,1,-1,-1.000000
280,14,633,277,101,215,1,-1,-1.000000
280,15,981,299,43,131,1,-1,-1.000000
280,20,1073,291,53,137,1,-1,-1.000000
280,22,1197,291,49,121,1,-1,-1.000000
280,23,471,273,67,175,1,-1,-1.000000
280,24,425,299,59,153,1,-1,-1.000000
280,25,871,291,55,125,1,-1,-1.000000
281,2,1115,297,67,163,1,-1,-1.000000
281,4,947,291,59,147,1,-1,-1.000000
281,8,903,283,67,179,1,-1,-1.000000
281,10,1417,237,233,753,1,-1,-1.000000
281,11,1701,191,219,803,1,-1,-1.000000
281,13,525,295,57,133,1,-1,-1.000000
281,14,619,275,101,215,1,-1,-1.000000
281,15,975,299,43,131,1,-1,-1.000000
281,20,1065,291,53,137,1,-1,-1.000000
281,22,1191,291,49,119,1,-1,-1.000000
281,23,463,271,69,177,1,-1,-1.000000
281,24,413,299,61,153,1,-1,-1.000000
281,25,863,291,55,125,1,-1,-1.000000
282,2,1109,297,67,163,1,-1,-1.000000
282,4,939,289,59,147,1,-1,-1.000000
282,8,895,283,67,179,1,-1,-1.000000
282,10,1419,235,235,753,1,-1,-1.000000
282,11,1689,191,229,803,1,-1,-1.000000
282,13,517,295,57,133,1,-1,-1.000000
282,14,607,273,101,215,1,-1,-1.000000
282,15,969,299,43,129,1,-1,-1.000000
282,20,1059,289,53,139,1,-1,-1.000000
282,22,1185,289,49,121,1,-1,-1.000000
282,23,455,271,71,177,1,-1,-1.000000
282,24,403,299,61,155,1,-1,-1.000000
282,25,855,289,55,125,1,-1,-1.000000
283,2,1103,295,67,163,1,-1,-1.000000
283,4,933,287,59,149,1,-1,-1.000000
283,8,887,283,67,179,1,-1,-1.000000
283,10,1423,235,235,753,1,-1,-1.000000
283,11,1679,191,239,805,1,-1,-1.000000
283,13,509,295,57,133,1,-1,-1.000000
283,14,593,271,101,217,1,-1,-1.000000
283,15,963,297,43,131,1,-1,-1.000000
283,20,1051,289,53,139,1,-1,-1.000000
283,22,1179,287,49,121,1,-1,-1.000000
283,23,449,269,69,179,1,-1,-1.000000
283,24,393,299,59,155,1,-1,-1.000000
283,25,847,289,57,125,1,-1,-1.000000
284,2,1099,295,67,163,1,-1,-1.000000
284,4,925,287,59,147,1,-1,-1.000000
284,8,881,283,67,181,1,-1,-1.000000
284,10,1425,233,237,755,1,-1,-1.000000
284,11,1667,191,249,807,1,-1,-1.000000
284,13,503,295,57,133,1,-1,-1.000000
284,14,581,269,101,217,1,-1,-1.000000
284,15,957,297,43,131,1,-1,-1.000000
284,20,1045,289,53,139,1,-1,-1.000000
284,22,1173,287,49,121,1,-1,-1.000000
284,23,441,267,71,179,1,-1,-1.000000
284,24,381,299,61,155,1,-1,-1.000000
284,25,839,287,57,125,1,-1,-1.000000
285,2,1099,291,67,163,1,-1,-1.000000
285,4,919,285,59,149,1,-1,-1.000000
285,8,877,281,67,181,1,-1,-1.000000
285,10,1429,233,237,755,1,-1,-1.000000
285,11,1657,193,259,807,1,-1,-1.000000
285,13,501,291,57,133,1,-1,-1.000000
285,14,569,267,101,219,1,-1,-1.000000
285,15,951,297,43,131,1,-1,-1.000000
285,20,1043,285,53,139,1,-1,-1.000000
285,22,1167,285,49,121,1,-1,-1.000000
285,23,433,265,73,181,1,-1,-1.000000
285,24,371,299,61,155,1,-1,-1.000000
285,25,831,287,57,125,1,-1,-1.000000
286,2,1099,289,67,163,1,-1,-1.000000
286,4,913,285,59,147,1,-1,-1.000000
286,8,875,279,67,183,1,-1,-1.000000
286,10,1431,231,239,757,1,-1,-1.000000
286,11,1667,193,249,809,1,-1,-1.000000
286,13,501,289,57,133,1,-1,-1.000000
286,14,561,265,103,219,1,-1,-1.000000
286,15,945,297,43,131,1,-1,-1.000000
286,20,1041,281,55,139,1,-1,-1.000000
286,22,1161,285,49,121,1,-1,-1.000000
286,23,427,265,73,181,1,-1,-1.000000
286,24,361,299,61,157,1,-1,-1.000000
286,25,823,285,57,125,1,-1,-1.000000
287,2,1099,287,67,163,1,-1,-1.000000
287,4,905,283,59,149,1,-1,-1.000000
287,8,871,277,69,183,1,-1,-1.000000
287,10,1435,231,239,757,1,-1,-1.000000
287,11,1679,193,237,813,1,-1,-1.000000
287,13,501,287,55,133,1,-1,-1.000000
287,14,555,263,103,221,1,-1,-1.000000
287,15,941,293,43,131,1,-1,-1.000000
287,20,1041,277,53,139,1,-1,-1.000000
287,22,1161,283,49,121,1,-1,-1.000000
287,23,419,263,73,183,1,-1,-1.000000
287,24,353,297,61,157,1,-1,-1.000000
287,25,815,283,57,127,1,-1,-1.000000
288,2,1101,285,67,163,1,-1,-1.000000
288,4,899,281,59,149,1,-1,-1.000000
288,8,869,275,69,185,1,-1,-1.000000
288,10,1437,229,241,759,1,-1,-1.000000
288,11,1689,195,227,813,1,-1,-1.000000
288,13,499,285,57,133,1,-1,-1.000000
288,14,549,261,103,221,1,-1,-1.000000
288,15,939,289,43,131,1,-1,-1.000000
288,20,1039,275,55,139,1,-1,-1.000000
288,22,1161,281,49,121,1,-1,-1.000000
288,23,411,261,75,185,1,-1,-1.000000
288,24,347,295,61,159,1,-1,-1.000000
288,25,807,283,57,125,1,-1,-1.000000
289,2,1101,283,67,163,1,-1,-1.000000
289,4,891,281,59,149,1,-1,-1.000000
289,8,867,273,67,185,1,-1,-1.000000
289,10,1441,229,241,759,1,-1,-1.000000
289,11,1701,195,215,817,1,-1,-1.000000
289,13,499,283,57,133,1,-1,-1.000000
289,14,543,261,103,221,1,-1,-1.000000
289,15,937,287,43,131,1,-1,-1.000000
289,20,1039,271,53,139,1,-1,-1.000000
289,22,1161,279,49,121,1,-1,-1.000000
289,23,403,259,77,185,1,-1,-1.000000
289,24,339,293,63,161,1,-1,-1.000000
289,25,799,281,57,127,1,-1,-1.000000
290,2,1101,281,67,163,1,-1,-1.000000
290,4,885,279,59,149,1,-1,-1.000000
290,8,863,271,69,187,1,-1,-1.000000
290,10,1443,227,243,761,1,-1,-1.000000
290,11,1711,195,205,819,1,-1,-1.000000
290,13,499,279,55,133,1,-1,-1.000000
290,14,537,259,103,221,1,-1,-1.000000
290,15,935,283,43,131,1,-1,-1.000000
290,20,1037,267,55,139,1,-1,-1.000000
290,22,1161,277,49,121,1,-1,-1.000000
290,23,397,257,75,187,1,-1,-1.000000
290,24,333,291,63,163,1,-1,-1.000000
290,25,791,281,57,125,1,-1,-1.000000
291,2,1103,279,65,163,1,-1,-1.000000
291,4,879,279,59,149,1,-1,-1.000000
291,8,861,269,69,187,1,-1,-1.000000
291,10,1447,227,243,761,1,-1,-1.000000
291,11,1723,197,193,821,1,-1,-1.000000
291,13,497,277,57,133,1,-1,-1.000000
291,14,531,257,103,223,1,-1,-1.000000
291,15,933,279,43,131,1,-1,-1.000000
291,20,1035,265,55,139,1,-1,-1.000000
291,22,1161,275,49,121,1,-1,-1.000000
291,23,389,257,77,187,1,-1,-1.000000
291,24,327,289,63,165,1,-1,-1.000000
291,25,783,279,57,127,1,-1,-1.000000
292,2,1103,277,67,163,1,-1,-1.000000
292,4,879,273,59,149,1,-1,-1.000000
292,8,859,267,69,189,1,-1,-1.000000
292,10,1449,223,245,761,1,-1,-1.000000
292,11,1725,195,191,821,1,-1,-1.000000
292,13,497,275,55,133,1,-1,-1.000000
292,14,525,255,103,223,1,-1,-1.000000
292,15,931,277,43,131,1,-1,-1.000000
292,20,1035,261,55,139,1,-1,-1.000000
292,22,1161,273,49,121,1,-1,-1.000000
292,23,381,255,79,189,1,-1,-1.000000
292,24,319,287,65,167,1,-1,-1.000000
292,25,777,279,57,127,1,-1,-1.000000
293,2,1103,275,67,163,1,-1,-1.000000
293,4,881,267,59,149,1,-1,-1.000000
293,8,855,265,69,189,1,-1,-1.000000
293,10,1453,219,245,763,1,-1,-1.000000
293,11,1727,195,189,821,1,-1,-1.000000
293,13,497,273,55,133,1,-1,-1.000000
293,14,519,255,103,223,1,-1,-1.000000
293,15,929,273,43,131,1,-1,-1.000000
293,20,1033,257,55,139,1,-1,-1.000000
293,22,1161,271,49,121,1,-1,-1.000000
293,23,375,253,79,191,1,-1,-1.000000
293,24,313,285,65,169,1,-1,-1.000000
293,25,773,275,57,129,1,-1,-1.000000
293,26,599,279,63,129,1,-1,-1.000000
294,2,1105,273,65,163,1,-1,-1.000000
294,4,883,261,59,149,1,-1,-1.000000
294,8,853,265,69,189,1,-1,-1.000000
294,10,1457,215,245,763,1,-1,-1.000000
294,11,1729,195,187,821,1,-1,-1.000000
294,13,497,271,55,133,1,-1,-1.000000
294,14,511,253,105,225,1,-1,-1.000000
294,15,927,271,43,131,1,-1,-1.000000
294,20,1033,255,55,139,1,-1,-1.000000
294,22,1163,269,49,121,1,-1,-1.000000
294,23,367,251,79,193,1,-1,-1.000000
294,24,307,283,65,171,1,-1,-1.000000
294,25,771,273,57,129,1,-1,-1.000000
294,26,597,277,63,129,1,-1,-1.000000
295,2,1105,271,65,163,1,-1,-1.000000
295,4,885,255,59,149,1,-1,-1.000000
295,8,851,263,69,189,1,-1,-1.000000
295,10,1459,211,247,765,1,-1,-1.000000
295,11,1731,195,185,821,1,-1,-1.000000
295,13,501,269,55,133,1,-1,-1.000000
295,14,505,251,105,225,1,-1,-1.000000
295,15,925,269,43,131,1,-1,-1.000000
295,20,1033,253,55,139,1,-1,-1.000000
295,22,1163,267,49,121,1,-1,-1.000000
295,23,359,249,81,193,1,-1,-1.000000
295,24,299,281,67,173,1,-1,-1.000000
295,25,769,271,57,129,1,-1,-1.000000
295,26,597,275,63,129,1,-1,-1.000000
296,2,1105,269,67,163,1,-1,-1.000000
296,4,881,255,59,149,1,-1,-1.000000
296,8,847,261,71,191,1,-1,-1.000000
296,10,1463,207,247,765,1,-1,-1.000000
296,11,1733,195,183,821,1,-1,-1.000000
296,13,505,267,55,133,1,-1,-1.000000
296,14,499,251,105,225,1,-1,-1.000000
296,15,923,269,43,131,1,-1,-1.000000
296,20,1035,253,55,139,1,-1,-1.000000
296,22,1163,265,49,121,1,-1,-1.000000
296,23,351,249,83,193,1,-1,-1.000000
296,24,293,279,67,175,1,-1,-1.000000
296,25,765,269,57,129,1,-1,-1.000000
296,26,597,273,63,129,1,-1,-1.000000
297,2,1107,267,65,163,1,-1,-1.000000
297,4,879,255,57,149,1,-1,-1.000000
297,8,845,259,69,191,1,-1,-1.000000
297,10,1467,203,247,767,1,-1,-1.000000
297,11,1737,195,179,819,1,-1,-1.000000
297,13,509,265,55,133,1,-1,-1.000000
297,14,493,249,105,225,1,-1,-1.000000
297,15,923,269,43,131,1,-1,-1.000000
297,20,1035,253,55,139,1,-1,-1.000000
297,22,1163,263,49,121,1,-1,-1.000000
297,23,345,247,81,195,1,-1,-1.000000
297,24,285,277,69,177,1,-1,-1.000000
297,25,763,267,57,129,1,-1,-1.000000
297,26,595,271,63,129,1,-1,-1.000000
298,2,1107,265,65,163,1,-1,-1.000000
298,4,875,255,59,149,1,-1,-1.000000
298,8,843,257,69,193,1,-1,-1.000000
298,10,1469,199,249,767,1,-1,-1.000000
298,11,1739,195,177,819,1,-1,-1.000000
298,13,515,265,55,133,1,-1,-1.000000
298,14,487,247,105,227,1,-1,-1.000000
298,15,921,269,43,131,1,-1,-1.000000
298,20,1037,253,55,139,1,-1,-1.000000
298,22,1163,261,49,121,1,-1,-1.000000
298,23,337,245,83,197,1,-1,-1.000000
298,24,279,277,69,177,1,-1,-1.000000
298,25,761,265,57,129,1,-1,-1.000000
298,26,595,269,63,129,1,-1,-1.000000
299,2,1107,263,65,163,1,-1,-1.000000
299,4,873,255,57,151,1,-1,-1.000000
299,8,839,255,71,193,1,-1,-1.000000
299,10,1473,195,249,769,1,-1,-1.000000
299,11,1741,193,175,821,1,-1,-1.000000
299,13,511,265,55,133,1,-1,-1.000000
299,14,481,245,105,227,1,-1,-1.000000
299,15,919,267,43,133,1,-1,-1.000000
299,20,1037,253,55,139,1,-1,-1.000000
299,22,1163,259,49,121,1,-1,-1.000000
299,23,329,243,85,199,1,-1,-1.000000
299,24,273,275,67,179,1,-1,-1.000000
299,25,759,263,57,129,1,-1,-1.000000
299,26,595,267,63,129,1,-1,-1.000000
300,2,1109,261,65,163,1,-1,-1.000000
300,4,869,255,59,151,1,-1,-1.000000
300,8,837,253,71,195,1,-1,-1.000000
300,10,1477,191,249,769,1,-1,-1.000000
300,11,1743,193,173,821,1,-1,-1.000000
300,13,509,265,55,133,1,-1,-1.000000
300,14,475,245,105,227,1,-1,-1.000000
300,15,919,267,43,133,1,-1,-1.000000
300,20,1039,253,55,139,1,-1,-1.000000
300,22,1163,257,49,121,1,-1,-1.000000
300,23,323,243,85,199,1,-1,-1.000000
300,24,265,273,69,181,1,-1,-1.000000
300,25,751,263,59,129,1,-1,-1.000000
300,26,591,267,63,129,1,-1,-1.000000
301,2,1109,259,65,163,1,-1,-1.000000
301,4,867,257,57,149,1,-1,-1.000000
301,8,835,251,69,195,1,-1,-1.000000
301,10,1481,189,251,769,1,-1,-1.000000
301,11,1745,193,171,821,1,-1,-1.000000
301,13,507,265,55,133,1,-1,-1.000000
301,14,469,243,105,227,1,-1,-1.000000
301,15,917,267,43,133,1,-1,-1.000000
301,20,1041,253,55,139,1,-1,-1.000000
301,22,1165,255,49,121,1,-1,-1.000000
301,23,313,241,87,201,1,-1,-1.000000
301,24,259,271,69,183,1,-1,-1.000000
301,25,745,263,59,129,1,-1,-1.000000
301,26,587,267,63,129,1,-1,-1.000000
302,2,1109,257,65,163,1,-1,-1.000000
302,4,863,257,59,149,1,-1,-1.000000
302,8,831,249,71,197,1,-1,-1.000000
302,10,1477,189,251,769,1,-1,-1.000000
302,11,1749,193,167,821,1,-1,-1.000000
302,13,505,265,55,133,1,-1,-1.000000
302,14,461,241,107,229,1,-1,-1.000000
302,15,915,267,43,131,1,-1,-1.000000
302,20,1039,255,55,139,1,-1,-1.000000
302,22,1161,255,49,121,1,-1,-1.000000
302,23,305,239,87,205,1,-1,-1.000000
302,24,253,269,69,185,1,-1,-1.000000
302,25,739,263,59,131,1,-1,-1.000000
302,26,583,267,63,131,1,-1,-1.000000
303,2,1111,255,65,163,1,-1,-1.000000
303,4,861,257,57,151,1,-1,-1.000000
303,8,829,247,71,197,1,-1,-1.000000
303,10,1475,189,249,771,1,-1,-1.000000
303,11,1751,193,165,819,1,-1,-1.000000
303,13,503,265,55,133,1,-1,-1.000000
303,14,455,241,107,229,1,-1,-1.000000
303,15,915,267,43,131,1,-1,-1.000000
303,20,1037,257,55,139,1,-1,-1.000000
303,22,1159,255,49,123,1,-1,-1.000000
303,23,297,239,89,207,1,-1,-1.000000
303,24,245,267,71,187,1,-1,-1.000000
303,25,733,265,59,129,1,-1,-1.000000
303,26,579,267,63,131,1,-1,-1.000000
304,2,1109,255,65,163,1,-1,-1.000000
304,4,859,257,55,151,1,-1,-1.000000
304,8,827,247,71,197,1,-1,-1.000000
304,10,1473,189,247,771,1,-1,-1.000000
304,11,1753,193,163,819,1,-1,-1.000000
304,13,499,267,55,133,1,-1,-1.000000
304,14,449,239,107,229,1,-1,-1.000000
304,15,913,265,43,133,1,-1,-1.000000
304,20,1037,259,55,141,1,-1,-1.000000
304,22,1157,257,49,121,1,-1,-1.000000
304,23,289,237,89,209,1,-1,-1.000000
304,24,239,265,71,189,1,-1,-1.000000
304,25,727,265,59,131,1,-1,-1.000000
304,26,575,267,63,131,1,-1,-1.000000
305,2,1107,257,65,163,1,-1,-1.000000
305,4,855,257,57,151,1,-1,-1.000000
305,8,821,247,71,197,1,-1,-1.000000
305,10,1471,189,245,773,1,-1,-1.000000
305,11,1755,193,161,819,1,-1,-1.000000
305,13,497,267,55,133,1,-1,-1.000000
305,14,443,237,107,231,1,-1,-1.000000
305,15,911,265,43,133,1,-1,-1.000000
305,20,1033,259,55,141,1,-1,-1.000000
305,22,1155,257,49,123,1,-1,-1.000000
305,23,281,237,91,211,1,-1,-1.000000
305,24,231,263,73,191,1,-1,-1.000000
305,25,721,265,59,131,1,-1,-1.000000
305,26,573,269,61,131,1,-1,-1.000000
306,2,1107,259,65,163,1,-1,-1.000000
306,4,853,259,55,149,1,-1,-1.000000
306,8,817,249,71,197,1,-1,-1.000000
306,10,1469,189,245,773,1,-1,-1.000000
306,11,1757,191,159,821,1,-1,-1.000000
306,13,495,267,55,133,1,-1,-1.000000
306,14,437,235,107,231,1,-1,-1.000000
306,15,911,265,43,133,1,-1,-1.000000
306,20,1031,259,55,143,1,-1,-1.000000
306,22,1153,259,49,121,1,-1,-1.000000
306,23,273,235,91,215,1,-1,-1.000000
306,24,225,261,73,193,1,-1,-1.000000
306,25,713,267,61,131,1,-1,-1.000000
306,26,569,269,61,131,1,-1,-1.000000
307,2,1105,261,65,163,1,-1,-1.000000
307,4,849,259,57,151,1,-1,-1.000000
307,8,811,249,73,199,1,-1,-1.000000
307,10,1467,189,243,775,1,-1,-1.000000
307,11,1759,191,157,821,1,-1,-1.000000
307,13,493,267,55,133,1,-1,-1.000000
307,14,431,235,107,231,1,-1,-1.000000
307,15,909,265,43,133,1,-1,-1.000000
307,20,1027,261,57,141,1,-1,-1.000000
307,22,1149,259,51,123,1,-1,-1.000000
307,23,265,235,93,215,1,-1,-1.000000
307,24,219,259,73,195,1,-1,-1.000000
307,25,707,267,61,131,1,-1,-1.000000
307,26,565,269,61,131,1,-1,-1.000000
308,2,1103,263,65,163,1,-1,-1.000000
308,4,847,259,55,151,1,-1,-1.000000
308,8,807,251,71,199,1,-1,-1.000000
308,10,1465,189,241,775,1,-1,-1.000000
308,11,1763,191,153,819,1,-1,-1.000000
308,13,491,267,55,133,1,-1,-1.000000
308,14,425,233,107,231,1,-1,-1.000000
308,15,909,265,43,133,1,-1,-1.000000
308,20,1025,261,55,143,1,-1,-1.000000
308,22,1147,259,51,123,1,-1,-1.000000
308,23,257,233,93,219,1,-1,-1.000000
308,24,211,257,75,197,1,-1,-1.000000
308,25,701,267,61,133,1,-1,-1.000000
308,26,561,269,61,133,1,-1,-1.000000
309,2,1103,265,65,163,1,-1,-1.000000
309,4,843,259,57,151,1,-1,-1.000000
309,8,801,251,73,201,1,-1,-1.000000
309,10,1463,189,239,777,1,-1,-1.000000
309,11,1765,191,151,819,1,-1,-1.000000
309,13,487,269,55,133,1,-1,-1.000000
309,14,419,231,107,233,1,-1,-1.000000
309,15,909,265,43,133,1,-1,-1.000000
309,20,1023,263,55,141,1,-1,-1.000000
309,22,1145,261,51,123,1,-1,-1.000000
309,23,249,233,95,221,1,-1,-1.000000
309,24,205,255,75,199,1,-1,-1.000000
309,25,695,269,61,131,1,-1,-1.000000
309,26,557,269,61,133,1,-1,-1.000000
310,2,1101,267,65,163,1,-1,-1.000000
310,4,841,259,55,151,1,-1,-1.000000
310,8,797,253,73,201,1,-1,-1.000000
310,10,1461,189,237,777,1,-1,-1.000000
310,11,1767,191,149,819,1,-1,-1.000000
310,13,485,269,55,133,1,-1,-1.000000
310,14,413,231,107,233,1,-1,-1.000000
310,15,909,265,45,133,1,-1,-1.000000
310,20,1019,263,57,143,1,-1,-1.000000
310,22,1143,261,51,123,1,-1,-1.000000
310,23,241,233,97,223,1,-1,-1.000000
310,24,199,255,75,199,1,-1,-1.000000
310,25,689,269,61,133,1,-1,-1.000000
310,26,553,269,61,133,1,-1,-1.000000
311,2,1099,269,65,163,1,-1,-1.000000
311,4,839,261,55,151,1,-1,-1.000000
311,8,791,253,73,203,1,-1,-1.000000
311,10,1459,189,237,779,1,-1,-1.000000
311,11,1769,191,147,819,1,-1,-1.000000
311,13,483,269,55,133,1,-1,-1.000000
311,14,411,231,107,233,1,-1,-1.000000
311,15,911,265,43,133,1,-1,-1.000000
311,20,1017,263,55,143,1,-1,-1.000000
311,22,1141,263,51,123,1,-1,-1.000000
311,23,235,233,97,225,1,-1,-1.000000
311,24,195,255,75,201,1,-1,-1.000000
311,25,683,269,61,133,1,-1,-1.000000
311,26,551,271,61,133,1,-1,-1.000000
312,2,1099,271,65,163,1,-1,-1.000000
312,4,839,261,55,151,1,-1,-1.000000
312,8,787,255,73,203,1,-1,-1.000000
312,10,1469,189,235,781,1,-1,-1.000000
312,11,1771,191,145,819,1,-1,-1.000000
312,13,481,269,55,133,1,-1,-1.000000
312,14,409,231,107,235,1,-1,-1.000000
312,15,911,267,45,133,1,-1,-1.000000
312,20,1013,265,57,143,1,-1,-1.000000
312,22,1143,265,51,123,1,-1,-1.000000
312,23,229,233,99,227,1,-1,-1.000000
312,24,191,257,75,201,1,-1,-1.000000
312,25,677,271,61,133,1,-1,-1.000000
312,26,551,271,61,133,1,-1,-1.000000
313,2,1097,273,65,163,1,-1,-1.000000
313,4,839,263,55,151,1,-1,-1.000000
313,8,781,255,75,205,1,-1,-1.000000
313,10,1479,191,233,781,1,-1,-1.000000
313,13,479,269,55,133,1,-1,-1.000000
313,14,407,233,107,233,1,-1,-1.000000
313,15,913,267,45,133,1,-1,-1.000000
313,20,1011,265,57,143,1,-1,-1.000000
313,22,1145,267,51,123,1,-1,-1.000000
313,23,223,233,99,229,1,-1,-1.000000
313,24,187,257,77,205,1,-1,-1.000000
313,25,675,271,61,133,1,-1,-1.000000
313,26,553,271,61,133,1,-1,-1.000000
314,2,1097,275,65,163,1,-1,-1.000000
314,4,839,263,55,151,1,-1,-1.000000
314,8,777,257,75,205,1,-1,-1.000000
314,10,1489,193,233,781,1,-1,-1.000000
314,13,477,271,55,133,1,-1,-1.000000
314,14,405,233,107,235,1,-1,-1.000000
314,15,913,267,45,133,1,-1,-1.000000
314,20,1009,267,57,143,1,-1,-1.000000
314,22,1147,269,51,123,1,-1,-1.000000
314,23,217,235,101,231,1,-1,-1.000000
314,24,183,259,77,205,1,-1,-1.000000
314,25,673,271,61,133,1,-1,-1.000000
314,26,555,271,61,133,1,-1,-1.000000
315,2,1099,273,65,163,1,-1,-1.000000
315,4,839,265,55,151,1,-1,-1.000000
315,8,775,255,75,207,1,-1,-1.000000
315,10,1499,193,231,783,1,-1,-1.000000
315,13,481,271,55,133,1,-1,-1.000000
315,14,403,233,109,237,1,-1,-1.000000
315,15,915,267,45,133,1,-1,-1.000000
315,20,1013,265,57,143,1,-1,-1.000000
315,22,1149,271,51,123,1,-1,-1.000000
315,23,211,235,101,233,1,-1,-1.000000
315,24,179,259,79,209,1,-1,-1.000000
315,25,671,271,63,135,1,-1,-1.000000
315,26,557,271,61,135,1,-1,-1.000000
316,2,1103,273,65,163,1,-1,-1.000000
316,4,839,267,55,151,1,-1,-1.000000
316,8,775,255,75,209,1,-1,-1.000000
316,10,1511,195,229,783,1,-1,-1.000000
316,13,487,271,55,133,1,-1,-1.000000
316,14,401,235,109,235,1,-1,-1.000000
316,15,915,269,47,133,1,-1,-1.000000
316,20,1017,263,57,145,1,-1,-1.000000
316,22,1153,275,51,123,1,-1,-1.000000
316,23,205,235,103,235,1,-1,-1.000000
316,24,175,261,79,209,1,-1,-1.000000
316,25,671,273,61,133,1,-1,-1.000000
316,26,559,271,61,135,1,-1,-1.000000
317,2,1107,273,65,163,1,-1,-1.000000
317,4,839,267,55,151,1,-1,-1.000000
317,8,773,255,77,211,1,-1,-1.000000
317,10,1521,197,227,783,1,-1,-1.000000
317,13,491,271,55,133,1,-1,-1.000000
317,14,399,235,109,237,1,-1,-1.000000
317,15,917,269,45,133,1,-1,-1.000000
317,20,1021,263,57,143,1,-1,-1.000000
317,22,1157,271,51,123,1,-1,-1.000000
317,23,199,235,103,237,1,-1,-1.000000
317,24,173,261,79,213,1,-1,-1.000000
317,25,669,273,61,135,1,-1,-1.000000
317,26,561,271,61,135,1,-1,-1.000000
318,2,1111,273,65,163,1,-1,-1.000000
318,4,839,269,55,151,1,-1,-1.000000
318,8,773,255,77,211,1,-1,-1.000000
318,10,1531,197,225,785,1,-1,-1.000000
318,13,497,271,55,133,1,-1,-1.000000
318,14,397,235,109,237,1,-1,-1.000000
318,15,917,269,47,133,1,-1,-1.000000
318,20,1025,261,57,145,1,-1,-1.000000
318,22,1163,269,51,123,1,-1,-1.000000
318,23,193,237,105,237,1,-1,-1.000000
318,24,169,263,79,213,1,-1,-1.000000
318,25,667,273,63,135,1,-1,-1.000000
318,26,563,273,61,135,1,-1,-1.000000
319,2,1115,273,65,163,1,-1,-1.000000
319,4,841,271,55,151,1,-1,-1.000000
319,8,771,255,79,213,1,-1,-1.000000
319,10,1541,199,225,785,1,-1,-1.000000
319,13,503,271,55,133,1,-1,-1.000000
319,14,395,237,109,237,1,-1,-1.000000
319,15,919,269,47,133,1,-1,-1.000000
319,20,1029,261,59,143,1,-1,-1.000000
319,22,1169,267,51,123,1,-1,-1.000000
319,23,187,237,105,241,1,-1,-1.000000
319,24,165,263,81,215,1,-1,-1.000000
319,25,665,273,63,135,1,-1,-1.000000
319,26,565,273,61,135,1,-1,-1.000000
320,2,1119,273,65,161,1,-1,-1.000000
320,4,843,267,55,151,1,-1,-1.000000
320,8,771,255,79,215,1,-1,-1.000000
320,10,1551,201,223,785,1,-1,-1.000000
320,13,507,271,55,133,1,-1,-1.000000
320,14,395,237,109,239,1,-1,-1.000000
320,15,919,271,47,133,1,-1,-1.000000
320,20,1033,259,59,145,1,-1,-1.000000
320,22,1175,265,51,123,1,-1,-1.000000
320,23,181,237,107,243,1,-1,-1.000000
320,24,161,265,81,217,1,-1,-1.000000
320,25,665,275,61,135,1,-1,-1.000000
320,26,567,273,61,135,1,-1,-1.000000
321,2,1121,271,65,163,1,-1,-1.000000
321,4,845,265,55,151,1,-1,-1.000000
321,8,769,255,81,215,1,-1,-1.000000
321,10,1563,203,221,787,1,-1,-1.000000
321,13,513,271,55,133,1,-1,-1.000000
321,14,393,237,109,239,1,-1,-1.000000
321,15,921,271,47,133,1,-1,-1.000000
321,20,1037,257,59,145,1,-1,-1.000000
321,22,1179,263,51,123,1,-1,-1.000000
321,23,175,237,107,245,1,-1,-1.000000
321,24,157,265,83,219,1,-1,-1.000000
321,25,663,275,63,135,1,-1,-1.000000
321,26,569,273,61,137,1,-1,-1.000000
322,2,1125,271,65,163,1,-1,-1.000000
322,4,847,261,55,151,1,-1,-1.000000
322,8,769,255,81,217,1,-1,-1.000000
322,10,1569,203,221,787,1,-1,-1.000000
322,13,517,271,55,133,1,-1,-1.000000
322,14,391,239,109,239,1,-1,-1.000000
322,15,921,271,49,133,1,-1,-1.000000
322,20,1041,257,59,145,1,-1,-1.000000
322,22,1185,261,51,123,1,-1,-1.000000
322,23,169,239,109,245,1,-1,-1.000000
322,24,153,267,83,221,1,-1,-1.000000
322,25,661,275,63,137,1,-1,-1.000000
322,26,571,273,61,137,1,-1,-1.000000
323,2,1129,271,65,163,1,-1,-1.000000
323,4,849,259,55,151,1,-1,-1.000000
323,8,767,255,83,219,1,-1,-1.000000
323,10,1577,205,219,787,1,-1,-1.000000
323,13,523,271,55,133,1,-1,-1.000000
323,14,389,239,109,239,1,-1,-1.000000
323,15,921,271,49,133,1,-1,-1.000000
323,20,1045,255,59,145,1,-1,-1.000000
323,22,1191,259,51,123,1,-1,-1.000000
323,23,163,239,109,247,1,-1,-1.000000
323,24,149,267,85,223,1,-1,-1.000000
323,25,659,275,63,137,1,-1,-1.000000
323,26,573,273,61,137,1,-1,-1.000000
324,2,1133,271,65,163,1,-1,-1.000000
324,4,853,257,55,151,1,-1,-1.000000
324,8,767,255,83,221,1,-1,-1.000000
324,10,1583,205,221,789,1,-1,-1.000000
324,13,529,273,55,133,1,-1,-1.000000
324,14,387,239,109,241,1,-1,-1.000000
324,15,923,273,49,133,1,-1,-1.000000
324,20,1051,255,59,145,1,-1,-1.000000
324,22,1197,257,51,123,1,-1,-1.000000
324,23,157,239,111,251,1,-1,-1.000000
324,24,147,269,83,225,1,-1,-1.000000
324,25,659,277,63,135,1,-1,-1.000000
324,26,575,273,61,137,1,-1,-1.000000
325,2,1137,271,65,161,1,-1,-1.000000
325,4,855,257,55,151,1,-1,-1.000000
325,8,767,253,83,223,1,-1,-1.000000
325,10,1591,207,219,789,1,-1,-1.000000
325,13,529,273,55,133,1,-1,-1.000000
325,14,385,241,111,241,1,-1,-1.000000
325,15,923,273,49,133,1,-1,-1.000000
325,20,1053,255,59,145,1,-1,-1.000000
325,22,1203,255,51,123,1,-1,-1.000000
325,23,151,239,111,253,1,-1,-1.000000
325,24,143,269,85,227,1,-1,-1.000000
325,25,657,277,63,137,1,-1,-1.000000
325,26,577,275,61,137,1,-1,-1.000000
326,2,1141,271,65,161,1,-1,-1.000000
326,4,857,259,55,151,1,-1,-1.000000
326,8,765,253,85,225,1,-1,-1.000000
326,10,1599,207,219,791,1,-1,-1.000000
326,13,529,275,55,133,1,-1,-1.000000
326,14,383,241,111,241,1,-1,-1.000000
326,15,925,273,49,133,1,-1,-1.000000
326,20,1055,255,59,147,1,-1,-1.000000
326,22,1203,255,51,123,1,-1,-1.000000
326,23,145,241,113,253,1,-1,-1.000000
326,24,139,271,85,227,1,-1,-1.000000
326,25,655,277,63,137,1,-1,-1.000000
326,26,579,275,61,137,1,-1,-1.000000
327,2,1145,271,65,161,1,-1,-1.000000
327,4,859,259,55,151,1,-1,-1.000000
327,8,765,253,85,227,1,-1,-1.000000
327,10,1605,209,219,791,1,-1,-1.000000
327,13,529,275,55,133,1,-1,-1.000000
327,14,381,241,111,243,1,-1,-1.000000
327,15,925,273,51,133,1,-1,-1.000000
327,20,1057,257,59,147,1,-1,-1.000000
327,22,1205,257,51,123,1,-1,-1.000000
327,23,139,241,113,255,1,-1,-1.000000
327,24,135,271,87,231,1,-1,-1.000000
327,25,653,277,65,139,1,-1,-1.000000
327,26,581,275,61,137,1,-1,-1.000000
328,2,1147,269,65,163,1,-1,-1.000000
328,4,861,261,55,151,1,-1,-1.000000
328,8,763,253,87,227,1,-1,-1.000000
328,10,1613,209,217,793,1,-1,-1.000000
328,13,529,277,55,133,1,-1,-1.000000
328,14,379,243,111,241,1,-1,-1.000000
328,15,927,275,49,133,1,-1,-1.000000
328,20,1059,257,59,149,1,-1,-1.000000
328,22,1207,257,51,125,1,-1,-1.000000
328,23,133,241,115,257,1,-1,-1.000000
328,24,131,273,87,231,1,-1,-1.000000
328,25,653,279,63,137,1,-1,-1.000000
328,26,583,275,61,139,1,-1,-1.000000
